# oriflamme: generated by tools/props
mtllib oriflamme.mtl
o oriflamme
v 0.48077 0.05950 0.51923
vt 0.00000 0.00000
vn -0.7071 0.0000 0.7071
v 0.80197 0.01048 0.82120
vt 0.16667 0.26043
vn -0.3888 -0.8646 0.3183
v 0.79331 0.03400 0.83177
vt 0.00000 0.26043
vn -0.7071 0.0000 0.7071
v 0.48077 0.05950 0.51923
vt 0.00000 0.00000
vn -0.7071 0.0000 0.7071
v 0.48942 0.03598 0.50866
vt 0.16667 0.00000
vn -0.3888 -0.8646 0.3183
v 0.80197 0.01048 0.82120
vt 0.16667 0.26043
vn -0.3888 -0.8646 0.3183
v 0.48942 0.03598 0.50866
vt 0.16667 0.00000
vn -0.3888 -0.8646 0.3183
v 0.82120 0.01048 0.80197
vt 0.33333 0.26043
vn 0.3183 -0.8646 -0.3888
v 0.80197 0.01048 0.82120
vt 0.16667 0.26043
vn -0.3888 -0.8646 0.3183
v 0.48942 0.03598 0.50866
vt 0.16667 0.00000
vn -0.3888 -0.8646 0.3183
v 0.50866 0.03598 0.48942
vt 0.33333 0.00000
vn 0.3183 -0.8646 -0.3888
v 0.82120 0.01048 0.80197
vt 0.33333 0.26043
vn 0.3183 -0.8646 -0.3888
v 0.50866 0.03598 0.48942
vt 0.33333 0.00000
vn 0.3183 -0.8646 -0.3888
v 0.83177 0.03400 0.79331
vt 0.50000 0.26043
vn 0.7071 -0.0000 -0.7071
v 0.82120 0.01048 0.80197
vt 0.33333 0.26043
vn 0.3183 -0.8646 -0.3888
v 0.50866 0.03598 0.48942
vt 0.33333 0.00000
vn 0.3183 -0.8646 -0.3888
v 0.51923 0.05950 0.48077
vt 0.50000 0.00000
vn 0.7071 -0.0000 -0.7071
v 0.83177 0.03400 0.79331
vt 0.50000 0.26043
vn 0.7071 -0.0000 -0.7071
v 0.51923 0.05950 0.48077
vt 0.50000 0.00000
vn 0.7071 -0.0000 -0.7071
v 0.82312 0.05752 0.80388
vt 0.66667 0.26043
vn 0.3888 0.8646 -0.3183
v 0.83177 0.03400 0.79331
vt 0.50000 0.26043
vn 0.7071 -0.0000 -0.7071
v 0.51923 0.05950 0.48077
vt 0.50000 0.00000
vn 0.7071 -0.0000 -0.7071
v 0.51058 0.08302 0.49134
vt 0.66667 0.00000
vn 0.3888 0.8646 -0.3183
v 0.82312 0.05752 0.80388
vt 0.66667 0.26043
vn 0.3888 0.8646 -0.3183
v 0.51058 0.08302 0.49134
vt 0.66667 0.00000
vn 0.3888 0.8646 -0.3183
v 0.80388 0.05752 0.82312
vt 0.83333 0.26043
vn -0.3183 0.8646 0.3888
v 0.82312 0.05752 0.80388
vt 0.66667 0.26043
vn 0.3888 0.8646 -0.3183
v 0.51058 0.08302 0.49134
vt 0.66667 0.00000
vn 0.3888 0.8646 -0.3183
v 0.49134 0.08302 0.51058
vt 0.83333 0.00000
vn -0.3183 0.8646 0.3888
v 0.80388 0.05752 0.82312
vt 0.83333 0.26043
vn -0.3183 0.8646 0.3888
v 0.49134 0.08302 0.51058
vt 0.83333 0.00000
vn -0.3183 0.8646 0.3888
v 0.79331 0.03400 0.83177
vt 1.00000 0.26043
vn -0.7071 0.0000 0.7071
v 0.80388 0.05752 0.82312
vt 0.83333 0.26043
vn -0.3183 0.8646 0.3888
v 0.49134 0.08302 0.51058
vt 0.83333 0.00000
vn -0.3183 0.8646 0.3888
v 0.48077 0.05950 0.51923
vt 1.00000 0.00000
vn -0.7071 0.0000 0.7071
v 0.79331 0.03400 0.83177
vt 1.00000 0.26043
vn -0.7071 0.0000 0.7071
v 0.50000 0.05950 0.50000
vt 0.00000 0.00000
vn -0.7059 0.0576 -0.7059
v 0.48942 0.03598 0.50866
vt 1.00000 0.00000
vn -0.7059 0.0576 -0.7059
v 0.48077 0.05950 0.51923
vt 1.00000 1.00000
vn -0.7059 0.0576 -0.7059
v 0.50000 0.05950 0.50000
vt 0.00000 0.00000
vn -0.7059 0.0576 -0.7059
v 0.50866 0.03598 0.48942
vt 1.00000 0.00000
vn -0.7059 0.0576 -0.7059
v 0.48942 0.03598 0.50866
vt 1.00000 1.00000
vn -0.7059 0.0576 -0.7059
v 0.50000 0.05950 0.50000
vt 0.00000 0.00000
vn -0.7059 0.0576 -0.7059
v 0.51923 0.05950 0.48077
vt 1.00000 0.00000
vn -0.7059 0.0576 -0.7059
v 0.50866 0.03598 0.48942
vt 1.00000 1.00000
vn -0.7059 0.0576 -0.7059
v 0.50000 0.05950 0.50000
vt 0.00000 0.00000
vn -0.7059 0.0576 -0.7059
v 0.51058 0.08302 0.49134
vt 1.00000 0.00000
vn -0.7059 0.0576 -0.7059
v 0.51923 0.05950 0.48077
vt 1.00000 1.00000
vn -0.7059 0.0576 -0.7059
v 0.50000 0.05950 0.50000
vt 0.00000 0.00000
vn -0.7059 0.0576 -0.7059
v 0.49134 0.08302 0.51058
vt 1.00000 0.00000
vn -0.7059 0.0576 -0.7059
v 0.51058 0.08302 0.49134
vt 1.00000 1.00000
vn -0.7059 0.0576 -0.7059
v 0.50000 0.05950 0.50000
vt 0.00000 0.00000
vn -0.7059 0.0576 -0.7059
v 0.48077 0.05950 0.51923
vt 1.00000 0.00000
vn -0.7059 0.0576 -0.7059
v 0.49134 0.08302 0.51058
vt 1.00000 1.00000
vn -0.7059 0.0576 -0.7059
v 0.81254 0.03400 0.81254
vt 0.00000 0.00000
vn 0.7059 -0.0576 0.7059
v 0.79331 0.03400 0.83177
vt 1.00000 0.00000
vn 0.7059 -0.0576 0.7059
v 0.80197 0.01048 0.82120
vt 1.00000 1.00000
vn 0.7059 -0.0576 0.7059
v 0.81254 0.03400 0.81254
vt 0.00000 0.00000
vn 0.7059 -0.0576 0.7059
v 0.80197 0.01048 0.82120
vt 1.00000 0.00000
vn 0.7059 -0.0576 0.7059
v 0.82120 0.01048 0.80197
vt 1.00000 1.00000
vn 0.7059 -0.0576 0.7059
v 0.81254 0.03400 0.81254
vt 0.00000 0.00000
vn 0.7059 -0.0576 0.7059
v 0.82120 0.01048 0.80197
vt 1.00000 0.00000
vn 0.7059 -0.0576 0.7059
v 0.83177 0.03400 0.79331
vt 1.00000 1.00000
vn 0.7059 -0.0576 0.7059
v 0.81254 0.03400 0.81254
vt 0.00000 0.00000
vn 0.7059 -0.0576 0.7059
v 0.83177 0.03400 0.79331
vt 1.00000 0.00000
vn 0.7059 -0.0576 0.7059
v 0.82312 0.05752 0.80388
vt 1.00000 1.00000
vn 0.7059 -0.0576 0.7059
v 0.81254 0.03400 0.81254
vt 0.00000 0.00000
vn 0.7059 -0.0576 0.7059
v 0.82312 0.05752 0.80388
vt 1.00000 0.00000
vn 0.7059 -0.0576 0.7059
v 0.80388 0.05752 0.82312
vt 1.00000 1.00000
vn 0.7059 -0.0576 0.7059
v 0.81254 0.03400 0.81254
vt 0.00000 0.00000
vn 0.7059 -0.0576 0.7059
v 0.80388 0.05752 0.82312
vt 1.00000 0.00000
vn 0.7059 -0.0576 0.7059
v 0.79331 0.03400 0.83177
vt 1.00000 1.00000
vn 0.7059 -0.0576 0.7059
v 0.48077 0.05950 0.48077
vt 0.00000 0.00000
vn -0.7071 0.0000 -0.7071
v 0.17880 0.01048 0.80197
vt 0.16667 0.26043
vn -0.3183 -0.8646 -0.3888
v 0.16823 0.03400 0.79331
vt 0.00000 0.26043
vn -0.7071 0.0000 -0.7071
v 0.48077 0.05950 0.48077
vt 0.00000 0.00000
vn -0.7071 0.0000 -0.7071
v 0.49134 0.03598 0.48942
vt 0.16667 0.00000
vn -0.3183 -0.8646 -0.3888
v 0.17880 0.01048 0.80197
vt 0.16667 0.26043
vn -0.3183 -0.8646 -0.3888
v 0.49134 0.03598 0.48942
vt 0.16667 0.00000
vn -0.3183 -0.8646 -0.3888
v 0.19803 0.01048 0.82120
vt 0.33333 0.26043
vn 0.3888 -0.8646 0.3183
v 0.17880 0.01048 0.80197
vt 0.16667 0.26043
vn -0.3183 -0.8646 -0.3888
v 0.49134 0.03598 0.48942
vt 0.16667 0.00000
vn -0.3183 -0.8646 -0.3888
v 0.51058 0.03598 0.50866
vt 0.33333 0.00000
vn 0.3888 -0.8646 0.3183
v 0.19803 0.01048 0.82120
vt 0.33333 0.26043
vn 0.3888 -0.8646 0.3183
v 0.51058 0.03598 0.50866
vt 0.33333 0.00000
vn 0.3888 -0.8646 0.3183
v 0.20669 0.03400 0.83177
vt 0.50000 0.26043
vn 0.7071 -0.0000 0.7071
v 0.19803 0.01048 0.82120
vt 0.33333 0.26043
vn 0.3888 -0.8646 0.3183
v 0.51058 0.03598 0.50866
vt 0.33333 0.00000
vn 0.3888 -0.8646 0.3183
v 0.51923 0.05950 0.51923
vt 0.50000 0.00000
vn 0.7071 -0.0000 0.7071
v 0.20669 0.03400 0.83177
vt 0.50000 0.26043
vn 0.7071 -0.0000 0.7071
v 0.51923 0.05950 0.51923
vt 0.50000 0.00000
vn 0.7071 -0.0000 0.7071
v 0.19612 0.05752 0.82312
vt 0.66667 0.26043
vn 0.3183 0.8646 0.3888
v 0.20669 0.03400 0.83177
vt 0.50000 0.26043
vn 0.7071 -0.0000 0.7071
v 0.51923 0.05950 0.51923
vt 0.50000 0.00000
vn 0.7071 -0.0000 0.7071
v 0.50866 0.08302 0.51058
vt 0.66667 0.00000
vn 0.3183 0.8646 0.3888
v 0.19612 0.05752 0.82312
vt 0.66667 0.26043
vn 0.3183 0.8646 0.3888
v 0.50866 0.08302 0.51058
vt 0.66667 0.00000
vn 0.3183 0.8646 0.3888
v 0.17688 0.05752 0.80388
vt 0.83333 0.26043
vn -0.3888 0.8646 -0.3183
v 0.19612 0.05752 0.82312
vt 0.66667 0.26043
vn 0.3183 0.8646 0.3888
v 0.50866 0.08302 0.51058
vt 0.66667 0.00000
vn 0.3183 0.8646 0.3888
v 0.48942 0.08302 0.49134
vt 0.83333 0.00000
vn -0.3888 0.8646 -0.3183
v 0.17688 0.05752 0.80388
vt 0.83333 0.26043
vn -0.3888 0.8646 -0.3183
v 0.48942 0.08302 0.49134
vt 0.83333 0.00000
vn -0.3888 0.8646 -0.3183
v 0.16823 0.03400 0.79331
vt 1.00000 0.26043
vn -0.7071 0.0000 -0.7071
v 0.17688 0.05752 0.80388
vt 0.83333 0.26043
vn -0.3888 0.8646 -0.3183
v 0.48942 0.08302 0.49134
vt 0.83333 0.00000
vn -0.3888 0.8646 -0.3183
v 0.48077 0.05950 0.48077
vt 1.00000 0.00000
vn -0.7071 0.0000 -0.7071
v 0.16823 0.03400 0.79331
vt 1.00000 0.26043
vn -0.7071 0.0000 -0.7071
v 0.50000 0.05950 0.50000
vt 0.00000 0.00000
vn 0.7059 0.0576 -0.7059
v 0.49134 0.03598 0.48942
vt 1.00000 0.00000
vn 0.7059 0.0576 -0.7059
v 0.48077 0.05950 0.48077
vt 1.00000 1.00000
vn 0.7059 0.0576 -0.7059
v 0.50000 0.05950 0.50000
vt 0.00000 0.00000
vn 0.7059 0.0576 -0.7059
v 0.51058 0.03598 0.50866
vt 1.00000 0.00000
vn 0.7059 0.0576 -0.7059
v 0.49134 0.03598 0.48942
vt 1.00000 1.00000
vn 0.7059 0.0576 -0.7059
v 0.50000 0.05950 0.50000
vt 0.00000 0.00000
vn 0.7059 0.0576 -0.7059
v 0.51923 0.05950 0.51923
vt 1.00000 0.00000
vn 0.7059 0.0576 -0.7059
v 0.51058 0.03598 0.50866
vt 1.00000 1.00000
vn 0.7059 0.0576 -0.7059
v 0.50000 0.05950 0.50000
vt 0.00000 0.00000
vn 0.7059 0.0576 -0.7059
v 0.50866 0.08302 0.51058
vt 1.00000 0.00000
vn 0.7059 0.0576 -0.7059
v 0.51923 0.05950 0.51923
vt 1.00000 1.00000
vn 0.7059 0.0576 -0.7059
v 0.50000 0.05950 0.50000
vt 0.00000 0.00000
vn 0.7059 0.0576 -0.7059
v 0.48942 0.08302 0.49134
vt 1.00000 0.00000
vn 0.7059 0.0576 -0.7059
v 0.50866 0.08302 0.51058
vt 1.00000 1.00000
vn 0.7059 0.0576 -0.7059
v 0.50000 0.05950 0.50000
vt 0.00000 0.00000
vn 0.7059 0.0576 -0.7059
v 0.48077 0.05950 0.48077
vt 1.00000 0.00000
vn 0.7059 0.0576 -0.7059
v 0.48942 0.08302 0.49134
vt 1.00000 1.00000
vn 0.7059 0.0576 -0.7059
v 0.18746 0.03400 0.81254
vt 0.00000 0.00000
vn -0.7059 -0.0576 0.7059
v 0.16823 0.03400 0.79331
vt 1.00000 0.00000
vn -0.7059 -0.0576 0.7059
v 0.17880 0.01048 0.80197
vt 1.00000 1.00000
vn -0.7059 -0.0576 0.7059
v 0.18746 0.03400 0.81254
vt 0.00000 0.00000
vn -0.7059 -0.0576 0.7059
v 0.17880 0.01048 0.80197
vt 1.00000 0.00000
vn -0.7059 -0.0576 0.7059
v 0.19803 0.01048 0.82120
vt 1.00000 1.00000
vn -0.7059 -0.0576 0.7059
v 0.18746 0.03400 0.81254
vt 0.00000 0.00000
vn -0.7059 -0.0576 0.7059
v 0.19803 0.01048 0.82120
vt 1.00000 0.00000
vn -0.7059 -0.0576 0.7059
v 0.20669 0.03400 0.83177
vt 1.00000 1.00000
vn -0.7059 -0.0576 0.7059
v 0.18746 0.03400 0.81254
vt 0.00000 0.00000
vn -0.7059 -0.0576 0.7059
v 0.20669 0.03400 0.83177
vt 1.00000 0.00000
vn -0.7059 -0.0576 0.7059
v 0.19612 0.05752 0.82312
vt 1.00000 1.00000
vn -0.7059 -0.0576 0.7059
v 0.18746 0.03400 0.81254
vt 0.00000 0.00000
vn -0.7059 -0.0576 0.7059
v 0.19612 0.05752 0.82312
vt 1.00000 0.00000
vn -0.7059 -0.0576 0.7059
v 0.17688 0.05752 0.80388
vt 1.00000 1.00000
vn -0.7059 -0.0576 0.7059
v 0.18746 0.03400 0.81254
vt 0.00000 0.00000
vn -0.7059 -0.0576 0.7059
v 0.17688 0.05752 0.80388
vt 1.00000 0.00000
vn -0.7059 -0.0576 0.7059
v 0.16823 0.03400 0.79331
vt 1.00000 1.00000
vn -0.7059 -0.0576 0.7059
v 0.51923 0.05950 0.48077
vt 0.00000 0.00000
vn 0.7071 0.0000 -0.7071
v 0.19803 0.01048 0.17880
vt 0.16667 0.26043
vn 0.3888 -0.8646 -0.3183
v 0.20669 0.03400 0.16823
vt 0.00000 0.26043
vn 0.7071 0.0000 -0.7071
v 0.51923 0.05950 0.48077
vt 0.00000 0.00000
vn 0.7071 0.0000 -0.7071
v 0.51058 0.03598 0.49134
vt 0.16667 0.00000
vn 0.3888 -0.8646 -0.3183
v 0.19803 0.01048 0.17880
vt 0.16667 0.26043
vn 0.3888 -0.8646 -0.3183
v 0.51058 0.03598 0.49134
vt 0.16667 0.00000
vn 0.3888 -0.8646 -0.3183
v 0.17880 0.01048 0.19803
vt 0.33333 0.26043
vn -0.3183 -0.8646 0.3888
v 0.19803 0.01048 0.17880
vt 0.16667 0.26043
vn 0.3888 -0.8646 -0.3183
v 0.51058 0.03598 0.49134
vt 0.16667 0.00000
vn 0.3888 -0.8646 -0.3183
v 0.49134 0.03598 0.51058
vt 0.33333 0.00000
vn -0.3183 -0.8646 0.3888
v 0.17880 0.01048 0.19803
vt 0.33333 0.26043
vn -0.3183 -0.8646 0.3888
v 0.49134 0.03598 0.51058
vt 0.33333 0.00000
vn -0.3183 -0.8646 0.3888
v 0.16823 0.03400 0.20669
vt 0.50000 0.26043
vn -0.7071 -0.0000 0.7071
v 0.17880 0.01048 0.19803
vt 0.33333 0.26043
vn -0.3183 -0.8646 0.3888
v 0.49134 0.03598 0.51058
vt 0.33333 0.00000
vn -0.3183 -0.8646 0.3888
v 0.48077 0.05950 0.51923
vt 0.50000 0.00000
vn -0.7071 -0.0000 0.7071
v 0.16823 0.03400 0.20669
vt 0.50000 0.26043
vn -0.7071 -0.0000 0.7071
v 0.48077 0.05950 0.51923
vt 0.50000 0.00000
vn -0.7071 -0.0000 0.7071
v 0.17688 0.05752 0.19612
vt 0.66667 0.26043
vn -0.3888 0.8646 0.3183
v 0.16823 0.03400 0.20669
vt 0.50000 0.26043
vn -0.7071 -0.0000 0.7071
v 0.48077 0.05950 0.51923
vt 0.50000 0.00000
vn -0.7071 -0.0000 0.7071
v 0.48942 0.08302 0.50866
vt 0.66667 0.00000
vn -0.3888 0.8646 0.3183
v 0.17688 0.05752 0.19612
vt 0.66667 0.26043
vn -0.3888 0.8646 0.3183
v 0.48942 0.08302 0.50866
vt 0.66667 0.00000
vn -0.3888 0.8646 0.3183
v 0.19612 0.05752 0.17688
vt 0.83333 0.26043
vn 0.3183 0.8646 -0.3888
v 0.17688 0.05752 0.19612
vt 0.66667 0.26043
vn -0.3888 0.8646 0.3183
v 0.48942 0.08302 0.50866
vt 0.66667 0.00000
vn -0.3888 0.8646 0.3183
v 0.50866 0.08302 0.48942
vt 0.83333 0.00000
vn 0.3183 0.8646 -0.3888
v 0.19612 0.05752 0.17688
vt 0.83333 0.26043
vn 0.3183 0.8646 -0.3888
v 0.50866 0.08302 0.48942
vt 0.83333 0.00000
vn 0.3183 0.8646 -0.3888
v 0.20669 0.03400 0.16823
vt 1.00000 0.26043
vn 0.7071 0.0000 -0.7071
v 0.19612 0.05752 0.17688
vt 0.83333 0.26043
vn 0.3183 0.8646 -0.3888
v 0.50866 0.08302 0.48942
vt 0.83333 0.00000
vn 0.3183 0.8646 -0.3888
v 0.51923 0.05950 0.48077
vt 1.00000 0.00000
vn 0.7071 0.0000 -0.7071
v 0.20669 0.03400 0.16823
vt 1.00000 0.26043
vn 0.7071 0.0000 -0.7071
v 0.50000 0.05950 0.50000
vt 0.00000 0.00000
vn 0.7059 0.0576 0.7059
v 0.51058 0.03598 0.49134
vt 1.00000 0.00000
vn 0.7059 0.0576 0.7059
v 0.51923 0.05950 0.48077
vt 1.00000 1.00000
vn 0.7059 0.0576 0.7059
v 0.50000 0.05950 0.50000
vt 0.00000 0.00000
vn 0.7059 0.0576 0.7059
v 0.49134 0.03598 0.51058
vt 1.00000 0.00000
vn 0.7059 0.0576 0.7059
v 0.51058 0.03598 0.49134
vt 1.00000 1.00000
vn 0.7059 0.0576 0.7059
v 0.50000 0.05950 0.50000
vt 0.00000 0.00000
vn 0.7059 0.0576 0.7059
v 0.48077 0.05950 0.51923
vt 1.00000 0.00000
vn 0.7059 0.0576 0.7059
v 0.49134 0.03598 0.51058
vt 1.00000 1.00000
vn 0.7059 0.0576 0.7059
v 0.50000 0.05950 0.50000
vt 0.00000 0.00000
vn 0.7059 0.0576 0.7059
v 0.48942 0.08302 0.50866
vt 1.00000 0.00000
vn 0.7059 0.0576 0.7059
v 0.48077 0.05950 0.51923
vt 1.00000 1.00000
vn 0.7059 0.0576 0.7059
v 0.50000 0.05950 0.50000
vt 0.00000 0.00000
vn 0.7059 0.0576 0.7059
v 0.50866 0.08302 0.48942
vt 1.00000 0.00000
vn 0.7059 0.0576 0.7059
v 0.48942 0.08302 0.50866
vt 1.00000 1.00000
vn 0.7059 0.0576 0.7059
v 0.50000 0.05950 0.50000
vt 0.00000 0.00000
vn 0.7059 0.0576 0.7059
v 0.51923 0.05950 0.48077
vt 1.00000 0.00000
vn 0.7059 0.0576 0.7059
v 0.50866 0.08302 0.48942
vt 1.00000 1.00000
vn 0.7059 0.0576 0.7059
v 0.18746 0.03400 0.18746
vt 0.00000 0.00000
vn -0.7059 -0.0576 -0.7059
v 0.20669 0.03400 0.16823
vt 1.00000 0.00000
vn -0.7059 -0.0576 -0.7059
v 0.19803 0.01048 0.17880
vt 1.00000 1.00000
vn -0.7059 -0.0576 -0.7059
v 0.18746 0.03400 0.18746
vt 0.00000 0.00000
vn -0.7059 -0.0576 -0.7059
v 0.19803 0.01048 0.17880
vt 1.00000 0.00000
vn -0.7059 -0.0576 -0.7059
v 0.17880 0.01048 0.19803
vt 1.00000 1.00000
vn -0.7059 -0.0576 -0.7059
v 0.18746 0.03400 0.18746
vt 0.00000 0.00000
vn -0.7059 -0.0576 -0.7059
v 0.17880 0.01048 0.19803
vt 1.00000 0.00000
vn -0.7059 -0.0576 -0.7059
v 0.16823 0.03400 0.20669
vt 1.00000 1.00000
vn -0.7059 -0.0576 -0.7059
v 0.18746 0.03400 0.18746
vt 0.00000 0.00000
vn -0.7059 -0.0576 -0.7059
v 0.16823 0.03400 0.20669
vt 1.00000 0.00000
vn -0.7059 -0.0576 -0.7059
v 0.17688 0.05752 0.19612
vt 1.00000 1.00000
vn -0.7059 -0.0576 -0.7059
v 0.18746 0.03400 0.18746
vt 0.00000 0.00000
vn -0.7059 -0.0576 -0.7059
v 0.17688 0.05752 0.19612
vt 1.00000 0.00000
vn -0.7059 -0.0576 -0.7059
v 0.19612 0.05752 0.17688
vt 1.00000 1.00000
vn -0.7059 -0.0576 -0.7059
v 0.18746 0.03400 0.18746
vt 0.00000 0.00000
vn -0.7059 -0.0576 -0.7059
v 0.19612 0.05752 0.17688
vt 1.00000 0.00000
vn -0.7059 -0.0576 -0.7059
v 0.20669 0.03400 0.16823
vt 1.00000 1.00000
vn -0.7059 -0.0576 -0.7059
v 0.51923 0.05950 0.51923
vt 0.00000 0.00000
vn 0.7071 -0.0000 0.7071
v 0.82120 0.01048 0.19803
vt 0.16667 0.26043
vn 0.3183 -0.8646 0.3888
v 0.83177 0.03400 0.20669
vt 0.00000 0.26043
vn 0.7071 -0.0000 0.7071
v 0.51923 0.05950 0.51923
vt 0.00000 0.00000
vn 0.7071 -0.0000 0.7071
v 0.50866 0.03598 0.51058
vt 0.16667 0.00000
vn 0.3183 -0.8646 0.3888
v 0.82120 0.01048 0.19803
vt 0.16667 0.26043
vn 0.3183 -0.8646 0.3888
v 0.50866 0.03598 0.51058
vt 0.16667 0.00000
vn 0.3183 -0.8646 0.3888
v 0.80197 0.01048 0.17880
vt 0.33333 0.26043
vn -0.3888 -0.8646 -0.3183
v 0.82120 0.01048 0.19803
vt 0.16667 0.26043
vn 0.3183 -0.8646 0.3888
v 0.50866 0.03598 0.51058
vt 0.16667 0.00000
vn 0.3183 -0.8646 0.3888
v 0.48942 0.03598 0.49134
vt 0.33333 0.00000
vn -0.3888 -0.8646 -0.3183
v 0.80197 0.01048 0.17880
vt 0.33333 0.26043
vn -0.3888 -0.8646 -0.3183
v 0.48942 0.03598 0.49134
vt 0.33333 0.00000
vn -0.3888 -0.8646 -0.3183
v 0.79331 0.03400 0.16823
vt 0.50000 0.26043
vn -0.7071 -0.0000 -0.7071
v 0.80197 0.01048 0.17880
vt 0.33333 0.26043
vn -0.3888 -0.8646 -0.3183
v 0.48942 0.03598 0.49134
vt 0.33333 0.00000
vn -0.3888 -0.8646 -0.3183
v 0.48077 0.05950 0.48077
vt 0.50000 0.00000
vn -0.7071 -0.0000 -0.7071
v 0.79331 0.03400 0.16823
vt 0.50000 0.26043
vn -0.7071 -0.0000 -0.7071
v 0.48077 0.05950 0.48077
vt 0.50000 0.00000
vn -0.7071 -0.0000 -0.7071
v 0.80388 0.05752 0.17688
vt 0.66667 0.26043
vn -0.3183 0.8646 -0.3888
v 0.79331 0.03400 0.16823
vt 0.50000 0.26043
vn -0.7071 -0.0000 -0.7071
v 0.48077 0.05950 0.48077
vt 0.50000 0.00000
vn -0.7071 -0.0000 -0.7071
v 0.49134 0.08302 0.48942
vt 0.66667 0.00000
vn -0.3183 0.8646 -0.3888
v 0.80388 0.05752 0.17688
vt 0.66667 0.26043
vn -0.3183 0.8646 -0.3888
v 0.49134 0.08302 0.48942
vt 0.66667 0.00000
vn -0.3183 0.8646 -0.3888
v 0.82312 0.05752 0.19612
vt 0.83333 0.26043
vn 0.3888 0.8646 0.3183
v 0.80388 0.05752 0.17688
vt 0.66667 0.26043
vn -0.3183 0.8646 -0.3888
v 0.49134 0.08302 0.48942
vt 0.66667 0.00000
vn -0.3183 0.8646 -0.3888
v 0.51058 0.08302 0.50866
vt 0.83333 0.00000
vn 0.3888 0.8646 0.3183
v 0.82312 0.05752 0.19612
vt 0.83333 0.26043
vn 0.3888 0.8646 0.3183
v 0.51058 0.08302 0.50866
vt 0.83333 0.00000
vn 0.3888 0.8646 0.3183
v 0.83177 0.03400 0.20669
vt 1.00000 0.26043
vn 0.7071 0.0000 0.7071
v 0.82312 0.05752 0.19612
vt 0.83333 0.26043
vn 0.3888 0.8646 0.3183
v 0.51058 0.08302 0.50866
vt 0.83333 0.00000
vn 0.3888 0.8646 0.3183
v 0.51923 0.05950 0.51923
vt 1.00000 0.00000
vn 0.7071 0.0000 0.7071
v 0.83177 0.03400 0.20669
vt 1.00000 0.26043
vn 0.7071 0.0000 0.7071
v 0.50000 0.05950 0.50000
vt 0.00000 0.00000
vn -0.7059 0.0576 0.7059
v 0.50866 0.03598 0.51058
vt 1.00000 0.00000
vn -0.7059 0.0576 0.7059
v 0.51923 0.05950 0.51923
vt 1.00000 1.00000
vn -0.7059 0.0576 0.7059
v 0.50000 0.05950 0.50000
vt 0.00000 0.00000
vn -0.7059 0.0576 0.7059
v 0.48942 0.03598 0.49134
vt 1.00000 0.00000
vn -0.7059 0.0576 0.7059
v 0.50866 0.03598 0.51058
vt 1.00000 1.00000
vn -0.7059 0.0576 0.7059
v 0.50000 0.05950 0.50000
vt 0.00000 0.00000
vn -0.7059 0.0576 0.7059
v 0.48077 0.05950 0.48077
vt 1.00000 0.00000
vn -0.7059 0.0576 0.7059
v 0.48942 0.03598 0.49134
vt 1.00000 1.00000
vn -0.7059 0.0576 0.7059
v 0.50000 0.05950 0.50000
vt 0.00000 0.00000
vn -0.7059 0.0576 0.7059
v 0.49134 0.08302 0.48942
vt 1.00000 0.00000
vn -0.7059 0.0576 0.7059
v 0.48077 0.05950 0.48077
vt 1.00000 1.00000
vn -0.7059 0.0576 0.7059
v 0.50000 0.05950 0.50000
vt 0.00000 0.00000
vn -0.7059 0.0576 0.7059
v 0.51058 0.08302 0.50866
vt 1.00000 0.00000
vn -0.7059 0.0576 0.7059
v 0.49134 0.08302 0.48942
vt 1.00000 1.00000
vn -0.7059 0.0576 0.7059
v 0.50000 0.05950 0.50000
vt 0.00000 0.00000
vn -0.7059 0.0576 0.7059
v 0.51923 0.05950 0.51923
vt 1.00000 0.00000
vn -0.7059 0.0576 0.7059
v 0.51058 0.08302 0.50866
vt 1.00000 1.00000
vn -0.7059 0.0576 0.7059
v 0.81254 0.03400 0.18746
vt 0.00000 0.00000
vn 0.7059 -0.0576 -0.7059
v 0.83177 0.03400 0.20669
vt 1.00000 0.00000
vn 0.7059 -0.0576 -0.7059
v 0.82120 0.01048 0.19803
vt 1.00000 1.00000
vn 0.7059 -0.0576 -0.7059
v 0.81254 0.03400 0.18746
vt 0.00000 0.00000
vn 0.7059 -0.0576 -0.7059
v 0.82120 0.01048 0.19803
vt 1.00000 0.00000
vn 0.7059 -0.0576 -0.7059
v 0.80197 0.01048 0.17880
vt 1.00000 1.00000
vn 0.7059 -0.0576 -0.7059
v 0.81254 0.03400 0.18746
vt 0.00000 0.00000
vn 0.7059 -0.0576 -0.7059
v 0.80197 0.01048 0.17880
vt 1.00000 0.00000
vn 0.7059 -0.0576 -0.7059
v 0.79331 0.03400 0.16823
vt 1.00000 1.00000
vn 0.7059 -0.0576 -0.7059
v 0.81254 0.03400 0.18746
vt 0.00000 0.00000
vn 0.7059 -0.0576 -0.7059
v 0.79331 0.03400 0.16823
vt 1.00000 0.00000
vn 0.7059 -0.0576 -0.7059
v 0.80388 0.05752 0.17688
vt 1.00000 1.00000
vn 0.7059 -0.0576 -0.7059
v 0.81254 0.03400 0.18746
vt 0.00000 0.00000
vn 0.7059 -0.0576 -0.7059
v 0.80388 0.05752 0.17688
vt 1.00000 0.00000
vn 0.7059 -0.0576 -0.7059
v 0.82312 0.05752 0.19612
vt 1.00000 1.00000
vn 0.7059 -0.0576 -0.7059
v 0.81254 0.03400 0.18746
vt 0.00000 0.00000
vn 0.7059 -0.0576 -0.7059
v 0.82312 0.05752 0.19612
vt 1.00000 0.00000
vn 0.7059 -0.0576 -0.7059
v 0.83177 0.03400 0.20669
vt 1.00000 1.00000
vn 0.7059 -0.0576 -0.7059
v 0.57650 0.00000 0.50000
vt 0.00000 0.00000
vn 1.0000 0.0000 0.0000
v 0.57650 0.11900 0.50000
vt 0.00000 0.07000
vn 0.9864 0.1644 0.0000
v 0.56892 0.11900 0.53319
vt 0.14286 0.07000
vn 0.8887 0.1644 0.4280
v 0.57650 0.00000 0.50000
vt 0.00000 0.00000
vn 1.0000 0.0000 0.0000
v 0.56892 0.11900 0.53319
vt 0.14286 0.07000
vn 0.8887 0.1644 0.4280
v 0.56892 0.00000 0.53319
vt 0.14286 0.00000
vn 0.9010 -0.0000 0.4339
v 0.56892 0.00000 0.53319
vt 0.14286 0.00000
vn 0.9010 -0.0000 0.4339
v 0.56892 0.11900 0.53319
vt 0.14286 0.07000
vn 0.8887 0.1644 0.4280
v 0.54770 0.11900 0.55981
vt 0.28571 0.07000
vn 0.6150 0.1644 0.7712
v 0.56892 0.00000 0.53319
vt 0.14286 0.00000
vn 0.9010 -0.0000 0.4339
v 0.54770 0.11900 0.55981
vt 0.28571 0.07000
vn 0.6150 0.1644 0.7712
v 0.54770 0.00000 0.55981
vt 0.28571 0.00000
vn 0.6235 -0.0000 0.7818
v 0.54770 0.00000 0.55981
vt 0.28571 0.00000
vn 0.6235 -0.0000 0.7818
v 0.54770 0.11900 0.55981
vt 0.28571 0.07000
vn 0.6150 0.1644 0.7712
v 0.51702 0.11900 0.57458
vt 0.42857 0.07000
vn 0.2195 0.1644 0.9617
v 0.54770 0.00000 0.55981
vt 0.28571 0.00000
vn 0.6235 -0.0000 0.7818
v 0.51702 0.11900 0.57458
vt 0.42857 0.07000
vn 0.2195 0.1644 0.9617
v 0.51702 0.00000 0.57458
vt 0.42857 0.00000
vn 0.2225 -0.0000 0.9749
v 0.51702 0.00000 0.57458
vt 0.42857 0.00000
vn 0.2225 -0.0000 0.9749
v 0.51702 0.11900 0.57458
vt 0.42857 0.07000
vn 0.2195 0.1644 0.9617
v 0.48298 0.11900 0.57458
vt 0.57143 0.07000
vn -0.2195 0.1644 0.9617
v 0.51702 0.00000 0.57458
vt 0.42857 0.00000
vn 0.2225 -0.0000 0.9749
v 0.48298 0.11900 0.57458
vt 0.57143 0.07000
vn -0.2195 0.1644 0.9617
v 0.48298 0.00000 0.57458
vt 0.57143 0.00000
vn -0.2225 0.0000 0.9749
v 0.48298 0.00000 0.57458
vt 0.57143 0.00000
vn -0.2225 0.0000 0.9749
v 0.48298 0.11900 0.57458
vt 0.57143 0.07000
vn -0.2195 0.1644 0.9617
v 0.45230 0.11900 0.55981
vt 0.71429 0.07000
vn -0.6150 0.1644 0.7712
v 0.48298 0.00000 0.57458
vt 0.57143 0.00000
vn -0.2225 0.0000 0.9749
v 0.45230 0.11900 0.55981
vt 0.71429 0.07000
vn -0.6150 0.1644 0.7712
v 0.45230 0.00000 0.55981
vt 0.71429 0.00000
vn -0.6235 0.0000 0.7818
v 0.45230 0.00000 0.55981
vt 0.71429 0.00000
vn -0.6235 0.0000 0.7818
v 0.45230 0.11900 0.55981
vt 0.71429 0.07000
vn -0.6150 0.1644 0.7712
v 0.43108 0.11900 0.53319
vt 0.85714 0.07000
vn -0.8887 0.1644 0.4280
v 0.45230 0.00000 0.55981
vt 0.71429 0.00000
vn -0.6235 0.0000 0.7818
v 0.43108 0.11900 0.53319
vt 0.85714 0.07000
vn -0.8887 0.1644 0.4280
v 0.43108 0.00000 0.53319
vt 0.85714 0.00000
vn -0.9010 0.0000 0.4339
v 0.43108 0.00000 0.53319
vt 0.85714 0.00000
vn -0.9010 0.0000 0.4339
v 0.43108 0.11900 0.53319
vt 0.85714 0.07000
vn -0.8887 0.1644 0.4280
v 0.42350 0.11900 0.50000
vt 1.00000 0.07000
vn -0.9864 0.1644 0.0000
v 0.43108 0.00000 0.53319
vt 0.85714 0.00000
vn -0.9010 0.0000 0.4339
v 0.42350 0.11900 0.50000
vt 1.00000 0.07000
vn -0.9864 0.1644 0.0000
v 0.42350 0.00000 0.50000
vt 1.00000 0.00000
vn -1.0000 0.0000 0.0000
v 0.42350 0.00000 0.50000
vt 0.00000 0.00000
vn -1.0000 0.0000 0.0000
v 0.42350 0.11900 0.50000
vt 0.00000 0.07000
vn -0.9864 0.1644 0.0000
v 0.43108 0.11900 0.46681
vt 0.14286 0.07000
vn -0.8887 0.1644 -0.4280
v 0.42350 0.00000 0.50000
vt 0.00000 0.00000
vn -1.0000 0.0000 0.0000
v 0.43108 0.11900 0.46681
vt 0.14286 0.07000
vn -0.8887 0.1644 -0.4280
v 0.43108 0.00000 0.46681
vt 0.14286 0.00000
vn -0.9010 0.0000 -0.4339
v 0.43108 0.00000 0.46681
vt 0.14286 0.00000
vn -0.9010 0.0000 -0.4339
v 0.43108 0.11900 0.46681
vt 0.14286 0.07000
vn -0.8887 0.1644 -0.4280
v 0.45230 0.11900 0.44019
vt 0.28571 0.07000
vn -0.6150 0.1644 -0.7712
v 0.43108 0.00000 0.46681
vt 0.14286 0.00000
vn -0.9010 0.0000 -0.4339
v 0.45230 0.11900 0.44019
vt 0.28571 0.07000
vn -0.6150 0.1644 -0.7712
v 0.45230 0.00000 0.44019
vt 0.28571 0.00000
vn -0.6235 0.0000 -0.7818
v 0.45230 0.00000 0.44019
vt 0.28571 0.00000
vn -0.6235 0.0000 -0.7818
v 0.45230 0.11900 0.44019
vt 0.28571 0.07000
vn -0.6150 0.1644 -0.7712
v 0.48298 0.11900 0.42542
vt 0.42857 0.07000
vn -0.2195 0.1644 -0.9617
v 0.45230 0.00000 0.44019
vt 0.28571 0.00000
vn -0.6235 0.0000 -0.7818
v 0.48298 0.11900 0.42542
vt 0.42857 0.07000
vn -0.2195 0.1644 -0.9617
v 0.48298 0.00000 0.42542
vt 0.42857 0.00000
vn -0.2225 0.0000 -0.9749
v 0.48298 0.00000 0.42542
vt 0.42857 0.00000
vn -0.2225 0.0000 -0.9749
v 0.48298 0.11900 0.42542
vt 0.42857 0.07000
vn -0.2195 0.1644 -0.9617
v 0.51702 0.11900 0.42542
vt 0.57143 0.07000
vn 0.2195 0.1644 -0.9617
v 0.48298 0.00000 0.42542
vt 0.42857 0.00000
vn -0.2225 0.0000 -0.9749
v 0.51702 0.11900 0.42542
vt 0.57143 0.07000
vn 0.2195 0.1644 -0.9617
v 0.51702 0.00000 0.42542
vt 0.57143 0.00000
vn 0.2225 0.0000 -0.9749
v 0.51702 0.00000 0.42542
vt 0.57143 0.00000
vn 0.2225 0.0000 -0.9749
v 0.51702 0.11900 0.42542
vt 0.57143 0.07000
vn 0.2195 0.1644 -0.9617
v 0.54770 0.11900 0.44019
vt 0.71429 0.07000
vn 0.6150 0.1644 -0.7712
v 0.51702 0.00000 0.42542
vt 0.57143 0.00000
vn 0.2225 0.0000 -0.9749
v 0.54770 0.11900 0.44019
vt 0.71429 0.07000
vn 0.6150 0.1644 -0.7712
v 0.54770 0.00000 0.44019
vt 0.71429 0.00000
vn 0.6235 0.0000 -0.7818
v 0.54770 0.00000 0.44019
vt 0.71429 0.00000
vn 0.6235 0.0000 -0.7818
v 0.54770 0.11900 0.44019
vt 0.71429 0.07000
vn 0.6150 0.1644 -0.7712
v 0.56892 0.11900 0.46681
vt 0.85714 0.07000
vn 0.8887 0.1644 -0.4280
v 0.54770 0.00000 0.44019
vt 0.71429 0.00000
vn 0.6235 0.0000 -0.7818
v 0.56892 0.11900 0.46681
vt 0.85714 0.07000
vn 0.8887 0.1644 -0.4280
v 0.56892 0.00000 0.46681
vt 0.85714 0.00000
vn 0.9010 0.0000 -0.4339
v 0.56892 0.00000 0.46681
vt 0.85714 0.00000
vn 0.9010 0.0000 -0.4339
v 0.56892 0.11900 0.46681
vt 0.85714 0.07000
vn 0.8887 0.1644 -0.4280
v 0.57650 0.11900 0.50000
vt 1.00000 0.07000
vn 0.9864 0.1644 0.0000
v 0.56892 0.00000 0.46681
vt 0.85714 0.00000
vn 0.9010 0.0000 -0.4339
v 0.57650 0.11900 0.50000
vt 1.00000 0.07000
vn 0.9864 0.1644 0.0000
v 0.57650 0.00000 0.50000
vt 1.00000 0.00000
vn 1.0000 0.0000 0.0000
v 0.57650 0.11900 0.50000
vt 0.00000 0.07000
vn 0.9864 0.1644 0.0000
v 0.55100 0.15300 0.50000
vt 0.00000 0.09500
vn 0.8000 0.6000 0.0000
v 0.54595 0.15300 0.52213
vt 0.14286 0.09500
vn 0.7208 0.6000 0.3471
v 0.57650 0.11900 0.50000
vt 0.00000 0.07000
vn 0.9864 0.1644 0.0000
v 0.54595 0.15300 0.52213
vt 0.14286 0.09500
vn 0.7208 0.6000 0.3471
v 0.56892 0.11900 0.53319
vt 0.14286 0.07000
vn 0.8887 0.1644 0.4280
v 0.56892 0.11900 0.53319
vt 0.14286 0.07000
vn 0.8887 0.1644 0.4280
v 0.54595 0.15300 0.52213
vt 0.14286 0.09500
vn 0.7208 0.6000 0.3471
v 0.53180 0.15300 0.53987
vt 0.28571 0.09500
vn 0.4988 0.6000 0.6255
v 0.56892 0.11900 0.53319
vt 0.14286 0.07000
vn 0.8887 0.1644 0.4280
v 0.53180 0.15300 0.53987
vt 0.28571 0.09500
vn 0.4988 0.6000 0.6255
v 0.54770 0.11900 0.55981
vt 0.28571 0.07000
vn 0.6150 0.1644 0.7712
v 0.54770 0.11900 0.55981
vt 0.28571 0.07000
vn 0.6150 0.1644 0.7712
v 0.53180 0.15300 0.53987
vt 0.28571 0.09500
vn 0.4988 0.6000 0.6255
v 0.51135 0.15300 0.54972
vt 0.42857 0.09500
vn 0.1780 0.6000 0.7799
v 0.54770 0.11900 0.55981
vt 0.28571 0.07000
vn 0.6150 0.1644 0.7712
v 0.51135 0.15300 0.54972
vt 0.42857 0.09500
vn 0.1780 0.6000 0.7799
v 0.51702 0.11900 0.57458
vt 0.42857 0.07000
vn 0.2195 0.1644 0.9617
v 0.51702 0.11900 0.57458
vt 0.42857 0.07000
vn 0.2195 0.1644 0.9617
v 0.51135 0.15300 0.54972
vt 0.42857 0.09500
vn 0.1780 0.6000 0.7799
v 0.48865 0.15300 0.54972
vt 0.57143 0.09500
vn -0.1780 0.6000 0.7799
v 0.51702 0.11900 0.57458
vt 0.42857 0.07000
vn 0.2195 0.1644 0.9617
v 0.48865 0.15300 0.54972
vt 0.57143 0.09500
vn -0.1780 0.6000 0.7799
v 0.48298 0.11900 0.57458
vt 0.57143 0.07000
vn -0.2195 0.1644 0.9617
v 0.48298 0.11900 0.57458
vt 0.57143 0.07000
vn -0.2195 0.1644 0.9617
v 0.48865 0.15300 0.54972
vt 0.57143 0.09500
vn -0.1780 0.6000 0.7799
v 0.46820 0.15300 0.53987
vt 0.71429 0.09500
vn -0.4988 0.6000 0.6255
v 0.48298 0.11900 0.57458
vt 0.57143 0.07000
vn -0.2195 0.1644 0.9617
v 0.46820 0.15300 0.53987
vt 0.71429 0.09500
vn -0.4988 0.6000 0.6255
v 0.45230 0.11900 0.55981
vt 0.71429 0.07000
vn -0.6150 0.1644 0.7712
v 0.45230 0.11900 0.55981
vt 0.71429 0.07000
vn -0.6150 0.1644 0.7712
v 0.46820 0.15300 0.53987
vt 0.71429 0.09500
vn -0.4988 0.6000 0.6255
v 0.45405 0.15300 0.52213
vt 0.85714 0.09500
vn -0.7208 0.6000 0.3471
v 0.45230 0.11900 0.55981
vt 0.71429 0.07000
vn -0.6150 0.1644 0.7712
v 0.45405 0.15300 0.52213
vt 0.85714 0.09500
vn -0.7208 0.6000 0.3471
v 0.43108 0.11900 0.53319
vt 0.85714 0.07000
vn -0.8887 0.1644 0.4280
v 0.43108 0.11900 0.53319
vt 0.85714 0.07000
vn -0.8887 0.1644 0.4280
v 0.45405 0.15300 0.52213
vt 0.85714 0.09500
vn -0.7208 0.6000 0.3471
v 0.44900 0.15300 0.50000
vt 1.00000 0.09500
vn -0.8000 0.6000 0.0000
v 0.43108 0.11900 0.53319
vt 0.85714 0.07000
vn -0.8887 0.1644 0.4280
v 0.44900 0.15300 0.50000
vt 1.00000 0.09500
vn -0.8000 0.6000 0.0000
v 0.42350 0.11900 0.50000
vt 1.00000 0.07000
vn -0.9864 0.1644 0.0000
v 0.42350 0.11900 0.50000
vt 0.00000 0.07000
vn -0.9864 0.1644 0.0000
v 0.44900 0.15300 0.50000
vt 0.00000 0.09500
vn -0.8000 0.6000 0.0000
v 0.45405 0.15300 0.47787
vt 0.14286 0.09500
vn -0.7208 0.6000 -0.3471
v 0.42350 0.11900 0.50000
vt 0.00000 0.07000
vn -0.9864 0.1644 0.0000
v 0.45405 0.15300 0.47787
vt 0.14286 0.09500
vn -0.7208 0.6000 -0.3471
v 0.43108 0.11900 0.46681
vt 0.14286 0.07000
vn -0.8887 0.1644 -0.4280
v 0.43108 0.11900 0.46681
vt 0.14286 0.07000
vn -0.8887 0.1644 -0.4280
v 0.45405 0.15300 0.47787
vt 0.14286 0.09500
vn -0.7208 0.6000 -0.3471
v 0.46820 0.15300 0.46013
vt 0.28571 0.09500
vn -0.4988 0.6000 -0.6255
v 0.43108 0.11900 0.46681
vt 0.14286 0.07000
vn -0.8887 0.1644 -0.4280
v 0.46820 0.15300 0.46013
vt 0.28571 0.09500
vn -0.4988 0.6000 -0.6255
v 0.45230 0.11900 0.44019
vt 0.28571 0.07000
vn -0.6150 0.1644 -0.7712
v 0.45230 0.11900 0.44019
vt 0.28571 0.07000
vn -0.6150 0.1644 -0.7712
v 0.46820 0.15300 0.46013
vt 0.28571 0.09500
vn -0.4988 0.6000 -0.6255
v 0.48865 0.15300 0.45028
vt 0.42857 0.09500
vn -0.1780 0.6000 -0.7799
v 0.45230 0.11900 0.44019
vt 0.28571 0.07000
vn -0.6150 0.1644 -0.7712
v 0.48865 0.15300 0.45028
vt 0.42857 0.09500
vn -0.1780 0.6000 -0.7799
v 0.48298 0.11900 0.42542
vt 0.42857 0.07000
vn -0.2195 0.1644 -0.9617
v 0.48298 0.11900 0.42542
vt 0.42857 0.07000
vn -0.2195 0.1644 -0.9617
v 0.48865 0.15300 0.45028
vt 0.42857 0.09500
vn -0.1780 0.6000 -0.7799
v 0.51135 0.15300 0.45028
vt 0.57143 0.09500
vn 0.1780 0.6000 -0.7799
v 0.48298 0.11900 0.42542
vt 0.42857 0.07000
vn -0.2195 0.1644 -0.9617
v 0.51135 0.15300 0.45028
vt 0.57143 0.09500
vn 0.1780 0.6000 -0.7799
v 0.51702 0.11900 0.42542
vt 0.57143 0.07000
vn 0.2195 0.1644 -0.9617
v 0.51702 0.11900 0.42542
vt 0.57143 0.07000
vn 0.2195 0.1644 -0.9617
v 0.51135 0.15300 0.45028
vt 0.57143 0.09500
vn 0.1780 0.6000 -0.7799
v 0.53180 0.15300 0.46013
vt 0.71429 0.09500
vn 0.4988 0.6000 -0.6255
v 0.51702 0.11900 0.42542
vt 0.57143 0.07000
vn 0.2195 0.1644 -0.9617
v 0.53180 0.15300 0.46013
vt 0.71429 0.09500
vn 0.4988 0.6000 -0.6255
v 0.54770 0.11900 0.44019
vt 0.71429 0.07000
vn 0.6150 0.1644 -0.7712
v 0.54770 0.11900 0.44019
vt 0.71429 0.07000
vn 0.6150 0.1644 -0.7712
v 0.53180 0.15300 0.46013
vt 0.71429 0.09500
vn 0.4988 0.6000 -0.6255
v 0.54595 0.15300 0.47787
vt 0.85714 0.09500
vn 0.7208 0.6000 -0.3471
v 0.54770 0.11900 0.44019
vt 0.71429 0.07000
vn 0.6150 0.1644 -0.7712
v 0.54595 0.15300 0.47787
vt 0.85714 0.09500
vn 0.7208 0.6000 -0.3471
v 0.56892 0.11900 0.46681
vt 0.85714 0.07000
vn 0.8887 0.1644 -0.4280
v 0.56892 0.11900 0.46681
vt 0.85714 0.07000
vn 0.8887 0.1644 -0.4280
v 0.54595 0.15300 0.47787
vt 0.85714 0.09500
vn 0.7208 0.6000 -0.3471
v 0.55100 0.15300 0.50000
vt 1.00000 0.09500
vn 0.8000 0.6000 0.0000
v 0.56892 0.11900 0.46681
vt 0.85714 0.07000
vn 0.8887 0.1644 -0.4280
v 0.55100 0.15300 0.50000
vt 1.00000 0.09500
vn 0.8000 0.6000 0.0000
v 0.57650 0.11900 0.50000
vt 1.00000 0.07000
vn 0.9864 0.1644 0.0000
v 0.52720 0.25500 0.50000
vt 0.00000 0.00000
vn 1.0000 0.0000 0.0000
v 0.52720 1.42800 0.50000
vt 0.00000 0.69000
vn 1.0000 0.0000 0.0000
v 0.52201 1.42800 0.51599
vt 0.20000 0.69000
vn 0.8090 -0.0000 0.5878
v 0.52720 0.25500 0.50000
vt 0.00000 0.00000
vn 1.0000 0.0000 0.0000
v 0.52201 1.42800 0.51599
vt 0.20000 0.69000
vn 0.8090 -0.0000 0.5878
v 0.52201 0.25500 0.51599
vt 0.20000 0.00000
vn 0.8090 -0.0000 0.5878
v 0.52201 0.25500 0.51599
vt 0.20000 0.00000
vn 0.8090 -0.0000 0.5878
v 0.52201 1.42800 0.51599
vt 0.20000 0.69000
vn 0.8090 -0.0000 0.5878
v 0.50841 1.42800 0.52587
vt 0.40000 0.69000
vn 0.3090 -0.0000 0.9511
v 0.52201 0.25500 0.51599
vt 0.20000 0.00000
vn 0.8090 -0.0000 0.5878
v 0.50841 1.42800 0.52587
vt 0.40000 0.69000
vn 0.3090 -0.0000 0.9511
v 0.50841 0.25500 0.52587
vt 0.40000 0.00000
vn 0.3090 -0.0000 0.9511
v 0.50841 0.25500 0.52587
vt 0.40000 0.00000
vn 0.3090 -0.0000 0.9511
v 0.50841 1.42800 0.52587
vt 0.40000 0.69000
vn 0.3090 -0.0000 0.9511
v 0.49159 1.42800 0.52587
vt 0.60000 0.69000
vn -0.3090 0.0000 0.9511
v 0.50841 0.25500 0.52587
vt 0.40000 0.00000
vn 0.3090 -0.0000 0.9511
v 0.49159 1.42800 0.52587
vt 0.60000 0.69000
vn -0.3090 0.0000 0.9511
v 0.49159 0.25500 0.52587
vt 0.60000 0.00000
vn -0.3090 0.0000 0.9511
v 0.49159 0.25500 0.52587
vt 0.60000 0.00000
vn -0.3090 0.0000 0.9511
v 0.49159 1.42800 0.52587
vt 0.60000 0.69000
vn -0.3090 0.0000 0.9511
v 0.47799 1.42800 0.51599
vt 0.80000 0.69000
vn -0.8090 0.0000 0.5878
v 0.49159 0.25500 0.52587
vt 0.60000 0.00000
vn -0.3090 0.0000 0.9511
v 0.47799 1.42800 0.51599
vt 0.80000 0.69000
vn -0.8090 0.0000 0.5878
v 0.47799 0.25500 0.51599
vt 0.80000 0.00000
vn -0.8090 0.0000 0.5878
v 0.47799 0.25500 0.51599
vt 0.80000 0.00000
vn -0.8090 0.0000 0.5878
v 0.47799 1.42800 0.51599
vt 0.80000 0.69000
vn -0.8090 0.0000 0.5878
v 0.47280 1.42800 0.50000
vt 1.00000 0.69000
vn -1.0000 0.0000 0.0000
v 0.47799 0.25500 0.51599
vt 0.80000 0.00000
vn -0.8090 0.0000 0.5878
v 0.47280 1.42800 0.50000
vt 1.00000 0.69000
vn -1.0000 0.0000 0.0000
v 0.47280 0.25500 0.50000
vt 1.00000 0.00000
vn -1.0000 0.0000 0.0000
v 0.47280 0.25500 0.50000
vt 0.00000 0.00000
vn -1.0000 0.0000 0.0000
v 0.47280 1.42800 0.50000
vt 0.00000 0.69000
vn -1.0000 0.0000 0.0000
v 0.47799 1.42800 0.48401
vt 0.20000 0.69000
vn -0.8090 0.0000 -0.5878
v 0.47280 0.25500 0.50000
vt 0.00000 0.00000
vn -1.0000 0.0000 0.0000
v 0.47799 1.42800 0.48401
vt 0.20000 0.69000
vn -0.8090 0.0000 -0.5878
v 0.47799 0.25500 0.48401
vt 0.20000 0.00000
vn -0.8090 0.0000 -0.5878
v 0.47799 0.25500 0.48401
vt 0.20000 0.00000
vn -0.8090 0.0000 -0.5878
v 0.47799 1.42800 0.48401
vt 0.20000 0.69000
vn -0.8090 0.0000 -0.5878
v 0.49159 1.42800 0.47413
vt 0.40000 0.69000
vn -0.3090 0.0000 -0.9511
v 0.47799 0.25500 0.48401
vt 0.20000 0.00000
vn -0.8090 0.0000 -0.5878
v 0.49159 1.42800 0.47413
vt 0.40000 0.69000
vn -0.3090 0.0000 -0.9511
v 0.49159 0.25500 0.47413
vt 0.40000 0.00000
vn -0.3090 0.0000 -0.9511
v 0.49159 0.25500 0.47413
vt 0.40000 0.00000
vn -0.3090 0.0000 -0.9511
v 0.49159 1.42800 0.47413
vt 0.40000 0.69000
vn -0.3090 0.0000 -0.9511
v 0.50841 1.42800 0.47413
vt 0.60000 0.69000
vn 0.3090 0.0000 -0.9511
v 0.49159 0.25500 0.47413
vt 0.40000 0.00000
vn -0.3090 0.0000 -0.9511
v 0.50841 1.42800 0.47413
vt 0.60000 0.69000
vn 0.3090 0.0000 -0.9511
v 0.50841 0.25500 0.47413
vt 0.60000 0.00000
vn 0.3090 0.0000 -0.9511
v 0.50841 0.25500 0.47413
vt 0.60000 0.00000
vn 0.3090 0.0000 -0.9511
v 0.50841 1.42800 0.47413
vt 0.60000 0.69000
vn 0.3090 0.0000 -0.9511
v 0.52201 1.42800 0.48401
vt 0.80000 0.69000
vn 0.8090 0.0000 -0.5878
v 0.50841 0.25500 0.47413
vt 0.60000 0.00000
vn 0.3090 0.0000 -0.9511
v 0.52201 1.42800 0.48401
vt 0.80000 0.69000
vn 0.8090 0.0000 -0.5878
v 0.52201 0.25500 0.48401
vt 0.80000 0.00000
vn 0.8090 0.0000 -0.5878
v 0.52201 0.25500 0.48401
vt 0.80000 0.00000
vn 0.8090 0.0000 -0.5878
v 0.52201 1.42800 0.48401
vt 0.80000 0.69000
vn 0.8090 0.0000 -0.5878
v 0.52720 1.42800 0.50000
vt 1.00000 0.69000
vn 1.0000 0.0000 0.0000
v 0.52201 0.25500 0.48401
vt 0.80000 0.00000
vn 0.8090 0.0000 -0.5878
v 0.52720 1.42800 0.50000
vt 1.00000 0.69000
vn 1.0000 0.0000 0.0000
v 0.52720 0.25500 0.50000
vt 1.00000 0.00000
vn 1.0000 0.0000 0.0000
v 1.32944 4.58525 0.50000
vt 0.00000 0.00000
vn 0.3845 -0.9231 0.0000
v 1.36053 4.59819 0.50000
vt 0.00000 0.01981
vn 0.7085 -0.7057 0.0000
v 1.35137 4.59819 0.52210
vt 0.25000 0.01981
vn 0.5010 -0.7057 0.5010
v 1.32944 4.58525 0.50000
vt 0.00000 0.00000
vn 0.3845 -0.9231 0.0000
v 1.35137 4.59819 0.52210
vt 0.25000 0.01981
vn 0.5010 -0.7057 0.5010
v 1.32939 4.58525 0.50012
vt 0.25000 0.00000
vn 0.2719 -0.9231 0.2719
v 1.32939 4.58525 0.50012
vt 0.25000 0.00000
vn 0.2719 -0.9231 0.2719
v 1.35137 4.59819 0.52210
vt 0.25000 0.01981
vn 0.5010 -0.7057 0.5010
v 1.32927 4.59819 0.53125
vt 0.50000 0.01981
vn 0.0000 -0.7057 0.7085
v 1.32939 4.58525 0.50012
vt 0.25000 0.00000
vn 0.2719 -0.9231 0.2719
v 1.32927 4.59819 0.53125
vt 0.50000 0.01981
vn 0.0000 -0.7057 0.7085
v 1.32927 4.58525 0.50017
vt 0.50000 0.00000
vn 0.0000 -0.9231 0.3845
v 1.32927 4.58525 0.50017
vt 0.50000 0.00000
vn 0.0000 -0.9231 0.3845
v 1.32927 4.59819 0.53125
vt 0.50000 0.01981
vn 0.0000 -0.7057 0.7085
v 1.30717 4.59819 0.52210
vt 0.75000 0.01981
vn -0.5010 -0.7057 0.5010
v 1.32927 4.58525 0.50017
vt 0.50000 0.00000
vn 0.0000 -0.9231 0.3845
v 1.30717 4.59819 0.52210
vt 0.75000 0.01981
vn -0.5010 -0.7057 0.5010
v 1.32915 4.58525 0.50012
vt 0.75000 0.00000
vn -0.2719 -0.9231 0.2719
v 1.32915 4.58525 0.50012
vt 0.75000 0.00000
vn -0.2719 -0.9231 0.2719
v 1.30717 4.59819 0.52210
vt 0.75000 0.01981
vn -0.5010 -0.7057 0.5010
v 1.29802 4.59819 0.50000
vt 1.00000 0.01981
vn -0.7085 -0.7057 0.0000
v 1.32915 4.58525 0.50012
vt 0.75000 0.00000
vn -0.2719 -0.9231 0.2719
v 1.29802 4.59819 0.50000
vt 1.00000 0.01981
vn -0.7085 -0.7057 0.0000
v 1.32910 4.58525 0.50000
vt 1.00000 0.00000
vn -0.3845 -0.9231 0.0000
v 1.32910 4.58525 0.50000
vt 0.00000 0.00000
vn -0.3845 -0.9231 0.0000
v 1.29802 4.59819 0.50000
vt 0.00000 0.01981
vn -0.7085 -0.7057 0.0000
v 1.30717 4.59819 0.47790
vt 0.25000 0.01981
vn -0.5010 -0.7057 -0.5010
v 1.32910 4.58525 0.50000
vt 0.00000 0.00000
vn -0.3845 -0.9231 0.0000
v 1.30717 4.59819 0.47790
vt 0.25000 0.01981
vn -0.5010 -0.7057 -0.5010
v 1.32915 4.58525 0.49988
vt 0.25000 0.00000
vn -0.2719 -0.9231 -0.2719
v 1.32915 4.58525 0.49988
vt 0.25000 0.00000
vn -0.2719 -0.9231 -0.2719
v 1.30717 4.59819 0.47790
vt 0.25000 0.01981
vn -0.5010 -0.7057 -0.5010
v 1.32927 4.59819 0.46875
vt 0.50000 0.01981
vn 0.0000 -0.7057 -0.7085
v 1.32915 4.58525 0.49988
vt 0.25000 0.00000
vn -0.2719 -0.9231 -0.2719
v 1.32927 4.59819 0.46875
vt 0.50000 0.01981
vn 0.0000 -0.7057 -0.7085
v 1.32927 4.58525 0.49983
vt 0.50000 0.00000
vn 0.0000 -0.9231 -0.3845
v 1.32927 4.58525 0.49983
vt 0.50000 0.00000
vn 0.0000 -0.9231 -0.3845
v 1.32927 4.59819 0.46875
vt 0.50000 0.01981
vn 0.0000 -0.7057 -0.7085
v 1.35137 4.59819 0.47790
vt 0.75000 0.01981
vn 0.5010 -0.7057 -0.5010
v 1.32927 4.58525 0.49983
vt 0.50000 0.00000
vn 0.0000 -0.9231 -0.3845
v 1.35137 4.59819 0.47790
vt 0.75000 0.01981
vn 0.5010 -0.7057 -0.5010
v 1.32939 4.58525 0.49988
vt 0.75000 0.00000
vn 0.2719 -0.9231 -0.2719
v 1.32939 4.58525 0.49988
vt 0.75000 0.00000
vn 0.2719 -0.9231 -0.2719
v 1.35137 4.59819 0.47790
vt 0.75000 0.01981
vn 0.5010 -0.7057 -0.5010
v 1.36053 4.59819 0.50000
vt 1.00000 0.01981
vn 0.7085 -0.7057 0.0000
v 1.32939 4.58525 0.49988
vt 0.75000 0.00000
vn 0.2719 -0.9231 -0.2719
v 1.36053 4.59819 0.50000
vt 1.00000 0.01981
vn 0.7085 -0.7057 0.0000
v 1.32944 4.58525 0.50000
vt 1.00000 0.00000
vn 0.3845 -0.9231 0.0000
v 1.36053 4.59819 0.50000
vt 0.00000 0.01981
vn 0.7085 -0.7057 0.0000
v 1.37347 4.62945 0.50000
vt 0.00000 0.03971
vn 1.0000 0.0000 0.0000
v 1.36053 4.62945 0.53125
vt 0.25000 0.03971
vn 0.7071 -0.0000 0.7071
v 1.36053 4.59819 0.50000
vt 0.00000 0.01981
vn 0.7085 -0.7057 0.0000
v 1.36053 4.62945 0.53125
vt 0.25000 0.03971
vn 0.7071 -0.0000 0.7071
v 1.35137 4.59819 0.52210
vt 0.25000 0.01981
vn 0.5010 -0.7057 0.5010
v 1.35137 4.59819 0.52210
vt 0.25000 0.01981
vn 0.5010 -0.7057 0.5010
v 1.36053 4.62945 0.53125
vt 0.25000 0.03971
vn 0.7071 -0.0000 0.7071
v 1.32927 4.62945 0.54420
vt 0.50000 0.03971
vn 0.0000 -0.0000 1.0000
v 1.35137 4.59819 0.52210
vt 0.25000 0.01981
vn 0.5010 -0.7057 0.5010
v 1.32927 4.62945 0.54420
vt 0.50000 0.03971
vn 0.0000 -0.0000 1.0000
v 1.32927 4.59819 0.53125
vt 0.50000 0.01981
vn 0.0000 -0.7057 0.7085
v 1.32927 4.59819 0.53125
vt 0.50000 0.01981
vn 0.0000 -0.7057 0.7085
v 1.32927 4.62945 0.54420
vt 0.50000 0.03971
vn 0.0000 -0.0000 1.0000
v 1.29802 4.62945 0.53125
vt 0.75000 0.03971
vn -0.7071 0.0000 0.7071
v 1.32927 4.59819 0.53125
vt 0.50000 0.01981
vn 0.0000 -0.7057 0.7085
v 1.29802 4.62945 0.53125
vt 0.75000 0.03971
vn -0.7071 0.0000 0.7071
v 1.30717 4.59819 0.52210
vt 0.75000 0.01981
vn -0.5010 -0.7057 0.5010
v 1.30717 4.59819 0.52210
vt 0.75000 0.01981
vn -0.5010 -0.7057 0.5010
v 1.29802 4.62945 0.53125
vt 0.75000 0.03971
vn -0.7071 0.0000 0.7071
v 1.28507 4.62945 0.50000
vt 1.00000 0.03971
vn -1.0000 0.0000 0.0000
v 1.30717 4.59819 0.52210
vt 0.75000 0.01981
vn -0.5010 -0.7057 0.5010
v 1.28507 4.62945 0.50000
vt 1.00000 0.03971
vn -1.0000 0.0000 0.0000
v 1.29802 4.59819 0.50000
vt 1.00000 0.01981
vn -0.7085 -0.7057 0.0000
v 1.29802 4.59819 0.50000
vt 0.00000 0.01981
vn -0.7085 -0.7057 0.0000
v 1.28507 4.62945 0.50000
vt 0.00000 0.03971
vn -1.0000 0.0000 0.0000
v 1.29802 4.62945 0.46875
vt 0.25000 0.03971
vn -0.7071 0.0000 -0.7071
v 1.29802 4.59819 0.50000
vt 0.00000 0.01981
vn -0.7085 -0.7057 0.0000
v 1.29802 4.62945 0.46875
vt 0.25000 0.03971
vn -0.7071 0.0000 -0.7071
v 1.30717 4.59819 0.47790
vt 0.25000 0.01981
vn -0.5010 -0.7057 -0.5010
v 1.30717 4.59819 0.47790
vt 0.25000 0.01981
vn -0.5010 -0.7057 -0.5010
v 1.29802 4.62945 0.46875
vt 0.25000 0.03971
vn -0.7071 0.0000 -0.7071
v 1.32927 4.62945 0.45580
vt 0.50000 0.03971
vn 0.0000 0.0000 -1.0000
v 1.30717 4.59819 0.47790
vt 0.25000 0.01981
vn -0.5010 -0.7057 -0.5010
v 1.32927 4.62945 0.45580
vt 0.50000 0.03971
vn 0.0000 0.0000 -1.0000
v 1.32927 4.59819 0.46875
vt 0.50000 0.01981
vn 0.0000 -0.7057 -0.7085
v 1.32927 4.59819 0.46875
vt 0.50000 0.01981
vn 0.0000 -0.7057 -0.7085
v 1.32927 4.62945 0.45580
vt 0.50000 0.03971
vn 0.0000 0.0000 -1.0000
v 1.36053 4.62945 0.46875
vt 0.75000 0.03971
vn 0.7071 0.0000 -0.7071
v 1.32927 4.59819 0.46875
vt 0.50000 0.01981
vn 0.0000 -0.7057 -0.7085
v 1.36053 4.62945 0.46875
vt 0.75000 0.03971
vn 0.7071 0.0000 -0.7071
v 1.35137 4.59819 0.47790
vt 0.75000 0.01981
vn 0.5010 -0.7057 -0.5010
v 1.35137 4.59819 0.47790
vt 0.75000 0.01981
vn 0.5010 -0.7057 -0.5010
v 1.36053 4.62945 0.46875
vt 0.75000 0.03971
vn 0.7071 0.0000 -0.7071
v 1.37347 4.62945 0.50000
vt 1.00000 0.03971
vn 1.0000 0.0000 0.0000
v 1.35137 4.59819 0.47790
vt 0.75000 0.01981
vn 0.5010 -0.7057 -0.5010
v 1.37347 4.62945 0.50000
vt 1.00000 0.03971
vn 1.0000 0.0000 0.0000
v 1.36053 4.59819 0.50000
vt 1.00000 0.01981
vn 0.7085 -0.7057 0.0000
v 1.37347 4.62945 0.50000
vt 0.00000 0.03971
vn 1.0000 0.0000 0.0000
v 1.36053 4.66070 0.50000
vt 0.00000 0.05961
vn 0.7085 0.7057 0.0000
v 1.35137 4.66070 0.52210
vt 0.25000 0.05961
vn 0.5010 0.7057 0.5010
v 1.37347 4.62945 0.50000
vt 0.00000 0.03971
vn 1.0000 0.0000 0.0000
v 1.35137 4.66070 0.52210
vt 0.25000 0.05961
vn 0.5010 0.7057 0.5010
v 1.36053 4.62945 0.53125
vt 0.25000 0.03971
vn 0.7071 -0.0000 0.7071
v 1.36053 4.62945 0.53125
vt 0.25000 0.03971
vn 0.7071 -0.0000 0.7071
v 1.35137 4.66070 0.52210
vt 0.25000 0.05961
vn 0.5010 0.7057 0.5010
v 1.32927 4.66070 0.53125
vt 0.50000 0.05961
vn 0.0000 0.7057 0.7085
v 1.36053 4.62945 0.53125
vt 0.25000 0.03971
vn 0.7071 -0.0000 0.7071
v 1.32927 4.66070 0.53125
vt 0.50000 0.05961
vn 0.0000 0.7057 0.7085
v 1.32927 4.62945 0.54420
vt 0.50000 0.03971
vn 0.0000 -0.0000 1.0000
v 1.32927 4.62945 0.54420
vt 0.50000 0.03971
vn 0.0000 -0.0000 1.0000
v 1.32927 4.66070 0.53125
vt 0.50000 0.05961
vn 0.0000 0.7057 0.7085
v 1.30717 4.66070 0.52210
vt 0.75000 0.05961
vn -0.5010 0.7057 0.5010
v 1.32927 4.62945 0.54420
vt 0.50000 0.03971
vn 0.0000 -0.0000 1.0000
v 1.30717 4.66070 0.52210
vt 0.75000 0.05961
vn -0.5010 0.7057 0.5010
v 1.29802 4.62945 0.53125
vt 0.75000 0.03971
vn -0.7071 0.0000 0.7071
v 1.29802 4.62945 0.53125
vt 0.75000 0.03971
vn -0.7071 0.0000 0.7071
v 1.30717 4.66070 0.52210
vt 0.75000 0.05961
vn -0.5010 0.7057 0.5010
v 1.29802 4.66070 0.50000
vt 1.00000 0.05961
vn -0.7085 0.7057 0.0000
v 1.29802 4.62945 0.53125
vt 0.75000 0.03971
vn -0.7071 0.0000 0.7071
v 1.29802 4.66070 0.50000
vt 1.00000 0.05961
vn -0.7085 0.7057 0.0000
v 1.28507 4.62945 0.50000
vt 1.00000 0.03971
vn -1.0000 0.0000 0.0000
v 1.28507 4.62945 0.50000
vt 0.00000 0.03971
vn -1.0000 0.0000 0.0000
v 1.29802 4.66070 0.50000
vt 0.00000 0.05961
vn -0.7085 0.7057 0.0000
v 1.30717 4.66070 0.47790
vt 0.25000 0.05961
vn -0.5010 0.7057 -0.5010
v 1.28507 4.62945 0.50000
vt 0.00000 0.03971
vn -1.0000 0.0000 0.0000
v 1.30717 4.66070 0.47790
vt 0.25000 0.05961
vn -0.5010 0.7057 -0.5010
v 1.29802 4.62945 0.46875
vt 0.25000 0.03971
vn -0.7071 0.0000 -0.7071
v 1.29802 4.62945 0.46875
vt 0.25000 0.03971
vn -0.7071 0.0000 -0.7071
v 1.30717 4.66070 0.47790
vt 0.25000 0.05961
vn -0.5010 0.7057 -0.5010
v 1.32927 4.66070 0.46875
vt 0.50000 0.05961
vn 0.0000 0.7057 -0.7085
v 1.29802 4.62945 0.46875
vt 0.25000 0.03971
vn -0.7071 0.0000 -0.7071
v 1.32927 4.66070 0.46875
vt 0.50000 0.05961
vn 0.0000 0.7057 -0.7085
v 1.32927 4.62945 0.45580
vt 0.50000 0.03971
vn 0.0000 0.0000 -1.0000
v 1.32927 4.62945 0.45580
vt 0.50000 0.03971
vn 0.0000 0.0000 -1.0000
v 1.32927 4.66070 0.46875
vt 0.50000 0.05961
vn 0.0000 0.7057 -0.7085
v 1.35137 4.66070 0.47790
vt 0.75000 0.05961
vn 0.5010 0.7057 -0.5010
v 1.32927 4.62945 0.45580
vt 0.50000 0.03971
vn 0.0000 0.0000 -1.0000
v 1.35137 4.66070 0.47790
vt 0.75000 0.05961
vn 0.5010 0.7057 -0.5010
v 1.36053 4.62945 0.46875
vt 0.75000 0.03971
vn 0.7071 0.0000 -0.7071
v 1.36053 4.62945 0.46875
vt 0.75000 0.03971
vn 0.7071 0.0000 -0.7071
v 1.35137 4.66070 0.47790
vt 0.75000 0.05961
vn 0.5010 0.7057 -0.5010
v 1.36053 4.66070 0.50000
vt 1.00000 0.05961
vn 0.7085 0.7057 0.0000
v 1.36053 4.62945 0.46875
vt 0.75000 0.03971
vn 0.7071 0.0000 -0.7071
v 1.36053 4.66070 0.50000
vt 1.00000 0.05961
vn 0.7085 0.7057 0.0000
v 1.37347 4.62945 0.50000
vt 1.00000 0.03971
vn 1.0000 0.0000 0.0000
v 1.36053 4.66070 0.50000
vt 0.00000 0.05961
vn 0.7085 0.7057 0.0000
v 1.32944 4.67365 0.50000
vt 0.00000 0.07941
vn 0.3845 0.9231 0.0000
v 1.32939 4.67365 0.50012
vt 0.25000 0.07941
vn 0.2719 0.9231 0.2719
v 1.36053 4.66070 0.50000
vt 0.00000 0.05961
vn 0.7085 0.7057 0.0000
v 1.32939 4.67365 0.50012
vt 0.25000 0.07941
vn 0.2719 0.9231 0.2719
v 1.35137 4.66070 0.52210
vt 0.25000 0.05961
vn 0.5010 0.7057 0.5010
v 1.35137 4.66070 0.52210
vt 0.25000 0.05961
vn 0.5010 0.7057 0.5010
v 1.32939 4.67365 0.50012
vt 0.25000 0.07941
vn 0.2719 0.9231 0.2719
v 1.32927 4.67365 0.50017
vt 0.50000 0.07941
vn 0.0000 0.9231 0.3845
v 1.35137 4.66070 0.52210
vt 0.25000 0.05961
vn 0.5010 0.7057 0.5010
v 1.32927 4.67365 0.50017
vt 0.50000 0.07941
vn 0.0000 0.9231 0.3845
v 1.32927 4.66070 0.53125
vt 0.50000 0.05961
vn 0.0000 0.7057 0.7085
v 1.32927 4.66070 0.53125
vt 0.50000 0.05961
vn 0.0000 0.7057 0.7085
v 1.32927 4.67365 0.50017
vt 0.50000 0.07941
vn 0.0000 0.9231 0.3845
v 1.32915 4.67365 0.50012
vt 0.75000 0.07941
vn -0.2719 0.9231 0.2719
v 1.32927 4.66070 0.53125
vt 0.50000 0.05961
vn 0.0000 0.7057 0.7085
v 1.32915 4.67365 0.50012
vt 0.75000 0.07941
vn -0.2719 0.9231 0.2719
v 1.30717 4.66070 0.52210
vt 0.75000 0.05961
vn -0.5010 0.7057 0.5010
v 1.30717 4.66070 0.52210
vt 0.75000 0.05961
vn -0.5010 0.7057 0.5010
v 1.32915 4.67365 0.50012
vt 0.75000 0.07941
vn -0.2719 0.9231 0.2719
v 1.32910 4.67365 0.50000
vt 1.00000 0.07941
vn -0.3845 0.9231 0.0000
v 1.30717 4.66070 0.52210
vt 0.75000 0.05961
vn -0.5010 0.7057 0.5010
v 1.32910 4.67365 0.50000
vt 1.00000 0.07941
vn -0.3845 0.9231 0.0000
v 1.29802 4.66070 0.50000
vt 1.00000 0.05961
vn -0.7085 0.7057 0.0000
v 1.29802 4.66070 0.50000
vt 0.00000 0.05961
vn -0.7085 0.7057 0.0000
v 1.32910 4.67365 0.50000
vt 0.00000 0.07941
vn -0.3845 0.9231 0.0000
v 1.32915 4.67365 0.49988
vt 0.25000 0.07941
vn -0.2719 0.9231 -0.2719
v 1.29802 4.66070 0.50000
vt 0.00000 0.05961
vn -0.7085 0.7057 0.0000
v 1.32915 4.67365 0.49988
vt 0.25000 0.07941
vn -0.2719 0.9231 -0.2719
v 1.30717 4.66070 0.47790
vt 0.25000 0.05961
vn -0.5010 0.7057 -0.5010
v 1.30717 4.66070 0.47790
vt 0.25000 0.05961
vn -0.5010 0.7057 -0.5010
v 1.32915 4.67365 0.49988
vt 0.25000 0.07941
vn -0.2719 0.9231 -0.2719
v 1.32927 4.67365 0.49983
vt 0.50000 0.07941
vn 0.0000 0.9231 -0.3845
v 1.30717 4.66070 0.47790
vt 0.25000 0.05961
vn -0.5010 0.7057 -0.5010
v 1.32927 4.67365 0.49983
vt 0.50000 0.07941
vn 0.0000 0.9231 -0.3845
v 1.32927 4.66070 0.46875
vt 0.50000 0.05961
vn 0.0000 0.7057 -0.7085
v 1.32927 4.66070 0.46875
vt 0.50000 0.05961
vn 0.0000 0.7057 -0.7085
v 1.32927 4.67365 0.49983
vt 0.50000 0.07941
vn 0.0000 0.9231 -0.3845
v 1.32939 4.67365 0.49988
vt 0.75000 0.07941
vn 0.2719 0.9231 -0.2719
v 1.32927 4.66070 0.46875
vt 0.50000 0.05961
vn 0.0000 0.7057 -0.7085
v 1.32939 4.67365 0.49988
vt 0.75000 0.07941
vn 0.2719 0.9231 -0.2719
v 1.35137 4.66070 0.47790
vt 0.75000 0.05961
vn 0.5010 0.7057 -0.5010
v 1.35137 4.66070 0.47790
vt 0.75000 0.05961
vn 0.5010 0.7057 -0.5010
v 1.32939 4.67365 0.49988
vt 0.75000 0.07941
vn 0.2719 0.9231 -0.2719
v 1.32944 4.67365 0.50000
vt 1.00000 0.07941
vn 0.3845 0.9231 0.0000
v 1.35137 4.66070 0.47790
vt 0.75000 0.05961
vn 0.5010 0.7057 -0.5010
v 1.32944 4.67365 0.50000
vt 1.00000 0.07941
vn 0.3845 0.9231 0.0000
v 1.36053 4.66070 0.50000
vt 1.00000 0.05961
vn 0.7085 0.7057 0.0000
v 1.38438 1.53000 0.51884
vt 0.00000 0.00000
vn 0.0557 0.0000 -0.9984
v 0.92813 1.18397 0.50009
vt 0.25000 0.33634
vn 0.4610 -0.8873 0.0139
v 0.92520 1.19000 0.49320
vt 0.00000 0.33634
vn 0.0301 0.0000 -0.9995
v 1.38438 1.53000 0.51884
vt 0.00000 0.00000
vn 0.0557 0.0000 -0.9984
v 1.38804 1.52453 0.52585
vt 0.25000 0.00000
vn 0.5937 -0.8040 0.0331
v 0.92813 1.18397 0.50009
vt 0.25000 0.33634
vn 0.4610 -0.8873 0.0139
v 1.38804 1.52453 0.52585
vt 0.25000 0.00000
vn 0.5937 -0.8040 0.0331
v 0.92480 1.19000 0.50680
vt 0.50000 0.33634
vn -0.0301 -0.0000 0.9995
v 0.92813 1.18397 0.50009
vt 0.25000 0.33634
vn 0.4610 -0.8873 0.0139
v 1.38804 1.52453 0.52585
vt 0.25000 0.00000
vn 0.5937 -0.8040 0.0331
v 1.38362 1.53000 0.53242
vt 0.50000 0.00000
vn -0.0557 -0.0000 0.9984
v 0.92480 1.19000 0.50680
vt 0.50000 0.33634
vn -0.0301 -0.0000 0.9995
v 1.38362 1.53000 0.53242
vt 0.50000 0.00000
vn -0.0557 -0.0000 0.9984
v 0.92187 1.19603 0.49991
vt 0.75000 0.33634
vn -0.4610 0.8873 -0.0139
v 0.92480 1.19000 0.50680
vt 0.50000 0.33634
vn -0.0301 -0.0000 0.9995
v 1.38362 1.53000 0.53242
vt 0.50000 0.00000
vn -0.0557 -0.0000 0.9984
v 1.37996 1.53547 0.52540
vt 0.75000 0.00000
vn -0.5937 0.8040 -0.0331
v 0.92187 1.19603 0.49991
vt 0.75000 0.33634
vn -0.4610 0.8873 -0.0139
v 1.37996 1.53547 0.52540
vt 0.75000 0.00000
vn -0.5937 0.8040 -0.0331
v 0.92520 1.19000 0.49320
vt 1.00000 0.33634
vn 0.0301 0.0000 -0.9995
v 0.92187 1.19603 0.49991
vt 0.75000 0.33634
vn -0.4610 0.8873 -0.0139
v 1.37996 1.53547 0.52540
vt 0.75000 0.00000
vn -0.5937 0.8040 -0.0331
v 1.38438 1.53000 0.51884
vt 1.00000 0.00000
vn 0.0557 0.0000 -0.9984
v 0.92520 1.19000 0.49320
vt 1.00000 0.33634
vn 0.0301 0.0000 -0.9995
v 0.92520 1.19000 0.49320
vt 0.00000 0.33634
vn 0.0301 0.0000 -0.9995
v 0.53572 1.08142 0.50000
vt 0.25000 0.57404
vn 0.2524 -0.9676 -0.0000
v 0.53400 1.08800 0.49320
vt 0.00000 0.57404
vn 0.0000 0.0000 -1.0000
v 0.92520 1.19000 0.49320
vt 0.00000 0.33634
vn 0.0301 0.0000 -0.9995
v 0.92813 1.18397 0.50009
vt 0.25000 0.33634
vn 0.4610 -0.8873 0.0139
v 0.53572 1.08142 0.50000
vt 0.25000 0.57404
vn 0.2524 -0.9676 -0.0000
v 0.92813 1.18397 0.50009
vt 0.25000 0.33634
vn 0.4610 -0.8873 0.0139
v 0.53400 1.08800 0.50680
vt 0.50000 0.57404
vn 0.0000 -0.0000 1.0000
v 0.53572 1.08142 0.50000
vt 0.25000 0.57404
vn 0.2524 -0.9676 -0.0000
v 0.92813 1.18397 0.50009
vt 0.25000 0.33634
vn 0.4610 -0.8873 0.0139
v 0.92480 1.19000 0.50680
vt 0.50000 0.33634
vn -0.0301 -0.0000 0.9995
v 0.53400 1.08800 0.50680
vt 0.50000 0.57404
vn 0.0000 -0.0000 1.0000
v 0.92480 1.19000 0.50680
vt 0.50000 0.33634
vn -0.0301 -0.0000 0.9995
v 0.53228 1.09458 0.50000
vt 0.75000 0.57404
vn -0.2524 0.9676 0.0000
v 0.53400 1.08800 0.50680
vt 0.50000 0.57404
vn 0.0000 -0.0000 1.0000
v 0.92480 1.19000 0.50680
vt 0.50000 0.33634
vn -0.0301 -0.0000 0.9995
v 0.92187 1.19603 0.49991
vt 0.75000 0.33634
vn -0.4610 0.8873 -0.0139
v 0.53228 1.09458 0.50000
vt 0.75000 0.57404
vn -0.2524 0.9676 0.0000
v 0.92187 1.19603 0.49991
vt 0.75000 0.33634
vn -0.4610 0.8873 -0.0139
v 0.53400 1.08800 0.49320
vt 1.00000 0.57404
vn -0.0000 0.0000 -1.0000
v 0.53228 1.09458 0.50000
vt 0.75000 0.57404
vn -0.2524 0.9676 0.0000
v 0.92187 1.19603 0.49991
vt 0.75000 0.33634
vn -0.4610 0.8873 -0.0139
v 0.92520 1.19000 0.49320
vt 1.00000 0.33634
vn 0.0301 0.0000 -0.9995
v 0.53400 1.08800 0.49320
vt 1.00000 0.57404
vn -0.0000 0.0000 -1.0000
v 1.38400 1.53000 0.52563
vt 0.00000 0.00000
vn 0.8027 0.5946 0.0448
v 1.38804 1.52453 0.52585
vt 1.00000 0.00000
vn 0.8027 0.5946 0.0448
v 1.38438 1.53000 0.51884
vt 1.00000 1.00000
vn 0.8027 0.5946 0.0448
v 1.38400 1.53000 0.52563
vt 0.00000 0.00000
vn 0.8027 0.5946 0.0448
v 1.38362 1.53000 0.53242
vt 1.00000 0.00000
vn 0.8027 0.5946 0.0448
v 1.38804 1.52453 0.52585
vt 1.00000 1.00000
vn 0.8027 0.5946 0.0448
v 1.38400 1.53000 0.52563
vt 0.00000 0.00000
vn 0.8027 0.5946 0.0448
v 1.37996 1.53547 0.52540
vt 1.00000 0.00000
vn 0.8027 0.5946 0.0448
v 1.38362 1.53000 0.53242
vt 1.00000 1.00000
vn 0.8027 0.5946 0.0448
v 1.38400 1.53000 0.52563
vt 0.00000 0.00000
vn 0.8027 0.5946 0.0448
v 1.38438 1.53000 0.51884
vt 1.00000 0.00000
vn 0.8027 0.5946 0.0448
v 1.37996 1.53547 0.52540
vt 1.00000 1.00000
vn 0.8027 0.5946 0.0448
v 0.53400 1.08800 0.50000
vt 0.00000 0.00000
vn -0.9676 -0.2524 0.0000
v 0.53400 1.08800 0.49320
vt 1.00000 0.00000
vn -0.9676 -0.2524 0.0000
v 0.53572 1.08142 0.50000
vt 1.00000 1.00000
vn -0.9676 -0.2524 0.0000
v 0.53400 1.08800 0.50000
vt 0.00000 0.00000
vn -0.9676 -0.2524 0.0000
v 0.53572 1.08142 0.50000
vt 1.00000 0.00000
vn -0.9676 -0.2524 0.0000
v 0.53400 1.08800 0.50680
vt 1.00000 1.00000
vn -0.9676 -0.2524 0.0000
v 0.53400 1.08800 0.50000
vt 0.00000 0.00000
vn -0.9676 -0.2524 0.0000
v 0.53400 1.08800 0.50680
vt 1.00000 0.00000
vn -0.9676 -0.2524 0.0000
v 0.53228 1.09458 0.50000
vt 1.00000 1.00000
vn -0.9676 -0.2524 0.0000
v 0.53400 1.08800 0.50000
vt 0.00000 0.00000
vn -0.9676 -0.2524 0.0000
v 0.53228 1.09458 0.50000
vt 1.00000 0.00000
vn -0.9676 -0.2524 0.0000
v 0.53400 1.08800 0.49320
vt 1.00000 1.00000
vn -0.9676 -0.2524 0.0000
v 0.86014 0.00000 0.81254
vt 0.00000 0.00000
vn 1.0000 0.0000 0.0000
v 0.86014 0.03400 0.81254
vt 0.00000 0.02000
vn 1.0000 0.0000 0.0000
v 0.85105 0.03400 0.84052
vt 0.20000 0.02000
vn 0.8090 -0.0000 0.5878
v 0.86014 0.00000 0.81254
vt 0.00000 0.00000
vn 1.0000 0.0000 0.0000
v 0.85105 0.03400 0.84052
vt 0.20000 0.02000
vn 0.8090 -0.0000 0.5878
v 0.85105 0.00000 0.84052
vt 0.20000 0.00000
vn 0.8090 -0.0000 0.5878
v 0.85105 0.00000 0.84052
vt 0.20000 0.00000
vn 0.8090 -0.0000 0.5878
v 0.85105 0.03400 0.84052
vt 0.20000 0.02000
vn 0.8090 -0.0000 0.5878
v 0.82725 0.03400 0.85781
vt 0.40000 0.02000
vn 0.3090 -0.0000 0.9511
v 0.85105 0.00000 0.84052
vt 0.20000 0.00000
vn 0.8090 -0.0000 0.5878
v 0.82725 0.03400 0.85781
vt 0.40000 0.02000
vn 0.3090 -0.0000 0.9511
v 0.82725 0.00000 0.85781
vt 0.40000 0.00000
vn 0.3090 -0.0000 0.9511
v 0.82725 0.00000 0.85781
vt 0.40000 0.00000
vn 0.3090 -0.0000 0.9511
v 0.82725 0.03400 0.85781
vt 0.40000 0.02000
vn 0.3090 -0.0000 0.9511
v 0.79783 0.03400 0.85781
vt 0.60000 0.02000
vn -0.3090 0.0000 0.9511
v 0.82725 0.00000 0.85781
vt 0.40000 0.00000
vn 0.3090 -0.0000 0.9511
v 0.79783 0.03400 0.85781
vt 0.60000 0.02000
vn -0.3090 0.0000 0.9511
v 0.79783 0.00000 0.85781
vt 0.60000 0.00000
vn -0.3090 0.0000 0.9511
v 0.79783 0.00000 0.85781
vt 0.60000 0.00000
vn -0.3090 0.0000 0.9511
v 0.79783 0.03400 0.85781
vt 0.60000 0.02000
vn -0.3090 0.0000 0.9511
v 0.77403 0.03400 0.84052
vt 0.80000 0.02000
vn -0.8090 0.0000 0.5878
v 0.79783 0.00000 0.85781
vt 0.60000 0.00000
vn -0.3090 0.0000 0.9511
v 0.77403 0.03400 0.84052
vt 0.80000 0.02000
vn -0.8090 0.0000 0.5878
v 0.77403 0.00000 0.84052
vt 0.80000 0.00000
vn -0.8090 0.0000 0.5878
v 0.77403 0.00000 0.84052
vt 0.80000 0.00000
vn -0.8090 0.0000 0.5878
v 0.77403 0.03400 0.84052
vt 0.80000 0.02000
vn -0.8090 0.0000 0.5878
v 0.76494 0.03400 0.81254
vt 1.00000 0.02000
vn -1.0000 0.0000 0.0000
v 0.77403 0.00000 0.84052
vt 0.80000 0.00000
vn -0.8090 0.0000 0.5878
v 0.76494 0.03400 0.81254
vt 1.00000 0.02000
vn -1.0000 0.0000 0.0000
v 0.76494 0.00000 0.81254
vt 1.00000 0.00000
vn -1.0000 0.0000 0.0000
v 0.76494 0.00000 0.81254
vt 0.00000 0.00000
vn -1.0000 0.0000 0.0000
v 0.76494 0.03400 0.81254
vt 0.00000 0.02000
vn -1.0000 0.0000 0.0000
v 0.77403 0.03400 0.78456
vt 0.20000 0.02000
vn -0.8090 0.0000 -0.5878
v 0.76494 0.00000 0.81254
vt 0.00000 0.00000
vn -1.0000 0.0000 0.0000
v 0.77403 0.03400 0.78456
vt 0.20000 0.02000
vn -0.8090 0.0000 -0.5878
v 0.77403 0.00000 0.78456
vt 0.20000 0.00000
vn -0.8090 0.0000 -0.5878
v 0.77403 0.00000 0.78456
vt 0.20000 0.00000
vn -0.8090 0.0000 -0.5878
v 0.77403 0.03400 0.78456
vt 0.20000 0.02000
vn -0.8090 0.0000 -0.5878
v 0.79783 0.03400 0.76727
vt 0.40000 0.02000
vn -0.3090 0.0000 -0.9511
v 0.77403 0.00000 0.78456
vt 0.20000 0.00000
vn -0.8090 0.0000 -0.5878
v 0.79783 0.03400 0.76727
vt 0.40000 0.02000
vn -0.3090 0.0000 -0.9511
v 0.79783 0.00000 0.76727
vt 0.40000 0.00000
vn -0.3090 0.0000 -0.9511
v 0.79783 0.00000 0.76727
vt 0.40000 0.00000
vn -0.3090 0.0000 -0.9511
v 0.79783 0.03400 0.76727
vt 0.40000 0.02000
vn -0.3090 0.0000 -0.9511
v 0.82725 0.03400 0.76727
vt 0.60000 0.02000
vn 0.3090 0.0000 -0.9511
v 0.79783 0.00000 0.76727
vt 0.40000 0.00000
vn -0.3090 0.0000 -0.9511
v 0.82725 0.03400 0.76727
vt 0.60000 0.02000
vn 0.3090 0.0000 -0.9511
v 0.82725 0.00000 0.76727
vt 0.60000 0.00000
vn 0.3090 0.0000 -0.9511
v 0.82725 0.00000 0.76727
vt 0.60000 0.00000
vn 0.3090 0.0000 -0.9511
v 0.82725 0.03400 0.76727
vt 0.60000 0.02000
vn 0.3090 0.0000 -0.9511
v 0.85105 0.03400 0.78456
vt 0.80000 0.02000
vn 0.8090 0.0000 -0.5878
v 0.82725 0.00000 0.76727
vt 0.60000 0.00000
vn 0.3090 0.0000 -0.9511
v 0.85105 0.03400 0.78456
vt 0.80000 0.02000
vn 0.8090 0.0000 -0.5878
v 0.85105 0.00000 0.78456
vt 0.80000 0.00000
vn 0.8090 0.0000 -0.5878
v 0.85105 0.00000 0.78456
vt 0.80000 0.00000
vn 0.8090 0.0000 -0.5878
v 0.85105 0.03400 0.78456
vt 0.80000 0.02000
vn 0.8090 0.0000 -0.5878
v 0.86014 0.03400 0.81254
vt 1.00000 0.02000
vn 1.0000 0.0000 0.0000
v 0.85105 0.00000 0.78456
vt 0.80000 0.00000
vn 0.8090 0.0000 -0.5878
v 0.86014 0.03400 0.81254
vt 1.00000 0.02000
vn 1.0000 0.0000 0.0000
v 0.86014 0.00000 0.81254
vt 1.00000 0.00000
vn 1.0000 0.0000 0.0000
v 0.81254 0.03400 0.81254
vt 0.50000 0.50000
vn 0.0000 1.0000 0.0000
v 0.85105 0.03400 0.84052
vt 0.90451 0.79389
vn 0.0000 1.0000 0.0000
v 0.86014 0.03400 0.81254
vt 1.00000 0.50000
vn 0.0000 1.0000 0.0000
v 0.81254 0.03400 0.81254
vt 0.50000 0.50000
vn 0.0000 1.0000 0.0000
v 0.82725 0.03400 0.85781
vt 0.65451 0.97553
vn 0.0000 1.0000 0.0000
v 0.85105 0.03400 0.84052
vt 0.90451 0.79389
vn 0.0000 1.0000 0.0000
v 0.81254 0.03400 0.81254
vt 0.50000 0.50000
vn 0.0000 1.0000 0.0000
v 0.79783 0.03400 0.85781
vt 0.34549 0.97553
vn 0.0000 1.0000 0.0000
v 0.82725 0.03400 0.85781
vt 0.65451 0.97553
vn 0.0000 1.0000 0.0000
v 0.81254 0.03400 0.81254
vt 0.50000 0.50000
vn 0.0000 1.0000 0.0000
v 0.77403 0.03400 0.84052
vt 0.09549 0.79389
vn 0.0000 1.0000 0.0000
v 0.79783 0.03400 0.85781
vt 0.34549 0.97553
vn 0.0000 1.0000 0.0000
v 0.81254 0.03400 0.81254
vt 0.50000 0.50000
vn 0.0000 1.0000 0.0000
v 0.76494 0.03400 0.81254
vt 0.00000 0.50000
vn 0.0000 1.0000 0.0000
v 0.77403 0.03400 0.84052
vt 0.09549 0.79389
vn 0.0000 1.0000 0.0000
v 0.81254 0.03400 0.81254
vt 0.50000 0.50000
vn 0.0000 1.0000 0.0000
v 0.77403 0.03400 0.78456
vt 0.09549 0.20611
vn 0.0000 1.0000 0.0000
v 0.76494 0.03400 0.81254
vt 0.00000 0.50000
vn 0.0000 1.0000 0.0000
v 0.81254 0.03400 0.81254
vt 0.50000 0.50000
vn 0.0000 1.0000 0.0000
v 0.79783 0.03400 0.76727
vt 0.34549 0.02447
vn 0.0000 1.0000 0.0000
v 0.77403 0.03400 0.78456
vt 0.09549 0.20611
vn 0.0000 1.0000 0.0000
v 0.81254 0.03400 0.81254
vt 0.50000 0.50000
vn 0.0000 1.0000 0.0000
v 0.82725 0.03400 0.76727
vt 0.65451 0.02447
vn 0.0000 1.0000 0.0000
v 0.79783 0.03400 0.76727
vt 0.34549 0.02447
vn 0.0000 1.0000 0.0000
v 0.81254 0.03400 0.81254
vt 0.50000 0.50000
vn 0.0000 1.0000 0.0000
v 0.85105 0.03400 0.78456
vt 0.90451 0.20611
vn 0.0000 1.0000 0.0000
v 0.82725 0.03400 0.76727
vt 0.65451 0.02447
vn 0.0000 1.0000 0.0000
v 0.81254 0.03400 0.81254
vt 0.50000 0.50000
vn 0.0000 1.0000 0.0000
v 0.86014 0.03400 0.81254
vt 1.00000 0.50000
vn 0.0000 1.0000 0.0000
v 0.85105 0.03400 0.78456
vt 0.90451 0.20611
vn 0.0000 1.0000 0.0000
v 0.81254 0.00000 0.81254
vt 0.50000 0.50000
vn 0.0000 -1.0000 0.0000
v 0.86014 0.00000 0.81254
vt 1.00000 0.50000
vn 0.0000 -1.0000 0.0000
v 0.85105 0.00000 0.84052
vt 0.90451 0.79389
vn 0.0000 -1.0000 0.0000
v 0.81254 0.00000 0.81254
vt 0.50000 0.50000
vn 0.0000 -1.0000 0.0000
v 0.85105 0.00000 0.84052
vt 0.90451 0.79389
vn 0.0000 -1.0000 0.0000
v 0.82725 0.00000 0.85781
vt 0.65451 0.97553
vn 0.0000 -1.0000 0.0000
v 0.81254 0.00000 0.81254
vt 0.50000 0.50000
vn 0.0000 -1.0000 0.0000
v 0.82725 0.00000 0.85781
vt 0.65451 0.97553
vn 0.0000 -1.0000 0.0000
v 0.79783 0.00000 0.85781
vt 0.34549 0.97553
vn 0.0000 -1.0000 0.0000
v 0.81254 0.00000 0.81254
vt 0.50000 0.50000
vn 0.0000 -1.0000 0.0000
v 0.79783 0.00000 0.85781
vt 0.34549 0.97553
vn 0.0000 -1.0000 0.0000
v 0.77403 0.00000 0.84052
vt 0.09549 0.79389
vn 0.0000 -1.0000 0.0000
v 0.81254 0.00000 0.81254
vt 0.50000 0.50000
vn 0.0000 -1.0000 0.0000
v 0.77403 0.00000 0.84052
vt 0.09549 0.79389
vn 0.0000 -1.0000 0.0000
v 0.76494 0.00000 0.81254
vt 0.00000 0.50000
vn 0.0000 -1.0000 0.0000
v 0.81254 0.00000 0.81254
vt 0.50000 0.50000
vn 0.0000 -1.0000 0.0000
v 0.76494 0.00000 0.81254
vt 0.00000 0.50000
vn 0.0000 -1.0000 0.0000
v 0.77403 0.00000 0.78456
vt 0.09549 0.20611
vn 0.0000 -1.0000 0.0000
v 0.81254 0.00000 0.81254
vt 0.50000 0.50000
vn 0.0000 -1.0000 0.0000
v 0.77403 0.00000 0.78456
vt 0.09549 0.20611
vn 0.0000 -1.0000 0.0000
v 0.79783 0.00000 0.76727
vt 0.34549 0.02447
vn 0.0000 -1.0000 0.0000
v 0.81254 0.00000 0.81254
vt 0.50000 0.50000
vn 0.0000 -1.0000 0.0000
v 0.79783 0.00000 0.76727
vt 0.34549 0.02447
vn 0.0000 -1.0000 0.0000
v 0.82725 0.00000 0.76727
vt 0.65451 0.02447
vn 0.0000 -1.0000 0.0000
v 0.81254 0.00000 0.81254
vt 0.50000 0.50000
vn 0.0000 -1.0000 0.0000
v 0.82725 0.00000 0.76727
vt 0.65451 0.02447
vn 0.0000 -1.0000 0.0000
v 0.85105 0.00000 0.78456
vt 0.90451 0.20611
vn 0.0000 -1.0000 0.0000
v 0.81254 0.00000 0.81254
vt 0.50000 0.50000
vn 0.0000 -1.0000 0.0000
v 0.85105 0.00000 0.78456
vt 0.90451 0.20611
vn 0.0000 -1.0000 0.0000
v 0.86014 0.00000 0.81254
vt 1.00000 0.50000
vn 0.0000 -1.0000 0.0000
v 0.23506 0.00000 0.81254
vt 0.00000 0.00000
vn 1.0000 0.0000 0.0000
v 0.23506 0.03400 0.81254
vt 0.00000 0.02000
vn 1.0000 0.0000 0.0000
v 0.22597 0.03400 0.84052
vt 0.20000 0.02000
vn 0.8090 -0.0000 0.5878
v 0.23506 0.00000 0.81254
vt 0.00000 0.00000
vn 1.0000 0.0000 0.0000
v 0.22597 0.03400 0.84052
vt 0.20000 0.02000
vn 0.8090 -0.0000 0.5878
v 0.22597 0.00000 0.84052
vt 0.20000 0.00000
vn 0.8090 -0.0000 0.5878
v 0.22597 0.00000 0.84052
vt 0.20000 0.00000
vn 0.8090 -0.0000 0.5878
v 0.22597 0.03400 0.84052
vt 0.20000 0.02000
vn 0.8090 -0.0000 0.5878
v 0.20217 0.03400 0.85781
vt 0.40000 0.02000
vn 0.3090 -0.0000 0.9511
v 0.22597 0.00000 0.84052
vt 0.20000 0.00000
vn 0.8090 -0.0000 0.5878
v 0.20217 0.03400 0.85781
vt 0.40000 0.02000
vn 0.3090 -0.0000 0.9511
v 0.20217 0.00000 0.85781
vt 0.40000 0.00000
vn 0.3090 -0.0000 0.9511
v 0.20217 0.00000 0.85781
vt 0.40000 0.00000
vn 0.3090 -0.0000 0.9511
v 0.20217 0.03400 0.85781
vt 0.40000 0.02000
vn 0.3090 -0.0000 0.9511
v 0.17275 0.03400 0.85781
vt 0.60000 0.02000
vn -0.3090 0.0000 0.9511
v 0.20217 0.00000 0.85781
vt 0.40000 0.00000
vn 0.3090 -0.0000 0.9511
v 0.17275 0.03400 0.85781
vt 0.60000 0.02000
vn -0.3090 0.0000 0.9511
v 0.17275 0.00000 0.85781
vt 0.60000 0.00000
vn -0.3090 0.0000 0.9511
v 0.17275 0.00000 0.85781
vt 0.60000 0.00000
vn -0.3090 0.0000 0.9511
v 0.17275 0.03400 0.85781
vt 0.60000 0.02000
vn -0.3090 0.0000 0.9511
v 0.14895 0.03400 0.84052
vt 0.80000 0.02000
vn -0.8090 0.0000 0.5878
v 0.17275 0.00000 0.85781
vt 0.60000 0.00000
vn -0.3090 0.0000 0.9511
v 0.14895 0.03400 0.84052
vt 0.80000 0.02000
vn -0.8090 0.0000 0.5878
v 0.14895 0.00000 0.84052
vt 0.80000 0.00000
vn -0.8090 0.0000 0.5878
v 0.14895 0.00000 0.84052
vt 0.80000 0.00000
vn -0.8090 0.0000 0.5878
v 0.14895 0.03400 0.84052
vt 0.80000 0.02000
vn -0.8090 0.0000 0.5878
v 0.13986 0.03400 0.81254
vt 1.00000 0.02000
vn -1.0000 0.0000 0.0000
v 0.14895 0.00000 0.84052
vt 0.80000 0.00000
vn -0.8090 0.0000 0.5878
v 0.13986 0.03400 0.81254
vt 1.00000 0.02000
vn -1.0000 0.0000 0.0000
v 0.13986 0.00000 0.81254
vt 1.00000 0.00000
vn -1.0000 0.0000 0.0000
v 0.13986 0.00000 0.81254
vt 0.00000 0.00000
vn -1.0000 0.0000 0.0000
v 0.13986 0.03400 0.81254
vt 0.00000 0.02000
vn -1.0000 0.0000 0.0000
v 0.14895 0.03400 0.78456
vt 0.20000 0.02000
vn -0.8090 0.0000 -0.5878
v 0.13986 0.00000 0.81254
vt 0.00000 0.00000
vn -1.0000 0.0000 0.0000
v 0.14895 0.03400 0.78456
vt 0.20000 0.02000
vn -0.8090 0.0000 -0.5878
v 0.14895 0.00000 0.78456
vt 0.20000 0.00000
vn -0.8090 0.0000 -0.5878
v 0.14895 0.00000 0.78456
vt 0.20000 0.00000
vn -0.8090 0.0000 -0.5878
v 0.14895 0.03400 0.78456
vt 0.20000 0.02000
vn -0.8090 0.0000 -0.5878
v 0.17275 0.03400 0.76727
vt 0.40000 0.02000
vn -0.3090 0.0000 -0.9511
v 0.14895 0.00000 0.78456
vt 0.20000 0.00000
vn -0.8090 0.0000 -0.5878
v 0.17275 0.03400 0.76727
vt 0.40000 0.02000
vn -0.3090 0.0000 -0.9511
v 0.17275 0.00000 0.76727
vt 0.40000 0.00000
vn -0.3090 0.0000 -0.9511
v 0.17275 0.00000 0.76727
vt 0.40000 0.00000
vn -0.3090 0.0000 -0.9511
v 0.17275 0.03400 0.76727
vt 0.40000 0.02000
vn -0.3090 0.0000 -0.9511
v 0.20217 0.03400 0.76727
vt 0.60000 0.02000
vn 0.3090 0.0000 -0.9511
v 0.17275 0.00000 0.76727
vt 0.40000 0.00000
vn -0.3090 0.0000 -0.9511
v 0.20217 0.03400 0.76727
vt 0.60000 0.02000
vn 0.3090 0.0000 -0.9511
v 0.20217 0.00000 0.76727
vt 0.60000 0.00000
vn 0.3090 0.0000 -0.9511
v 0.20217 0.00000 0.76727
vt 0.60000 0.00000
vn 0.3090 0.0000 -0.9511
v 0.20217 0.03400 0.76727
vt 0.60000 0.02000
vn 0.3090 0.0000 -0.9511
v 0.22597 0.03400 0.78456
vt 0.80000 0.02000
vn 0.8090 0.0000 -0.5878
v 0.20217 0.00000 0.76727
vt 0.60000 0.00000
vn 0.3090 0.0000 -0.9511
v 0.22597 0.03400 0.78456
vt 0.80000 0.02000
vn 0.8090 0.0000 -0.5878
v 0.22597 0.00000 0.78456
vt 0.80000 0.00000
vn 0.8090 0.0000 -0.5878
v 0.22597 0.00000 0.78456
vt 0.80000 0.00000
vn 0.8090 0.0000 -0.5878
v 0.22597 0.03400 0.78456
vt 0.80000 0.02000
vn 0.8090 0.0000 -0.5878
v 0.23506 0.03400 0.81254
vt 1.00000 0.02000
vn 1.0000 0.0000 0.0000
v 0.22597 0.00000 0.78456
vt 0.80000 0.00000
vn 0.8090 0.0000 -0.5878
v 0.23506 0.03400 0.81254
vt 1.00000 0.02000
vn 1.0000 0.0000 0.0000
v 0.23506 0.00000 0.81254
vt 1.00000 0.00000
vn 1.0000 0.0000 0.0000
v 0.18746 0.03400 0.81254
vt 0.50000 0.50000
vn 0.0000 1.0000 0.0000
v 0.22597 0.03400 0.84052
vt 0.90451 0.79389
vn 0.0000 1.0000 0.0000
v 0.23506 0.03400 0.81254
vt 1.00000 0.50000
vn 0.0000 1.0000 0.0000
v 0.18746 0.03400 0.81254
vt 0.50000 0.50000
vn 0.0000 1.0000 0.0000
v 0.20217 0.03400 0.85781
vt 0.65451 0.97553
vn 0.0000 1.0000 0.0000
v 0.22597 0.03400 0.84052
vt 0.90451 0.79389
vn 0.0000 1.0000 0.0000
v 0.18746 0.03400 0.81254
vt 0.50000 0.50000
vn 0.0000 1.0000 0.0000
v 0.17275 0.03400 0.85781
vt 0.34549 0.97553
vn 0.0000 1.0000 0.0000
v 0.20217 0.03400 0.85781
vt 0.65451 0.97553
vn 0.0000 1.0000 0.0000
v 0.18746 0.03400 0.81254
vt 0.50000 0.50000
vn 0.0000 1.0000 0.0000
v 0.14895 0.03400 0.84052
vt 0.09549 0.79389
vn 0.0000 1.0000 0.0000
v 0.17275 0.03400 0.85781
vt 0.34549 0.97553
vn 0.0000 1.0000 0.0000
v 0.18746 0.03400 0.81254
vt 0.50000 0.50000
vn 0.0000 1.0000 0.0000
v 0.13986 0.03400 0.81254
vt 0.00000 0.50000
vn 0.0000 1.0000 0.0000
v 0.14895 0.03400 0.84052
vt 0.09549 0.79389
vn 0.0000 1.0000 0.0000
v 0.18746 0.03400 0.81254
vt 0.50000 0.50000
vn 0.0000 1.0000 0.0000
v 0.14895 0.03400 0.78456
vt 0.09549 0.20611
vn 0.0000 1.0000 0.0000
v 0.13986 0.03400 0.81254
vt 0.00000 0.50000
vn 0.0000 1.0000 0.0000
v 0.18746 0.03400 0.81254
vt 0.50000 0.50000
vn 0.0000 1.0000 0.0000
v 0.17275 0.03400 0.76727
vt 0.34549 0.02447
vn 0.0000 1.0000 0.0000
v 0.14895 0.03400 0.78456
vt 0.09549 0.20611
vn 0.0000 1.0000 0.0000
v 0.18746 0.03400 0.81254
vt 0.50000 0.50000
vn 0.0000 1.0000 0.0000
v 0.20217 0.03400 0.76727
vt 0.65451 0.02447
vn 0.0000 1.0000 0.0000
v 0.17275 0.03400 0.76727
vt 0.34549 0.02447
vn 0.0000 1.0000 0.0000
v 0.18746 0.03400 0.81254
vt 0.50000 0.50000
vn 0.0000 1.0000 0.0000
v 0.22597 0.03400 0.78456
vt 0.90451 0.20611
vn 0.0000 1.0000 0.0000
v 0.20217 0.03400 0.76727
vt 0.65451 0.02447
vn 0.0000 1.0000 0.0000
v 0.18746 0.03400 0.81254
vt 0.50000 0.50000
vn 0.0000 1.0000 0.0000
v 0.23506 0.03400 0.81254
vt 1.00000 0.50000
vn 0.0000 1.0000 0.0000
v 0.22597 0.03400 0.78456
vt 0.90451 0.20611
vn 0.0000 1.0000 0.0000
v 0.18746 0.00000 0.81254
vt 0.50000 0.50000
vn 0.0000 -1.0000 0.0000
v 0.23506 0.00000 0.81254
vt 1.00000 0.50000
vn 0.0000 -1.0000 0.0000
v 0.22597 0.00000 0.84052
vt 0.90451 0.79389
vn 0.0000 -1.0000 0.0000
v 0.18746 0.00000 0.81254
vt 0.50000 0.50000
vn 0.0000 -1.0000 0.0000
v 0.22597 0.00000 0.84052
vt 0.90451 0.79389
vn 0.0000 -1.0000 0.0000
v 0.20217 0.00000 0.85781
vt 0.65451 0.97553
vn 0.0000 -1.0000 0.0000
v 0.18746 0.00000 0.81254
vt 0.50000 0.50000
vn 0.0000 -1.0000 0.0000
v 0.20217 0.00000 0.85781
vt 0.65451 0.97553
vn 0.0000 -1.0000 0.0000
v 0.17275 0.00000 0.85781
vt 0.34549 0.97553
vn 0.0000 -1.0000 0.0000
v 0.18746 0.00000 0.81254
vt 0.50000 0.50000
vn 0.0000 -1.0000 0.0000
v 0.17275 0.00000 0.85781
vt 0.34549 0.97553
vn 0.0000 -1.0000 0.0000
v 0.14895 0.00000 0.84052
vt 0.09549 0.79389
vn 0.0000 -1.0000 0.0000
v 0.18746 0.00000 0.81254
vt 0.50000 0.50000
vn 0.0000 -1.0000 0.0000
v 0.14895 0.00000 0.84052
vt 0.09549 0.79389
vn 0.0000 -1.0000 0.0000
v 0.13986 0.00000 0.81254
vt 0.00000 0.50000
vn 0.0000 -1.0000 0.0000
v 0.18746 0.00000 0.81254
vt 0.50000 0.50000
vn 0.0000 -1.0000 0.0000
v 0.13986 0.00000 0.81254
vt 0.00000 0.50000
vn 0.0000 -1.0000 0.0000
v 0.14895 0.00000 0.78456
vt 0.09549 0.20611
vn 0.0000 -1.0000 0.0000
v 0.18746 0.00000 0.81254
vt 0.50000 0.50000
vn 0.0000 -1.0000 0.0000
v 0.14895 0.00000 0.78456
vt 0.09549 0.20611
vn 0.0000 -1.0000 0.0000
v 0.17275 0.00000 0.76727
vt 0.34549 0.02447
vn 0.0000 -1.0000 0.0000
v 0.18746 0.00000 0.81254
vt 0.50000 0.50000
vn 0.0000 -1.0000 0.0000
v 0.17275 0.00000 0.76727
vt 0.34549 0.02447
vn 0.0000 -1.0000 0.0000
v 0.20217 0.00000 0.76727
vt 0.65451 0.02447
vn 0.0000 -1.0000 0.0000
v 0.18746 0.00000 0.81254
vt 0.50000 0.50000
vn 0.0000 -1.0000 0.0000
v 0.20217 0.00000 0.76727
vt 0.65451 0.02447
vn 0.0000 -1.0000 0.0000
v 0.22597 0.00000 0.78456
vt 0.90451 0.20611
vn 0.0000 -1.0000 0.0000
v 0.18746 0.00000 0.81254
vt 0.50000 0.50000
vn 0.0000 -1.0000 0.0000
v 0.22597 0.00000 0.78456
vt 0.90451 0.20611
vn 0.0000 -1.0000 0.0000
v 0.23506 0.00000 0.81254
vt 1.00000 0.50000
vn 0.0000 -1.0000 0.0000
v 0.23506 0.00000 0.18746
vt 0.00000 0.00000
vn 1.0000 0.0000 0.0000
v 0.23506 0.03400 0.18746
vt 0.00000 0.02000
vn 1.0000 0.0000 0.0000
v 0.22597 0.03400 0.21544
vt 0.20000 0.02000
vn 0.8090 -0.0000 0.5878
v 0.23506 0.00000 0.18746
vt 0.00000 0.00000
vn 1.0000 0.0000 0.0000
v 0.22597 0.03400 0.21544
vt 0.20000 0.02000
vn 0.8090 -0.0000 0.5878
v 0.22597 0.00000 0.21544
vt 0.20000 0.00000
vn 0.8090 -0.0000 0.5878
v 0.22597 0.00000 0.21544
vt 0.20000 0.00000
vn 0.8090 -0.0000 0.5878
v 0.22597 0.03400 0.21544
vt 0.20000 0.02000
vn 0.8090 -0.0000 0.5878
v 0.20217 0.03400 0.23273
vt 0.40000 0.02000
vn 0.3090 -0.0000 0.9511
v 0.22597 0.00000 0.21544
vt 0.20000 0.00000
vn 0.8090 -0.0000 0.5878
v 0.20217 0.03400 0.23273
vt 0.40000 0.02000
vn 0.3090 -0.0000 0.9511
v 0.20217 0.00000 0.23273
vt 0.40000 0.00000
vn 0.3090 -0.0000 0.9511
v 0.20217 0.00000 0.23273
vt 0.40000 0.00000
vn 0.3090 -0.0000 0.9511
v 0.20217 0.03400 0.23273
vt 0.40000 0.02000
vn 0.3090 -0.0000 0.9511
v 0.17275 0.03400 0.23273
vt 0.60000 0.02000
vn -0.3090 0.0000 0.9511
v 0.20217 0.00000 0.23273
vt 0.40000 0.00000
vn 0.3090 -0.0000 0.9511
v 0.17275 0.03400 0.23273
vt 0.60000 0.02000
vn -0.3090 0.0000 0.9511
v 0.17275 0.00000 0.23273
vt 0.60000 0.00000
vn -0.3090 0.0000 0.9511
v 0.17275 0.00000 0.23273
vt 0.60000 0.00000
vn -0.3090 0.0000 0.9511
v 0.17275 0.03400 0.23273
vt 0.60000 0.02000
vn -0.3090 0.0000 0.9511
v 0.14895 0.03400 0.21544
vt 0.80000 0.02000
vn -0.8090 0.0000 0.5878
v 0.17275 0.00000 0.23273
vt 0.60000 0.00000
vn -0.3090 0.0000 0.9511
v 0.14895 0.03400 0.21544
vt 0.80000 0.02000
vn -0.8090 0.0000 0.5878
v 0.14895 0.00000 0.21544
vt 0.80000 0.00000
vn -0.8090 0.0000 0.5878
v 0.14895 0.00000 0.21544
vt 0.80000 0.00000
vn -0.8090 0.0000 0.5878
v 0.14895 0.03400 0.21544
vt 0.80000 0.02000
vn -0.8090 0.0000 0.5878
v 0.13986 0.03400 0.18746
vt 1.00000 0.02000
vn -1.0000 0.0000 0.0000
v 0.14895 0.00000 0.21544
vt 0.80000 0.00000
vn -0.8090 0.0000 0.5878
v 0.13986 0.03400 0.18746
vt 1.00000 0.02000
vn -1.0000 0.0000 0.0000
v 0.13986 0.00000 0.18746
vt 1.00000 0.00000
vn -1.0000 0.0000 0.0000
v 0.13986 0.00000 0.18746
vt 0.00000 0.00000
vn -1.0000 0.0000 0.0000
v 0.13986 0.03400 0.18746
vt 0.00000 0.02000
vn -1.0000 0.0000 0.0000
v 0.14895 0.03400 0.15948
vt 0.20000 0.02000
vn -0.8090 0.0000 -0.5878
v 0.13986 0.00000 0.18746
vt 0.00000 0.00000
vn -1.0000 0.0000 0.0000
v 0.14895 0.03400 0.15948
vt 0.20000 0.02000
vn -0.8090 0.0000 -0.5878
v 0.14895 0.00000 0.15948
vt 0.20000 0.00000
vn -0.8090 0.0000 -0.5878
v 0.14895 0.00000 0.15948
vt 0.20000 0.00000
vn -0.8090 0.0000 -0.5878
v 0.14895 0.03400 0.15948
vt 0.20000 0.02000
vn -0.8090 0.0000 -0.5878
v 0.17275 0.03400 0.14219
vt 0.40000 0.02000
vn -0.3090 0.0000 -0.9511
v 0.14895 0.00000 0.15948
vt 0.20000 0.00000
vn -0.8090 0.0000 -0.5878
v 0.17275 0.03400 0.14219
vt 0.40000 0.02000
vn -0.3090 0.0000 -0.9511
v 0.17275 0.00000 0.14219
vt 0.40000 0.00000
vn -0.3090 0.0000 -0.9511
v 0.17275 0.00000 0.14219
vt 0.40000 0.00000
vn -0.3090 0.0000 -0.9511
v 0.17275 0.03400 0.14219
vt 0.40000 0.02000
vn -0.3090 0.0000 -0.9511
v 0.20217 0.03400 0.14219
vt 0.60000 0.02000
vn 0.3090 0.0000 -0.9511
v 0.17275 0.00000 0.14219
vt 0.40000 0.00000
vn -0.3090 0.0000 -0.9511
v 0.20217 0.03400 0.14219
vt 0.60000 0.02000
vn 0.3090 0.0000 -0.9511
v 0.20217 0.00000 0.14219
vt 0.60000 0.00000
vn 0.3090 0.0000 -0.9511
v 0.20217 0.00000 0.14219
vt 0.60000 0.00000
vn 0.3090 0.0000 -0.9511
v 0.20217 0.03400 0.14219
vt 0.60000 0.02000
vn 0.3090 0.0000 -0.9511
v 0.22597 0.03400 0.15948
vt 0.80000 0.02000
vn 0.8090 0.0000 -0.5878
v 0.20217 0.00000 0.14219
vt 0.60000 0.00000
vn 0.3090 0.0000 -0.9511
v 0.22597 0.03400 0.15948
vt 0.80000 0.02000
vn 0.8090 0.0000 -0.5878
v 0.22597 0.00000 0.15948
vt 0.80000 0.00000
vn 0.8090 0.0000 -0.5878
v 0.22597 0.00000 0.15948
vt 0.80000 0.00000
vn 0.8090 0.0000 -0.5878
v 0.22597 0.03400 0.15948
vt 0.80000 0.02000
vn 0.8090 0.0000 -0.5878
v 0.23506 0.03400 0.18746
vt 1.00000 0.02000
vn 1.0000 0.0000 0.0000
v 0.22597 0.00000 0.15948
vt 0.80000 0.00000
vn 0.8090 0.0000 -0.5878
v 0.23506 0.03400 0.18746
vt 1.00000 0.02000
vn 1.0000 0.0000 0.0000
v 0.23506 0.00000 0.18746
vt 1.00000 0.00000
vn 1.0000 0.0000 0.0000
v 0.18746 0.03400 0.18746
vt 0.50000 0.50000
vn 0.0000 1.0000 0.0000
v 0.22597 0.03400 0.21544
vt 0.90451 0.79389
vn 0.0000 1.0000 0.0000
v 0.23506 0.03400 0.18746
vt 1.00000 0.50000
vn 0.0000 1.0000 0.0000
v 0.18746 0.03400 0.18746
vt 0.50000 0.50000
vn 0.0000 1.0000 0.0000
v 0.20217 0.03400 0.23273
vt 0.65451 0.97553
vn 0.0000 1.0000 0.0000
v 0.22597 0.03400 0.21544
vt 0.90451 0.79389
vn 0.0000 1.0000 0.0000
v 0.18746 0.03400 0.18746
vt 0.50000 0.50000
vn 0.0000 1.0000 0.0000
v 0.17275 0.03400 0.23273
vt 0.34549 0.97553
vn 0.0000 1.0000 0.0000
v 0.20217 0.03400 0.23273
vt 0.65451 0.97553
vn 0.0000 1.0000 0.0000
v 0.18746 0.03400 0.18746
vt 0.50000 0.50000
vn 0.0000 1.0000 0.0000
v 0.14895 0.03400 0.21544
vt 0.09549 0.79389
vn 0.0000 1.0000 0.0000
v 0.17275 0.03400 0.23273
vt 0.34549 0.97553
vn 0.0000 1.0000 0.0000
v 0.18746 0.03400 0.18746
vt 0.50000 0.50000
vn 0.0000 1.0000 0.0000
v 0.13986 0.03400 0.18746
vt 0.00000 0.50000
vn 0.0000 1.0000 0.0000
v 0.14895 0.03400 0.21544
vt 0.09549 0.79389
vn 0.0000 1.0000 0.0000
v 0.18746 0.03400 0.18746
vt 0.50000 0.50000
vn 0.0000 1.0000 0.0000
v 0.14895 0.03400 0.15948
vt 0.09549 0.20611
vn 0.0000 1.0000 0.0000
v 0.13986 0.03400 0.18746
vt 0.00000 0.50000
vn 0.0000 1.0000 0.0000
v 0.18746 0.03400 0.18746
vt 0.50000 0.50000
vn 0.0000 1.0000 0.0000
v 0.17275 0.03400 0.14219
vt 0.34549 0.02447
vn 0.0000 1.0000 0.0000
v 0.14895 0.03400 0.15948
vt 0.09549 0.20611
vn 0.0000 1.0000 0.0000
v 0.18746 0.03400 0.18746
vt 0.50000 0.50000
vn 0.0000 1.0000 0.0000
v 0.20217 0.03400 0.14219
vt 0.65451 0.02447
vn 0.0000 1.0000 0.0000
v 0.17275 0.03400 0.14219
vt 0.34549 0.02447
vn 0.0000 1.0000 0.0000
v 0.18746 0.03400 0.18746
vt 0.50000 0.50000
vn 0.0000 1.0000 0.0000
v 0.22597 0.03400 0.15948
vt 0.90451 0.20611
vn 0.0000 1.0000 0.0000
v 0.20217 0.03400 0.14219
vt 0.65451 0.02447
vn 0.0000 1.0000 0.0000
v 0.18746 0.03400 0.18746
vt 0.50000 0.50000
vn 0.0000 1.0000 0.0000
v 0.23506 0.03400 0.18746
vt 1.00000 0.50000
vn 0.0000 1.0000 0.0000
v 0.22597 0.03400 0.15948
vt 0.90451 0.20611
vn 0.0000 1.0000 0.0000
v 0.18746 0.00000 0.18746
vt 0.50000 0.50000
vn 0.0000 -1.0000 0.0000
v 0.23506 0.00000 0.18746
vt 1.00000 0.50000
vn 0.0000 -1.0000 0.0000
v 0.22597 0.00000 0.21544
vt 0.90451 0.79389
vn 0.0000 -1.0000 0.0000
v 0.18746 0.00000 0.18746
vt 0.50000 0.50000
vn 0.0000 -1.0000 0.0000
v 0.22597 0.00000 0.21544
vt 0.90451 0.79389
vn 0.0000 -1.0000 0.0000
v 0.20217 0.00000 0.23273
vt 0.65451 0.97553
vn 0.0000 -1.0000 0.0000
v 0.18746 0.00000 0.18746
vt 0.50000 0.50000
vn 0.0000 -1.0000 0.0000
v 0.20217 0.00000 0.23273
vt 0.65451 0.97553
vn 0.0000 -1.0000 0.0000
v 0.17275 0.00000 0.23273
vt 0.34549 0.97553
vn 0.0000 -1.0000 0.0000
v 0.18746 0.00000 0.18746
vt 0.50000 0.50000
vn 0.0000 -1.0000 0.0000
v 0.17275 0.00000 0.23273
vt 0.34549 0.97553
vn 0.0000 -1.0000 0.0000
v 0.14895 0.00000 0.21544
vt 0.09549 0.79389
vn 0.0000 -1.0000 0.0000
v 0.18746 0.00000 0.18746
vt 0.50000 0.50000
vn 0.0000 -1.0000 0.0000
v 0.14895 0.00000 0.21544
vt 0.09549 0.79389
vn 0.0000 -1.0000 0.0000
v 0.13986 0.00000 0.18746
vt 0.00000 0.50000
vn 0.0000 -1.0000 0.0000
v 0.18746 0.00000 0.18746
vt 0.50000 0.50000
vn 0.0000 -1.0000 0.0000
v 0.13986 0.00000 0.18746
vt 0.00000 0.50000
vn 0.0000 -1.0000 0.0000
v 0.14895 0.00000 0.15948
vt 0.09549 0.20611
vn 0.0000 -1.0000 0.0000
v 0.18746 0.00000 0.18746
vt 0.50000 0.50000
vn 0.0000 -1.0000 0.0000
v 0.14895 0.00000 0.15948
vt 0.09549 0.20611
vn 0.0000 -1.0000 0.0000
v 0.17275 0.00000 0.14219
vt 0.34549 0.02447
vn 0.0000 -1.0000 0.0000
v 0.18746 0.00000 0.18746
vt 0.50000 0.50000
vn 0.0000 -1.0000 0.0000
v 0.17275 0.00000 0.14219
vt 0.34549 0.02447
vn 0.0000 -1.0000 0.0000
v 0.20217 0.00000 0.14219
vt 0.65451 0.02447
vn 0.0000 -1.0000 0.0000
v 0.18746 0.00000 0.18746
vt 0.50000 0.50000
vn 0.0000 -1.0000 0.0000
v 0.20217 0.00000 0.14219
vt 0.65451 0.02447
vn 0.0000 -1.0000 0.0000
v 0.22597 0.00000 0.15948
vt 0.90451 0.20611
vn 0.0000 -1.0000 0.0000
v 0.18746 0.00000 0.18746
vt 0.50000 0.50000
vn 0.0000 -1.0000 0.0000
v 0.22597 0.00000 0.15948
vt 0.90451 0.20611
vn 0.0000 -1.0000 0.0000
v 0.23506 0.00000 0.18746
vt 1.00000 0.50000
vn 0.0000 -1.0000 0.0000
v 0.86014 0.00000 0.18746
vt 0.00000 0.00000
vn 1.0000 0.0000 0.0000
v 0.86014 0.03400 0.18746
vt 0.00000 0.02000
vn 1.0000 0.0000 0.0000
v 0.85105 0.03400 0.21544
vt 0.20000 0.02000
vn 0.8090 -0.0000 0.5878
v 0.86014 0.00000 0.18746
vt 0.00000 0.00000
vn 1.0000 0.0000 0.0000
v 0.85105 0.03400 0.21544
vt 0.20000 0.02000
vn 0.8090 -0.0000 0.5878
v 0.85105 0.00000 0.21544
vt 0.20000 0.00000
vn 0.8090 -0.0000 0.5878
v 0.85105 0.00000 0.21544
vt 0.20000 0.00000
vn 0.8090 -0.0000 0.5878
v 0.85105 0.03400 0.21544
vt 0.20000 0.02000
vn 0.8090 -0.0000 0.5878
v 0.82725 0.03400 0.23273
vt 0.40000 0.02000
vn 0.3090 -0.0000 0.9511
v 0.85105 0.00000 0.21544
vt 0.20000 0.00000
vn 0.8090 -0.0000 0.5878
v 0.82725 0.03400 0.23273
vt 0.40000 0.02000
vn 0.3090 -0.0000 0.9511
v 0.82725 0.00000 0.23273
vt 0.40000 0.00000
vn 0.3090 -0.0000 0.9511
v 0.82725 0.00000 0.23273
vt 0.40000 0.00000
vn 0.3090 -0.0000 0.9511
v 0.82725 0.03400 0.23273
vt 0.40000 0.02000
vn 0.3090 -0.0000 0.9511
v 0.79783 0.03400 0.23273
vt 0.60000 0.02000
vn -0.3090 0.0000 0.9511
v 0.82725 0.00000 0.23273
vt 0.40000 0.00000
vn 0.3090 -0.0000 0.9511
v 0.79783 0.03400 0.23273
vt 0.60000 0.02000
vn -0.3090 0.0000 0.9511
v 0.79783 0.00000 0.23273
vt 0.60000 0.00000
vn -0.3090 0.0000 0.9511
v 0.79783 0.00000 0.23273
vt 0.60000 0.00000
vn -0.3090 0.0000 0.9511
v 0.79783 0.03400 0.23273
vt 0.60000 0.02000
vn -0.3090 0.0000 0.9511
v 0.77403 0.03400 0.21544
vt 0.80000 0.02000
vn -0.8090 0.0000 0.5878
v 0.79783 0.00000 0.23273
vt 0.60000 0.00000
vn -0.3090 0.0000 0.9511
v 0.77403 0.03400 0.21544
vt 0.80000 0.02000
vn -0.8090 0.0000 0.5878
v 0.77403 0.00000 0.21544
vt 0.80000 0.00000
vn -0.8090 0.0000 0.5878
v 0.77403 0.00000 0.21544
vt 0.80000 0.00000
vn -0.8090 0.0000 0.5878
v 0.77403 0.03400 0.21544
vt 0.80000 0.02000
vn -0.8090 0.0000 0.5878
v 0.76494 0.03400 0.18746
vt 1.00000 0.02000
vn -1.0000 0.0000 0.0000
v 0.77403 0.00000 0.21544
vt 0.80000 0.00000
vn -0.8090 0.0000 0.5878
v 0.76494 0.03400 0.18746
vt 1.00000 0.02000
vn -1.0000 0.0000 0.0000
v 0.76494 0.00000 0.18746
vt 1.00000 0.00000
vn -1.0000 0.0000 0.0000
v 0.76494 0.00000 0.18746
vt 0.00000 0.00000
vn -1.0000 0.0000 0.0000
v 0.76494 0.03400 0.18746
vt 0.00000 0.02000
vn -1.0000 0.0000 0.0000
v 0.77403 0.03400 0.15948
vt 0.20000 0.02000
vn -0.8090 0.0000 -0.5878
v 0.76494 0.00000 0.18746
vt 0.00000 0.00000
vn -1.0000 0.0000 0.0000
v 0.77403 0.03400 0.15948
vt 0.20000 0.02000
vn -0.8090 0.0000 -0.5878
v 0.77403 0.00000 0.15948
vt 0.20000 0.00000
vn -0.8090 0.0000 -0.5878
v 0.77403 0.00000 0.15948
vt 0.20000 0.00000
vn -0.8090 0.0000 -0.5878
v 0.77403 0.03400 0.15948
vt 0.20000 0.02000
vn -0.8090 0.0000 -0.5878
v 0.79783 0.03400 0.14219
vt 0.40000 0.02000
vn -0.3090 0.0000 -0.9511
v 0.77403 0.00000 0.15948
vt 0.20000 0.00000
vn -0.8090 0.0000 -0.5878
v 0.79783 0.03400 0.14219
vt 0.40000 0.02000
vn -0.3090 0.0000 -0.9511
v 0.79783 0.00000 0.14219
vt 0.40000 0.00000
vn -0.3090 0.0000 -0.9511
v 0.79783 0.00000 0.14219
vt 0.40000 0.00000
vn -0.3090 0.0000 -0.9511
v 0.79783 0.03400 0.14219
vt 0.40000 0.02000
vn -0.3090 0.0000 -0.9511
v 0.82725 0.03400 0.14219
vt 0.60000 0.02000
vn 0.3090 0.0000 -0.9511
v 0.79783 0.00000 0.14219
vt 0.40000 0.00000
vn -0.3090 0.0000 -0.9511
v 0.82725 0.03400 0.14219
vt 0.60000 0.02000
vn 0.3090 0.0000 -0.9511
v 0.82725 0.00000 0.14219
vt 0.60000 0.00000
vn 0.3090 0.0000 -0.9511
v 0.82725 0.00000 0.14219
vt 0.60000 0.00000
vn 0.3090 0.0000 -0.9511
v 0.82725 0.03400 0.14219
vt 0.60000 0.02000
vn 0.3090 0.0000 -0.9511
v 0.85105 0.03400 0.15948
vt 0.80000 0.02000
vn 0.8090 0.0000 -0.5878
v 0.82725 0.00000 0.14219
vt 0.60000 0.00000
vn 0.3090 0.0000 -0.9511
v 0.85105 0.03400 0.15948
vt 0.80000 0.02000
vn 0.8090 0.0000 -0.5878
v 0.85105 0.00000 0.15948
vt 0.80000 0.00000
vn 0.8090 0.0000 -0.5878
v 0.85105 0.00000 0.15948
vt 0.80000 0.00000
vn 0.8090 0.0000 -0.5878
v 0.85105 0.03400 0.15948
vt 0.80000 0.02000
vn 0.8090 0.0000 -0.5878
v 0.86014 0.03400 0.18746
vt 1.00000 0.02000
vn 1.0000 0.0000 0.0000
v 0.85105 0.00000 0.15948
vt 0.80000 0.00000
vn 0.8090 0.0000 -0.5878
v 0.86014 0.03400 0.18746
vt 1.00000 0.02000
vn 1.0000 0.0000 0.0000
v 0.86014 0.00000 0.18746
vt 1.00000 0.00000
vn 1.0000 0.0000 0.0000
v 0.81254 0.03400 0.18746
vt 0.50000 0.50000
vn 0.0000 1.0000 0.0000
v 0.85105 0.03400 0.21544
vt 0.90451 0.79389
vn 0.0000 1.0000 0.0000
v 0.86014 0.03400 0.18746
vt 1.00000 0.50000
vn 0.0000 1.0000 0.0000
v 0.81254 0.03400 0.18746
vt 0.50000 0.50000
vn 0.0000 1.0000 0.0000
v 0.82725 0.03400 0.23273
vt 0.65451 0.97553
vn 0.0000 1.0000 0.0000
v 0.85105 0.03400 0.21544
vt 0.90451 0.79389
vn 0.0000 1.0000 0.0000
v 0.81254 0.03400 0.18746
vt 0.50000 0.50000
vn 0.0000 1.0000 0.0000
v 0.79783 0.03400 0.23273
vt 0.34549 0.97553
vn 0.0000 1.0000 0.0000
v 0.82725 0.03400 0.23273
vt 0.65451 0.97553
vn 0.0000 1.0000 0.0000
v 0.81254 0.03400 0.18746
vt 0.50000 0.50000
vn 0.0000 1.0000 0.0000
v 0.77403 0.03400 0.21544
vt 0.09549 0.79389
vn 0.0000 1.0000 0.0000
v 0.79783 0.03400 0.23273
vt 0.34549 0.97553
vn 0.0000 1.0000 0.0000
v 0.81254 0.03400 0.18746
vt 0.50000 0.50000
vn 0.0000 1.0000 0.0000
v 0.76494 0.03400 0.18746
vt 0.00000 0.50000
vn 0.0000 1.0000 0.0000
v 0.77403 0.03400 0.21544
vt 0.09549 0.79389
vn 0.0000 1.0000 0.0000
v 0.81254 0.03400 0.18746
vt 0.50000 0.50000
vn 0.0000 1.0000 0.0000
v 0.77403 0.03400 0.15948
vt 0.09549 0.20611
vn 0.0000 1.0000 0.0000
v 0.76494 0.03400 0.18746
vt 0.00000 0.50000
vn 0.0000 1.0000 0.0000
v 0.81254 0.03400 0.18746
vt 0.50000 0.50000
vn 0.0000 1.0000 0.0000
v 0.79783 0.03400 0.14219
vt 0.34549 0.02447
vn 0.0000 1.0000 0.0000
v 0.77403 0.03400 0.15948
vt 0.09549 0.20611
vn 0.0000 1.0000 0.0000
v 0.81254 0.03400 0.18746
vt 0.50000 0.50000
vn 0.0000 1.0000 0.0000
v 0.82725 0.03400 0.14219
vt 0.65451 0.02447
vn 0.0000 1.0000 0.0000
v 0.79783 0.03400 0.14219
vt 0.34549 0.02447
vn 0.0000 1.0000 0.0000
v 0.81254 0.03400 0.18746
vt 0.50000 0.50000
vn 0.0000 1.0000 0.0000
v 0.85105 0.03400 0.15948
vt 0.90451 0.20611
vn 0.0000 1.0000 0.0000
v 0.82725 0.03400 0.14219
vt 0.65451 0.02447
vn 0.0000 1.0000 0.0000
v 0.81254 0.03400 0.18746
vt 0.50000 0.50000
vn 0.0000 1.0000 0.0000
v 0.86014 0.03400 0.18746
vt 1.00000 0.50000
vn 0.0000 1.0000 0.0000
v 0.85105 0.03400 0.15948
vt 0.90451 0.20611
vn 0.0000 1.0000 0.0000
v 0.81254 0.00000 0.18746
vt 0.50000 0.50000
vn 0.0000 -1.0000 0.0000
v 0.86014 0.00000 0.18746
vt 1.00000 0.50000
vn 0.0000 -1.0000 0.0000
v 0.85105 0.00000 0.21544
vt 0.90451 0.79389
vn 0.0000 -1.0000 0.0000
v 0.81254 0.00000 0.18746
vt 0.50000 0.50000
vn 0.0000 -1.0000 0.0000
v 0.85105 0.00000 0.21544
vt 0.90451 0.79389
vn 0.0000 -1.0000 0.0000
v 0.82725 0.00000 0.23273
vt 0.65451 0.97553
vn 0.0000 -1.0000 0.0000
v 0.81254 0.00000 0.18746
vt 0.50000 0.50000
vn 0.0000 -1.0000 0.0000
v 0.82725 0.00000 0.23273
vt 0.65451 0.97553
vn 0.0000 -1.0000 0.0000
v 0.79783 0.00000 0.23273
vt 0.34549 0.97553
vn 0.0000 -1.0000 0.0000
v 0.81254 0.00000 0.18746
vt 0.50000 0.50000
vn 0.0000 -1.0000 0.0000
v 0.79783 0.00000 0.23273
vt 0.34549 0.97553
vn 0.0000 -1.0000 0.0000
v 0.77403 0.00000 0.21544
vt 0.09549 0.79389
vn 0.0000 -1.0000 0.0000
v 0.81254 0.00000 0.18746
vt 0.50000 0.50000
vn 0.0000 -1.0000 0.0000
v 0.77403 0.00000 0.21544
vt 0.09549 0.79389
vn 0.0000 -1.0000 0.0000
v 0.76494 0.00000 0.18746
vt 0.00000 0.50000
vn 0.0000 -1.0000 0.0000
v 0.81254 0.00000 0.18746
vt 0.50000 0.50000
vn 0.0000 -1.0000 0.0000
v 0.76494 0.00000 0.18746
vt 0.00000 0.50000
vn 0.0000 -1.0000 0.0000
v 0.77403 0.00000 0.15948
vt 0.09549 0.20611
vn 0.0000 -1.0000 0.0000
v 0.81254 0.00000 0.18746
vt 0.50000 0.50000
vn 0.0000 -1.0000 0.0000
v 0.77403 0.00000 0.15948
vt 0.09549 0.20611
vn 0.0000 -1.0000 0.0000
v 0.79783 0.00000 0.14219
vt 0.34549 0.02447
vn 0.0000 -1.0000 0.0000
v 0.81254 0.00000 0.18746
vt 0.50000 0.50000
vn 0.0000 -1.0000 0.0000
v 0.79783 0.00000 0.14219
vt 0.34549 0.02447
vn 0.0000 -1.0000 0.0000
v 0.82725 0.00000 0.14219
vt 0.65451 0.02447
vn 0.0000 -1.0000 0.0000
v 0.81254 0.00000 0.18746
vt 0.50000 0.50000
vn 0.0000 -1.0000 0.0000
v 0.82725 0.00000 0.14219
vt 0.65451 0.02447
vn 0.0000 -1.0000 0.0000
v 0.85105 0.00000 0.15948
vt 0.90451 0.20611
vn 0.0000 -1.0000 0.0000
v 0.81254 0.00000 0.18746
vt 0.50000 0.50000
vn 0.0000 -1.0000 0.0000
v 0.85105 0.00000 0.15948
vt 0.90451 0.20611
vn 0.0000 -1.0000 0.0000
v 0.86014 0.00000 0.18746
vt 1.00000 0.50000
vn 0.0000 -1.0000 0.0000
v 0.53400 0.15300 0.50000
vt 0.00000 0.00000
vn 1.0000 0.0000 0.0000
v 0.53400 0.25500 0.50000
vt 0.00000 0.06000
vn 1.0000 0.0000 0.0000
v 0.52751 0.25500 0.51998
vt 0.20000 0.06000
vn 0.8090 -0.0000 0.5878
v 0.53400 0.15300 0.50000
vt 0.00000 0.00000
vn 1.0000 0.0000 0.0000
v 0.52751 0.25500 0.51998
vt 0.20000 0.06000
vn 0.8090 -0.0000 0.5878
v 0.52751 0.15300 0.51998
vt 0.20000 0.00000
vn 0.8090 -0.0000 0.5878
v 0.52751 0.15300 0.51998
vt 0.20000 0.00000
vn 0.8090 -0.0000 0.5878
v 0.52751 0.25500 0.51998
vt 0.20000 0.06000
vn 0.8090 -0.0000 0.5878
v 0.51051 0.25500 0.53234
vt 0.40000 0.06000
vn 0.3090 -0.0000 0.9511
v 0.52751 0.15300 0.51998
vt 0.20000 0.00000
vn 0.8090 -0.0000 0.5878
v 0.51051 0.25500 0.53234
vt 0.40000 0.06000
vn 0.3090 -0.0000 0.9511
v 0.51051 0.15300 0.53234
vt 0.40000 0.00000
vn 0.3090 -0.0000 0.9511
v 0.51051 0.15300 0.53234
vt 0.40000 0.00000
vn 0.3090 -0.0000 0.9511
v 0.51051 0.25500 0.53234
vt 0.40000 0.06000
vn 0.3090 -0.0000 0.9511
v 0.48949 0.25500 0.53234
vt 0.60000 0.06000
vn -0.3090 0.0000 0.9511
v 0.51051 0.15300 0.53234
vt 0.40000 0.00000
vn 0.3090 -0.0000 0.9511
v 0.48949 0.25500 0.53234
vt 0.60000 0.06000
vn -0.3090 0.0000 0.9511
v 0.48949 0.15300 0.53234
vt 0.60000 0.00000
vn -0.3090 0.0000 0.9511
v 0.48949 0.15300 0.53234
vt 0.60000 0.00000
vn -0.3090 0.0000 0.9511
v 0.48949 0.25500 0.53234
vt 0.60000 0.06000
vn -0.3090 0.0000 0.9511
v 0.47249 0.25500 0.51998
vt 0.80000 0.06000
vn -0.8090 0.0000 0.5878
v 0.48949 0.15300 0.53234
vt 0.60000 0.00000
vn -0.3090 0.0000 0.9511
v 0.47249 0.25500 0.51998
vt 0.80000 0.06000
vn -0.8090 0.0000 0.5878
v 0.47249 0.15300 0.51998
vt 0.80000 0.00000
vn -0.8090 0.0000 0.5878
v 0.47249 0.15300 0.51998
vt 0.80000 0.00000
vn -0.8090 0.0000 0.5878
v 0.47249 0.25500 0.51998
vt 0.80000 0.06000
vn -0.8090 0.0000 0.5878
v 0.46600 0.25500 0.50000
vt 1.00000 0.06000
vn -1.0000 0.0000 0.0000
v 0.47249 0.15300 0.51998
vt 0.80000 0.00000
vn -0.8090 0.0000 0.5878
v 0.46600 0.25500 0.50000
vt 1.00000 0.06000
vn -1.0000 0.0000 0.0000
v 0.46600 0.15300 0.50000
vt 1.00000 0.00000
vn -1.0000 0.0000 0.0000
v 0.46600 0.15300 0.50000
vt 0.00000 0.00000
vn -1.0000 0.0000 0.0000
v 0.46600 0.25500 0.50000
vt 0.00000 0.06000
vn -1.0000 0.0000 0.0000
v 0.47249 0.25500 0.48002
vt 0.20000 0.06000
vn -0.8090 0.0000 -0.5878
v 0.46600 0.15300 0.50000
vt 0.00000 0.00000
vn -1.0000 0.0000 0.0000
v 0.47249 0.25500 0.48002
vt 0.20000 0.06000
vn -0.8090 0.0000 -0.5878
v 0.47249 0.15300 0.48002
vt 0.20000 0.00000
vn -0.8090 0.0000 -0.5878
v 0.47249 0.15300 0.48002
vt 0.20000 0.00000
vn -0.8090 0.0000 -0.5878
v 0.47249 0.25500 0.48002
vt 0.20000 0.06000
vn -0.8090 0.0000 -0.5878
v 0.48949 0.25500 0.46766
vt 0.40000 0.06000
vn -0.3090 0.0000 -0.9511
v 0.47249 0.15300 0.48002
vt 0.20000 0.00000
vn -0.8090 0.0000 -0.5878
v 0.48949 0.25500 0.46766
vt 0.40000 0.06000
vn -0.3090 0.0000 -0.9511
v 0.48949 0.15300 0.46766
vt 0.40000 0.00000
vn -0.3090 0.0000 -0.9511
v 0.48949 0.15300 0.46766
vt 0.40000 0.00000
vn -0.3090 0.0000 -0.9511
v 0.48949 0.25500 0.46766
vt 0.40000 0.06000
vn -0.3090 0.0000 -0.9511
v 0.51051 0.25500 0.46766
vt 0.60000 0.06000
vn 0.3090 0.0000 -0.9511
v 0.48949 0.15300 0.46766
vt 0.40000 0.00000
vn -0.3090 0.0000 -0.9511
v 0.51051 0.25500 0.46766
vt 0.60000 0.06000
vn 0.3090 0.0000 -0.9511
v 0.51051 0.15300 0.46766
vt 0.60000 0.00000
vn 0.3090 0.0000 -0.9511
v 0.51051 0.15300 0.46766
vt 0.60000 0.00000
vn 0.3090 0.0000 -0.9511
v 0.51051 0.25500 0.46766
vt 0.60000 0.06000
vn 0.3090 0.0000 -0.9511
v 0.52751 0.25500 0.48002
vt 0.80000 0.06000
vn 0.8090 0.0000 -0.5878
v 0.51051 0.15300 0.46766
vt 0.60000 0.00000
vn 0.3090 0.0000 -0.9511
v 0.52751 0.25500 0.48002
vt 0.80000 0.06000
vn 0.8090 0.0000 -0.5878
v 0.52751 0.15300 0.48002
vt 0.80000 0.00000
vn 0.8090 0.0000 -0.5878
v 0.52751 0.15300 0.48002
vt 0.80000 0.00000
vn 0.8090 0.0000 -0.5878
v 0.52751 0.25500 0.48002
vt 0.80000 0.06000
vn 0.8090 0.0000 -0.5878
v 0.53400 0.25500 0.50000
vt 1.00000 0.06000
vn 1.0000 0.0000 0.0000
v 0.52751 0.15300 0.48002
vt 0.80000 0.00000
vn 0.8090 0.0000 -0.5878
v 0.53400 0.25500 0.50000
vt 1.00000 0.06000
vn 1.0000 0.0000 0.0000
v 0.53400 0.15300 0.50000
vt 1.00000 0.00000
vn 1.0000 0.0000 0.0000
v 0.50000 0.25500 0.50000
vt 0.50000 0.50000
vn 0.0000 1.0000 0.0000
v 0.52751 0.25500 0.51998
vt 0.90451 0.79389
vn 0.0000 1.0000 0.0000
v 0.53400 0.25500 0.50000
vt 1.00000 0.50000
vn 0.0000 1.0000 0.0000
v 0.50000 0.25500 0.50000
vt 0.50000 0.50000
vn 0.0000 1.0000 0.0000
v 0.51051 0.25500 0.53234
vt 0.65451 0.97553
vn 0.0000 1.0000 0.0000
v 0.52751 0.25500 0.51998
vt 0.90451 0.79389
vn 0.0000 1.0000 0.0000
v 0.50000 0.25500 0.50000
vt 0.50000 0.50000
vn 0.0000 1.0000 0.0000
v 0.48949 0.25500 0.53234
vt 0.34549 0.97553
vn 0.0000 1.0000 0.0000
v 0.51051 0.25500 0.53234
vt 0.65451 0.97553
vn 0.0000 1.0000 0.0000
v 0.50000 0.25500 0.50000
vt 0.50000 0.50000
vn 0.0000 1.0000 0.0000
v 0.47249 0.25500 0.51998
vt 0.09549 0.79389
vn 0.0000 1.0000 0.0000
v 0.48949 0.25500 0.53234
vt 0.34549 0.97553
vn 0.0000 1.0000 0.0000
v 0.50000 0.25500 0.50000
vt 0.50000 0.50000
vn 0.0000 1.0000 0.0000
v 0.46600 0.25500 0.50000
vt 0.00000 0.50000
vn 0.0000 1.0000 0.0000
v 0.47249 0.25500 0.51998
vt 0.09549 0.79389
vn 0.0000 1.0000 0.0000
v 0.50000 0.25500 0.50000
vt 0.50000 0.50000
vn 0.0000 1.0000 0.0000
v 0.47249 0.25500 0.48002
vt 0.09549 0.20611
vn 0.0000 1.0000 0.0000
v 0.46600 0.25500 0.50000
vt 0.00000 0.50000
vn 0.0000 1.0000 0.0000
v 0.50000 0.25500 0.50000
vt 0.50000 0.50000
vn 0.0000 1.0000 0.0000
v 0.48949 0.25500 0.46766
vt 0.34549 0.02447
vn 0.0000 1.0000 0.0000
v 0.47249 0.25500 0.48002
vt 0.09549 0.20611
vn 0.0000 1.0000 0.0000
v 0.50000 0.25500 0.50000
vt 0.50000 0.50000
vn 0.0000 1.0000 0.0000
v 0.51051 0.25500 0.46766
vt 0.65451 0.02447
vn 0.0000 1.0000 0.0000
v 0.48949 0.25500 0.46766
vt 0.34549 0.02447
vn 0.0000 1.0000 0.0000
v 0.50000 0.25500 0.50000
vt 0.50000 0.50000
vn 0.0000 1.0000 0.0000
v 0.52751 0.25500 0.48002
vt 0.90451 0.20611
vn 0.0000 1.0000 0.0000
v 0.51051 0.25500 0.46766
vt 0.65451 0.02447
vn 0.0000 1.0000 0.0000
v 0.50000 0.25500 0.50000
vt 0.50000 0.50000
vn 0.0000 1.0000 0.0000
v 0.53400 0.25500 0.50000
vt 1.00000 0.50000
vn 0.0000 1.0000 0.0000
v 0.52751 0.25500 0.48002
vt 0.90451 0.20611
vn 0.0000 1.0000 0.0000
v 0.50000 0.15300 0.50000
vt 0.50000 0.50000
vn 0.0000 -1.0000 0.0000
v 0.53400 0.15300 0.50000
vt 1.00000 0.50000
vn 0.0000 -1.0000 0.0000
v 0.52751 0.15300 0.51998
vt 0.90451 0.79389
vn 0.0000 -1.0000 0.0000
v 0.50000 0.15300 0.50000
vt 0.50000 0.50000
vn 0.0000 -1.0000 0.0000
v 0.52751 0.15300 0.51998
vt 0.90451 0.79389
vn 0.0000 -1.0000 0.0000
v 0.51051 0.15300 0.53234
vt 0.65451 0.97553
vn 0.0000 -1.0000 0.0000
v 0.50000 0.15300 0.50000
vt 0.50000 0.50000
vn 0.0000 -1.0000 0.0000
v 0.51051 0.15300 0.53234
vt 0.65451 0.97553
vn 0.0000 -1.0000 0.0000
v 0.48949 0.15300 0.53234
vt 0.34549 0.97553
vn 0.0000 -1.0000 0.0000
v 0.50000 0.15300 0.50000
vt 0.50000 0.50000
vn 0.0000 -1.0000 0.0000
v 0.48949 0.15300 0.53234
vt 0.34549 0.97553
vn 0.0000 -1.0000 0.0000
v 0.47249 0.15300 0.51998
vt 0.09549 0.79389
vn 0.0000 -1.0000 0.0000
v 0.50000 0.15300 0.50000
vt 0.50000 0.50000
vn 0.0000 -1.0000 0.0000
v 0.47249 0.15300 0.51998
vt 0.09549 0.79389
vn 0.0000 -1.0000 0.0000
v 0.46600 0.15300 0.50000
vt 0.00000 0.50000
vn 0.0000 -1.0000 0.0000
v 0.50000 0.15300 0.50000
vt 0.50000 0.50000
vn 0.0000 -1.0000 0.0000
v 0.46600 0.15300 0.50000
vt 0.00000 0.50000
vn 0.0000 -1.0000 0.0000
v 0.47249 0.15300 0.48002
vt 0.09549 0.20611
vn 0.0000 -1.0000 0.0000
v 0.50000 0.15300 0.50000
vt 0.50000 0.50000
vn 0.0000 -1.0000 0.0000
v 0.47249 0.15300 0.48002
vt 0.09549 0.20611
vn 0.0000 -1.0000 0.0000
v 0.48949 0.15300 0.46766
vt 0.34549 0.02447
vn 0.0000 -1.0000 0.0000
v 0.50000 0.15300 0.50000
vt 0.50000 0.50000
vn 0.0000 -1.0000 0.0000
v 0.48949 0.15300 0.46766
vt 0.34549 0.02447
vn 0.0000 -1.0000 0.0000
v 0.51051 0.15300 0.46766
vt 0.65451 0.02447
vn 0.0000 -1.0000 0.0000
v 0.50000 0.15300 0.50000
vt 0.50000 0.50000
vn 0.0000 -1.0000 0.0000
v 0.51051 0.15300 0.46766
vt 0.65451 0.02447
vn 0.0000 -1.0000 0.0000
v 0.52751 0.15300 0.48002
vt 0.90451 0.20611
vn 0.0000 -1.0000 0.0000
v 0.50000 0.15300 0.50000
vt 0.50000 0.50000
vn 0.0000 -1.0000 0.0000
v 0.52751 0.15300 0.48002
vt 0.90451 0.20611
vn 0.0000 -1.0000 0.0000
v 0.53400 0.15300 0.50000
vt 1.00000 0.50000
vn 0.0000 -1.0000 0.0000
v 0.53570 1.05400 0.50000
vt 0.00000 0.00000
vn 1.0000 0.0000 0.0000
v 0.53570 1.12200 0.50000
vt 0.00000 0.04000
vn 1.0000 0.0000 0.0000
v 0.52888 1.12200 0.52098
vt 0.20000 0.04000
vn 0.8090 -0.0000 0.5878
v 0.53570 1.05400 0.50000
vt 0.00000 0.00000
vn 1.0000 0.0000 0.0000
v 0.52888 1.12200 0.52098
vt 0.20000 0.04000
vn 0.8090 -0.0000 0.5878
v 0.52888 1.05400 0.52098
vt 0.20000 0.00000
vn 0.8090 -0.0000 0.5878
v 0.52888 1.05400 0.52098
vt 0.20000 0.00000
vn 0.8090 -0.0000 0.5878
v 0.52888 1.12200 0.52098
vt 0.20000 0.04000
vn 0.8090 -0.0000 0.5878
v 0.51103 1.12200 0.53395
vt 0.40000 0.04000
vn 0.3090 -0.0000 0.9511
v 0.52888 1.05400 0.52098
vt 0.20000 0.00000
vn 0.8090 -0.0000 0.5878
v 0.51103 1.12200 0.53395
vt 0.40000 0.04000
vn 0.3090 -0.0000 0.9511
v 0.51103 1.05400 0.53395
vt 0.40000 0.00000
vn 0.3090 -0.0000 0.9511
v 0.51103 1.05400 0.53395
vt 0.40000 0.00000
vn 0.3090 -0.0000 0.9511
v 0.51103 1.12200 0.53395
vt 0.40000 0.04000
vn 0.3090 -0.0000 0.9511
v 0.48897 1.12200 0.53395
vt 0.60000 0.04000
vn -0.3090 0.0000 0.9511
v 0.51103 1.05400 0.53395
vt 0.40000 0.00000
vn 0.3090 -0.0000 0.9511
v 0.48897 1.12200 0.53395
vt 0.60000 0.04000
vn -0.3090 0.0000 0.9511
v 0.48897 1.05400 0.53395
vt 0.60000 0.00000
vn -0.3090 0.0000 0.9511
v 0.48897 1.05400 0.53395
vt 0.60000 0.00000
vn -0.3090 0.0000 0.9511
v 0.48897 1.12200 0.53395
vt 0.60000 0.04000
vn -0.3090 0.0000 0.9511
v 0.47112 1.12200 0.52098
vt 0.80000 0.04000
vn -0.8090 0.0000 0.5878
v 0.48897 1.05400 0.53395
vt 0.60000 0.00000
vn -0.3090 0.0000 0.9511
v 0.47112 1.12200 0.52098
vt 0.80000 0.04000
vn -0.8090 0.0000 0.5878
v 0.47112 1.05400 0.52098
vt 0.80000 0.00000
vn -0.8090 0.0000 0.5878
v 0.47112 1.05400 0.52098
vt 0.80000 0.00000
vn -0.8090 0.0000 0.5878
v 0.47112 1.12200 0.52098
vt 0.80000 0.04000
vn -0.8090 0.0000 0.5878
v 0.46430 1.12200 0.50000
vt 1.00000 0.04000
vn -1.0000 0.0000 0.0000
v 0.47112 1.05400 0.52098
vt 0.80000 0.00000
vn -0.8090 0.0000 0.5878
v 0.46430 1.12200 0.50000
vt 1.00000 0.04000
vn -1.0000 0.0000 0.0000
v 0.46430 1.05400 0.50000
vt 1.00000 0.00000
vn -1.0000 0.0000 0.0000
v 0.46430 1.05400 0.50000
vt 0.00000 0.00000
vn -1.0000 0.0000 0.0000
v 0.46430 1.12200 0.50000
vt 0.00000 0.04000
vn -1.0000 0.0000 0.0000
v 0.47112 1.12200 0.47902
vt 0.20000 0.04000
vn -0.8090 0.0000 -0.5878
v 0.46430 1.05400 0.50000
vt 0.00000 0.00000
vn -1.0000 0.0000 0.0000
v 0.47112 1.12200 0.47902
vt 0.20000 0.04000
vn -0.8090 0.0000 -0.5878
v 0.47112 1.05400 0.47902
vt 0.20000 0.00000
vn -0.8090 0.0000 -0.5878
v 0.47112 1.05400 0.47902
vt 0.20000 0.00000
vn -0.8090 0.0000 -0.5878
v 0.47112 1.12200 0.47902
vt 0.20000 0.04000
vn -0.8090 0.0000 -0.5878
v 0.48897 1.12200 0.46605
vt 0.40000 0.04000
vn -0.3090 0.0000 -0.9511
v 0.47112 1.05400 0.47902
vt 0.20000 0.00000
vn -0.8090 0.0000 -0.5878
v 0.48897 1.12200 0.46605
vt 0.40000 0.04000
vn -0.3090 0.0000 -0.9511
v 0.48897 1.05400 0.46605
vt 0.40000 0.00000
vn -0.3090 0.0000 -0.9511
v 0.48897 1.05400 0.46605
vt 0.40000 0.00000
vn -0.3090 0.0000 -0.9511
v 0.48897 1.12200 0.46605
vt 0.40000 0.04000
vn -0.3090 0.0000 -0.9511
v 0.51103 1.12200 0.46605
vt 0.60000 0.04000
vn 0.3090 0.0000 -0.9511
v 0.48897 1.05400 0.46605
vt 0.40000 0.00000
vn -0.3090 0.0000 -0.9511
v 0.51103 1.12200 0.46605
vt 0.60000 0.04000
vn 0.3090 0.0000 -0.9511
v 0.51103 1.05400 0.46605
vt 0.60000 0.00000
vn 0.3090 0.0000 -0.9511
v 0.51103 1.05400 0.46605
vt 0.60000 0.00000
vn 0.3090 0.0000 -0.9511
v 0.51103 1.12200 0.46605
vt 0.60000 0.04000
vn 0.3090 0.0000 -0.9511
v 0.52888 1.12200 0.47902
vt 0.80000 0.04000
vn 0.8090 0.0000 -0.5878
v 0.51103 1.05400 0.46605
vt 0.60000 0.00000
vn 0.3090 0.0000 -0.9511
v 0.52888 1.12200 0.47902
vt 0.80000 0.04000
vn 0.8090 0.0000 -0.5878
v 0.52888 1.05400 0.47902
vt 0.80000 0.00000
vn 0.8090 0.0000 -0.5878
v 0.52888 1.05400 0.47902
vt 0.80000 0.00000
vn 0.8090 0.0000 -0.5878
v 0.52888 1.12200 0.47902
vt 0.80000 0.04000
vn 0.8090 0.0000 -0.5878
v 0.53570 1.12200 0.50000
vt 1.00000 0.04000
vn 1.0000 0.0000 0.0000
v 0.52888 1.05400 0.47902
vt 0.80000 0.00000
vn 0.8090 0.0000 -0.5878
v 0.53570 1.12200 0.50000
vt 1.00000 0.04000
vn 1.0000 0.0000 0.0000
v 0.53570 1.05400 0.50000
vt 1.00000 0.00000
vn 1.0000 0.0000 0.0000
v 0.50000 1.12200 0.50000
vt 0.50000 0.50000
vn 0.0000 1.0000 0.0000
v 0.52888 1.12200 0.52098
vt 0.90451 0.79389
vn 0.0000 1.0000 0.0000
v 0.53570 1.12200 0.50000
vt 1.00000 0.50000
vn 0.0000 1.0000 0.0000
v 0.50000 1.12200 0.50000
vt 0.50000 0.50000
vn 0.0000 1.0000 0.0000
v 0.51103 1.12200 0.53395
vt 0.65451 0.97553
vn 0.0000 1.0000 0.0000
v 0.52888 1.12200 0.52098
vt 0.90451 0.79389
vn 0.0000 1.0000 0.0000
v 0.50000 1.12200 0.50000
vt 0.50000 0.50000
vn 0.0000 1.0000 0.0000
v 0.48897 1.12200 0.53395
vt 0.34549 0.97553
vn 0.0000 1.0000 0.0000
v 0.51103 1.12200 0.53395
vt 0.65451 0.97553
vn 0.0000 1.0000 0.0000
v 0.50000 1.12200 0.50000
vt 0.50000 0.50000
vn 0.0000 1.0000 0.0000
v 0.47112 1.12200 0.52098
vt 0.09549 0.79389
vn 0.0000 1.0000 0.0000
v 0.48897 1.12200 0.53395
vt 0.34549 0.97553
vn 0.0000 1.0000 0.0000
v 0.50000 1.12200 0.50000
vt 0.50000 0.50000
vn 0.0000 1.0000 0.0000
v 0.46430 1.12200 0.50000
vt 0.00000 0.50000
vn 0.0000 1.0000 0.0000
v 0.47112 1.12200 0.52098
vt 0.09549 0.79389
vn 0.0000 1.0000 0.0000
v 0.50000 1.12200 0.50000
vt 0.50000 0.50000
vn 0.0000 1.0000 0.0000
v 0.47112 1.12200 0.47902
vt 0.09549 0.20611
vn 0.0000 1.0000 0.0000
v 0.46430 1.12200 0.50000
vt 0.00000 0.50000
vn 0.0000 1.0000 0.0000
v 0.50000 1.12200 0.50000
vt 0.50000 0.50000
vn 0.0000 1.0000 0.0000
v 0.48897 1.12200 0.46605
vt 0.34549 0.02447
vn 0.0000 1.0000 0.0000
v 0.47112 1.12200 0.47902
vt 0.09549 0.20611
vn 0.0000 1.0000 0.0000
v 0.50000 1.12200 0.50000
vt 0.50000 0.50000
vn 0.0000 1.0000 0.0000
v 0.51103 1.12200 0.46605
vt 0.65451 0.02447
vn 0.0000 1.0000 0.0000
v 0.48897 1.12200 0.46605
vt 0.34549 0.02447
vn 0.0000 1.0000 0.0000
v 0.50000 1.12200 0.50000
vt 0.50000 0.50000
vn 0.0000 1.0000 0.0000
v 0.52888 1.12200 0.47902
vt 0.90451 0.20611
vn 0.0000 1.0000 0.0000
v 0.51103 1.12200 0.46605
vt 0.65451 0.02447
vn 0.0000 1.0000 0.0000
v 0.50000 1.12200 0.50000
vt 0.50000 0.50000
vn 0.0000 1.0000 0.0000
v 0.53570 1.12200 0.50000
vt 1.00000 0.50000
vn 0.0000 1.0000 0.0000
v 0.52888 1.12200 0.47902
vt 0.90451 0.20611
vn 0.0000 1.0000 0.0000
v 0.50000 1.05400 0.50000
vt 0.50000 0.50000
vn 0.0000 -1.0000 0.0000
v 0.53570 1.05400 0.50000
vt 1.00000 0.50000
vn 0.0000 -1.0000 0.0000
v 0.52888 1.05400 0.52098
vt 0.90451 0.79389
vn 0.0000 -1.0000 0.0000
v 0.50000 1.05400 0.50000
vt 0.50000 0.50000
vn 0.0000 -1.0000 0.0000
v 0.52888 1.05400 0.52098
vt 0.90451 0.79389
vn 0.0000 -1.0000 0.0000
v 0.51103 1.05400 0.53395
vt 0.65451 0.97553
vn 0.0000 -1.0000 0.0000
v 0.50000 1.05400 0.50000
vt 0.50000 0.50000
vn 0.0000 -1.0000 0.0000
v 0.51103 1.05400 0.53395
vt 0.65451 0.97553
vn 0.0000 -1.0000 0.0000
v 0.48897 1.05400 0.53395
vt 0.34549 0.97553
vn 0.0000 -1.0000 0.0000
v 0.50000 1.05400 0.50000
vt 0.50000 0.50000
vn 0.0000 -1.0000 0.0000
v 0.48897 1.05400 0.53395
vt 0.34549 0.97553
vn 0.0000 -1.0000 0.0000
v 0.47112 1.05400 0.52098
vt 0.09549 0.79389
vn 0.0000 -1.0000 0.0000
v 0.50000 1.05400 0.50000
vt 0.50000 0.50000
vn 0.0000 -1.0000 0.0000
v 0.47112 1.05400 0.52098
vt 0.09549 0.79389
vn 0.0000 -1.0000 0.0000
v 0.46430 1.05400 0.50000
vt 0.00000 0.50000
vn 0.0000 -1.0000 0.0000
v 0.50000 1.05400 0.50000
vt 0.50000 0.50000
vn 0.0000 -1.0000 0.0000
v 0.46430 1.05400 0.50000
vt 0.00000 0.50000
vn 0.0000 -1.0000 0.0000
v 0.47112 1.05400 0.47902
vt 0.09549 0.20611
vn 0.0000 -1.0000 0.0000
v 0.50000 1.05400 0.50000
vt 0.50000 0.50000
vn 0.0000 -1.0000 0.0000
v 0.47112 1.05400 0.47902
vt 0.09549 0.20611
vn 0.0000 -1.0000 0.0000
v 0.48897 1.05400 0.46605
vt 0.34549 0.02447
vn 0.0000 -1.0000 0.0000
v 0.50000 1.05400 0.50000
vt 0.50000 0.50000
vn 0.0000 -1.0000 0.0000
v 0.48897 1.05400 0.46605
vt 0.34549 0.02447
vn 0.0000 -1.0000 0.0000
v 0.51103 1.05400 0.46605
vt 0.65451 0.02447
vn 0.0000 -1.0000 0.0000
v 0.50000 1.05400 0.50000
vt 0.50000 0.50000
vn 0.0000 -1.0000 0.0000
v 0.51103 1.05400 0.46605
vt 0.65451 0.02447
vn 0.0000 -1.0000 0.0000
v 0.52888 1.05400 0.47902
vt 0.90451 0.20611
vn 0.0000 -1.0000 0.0000
v 0.50000 1.05400 0.50000
vt 0.50000 0.50000
vn 0.0000 -1.0000 0.0000
v 0.52888 1.05400 0.47902
vt 0.90451 0.20611
vn 0.0000 -1.0000 0.0000
v 0.53570 1.05400 0.50000
vt 1.00000 0.50000
vn 0.0000 -1.0000 0.0000
v 1.40100 1.54360 0.52053
vt 0.00000 0.00000
vn 0.0000 0.0000 -1.0000
v 1.39241 1.55201 0.52563
vt 0.25000 0.00765
vn -0.7071 -0.7071 -0.0000
v 1.39602 1.55562 0.52053
vt 0.00000 0.00765
vn 0.0000 0.0000 -1.0000
v 1.40100 1.54360 0.52053
vt 0.00000 0.00000
vn 0.0000 0.0000 -1.0000
v 1.39629 1.54165 0.52563
vt 0.25000 0.00000
vn -0.9239 -0.3827 -0.0000
v 1.39241 1.55201 0.52563
vt 0.25000 0.00765
vn -0.7071 -0.7071 -0.0000
v 1.39629 1.54165 0.52563
vt 0.25000 0.00000
vn -0.9239 -0.3827 -0.0000
v 1.39602 1.55562 0.53073
vt 0.50000 0.00765
vn -0.0000 -0.0000 1.0000
v 1.39241 1.55201 0.52563
vt 0.25000 0.00765
vn -0.7071 -0.7071 -0.0000
v 1.39629 1.54165 0.52563
vt 0.25000 0.00000
vn -0.9239 -0.3827 -0.0000
v 1.40100 1.54360 0.53073
vt 0.50000 0.00000
vn -0.0000 -0.0000 1.0000
v 1.39602 1.55562 0.53073
vt 0.50000 0.00765
vn -0.0000 -0.0000 1.0000
v 1.40100 1.54360 0.53073
vt 0.50000 0.00000
vn -0.0000 -0.0000 1.0000
v 1.39963 1.55923 0.52563
vt 0.75000 0.00765
vn 0.7071 0.7071 0.0000
v 1.39602 1.55562 0.53073
vt 0.50000 0.00765
vn -0.0000 -0.0000 1.0000
v 1.40100 1.54360 0.53073
vt 0.50000 0.00000
vn -0.0000 -0.0000 1.0000
v 1.40571 1.54555 0.52563
vt 0.75000 0.00000
vn 0.9239 0.3827 0.0000
v 1.39963 1.55923 0.52563
vt 0.75000 0.00765
vn 0.7071 0.7071 0.0000
v 1.40571 1.54555 0.52563
vt 0.75000 0.00000
vn 0.9239 0.3827 0.0000
v 1.39602 1.55562 0.52053
vt 1.00000 0.00765
vn 0.0000 0.0000 -1.0000
v 1.39963 1.55923 0.52563
vt 0.75000 0.00765
vn 0.7071 0.7071 0.0000
v 1.40571 1.54555 0.52563
vt 0.75000 0.00000
vn 0.9239 0.3827 0.0000
v 1.40100 1.54360 0.52053
vt 1.00000 0.00000
vn 0.0000 0.0000 -1.0000
v 1.39602 1.55562 0.52053
vt 1.00000 0.00765
vn 0.0000 0.0000 -1.0000
v 1.39602 1.55562 0.52053
vt 0.00000 0.00765
vn 0.0000 0.0000 -1.0000
v 1.38400 1.55550 0.52563
vt 0.25000 0.01531
vn 0.0000 -1.0000 -0.0000
v 1.38400 1.56060 0.52053
vt 0.00000 0.01531
vn 0.0000 0.0000 -1.0000
v 1.39602 1.55562 0.52053
vt 0.00000 0.00765
vn 0.0000 0.0000 -1.0000
v 1.39241 1.55201 0.52563
vt 0.25000 0.00765
vn -0.7071 -0.7071 -0.0000
v 1.38400 1.55550 0.52563
vt 0.25000 0.01531
vn 0.0000 -1.0000 -0.0000
v 1.39241 1.55201 0.52563
vt 0.25000 0.00765
vn -0.7071 -0.7071 -0.0000
v 1.38400 1.56060 0.53073
vt 0.50000 0.01531
vn 0.0000 -0.0000 1.0000
v 1.38400 1.55550 0.52563
vt 0.25000 0.01531
vn 0.0000 -1.0000 -0.0000
v 1.39241 1.55201 0.52563
vt 0.25000 0.00765
vn -0.7071 -0.7071 -0.0000
v 1.39602 1.55562 0.53073
vt 0.50000 0.00765
vn -0.0000 -0.0000 1.0000
v 1.38400 1.56060 0.53073
vt 0.50000 0.01531
vn 0.0000 -0.0000 1.0000
v 1.39602 1.55562 0.53073
vt 0.50000 0.00765
vn -0.0000 -0.0000 1.0000
v 1.38400 1.56570 0.52563
vt 0.75000 0.01531
vn 0.0000 1.0000 0.0000
v 1.38400 1.56060 0.53073
vt 0.50000 0.01531
vn 0.0000 -0.0000 1.0000
v 1.39602 1.55562 0.53073
vt 0.50000 0.00765
vn -0.0000 -0.0000 1.0000
v 1.39963 1.55923 0.52563
vt 0.75000 0.00765
vn 0.7071 0.7071 0.0000
v 1.38400 1.56570 0.52563
vt 0.75000 0.01531
vn 0.0000 1.0000 0.0000
v 1.39963 1.55923 0.52563
vt 0.75000 0.00765
vn 0.7071 0.7071 0.0000
v 1.38400 1.56060 0.52053
vt 1.00000 0.01531
vn 0.0000 0.0000 -1.0000
v 1.38400 1.56570 0.52563
vt 0.75000 0.01531
vn 0.0000 1.0000 0.0000
v 1.39963 1.55923 0.52563
vt 0.75000 0.00765
vn 0.7071 0.7071 0.0000
v 1.39602 1.55562 0.52053
vt 1.00000 0.00765
vn 0.0000 0.0000 -1.0000
v 1.38400 1.56060 0.52053
vt 1.00000 0.01531
vn 0.0000 0.0000 -1.0000
v 1.38400 1.56060 0.52053
vt 0.00000 0.01531
vn 0.0000 0.0000 -1.0000
v 1.37559 1.55201 0.52563
vt 0.25000 0.02296
vn 0.7071 -0.7071 -0.0000
v 1.37198 1.55562 0.52053
vt 0.00000 0.02296
vn 0.0000 0.0000 -1.0000
v 1.38400 1.56060 0.52053
vt 0.00000 0.01531
vn 0.0000 0.0000 -1.0000
v 1.38400 1.55550 0.52563
vt 0.25000 0.01531
vn 0.0000 -1.0000 -0.0000
v 1.37559 1.55201 0.52563
vt 0.25000 0.02296
vn 0.7071 -0.7071 -0.0000
v 1.38400 1.55550 0.52563
vt 0.25000 0.01531
vn 0.0000 -1.0000 -0.0000
v 1.37198 1.55562 0.53073
vt 0.50000 0.02296
vn 0.0000 -0.0000 1.0000
v 1.37559 1.55201 0.52563
vt 0.25000 0.02296
vn 0.7071 -0.7071 -0.0000
v 1.38400 1.55550 0.52563
vt 0.25000 0.01531
vn 0.0000 -1.0000 -0.0000
v 1.38400 1.56060 0.53073
vt 0.50000 0.01531
vn 0.0000 -0.0000 1.0000
v 1.37198 1.55562 0.53073
vt 0.50000 0.02296
vn 0.0000 -0.0000 1.0000
v 1.38400 1.56060 0.53073
vt 0.50000 0.01531
vn 0.0000 -0.0000 1.0000
v 1.36837 1.55923 0.52563
vt 0.75000 0.02296
vn -0.7071 0.7071 0.0000
v 1.37198 1.55562 0.53073
vt 0.50000 0.02296
vn 0.0000 -0.0000 1.0000
v 1.38400 1.56060 0.53073
vt 0.50000 0.01531
vn 0.0000 -0.0000 1.0000
v 1.38400 1.56570 0.52563
vt 0.75000 0.01531
vn 0.0000 1.0000 0.0000
v 1.36837 1.55923 0.52563
vt 0.75000 0.02296
vn -0.7071 0.7071 0.0000
v 1.38400 1.56570 0.52563
vt 0.75000 0.01531
vn 0.0000 1.0000 0.0000
v 1.37198 1.55562 0.52053
vt 1.00000 0.02296
vn -0.0000 0.0000 -1.0000
v 1.36837 1.55923 0.52563
vt 0.75000 0.02296
vn -0.7071 0.7071 0.0000
v 1.38400 1.56570 0.52563
vt 0.75000 0.01531
vn 0.0000 1.0000 0.0000
v 1.38400 1.56060 0.52053
vt 1.00000 0.01531
vn 0.0000 0.0000 -1.0000
v 1.37198 1.55562 0.52053
vt 1.00000 0.02296
vn -0.0000 0.0000 -1.0000
v 1.37198 1.55562 0.52053
vt 0.00000 0.02296
vn 0.0000 0.0000 -1.0000
v 1.36190 1.54360 0.52563
vt 0.25000 0.03061
vn -1.0000 0.0000 0.0000
v 1.36700 1.54360 0.53073
vt 0.00000 0.03061
vn 0.0000 0.0000 1.0000
v 1.37198 1.55562 0.52053
vt 0.00000 0.02296
vn 0.0000 0.0000 -1.0000
v 1.37559 1.55201 0.52563
vt 0.25000 0.02296
vn 0.7071 -0.7071 -0.0000
v 1.36190 1.54360 0.52563
vt 0.25000 0.03061
vn -1.0000 0.0000 0.0000
v 1.37559 1.55201 0.52563
vt 0.25000 0.02296
vn 0.7071 -0.7071 -0.0000
v 1.36700 1.54360 0.52053
vt 0.50000 0.03061
vn -0.0000 -0.0000 -1.0000
v 1.36190 1.54360 0.52563
vt 0.25000 0.03061
vn -1.0000 0.0000 0.0000
v 1.37559 1.55201 0.52563
vt 0.25000 0.02296
vn 0.7071 -0.7071 -0.0000
v 1.37198 1.55562 0.53073
vt 0.50000 0.02296
vn 0.0000 -0.0000 1.0000
v 1.36700 1.54360 0.52053
vt 0.50000 0.03061
vn -0.0000 -0.0000 -1.0000
v 1.37198 1.55562 0.53073
vt 0.50000 0.02296
vn 0.0000 -0.0000 1.0000
v 1.37210 1.54360 0.52563
vt 0.75000 0.03061
vn 1.0000 0.0000 -0.0000
v 1.36700 1.54360 0.52053
vt 0.50000 0.03061
vn -0.0000 -0.0000 -1.0000
v 1.37198 1.55562 0.53073
vt 0.50000 0.02296
vn 0.0000 -0.0000 1.0000
v 1.36837 1.55923 0.52563
vt 0.75000 0.02296
vn -0.7071 0.7071 0.0000
v 1.37210 1.54360 0.52563
vt 0.75000 0.03061
vn 1.0000 0.0000 -0.0000
v 1.36837 1.55923 0.52563
vt 0.75000 0.02296
vn -0.7071 0.7071 0.0000
v 1.36700 1.54360 0.53073
vt 1.00000 0.03061
vn 0.0000 0.0000 1.0000
v 1.37210 1.54360 0.52563
vt 0.75000 0.03061
vn 1.0000 0.0000 -0.0000
v 1.36837 1.55923 0.52563
vt 0.75000 0.02296
vn -0.7071 0.7071 0.0000
v 1.37198 1.55562 0.52053
vt 1.00000 0.02296
vn -0.0000 0.0000 -1.0000
v 1.36700 1.54360 0.53073
vt 1.00000 0.03061
vn 0.0000 0.0000 1.0000
v 1.36700 1.54360 0.53073
vt 0.00000 0.03061
vn 0.0000 0.0000 1.0000
v 1.36837 1.52797 0.52563
vt 0.25000 0.03827
vn -0.7071 -0.7071 0.0000
v 1.37198 1.53158 0.53073
vt 0.00000 0.03827
vn 0.0000 0.0000 1.0000
v 1.36700 1.54360 0.53073
vt 0.00000 0.03061
vn 0.0000 0.0000 1.0000
v 1.36190 1.54360 0.52563
vt 0.25000 0.03061
vn -1.0000 0.0000 0.0000
v 1.36837 1.52797 0.52563
vt 0.25000 0.03827
vn -0.7071 -0.7071 0.0000
v 1.36190 1.54360 0.52563
vt 0.25000 0.03061
vn -1.0000 0.0000 0.0000
v 1.37198 1.53158 0.52053
vt 0.50000 0.03827
vn -0.0000 -0.0000 -1.0000
v 1.36837 1.52797 0.52563
vt 0.25000 0.03827
vn -0.7071 -0.7071 0.0000
v 1.36190 1.54360 0.52563
vt 0.25000 0.03061
vn -1.0000 0.0000 0.0000
v 1.36700 1.54360 0.52053
vt 0.50000 0.03061
vn -0.0000 -0.0000 -1.0000
v 1.37198 1.53158 0.52053
vt 0.50000 0.03827
vn -0.0000 -0.0000 -1.0000
v 1.36700 1.54360 0.52053
vt 0.50000 0.03061
vn -0.0000 -0.0000 -1.0000
v 1.37559 1.53519 0.52563
vt 0.75000 0.03827
vn 0.7071 0.7071 -0.0000
v 1.37198 1.53158 0.52053
vt 0.50000 0.03827
vn -0.0000 -0.0000 -1.0000
v 1.36700 1.54360 0.52053
vt 0.50000 0.03061
vn -0.0000 -0.0000 -1.0000
v 1.37210 1.54360 0.52563
vt 0.75000 0.03061
vn 1.0000 0.0000 -0.0000
v 1.37559 1.53519 0.52563
vt 0.75000 0.03827
vn 0.7071 0.7071 -0.0000
v 1.37210 1.54360 0.52563
vt 0.75000 0.03061
vn 1.0000 0.0000 -0.0000
v 1.37198 1.53158 0.53073
vt 1.00000 0.03827
vn 0.0000 0.0000 1.0000
v 1.37559 1.53519 0.52563
vt 0.75000 0.03827
vn 0.7071 0.7071 -0.0000
v 1.37210 1.54360 0.52563
vt 0.75000 0.03061
vn 1.0000 0.0000 -0.0000
v 1.36700 1.54360 0.53073
vt 1.00000 0.03061
vn 0.0000 0.0000 1.0000
v 1.37198 1.53158 0.53073
vt 1.00000 0.03827
vn 0.0000 0.0000 1.0000
v 1.37198 1.53158 0.53073
vt 0.00000 0.03827
vn 0.0000 0.0000 1.0000
v 1.38400 1.52150 0.52563
vt 0.25000 0.04592
vn 0.0000 -1.0000 0.0000
v 1.38400 1.52660 0.53073
vt 0.00000 0.04592
vn 0.0000 0.0000 1.0000
v 1.37198 1.53158 0.53073
vt 0.00000 0.03827
vn 0.0000 0.0000 1.0000
v 1.36837 1.52797 0.52563
vt 0.25000 0.03827
vn -0.7071 -0.7071 0.0000
v 1.38400 1.52150 0.52563
vt 0.25000 0.04592
vn 0.0000 -1.0000 0.0000
v 1.36837 1.52797 0.52563
vt 0.25000 0.03827
vn -0.7071 -0.7071 0.0000
v 1.38400 1.52660 0.52053
vt 0.50000 0.04592
vn 0.0000 -0.0000 -1.0000
v 1.38400 1.52150 0.52563
vt 0.25000 0.04592
vn 0.0000 -1.0000 0.0000
v 1.36837 1.52797 0.52563
vt 0.25000 0.03827
vn -0.7071 -0.7071 0.0000
v 1.37198 1.53158 0.52053
vt 0.50000 0.03827
vn -0.0000 -0.0000 -1.0000
v 1.38400 1.52660 0.52053
vt 0.50000 0.04592
vn 0.0000 -0.0000 -1.0000
v 1.37198 1.53158 0.52053
vt 0.50000 0.03827
vn -0.0000 -0.0000 -1.0000
v 1.38400 1.53170 0.52563
vt 0.75000 0.04592
vn 0.0000 1.0000 -0.0000
v 1.38400 1.52660 0.52053
vt 0.50000 0.04592
vn 0.0000 -0.0000 -1.0000
v 1.37198 1.53158 0.52053
vt 0.50000 0.03827
vn -0.0000 -0.0000 -1.0000
v 1.37559 1.53519 0.52563
vt 0.75000 0.03827
vn 0.7071 0.7071 -0.0000
v 1.38400 1.53170 0.52563
vt 0.75000 0.04592
vn 0.0000 1.0000 -0.0000
v 1.37559 1.53519 0.52563
vt 0.75000 0.03827
vn 0.7071 0.7071 -0.0000
v 1.38400 1.52660 0.53073
vt 1.00000 0.04592
vn 0.0000 0.0000 1.0000
v 1.38400 1.53170 0.52563
vt 0.75000 0.04592
vn 0.0000 1.0000 -0.0000
v 1.37559 1.53519 0.52563
vt 0.75000 0.03827
vn 0.7071 0.7071 -0.0000
v 1.37198 1.53158 0.53073
vt 1.00000 0.03827
vn 0.0000 0.0000 1.0000
v 1.38400 1.52660 0.53073
vt 1.00000 0.04592
vn 0.0000 0.0000 1.0000
v 1.38400 1.52660 0.53073
vt 0.00000 0.04592
vn 0.0000 0.0000 1.0000
v 1.39963 1.52797 0.52563
vt 0.25000 0.05358
vn 0.7071 -0.7071 0.0000
v 1.39602 1.53158 0.53073
vt 0.00000 0.05358
vn 0.0000 0.0000 1.0000
v 1.38400 1.52660 0.53073
vt 0.00000 0.04592
vn 0.0000 0.0000 1.0000
v 1.38400 1.52150 0.52563
vt 0.25000 0.04592
vn 0.0000 -1.0000 0.0000
v 1.39963 1.52797 0.52563
vt 0.25000 0.05358
vn 0.7071 -0.7071 0.0000
v 1.38400 1.52150 0.52563
vt 0.25000 0.04592
vn 0.0000 -1.0000 0.0000
v 1.39602 1.53158 0.52053
vt 0.50000 0.05358
vn 0.0000 -0.0000 -1.0000
v 1.39963 1.52797 0.52563
vt 0.25000 0.05358
vn 0.7071 -0.7071 0.0000
v 1.38400 1.52150 0.52563
vt 0.25000 0.04592
vn 0.0000 -1.0000 0.0000
v 1.38400 1.52660 0.52053
vt 0.50000 0.04592
vn 0.0000 -0.0000 -1.0000
v 1.39602 1.53158 0.52053
vt 0.50000 0.05358
vn 0.0000 -0.0000 -1.0000
v 1.38400 1.52660 0.52053
vt 0.50000 0.04592
vn 0.0000 -0.0000 -1.0000
v 1.39241 1.53519 0.52563
vt 0.75000 0.05358
vn -0.7071 0.7071 -0.0000
v 1.39602 1.53158 0.52053
vt 0.50000 0.05358
vn 0.0000 -0.0000 -1.0000
v 1.38400 1.52660 0.52053
vt 0.50000 0.04592
vn 0.0000 -0.0000 -1.0000
v 1.38400 1.53170 0.52563
vt 0.75000 0.04592
vn 0.0000 1.0000 -0.0000
v 1.39241 1.53519 0.52563
vt 0.75000 0.05358
vn -0.7071 0.7071 -0.0000
v 1.38400 1.53170 0.52563
vt 0.75000 0.04592
vn 0.0000 1.0000 -0.0000
v 1.39602 1.53158 0.53073
vt 1.00000 0.05358
vn -0.0000 0.0000 1.0000
v 1.39241 1.53519 0.52563
vt 0.75000 0.05358
vn -0.7071 0.7071 -0.0000
v 1.38400 1.53170 0.52563
vt 0.75000 0.04592
vn 0.0000 1.0000 -0.0000
v 1.38400 1.52660 0.53073
vt 1.00000 0.04592
vn 0.0000 0.0000 1.0000
v 1.39602 1.53158 0.53073
vt 1.00000 0.05358
vn -0.0000 0.0000 1.0000
v 1.39602 1.53158 0.53073
vt 0.00000 0.05358
vn 0.0000 0.0000 1.0000
v 1.40571 1.54165 0.52563
vt 0.25000 0.06123
vn 0.9239 -0.3827 0.0000
v 1.40100 1.54360 0.53073
vt 0.00000 0.06123
vn 0.0000 0.0000 1.0000
v 1.39602 1.53158 0.53073
vt 0.00000 0.05358
vn 0.0000 0.0000 1.0000
v 1.39963 1.52797 0.52563
vt 0.25000 0.05358
vn 0.7071 -0.7071 0.0000
v 1.40571 1.54165 0.52563
vt 0.25000 0.06123
vn 0.9239 -0.3827 0.0000
v 1.39963 1.52797 0.52563
vt 0.25000 0.05358
vn 0.7071 -0.7071 0.0000
v 1.40100 1.54360 0.52053
vt 0.50000 0.06123
vn 0.0000 -0.0000 -1.0000
v 1.40571 1.54165 0.52563
vt 0.25000 0.06123
vn 0.9239 -0.3827 0.0000
v 1.39963 1.52797 0.52563
vt 0.25000 0.05358
vn 0.7071 -0.7071 0.0000
v 1.39602 1.53158 0.52053
vt 0.50000 0.05358
vn 0.0000 -0.0000 -1.0000
v 1.40100 1.54360 0.52053
vt 0.50000 0.06123
vn 0.0000 -0.0000 -1.0000
v 1.39602 1.53158 0.52053
vt 0.50000 0.05358
vn 0.0000 -0.0000 -1.0000
v 1.39629 1.54555 0.52563
vt 0.75000 0.06123
vn -0.9239 0.3827 -0.0000
v 1.40100 1.54360 0.52053
vt 0.50000 0.06123
vn 0.0000 -0.0000 -1.0000
v 1.39602 1.53158 0.52053
vt 0.50000 0.05358
vn 0.0000 -0.0000 -1.0000
v 1.39241 1.53519 0.52563
vt 0.75000 0.05358
vn -0.7071 0.7071 -0.0000
v 1.39629 1.54555 0.52563
vt 0.75000 0.06123
vn -0.9239 0.3827 -0.0000
v 1.39241 1.53519 0.52563
vt 0.75000 0.05358
vn -0.7071 0.7071 -0.0000
v 1.40100 1.54360 0.53073
vt 1.00000 0.06123
vn -0.0000 0.0000 1.0000
v 1.39629 1.54555 0.52563
vt 0.75000 0.06123
vn -0.9239 0.3827 -0.0000
v 1.39241 1.53519 0.52563
vt 0.75000 0.05358
vn -0.7071 0.7071 -0.0000
v 1.39602 1.53158 0.53073
vt 1.00000 0.05358
vn -0.0000 0.0000 1.0000
v 1.40100 1.54360 0.53073
vt 1.00000 0.06123
vn -0.0000 0.0000 1.0000
v 0.50000 1.39400 0.50000
vt 0.50000 0.82000
vn 0.0584 -0.0000 -0.9983
v 0.62818 1.55313 0.50787
vt 0.57540 0.91361
vn 0.0771 0.0024 -0.9970
v 0.62629 1.41829 0.50739
vt 0.57429 0.83429
vn 0.0759 0.0025 -0.9971
v 0.50000 1.39400 0.50000
vt 0.50000 0.82000
vn 0.0584 -0.0000 -0.9983
v 0.50000 1.53167 0.50000
vt 0.50000 0.90098
vn 0.0613 -0.0000 -0.9981
v 0.62818 1.55313 0.50787
vt 0.57540 0.91361
vn 0.0771 0.0024 -0.9970
v 0.49970 1.39400 0.50509
vt 0.50000 0.82000
vn -0.0584 0.0000 0.9983
v 0.62590 1.41827 0.51248
vt 0.57429 0.83429
vn -0.0759 -0.0025 0.9971
v 0.62779 1.55312 0.51296
vt 0.57540 0.91361
vn -0.0771 -0.0024 0.9970
v 0.49970 1.39400 0.50509
vt 0.50000 0.82000
vn -0.0584 0.0000 0.9983
v 0.62779 1.55312 0.51296
vt 0.57540 0.91361
vn -0.0771 -0.0024 0.9970
v 0.49969 1.53167 0.50509
vt 0.50000 0.90098
vn -0.0613 0.0000 0.9981
v 0.62629 1.41829 0.50739
vt 0.57429 0.83429
vn 0.0759 0.0025 -0.9971
v 0.75636 1.57459 0.51993
vt 0.65080 0.92623
vn 0.0961 0.0014 -0.9954
v 0.75257 1.44257 0.51934
vt 0.64857 0.84857
vn 0.0984 0.0016 -0.9951
v 0.62629 1.41829 0.50739
vt 0.57429 0.83429
vn 0.0759 0.0025 -0.9971
v 0.62818 1.55313 0.50787
vt 0.57540 0.91361
vn 0.0771 0.0024 -0.9970
v 0.75636 1.57459 0.51993
vt 0.65080 0.92623
vn 0.0961 0.0014 -0.9954
v 0.62590 1.41827 0.51248
vt 0.57429 0.83429
vn -0.0759 -0.0025 0.9971
v 0.75207 1.44256 0.52441
vt 0.64857 0.84857
vn -0.0984 -0.0016 0.9951
v 0.75587 1.57458 0.52500
vt 0.65080 0.92623
vn -0.0961 -0.0014 0.9954
v 0.62590 1.41827 0.51248
vt 0.57429 0.83429
vn -0.0759 -0.0025 0.9971
v 0.75587 1.57458 0.52500
vt 0.65080 0.92623
vn -0.0961 -0.0014 0.9954
v 0.62779 1.55312 0.51296
vt 0.57540 0.91361
vn -0.0771 -0.0024 0.9970
v 0.75257 1.44257 0.51934
vt 0.64857 0.84857
vn 0.0984 0.0016 -0.9951
v 0.88454 1.59605 0.53268
vt 0.72620 0.93886
vn 0.0871 -0.0025 -0.9962
v 0.87886 1.46686 0.53245
vt 0.72286 0.86286
vn 0.0931 -0.0024 -0.9957
v 0.75257 1.44257 0.51934
vt 0.64857 0.84857
vn 0.0984 0.0016 -0.9951
v 0.75636 1.57459 0.51993
vt 0.65080 0.92623
vn 0.0961 0.0014 -0.9954
v 0.88454 1.59605 0.53268
vt 0.72620 0.93886
vn 0.0871 -0.0025 -0.9962
v 0.75207 1.44256 0.52441
vt 0.64857 0.84857
vn -0.0984 -0.0016 0.9951
v 0.87838 1.46687 0.53753
vt 0.72286 0.86286
vn -0.0931 0.0024 0.9957
v 0.88410 1.59607 0.53776
vt 0.72620 0.93886
vn -0.0871 0.0025 0.9962
v 0.75207 1.44256 0.52441
vt 0.64857 0.84857
vn -0.0984 -0.0016 0.9951
v 0.88410 1.59607 0.53776
vt 0.72620 0.93886
vn -0.0871 0.0025 0.9962
v 0.75587 1.57458 0.52500
vt 0.65080 0.92623
vn -0.0961 -0.0014 0.9954
v 0.87886 1.46686 0.53245
vt 0.72286 0.86286
vn 0.0931 -0.0024 -0.9957
v 1.01272 1.61752 0.54222
vt 0.80160 0.95148
vn 0.0492 -0.0084 -0.9988
v 1.00514 1.49114 0.54284
vt 0.79714 0.87714
vn 0.0582 -0.0084 -0.9983
v 0.87886 1.46686 0.53245
vt 0.72286 0.86286
vn 0.0931 -0.0024 -0.9957
v 0.88454 1.59605 0.53268
vt 0.72620 0.93886
vn 0.0871 -0.0025 -0.9962
v 1.01272 1.61752 0.54222
vt 0.80160 0.95148
vn 0.0492 -0.0084 -0.9988
v 0.87838 1.46687 0.53753
vt 0.72286 0.86286
vn -0.0931 0.0024 0.9957
v 1.00485 1.49119 0.54793
vt 0.79714 0.87714
vn -0.0582 0.0084 0.9983
v 1.01247 1.61756 0.54731
vt 0.80160 0.95148
vn -0.0492 0.0084 0.9988
v 0.87838 1.46687 0.53753
vt 0.72286 0.86286
vn -0.0931 0.0024 0.9957
v 1.01247 1.61756 0.54731
vt 0.80160 0.95148
vn -0.0492 0.0084 0.9988
v 0.88410 1.59607 0.53776
vt 0.72620 0.93886
vn -0.0871 0.0025 0.9962
v 1.00514 1.49114 0.54284
vt 0.79714 0.87714
vn 0.0582 -0.0084 -0.9983
v 1.14090 1.63898 0.54494
vt 0.87700 0.96410
vn -0.0130 -0.0145 -0.9998
v 1.13143 1.51543 0.54677
vt 0.87143 0.89143
vn -0.0027 -0.0146 -0.9999
v 1.00514 1.49114 0.54284
vt 0.79714 0.87714
vn 0.0582 -0.0084 -0.9983
v 1.01272 1.61752 0.54222
vt 0.80160 0.95148
vn 0.0492 -0.0084 -0.9988
v 1.14090 1.63898 0.54494
vt 0.87700 0.96410
vn -0.0130 -0.0145 -0.9998
v 1.00485 1.49119 0.54793
vt 0.79714 0.87714
vn -0.0582 0.0084 0.9983
v 1.13144 1.51550 0.55187
vt 0.87143 0.89143
vn 0.0027 0.0146 0.9999
v 1.14097 1.63905 0.55004
vt 0.87700 0.96410
vn 0.0130 0.0145 0.9998
v 1.00485 1.49119 0.54793
vt 0.79714 0.87714
vn -0.0582 0.0084 0.9983
v 1.14097 1.63905 0.55004
vt 0.87700 0.96410
vn 0.0130 0.0145 0.9998
v 1.01247 1.61756 0.54731
vt 0.80160 0.95148
vn -0.0492 0.0084 0.9988
v 1.13143 1.51543 0.54677
vt 0.87143 0.89143
vn -0.0027 -0.0146 -0.9999
v 1.26908 1.66044 0.53825
vt 0.95240 0.97673
vn -0.0893 -0.0187 -0.9958
v 1.25771 1.53971 0.54146
vt 0.94571 0.90571
vn -0.0798 -0.0189 -0.9966
v 1.13143 1.51543 0.54677
vt 0.87143 0.89143
vn -0.0027 -0.0146 -0.9999
v 1.14090 1.63898 0.54494
vt 0.87700 0.96410
vn -0.0130 -0.0145 -0.9998
v 1.26908 1.66044 0.53825
vt 0.95240 0.97673
vn -0.0893 -0.0187 -0.9958
v 1.13144 1.51550 0.55187
vt 0.87143 0.89143
vn 0.0027 0.0146 0.9999
v 1.25812 1.53981 0.54654
vt 0.94571 0.90571
vn 0.0798 0.0189 0.9966
v 1.26954 1.66054 0.54333
vt 0.95240 0.97673
vn 0.0893 0.0187 0.9958
v 1.13144 1.51550 0.55187
vt 0.87143 0.89143
vn 0.0027 0.0146 0.9999
v 1.26954 1.66054 0.54333
vt 0.95240 0.97673
vn 0.0893 0.0187 0.9958
v 1.14097 1.63905 0.55004
vt 0.87700 0.96410
vn 0.0130 0.0145 0.9998
v 1.25771 1.53971 0.54146
vt 0.91791 0.90571
vn -0.0798 -0.0189 -0.9966
v 1.39726 1.68190 0.52115
vt 1.00000 0.98935
vn -0.1284 -0.0237 -0.9914
v 1.38400 1.56400 0.52563
vt 0.99220 0.92000
vn -0.1198 -0.0243 -0.9925
v 1.25771 1.53971 0.54146
vt 0.91791 0.90571
vn -0.0798 -0.0189 -0.9966
v 1.26908 1.66044 0.53825
vt 0.92460 0.97673
vn -0.0893 -0.0187 -0.9958
v 1.39726 1.68190 0.52115
vt 1.00000 0.98935
vn -0.1284 -0.0237 -0.9914
v 1.25812 1.53981 0.54654
vt 0.91791 0.90571
vn 0.0798 0.0189 0.9966
v 1.38461 1.56412 0.53069
vt 0.99220 0.92000
vn 0.1198 0.0243 0.9925
v 1.39792 1.68202 0.52620
vt 1.00000 0.98935
vn 0.1284 0.0237 0.9914
v 1.25812 1.53981 0.54654
vt 0.91791 0.90571
vn 0.0798 0.0189 0.9966
v 1.39792 1.68202 0.52620
vt 1.00000 0.98935
vn 0.1284 0.0237 0.9914
v 1.26954 1.66054 0.54333
vt 0.92460 0.97673
vn 0.0893 0.0187 0.9958
v 0.50000 1.53167 0.50000
vt 0.50000 0.90098
vn 0.0613 -0.0000 -0.9981
v 0.63004 1.68797 0.50832
vt 0.57650 0.99293
vn 0.0780 0.0022 -0.9969
v 0.62818 1.55313 0.50787
vt 0.57540 0.91361
vn 0.0771 0.0024 -0.9970
v 0.50000 1.53167 0.50000
vt 0.50000 0.90098
vn 0.0613 -0.0000 -0.9981
v 0.50000 1.66934 0.50000
vt 0.50000 0.98196
vn 0.0639 -0.0000 -0.9980
v 0.63004 1.68797 0.50832
vt 0.57650 0.99293
vn 0.0780 0.0022 -0.9969
v 0.49969 1.53167 0.50509
vt 0.50000 0.90098
vn -0.0613 0.0000 0.9981
v 0.62779 1.55312 0.51296
vt 0.57540 0.91361
vn -0.0771 -0.0024 0.9970
v 0.62965 1.68796 0.51341
vt 0.57650 0.99293
vn -0.0780 -0.0022 0.9969
v 0.49969 1.53167 0.50509
vt 0.50000 0.90098
vn -0.0613 0.0000 0.9981
v 0.62965 1.68796 0.51341
vt 0.57650 0.99293
vn -0.0780 -0.0022 0.9969
v 0.49967 1.66934 0.50509
vt 0.50000 0.98196
vn -0.0639 0.0000 0.9980
v 0.62818 1.55313 0.50787
vt 0.57540 0.90972
vn 0.0771 0.0024 -0.9970
v 0.76009 1.70661 0.52044
vt 0.65299 1.00000
vn 0.0935 0.0010 -0.9956
v 0.75636 1.57459 0.51993
vt 0.65080 0.92234
vn 0.0961 0.0014 -0.9954
v 0.62818 1.55313 0.50787
vt 0.57540 0.90972
vn 0.0771 0.0024 -0.9970
v 0.63004 1.68797 0.50832
vt 0.57650 0.98904
vn 0.0780 0.0022 -0.9969
v 0.76009 1.70661 0.52044
vt 0.65299 1.00000
vn 0.0935 0.0010 -0.9956
v 0.62779 1.55312 0.51296
vt 0.57540 0.90972
vn -0.0771 -0.0024 0.9970
v 0.75587 1.57458 0.52500
vt 0.65080 0.92234
vn -0.0961 -0.0014 0.9954
v 0.75961 1.70661 0.52552
vt 0.65299 1.00000
vn -0.0935 -0.0010 0.9956
v 0.62779 1.55312 0.51296
vt 0.57540 0.90972
vn -0.0771 -0.0024 0.9970
v 0.75961 1.70661 0.52552
vt 0.65299 1.00000
vn -0.0935 -0.0010 0.9956
v 0.62965 1.68796 0.51341
vt 0.57650 0.98904
vn -0.0780 -0.0022 0.9969
v 0.75636 1.57459 0.51993
vt 0.65080 0.91138
vn 0.0961 0.0014 -0.9954
v 0.89013 1.72525 0.53278
vt 0.72949 1.00000
vn 0.0809 -0.0031 -0.9967
v 0.88454 1.59605 0.53268
vt 0.72620 0.92400
vn 0.0871 -0.0025 -0.9962
v 0.75636 1.57459 0.51993
vt 0.65080 0.91138
vn 0.0961 0.0014 -0.9954
v 0.76009 1.70661 0.52044
vt 0.65299 0.98904
vn 0.0935 0.0010 -0.9956
v 0.89013 1.72525 0.53278
vt 0.72949 1.00000
vn 0.0809 -0.0031 -0.9967
v 0.75587 1.57458 0.52500
vt 0.65080 0.91138
vn -0.0961 -0.0014 0.9954
v 0.88410 1.59607 0.53776
vt 0.72620 0.92400
vn -0.0871 0.0025 0.9962
v 0.88972 1.72527 0.53786
vt 0.72949 1.00000
vn -0.0809 0.0031 0.9967
v 0.75587 1.57458 0.52500
vt 0.65080 0.91138
vn -0.0961 -0.0014 0.9954
v 0.88972 1.72527 0.53786
vt 0.72949 1.00000
vn -0.0809 0.0031 0.9967
v 0.75961 1.70661 0.52552
vt 0.65299 0.98904
vn -0.0935 -0.0010 0.9956
v 0.88454 1.59605 0.53268
vt 0.72620 0.91304
vn 0.0871 -0.0025 -0.9962
v 1.02017 1.74389 0.54144
vt 0.80598 1.00000
vn 0.0404 -0.0091 -0.9991
v 1.01272 1.61752 0.54222
vt 0.80160 0.92566
vn 0.0492 -0.0084 -0.9988
v 0.88454 1.59605 0.53268
vt 0.72620 0.91304
vn 0.0871 -0.0025 -0.9962
v 0.89013 1.72525 0.53278
vt 0.72949 0.98904
vn 0.0809 -0.0031 -0.9967
v 1.02017 1.74389 0.54144
vt 0.80598 1.00000
vn 0.0404 -0.0091 -0.9991
v 0.88410 1.59607 0.53776
vt 0.72620 0.91304
vn -0.0871 0.0025 0.9962
v 1.01247 1.61756 0.54731
vt 0.80160 0.92566
vn -0.0492 0.0084 0.9988
v 1.01997 1.74394 0.54654
vt 0.80598 1.00000
vn -0.0404 0.0091 0.9991
v 0.88410 1.59607 0.53776
vt 0.72620 0.91304
vn -0.0871 0.0025 0.9962
v 1.01997 1.74394 0.54654
vt 0.80598 1.00000
vn -0.0404 0.0091 0.9991
v 0.88972 1.72527 0.53786
vt 0.72949 0.98904
vn -0.0809 0.0031 0.9967
v 1.01272 1.61752 0.54222
vt 0.80160 0.91470
vn 0.0492 -0.0084 -0.9988
v 1.15022 1.76253 0.54295
vt 0.88248 1.00000
vn -0.0230 -0.0151 -0.9996
v 1.14090 1.63898 0.54494
vt 0.87700 0.92732
vn -0.0130 -0.0145 -0.9998
v 1.01272 1.61752 0.54222
vt 0.80160 0.91470
vn 0.0492 -0.0084 -0.9988
v 1.02017 1.74389 0.54144
vt 0.80598 0.98904
vn 0.0404 -0.0091 -0.9991
v 1.15022 1.76253 0.54295
vt 0.88248 1.00000
vn -0.0230 -0.0151 -0.9996
v 1.01247 1.61756 0.54731
vt 0.80160 0.91470
vn -0.0492 0.0084 0.9988
v 1.14097 1.63905 0.55004
vt 0.87700 0.92732
vn 0.0130 0.0145 0.9998
v 1.15033 1.76260 0.54804
vt 0.88248 1.00000
vn 0.0230 0.0151 0.9996
v 1.01247 1.61756 0.54731
vt 0.80160 0.91470
vn -0.0492 0.0084 0.9988
v 1.15033 1.76260 0.54804
vt 0.88248 1.00000
vn 0.0230 0.0151 0.9996
v 1.01997 1.74394 0.54654
vt 0.80598 0.98904
vn -0.0404 0.0091 0.9991
v 1.14090 1.63898 0.54494
vt 0.87700 0.91636
vn -0.0130 -0.0145 -0.9998
v 1.28026 1.78117 0.53491
vt 0.95898 1.00000
vn -0.0981 -0.0192 -0.9950
v 1.26908 1.66044 0.53825
vt 0.95240 0.92898
vn -0.0893 -0.0187 -0.9958
v 1.14090 1.63898 0.54494
vt 0.87700 0.91636
vn -0.0130 -0.0145 -0.9998
v 1.15022 1.76253 0.54295
vt 0.88248 0.98904
vn -0.0230 -0.0151 -0.9996
v 1.28026 1.78117 0.53491
vt 0.95898 1.00000
vn -0.0981 -0.0192 -0.9950
v 1.14097 1.63905 0.55004
vt 0.87700 0.91636
vn 0.0130 0.0145 0.9998
v 1.26954 1.66054 0.54333
vt 0.95240 0.92898
vn 0.0893 0.0187 0.9958
v 1.28076 1.78126 0.53998
vt 0.95898 1.00000
vn 0.0981 0.0192 0.9950
v 1.14097 1.63905 0.55004
vt 0.87700 0.91636
vn 0.0130 0.0145 0.9998
v 1.28076 1.78126 0.53998
vt 0.95898 1.00000
vn 0.0981 0.0192 0.9950
v 1.15033 1.76260 0.54804
vt 0.88248 0.98904
vn 0.0230 0.0151 0.9996
v 1.26908 1.66044 0.53825
vt 0.91693 0.91802
vn -0.0893 -0.0187 -0.9958
v 1.41030 1.79980 0.51658
vt 1.00000 1.00000
vn -0.1361 -0.0238 -0.9904
v 1.39726 1.68190 0.52115
vt 0.99233 0.93065
vn -0.1284 -0.0237 -0.9914
v 1.26908 1.66044 0.53825
vt 0.91693 0.91802
vn -0.0893 -0.0187 -0.9958
v 1.28026 1.78117 0.53491
vt 0.92350 0.98904
vn -0.0981 -0.0192 -0.9950
v 1.41030 1.79980 0.51658
vt 1.00000 1.00000
vn -0.1361 -0.0238 -0.9904
v 1.26954 1.66054 0.54333
vt 0.91693 0.91802
vn 0.0893 0.0187 0.9958
v 1.39792 1.68202 0.52620
vt 0.99233 0.93065
vn 0.1284 0.0237 0.9914
v 1.41100 1.79992 0.52163
vt 1.00000 1.00000
vn 0.1361 0.0238 0.9904
v 1.26954 1.66054 0.54333
vt 0.91693 0.91802
vn 0.0893 0.0187 0.9958
v 1.41100 1.79992 0.52163
vt 1.00000 1.00000
vn 0.1361 0.0238 0.9904
v 1.28076 1.78126 0.53998
vt 0.92350 0.98904
vn 0.0981 0.0192 0.9950
v 0.50000 1.66934 0.50000
vt 0.50000 0.90972
vn 0.0639 -0.0000 -0.9980
v 0.63184 1.82282 0.50874
vt 0.57755 1.00000
vn 0.0787 0.0020 -0.9969
v 0.63004 1.68797 0.50832
vt 0.57650 0.92068
vn 0.0780 0.0022 -0.9969
v 0.50000 1.66934 0.50000
vt 0.50000 0.90972
vn 0.0639 -0.0000 -0.9980
v 0.50000 1.80700 0.50000
vt 0.50000 0.99070
vn 0.0662 -0.0000 -0.9978
v 0.63184 1.82282 0.50874
vt 0.57755 1.00000
vn 0.0787 0.0020 -0.9969
v 0.49967 1.66934 0.50509
vt 0.50000 0.90972
vn -0.0639 0.0000 0.9980
v 0.62965 1.68796 0.51341
vt 0.57650 0.92068
vn -0.0780 -0.0022 0.9969
v 0.63144 1.82281 0.51383
vt 0.57755 1.00000
vn -0.0787 -0.0020 0.9969
v 0.49967 1.66934 0.50509
vt 0.50000 0.90972
vn -0.0639 0.0000 0.9980
v 0.63144 1.82281 0.51383
vt 0.57755 1.00000
vn -0.0787 -0.0020 0.9969
v 0.49966 1.80700 0.50509
vt 0.50000 0.99070
vn -0.0662 0.0000 0.9978
v 0.63004 1.68797 0.50832
vt 0.57650 0.91138
vn 0.0780 0.0022 -0.9969
v 0.76368 1.83863 0.52088
vt 0.65511 1.00000
vn 0.0906 0.0006 -0.9959
v 0.76009 1.70661 0.52044
vt 0.65299 0.92234
vn 0.0935 0.0010 -0.9956
v 0.63004 1.68797 0.50832
vt 0.57650 0.91138
vn 0.0780 0.0022 -0.9969
v 0.63184 1.82282 0.50874
vt 0.57755 0.99070
vn 0.0787 0.0020 -0.9969
v 0.76368 1.83863 0.52088
vt 0.65511 1.00000
vn 0.0906 0.0006 -0.9959
v 0.62965 1.68796 0.51341
vt 0.57650 0.91138
vn -0.0780 -0.0022 0.9969
v 0.75961 1.70661 0.52552
vt 0.65299 0.92234
vn -0.0935 -0.0010 0.9956
v 0.76322 1.83863 0.52596
vt 0.65511 1.00000
vn -0.0906 -0.0006 0.9959
v 0.62965 1.68796 0.51341
vt 0.57650 0.91138
vn -0.0780 -0.0022 0.9969
v 0.76322 1.83863 0.52596
vt 0.65511 1.00000
vn -0.0906 -0.0006 0.9959
v 0.63144 1.82281 0.51383
vt 0.57755 0.99070
vn -0.0787 -0.0020 0.9969
v 0.76009 1.70661 0.52044
vt 0.65299 0.00389
vn 0.0935 0.0010 -0.9956
v 0.89553 1.85445 0.53276
vt 0.73266 0.09085
vn 0.0747 -0.0037 -0.9972
v 0.89013 1.72525 0.53278
vt 0.72949 0.01485
vn 0.0809 -0.0031 -0.9967
v 0.76009 1.70661 0.52044
vt 0.65299 0.00389
vn 0.0935 0.0010 -0.9956
v 0.76368 1.83863 0.52088
vt 0.65511 0.08155
vn 0.0906 0.0006 -0.9959
v 0.89553 1.85445 0.53276
vt 0.73266 0.09085
vn 0.0747 -0.0037 -0.9972
v 0.75961 1.70661 0.52552
vt 0.65299 0.00389
vn -0.0935 -0.0010 0.9956
v 0.88972 1.72527 0.53786
vt 0.72949 0.01485
vn -0.0809 0.0031 0.9967
v 0.89515 1.85447 0.53784
vt 0.73266 0.09085
vn -0.0747 0.0037 0.9972
v 0.75961 1.70661 0.52552
vt 0.65299 0.00389
vn -0.0935 -0.0010 0.9956
v 0.89515 1.85447 0.53784
vt 0.73266 0.09085
vn -0.0747 0.0037 0.9972
v 0.76322 1.83863 0.52596
vt 0.65511 0.08155
vn -0.0906 -0.0006 0.9959
v 0.89013 1.72525 0.53278
vt 0.72949 0.01485
vn 0.0809 -0.0031 -0.9967
v 1.02737 1.87026 0.54051
vt 0.81022 0.10015
vn 0.0316 -0.0097 -0.9995
v 1.02017 1.74389 0.54144
vt 0.80598 0.02582
vn 0.0404 -0.0091 -0.9991
v 0.89013 1.72525 0.53278
vt 0.72949 0.01485
vn 0.0809 -0.0031 -0.9967
v 0.89553 1.85445 0.53276
vt 0.73266 0.09085
vn 0.0747 -0.0037 -0.9972
v 1.02737 1.87026 0.54051
vt 0.81022 0.10015
vn 0.0316 -0.0097 -0.9995
v 0.88972 1.72527 0.53786
vt 0.72949 0.01485
vn -0.0809 0.0031 0.9967
v 1.01997 1.74394 0.54654
vt 0.80598 0.02582
vn -0.0404 0.0091 0.9991
v 1.02721 1.87031 0.54561
vt 0.81022 0.10015
vn -0.0316 0.0097 0.9995
v 0.88972 1.72527 0.53786
vt 0.72949 0.01485
vn -0.0809 0.0031 0.9967
v 1.02721 1.87031 0.54561
vt 0.81022 0.10015
vn -0.0316 0.0097 0.9995
v 0.89515 1.85447 0.53784
vt 0.73266 0.09085
vn -0.0747 0.0037 0.9972
v 1.02017 1.74389 0.54144
vt 0.80598 0.02582
vn 0.0404 -0.0091 -0.9991
v 1.15921 1.88608 0.54079
vt 0.88777 0.10946
vn -0.0325 -0.0158 -0.9993
v 1.15022 1.76253 0.54295
vt 0.88248 0.03678
vn -0.0230 -0.0151 -0.9996
v 1.02017 1.74389 0.54144
vt 0.80598 0.02582
vn 0.0404 -0.0091 -0.9991
v 1.02737 1.87026 0.54051
vt 0.81022 0.10015
vn 0.0316 -0.0097 -0.9995
v 1.15921 1.88608 0.54079
vt 0.88777 0.10946
vn -0.0325 -0.0158 -0.9993
v 1.01997 1.74394 0.54654
vt 0.80598 0.02582
vn -0.0404 0.0091 0.9991
v 1.15033 1.76260 0.54804
vt 0.88248 0.03678
vn 0.0230 0.0151 0.9996
v 1.15938 1.88616 0.54588
vt 0.88777 0.10946
vn 0.0325 0.0158 0.9993
v 1.01997 1.74394 0.54654
vt 0.80598 0.02582
vn -0.0404 0.0091 0.9991
v 1.15938 1.88616 0.54588
vt 0.88777 0.10946
vn 0.0325 0.0158 0.9993
v 1.02721 1.87031 0.54561
vt 0.81022 0.10015
vn -0.0316 0.0097 0.9995
v 1.15022 1.76253 0.54295
vt 0.88248 0.03678
vn -0.0230 -0.0151 -0.9996
v 1.29105 1.90189 0.53143
vt 0.96533 0.11876
vn -0.1063 -0.0199 -0.9941
v 1.28026 1.78117 0.53491
vt 0.95898 0.04774
vn -0.0981 -0.0192 -0.9950
v 1.15022 1.76253 0.54295
vt 0.88248 0.03678
vn -0.0230 -0.0151 -0.9996
v 1.15921 1.88608 0.54079
vt 0.88777 0.10946
vn -0.0325 -0.0158 -0.9993
v 1.29105 1.90189 0.53143
vt 0.96533 0.11876
vn -0.1063 -0.0199 -0.9941
v 1.15033 1.76260 0.54804
vt 0.88248 0.03678
vn 0.0230 0.0151 0.9996
v 1.28076 1.78126 0.53998
vt 0.95898 0.04774
vn 0.0981 0.0192 0.9950
v 1.29160 1.90199 0.53650
vt 0.96533 0.11876
vn 0.1063 0.0199 0.9941
v 1.15033 1.76260 0.54804
vt 0.88248 0.03678
vn 0.0230 0.0151 0.9996
v 1.29160 1.90199 0.53650
vt 0.96533 0.11876
vn 0.1063 0.0199 0.9941
v 1.15938 1.88616 0.54588
vt 0.88777 0.10946
vn 0.0325 0.0158 0.9993
v 1.28026 1.78117 0.53491
vt 0.91610 0.04774
vn -0.0981 -0.0192 -0.9950
v 1.42290 1.91771 0.51196
vt 1.00000 0.12806
vn -0.1432 -0.0241 -0.9894
v 1.41030 1.79980 0.51658
vt 0.99259 0.05871
vn -0.1361 -0.0238 -0.9904
v 1.28026 1.78117 0.53491
vt 0.91610 0.04774
vn -0.0981 -0.0192 -0.9950
v 1.29105 1.90189 0.53143
vt 0.92245 0.11876
vn -0.1063 -0.0199 -0.9941
v 1.42290 1.91771 0.51196
vt 1.00000 0.12806
vn -0.1432 -0.0241 -0.9894
v 1.28076 1.78126 0.53998
vt 0.91610 0.04774
vn 0.0981 0.0192 0.9950
v 1.41100 1.79992 0.52163
vt 0.99259 0.05871
vn 0.1361 0.0238 0.9904
v 1.42363 1.91783 0.51701
vt 1.00000 0.12806
vn 0.1432 0.0241 0.9894
v 1.28076 1.78126 0.53998
vt 0.91610 0.04774
vn 0.0981 0.0192 0.9950
v 1.42363 1.91783 0.51701
vt 1.00000 0.12806
vn 0.1432 0.0241 0.9894
v 1.29160 1.90199 0.53650
vt 0.92245 0.11876
vn 0.1063 0.0199 0.9941
v 0.50000 1.80700 0.50000
vt 0.50000 0.06294
vn 0.0662 -0.0000 -0.9978
v 0.63355 1.95766 0.50913
vt 0.57856 0.15157
vn 0.0791 0.0018 -0.9969
v 0.63184 1.82282 0.50874
vt 0.57755 0.07225
vn 0.0787 0.0020 -0.9969
v 0.50000 1.80700 0.50000
vt 0.50000 0.06294
vn 0.0662 -0.0000 -0.9978
v 0.50000 1.94467 0.50000
vt 0.50000 0.14392
vn 0.0682 -0.0000 -0.9977
v 0.63355 1.95766 0.50913
vt 0.57856 0.15157
vn 0.0791 0.0018 -0.9969
v 0.49966 1.80700 0.50509
vt 0.50000 0.06294
vn -0.0662 0.0000 0.9978
v 0.63144 1.82281 0.51383
vt 0.57755 0.07225
vn -0.0787 -0.0020 0.9969
v 0.63314 1.95765 0.51421
vt 0.57856 0.15157
vn -0.0791 -0.0018 0.9969
v 0.49966 1.80700 0.50509
vt 0.50000 0.06294
vn -0.0662 0.0000 0.9978
v 0.63314 1.95765 0.51421
vt 0.57856 0.15157
vn -0.0791 -0.0018 0.9969
v 0.49965 1.94467 0.50509
vt 0.50000 0.14392
vn -0.0682 0.0000 0.9977
v 0.63184 1.82282 0.50874
vt 0.57755 0.07225
vn 0.0787 0.0020 -0.9969
v 0.76709 1.97065 0.52124
vt 0.65711 0.15921
vn 0.0875 0.0002 -0.9962
v 0.76368 1.83863 0.52088
vt 0.65511 0.08155
vn 0.0906 0.0006 -0.9959
v 0.63184 1.82282 0.50874
vt 0.57755 0.07225
vn 0.0787 0.0020 -0.9969
v 0.63355 1.95766 0.50913
vt 0.57856 0.15157
vn 0.0791 0.0018 -0.9969
v 0.76709 1.97065 0.52124
vt 0.65711 0.15921
vn 0.0875 0.0002 -0.9962
v 0.63144 1.82281 0.51383
vt 0.57755 0.07225
vn -0.0787 -0.0020 0.9969
v 0.76322 1.83863 0.52596
vt 0.65511 0.08155
vn -0.0906 -0.0006 0.9959
v 0.76665 1.97065 0.52632
vt 0.65711 0.15921
vn -0.0875 -0.0002 0.9962
v 0.63144 1.82281 0.51383
vt 0.57755 0.07225
vn -0.0787 -0.0020 0.9969
v 0.76665 1.97065 0.52632
vt 0.65711 0.15921
vn -0.0875 -0.0002 0.9962
v 0.63314 1.95765 0.51421
vt 0.57856 0.15157
vn -0.0791 -0.0018 0.9969
v 0.76368 1.83863 0.52088
vt 0.65511 0.08155
vn 0.0906 0.0006 -0.9959
v 0.90064 1.98364 0.53261
vt 0.73567 0.16685
vn 0.0683 -0.0042 -0.9977
v 0.89553 1.85445 0.53276
vt 0.73266 0.09085
vn 0.0747 -0.0037 -0.9972
v 0.76368 1.83863 0.52088
vt 0.65511 0.08155
vn 0.0906 0.0006 -0.9959
v 0.76709 1.97065 0.52124
vt 0.65711 0.15921
vn 0.0875 0.0002 -0.9962
v 0.90064 1.98364 0.53261
vt 0.73567 0.16685
vn 0.0683 -0.0042 -0.9977
v 0.76322 1.83863 0.52596
vt 0.65511 0.08155
vn -0.0906 -0.0006 0.9959
v 0.89515 1.85447 0.53784
vt 0.73266 0.09085
vn -0.0747 0.0037 0.9972
v 0.90029 1.98367 0.53770
vt 0.73567 0.16685
vn -0.0683 0.0042 0.9977
v 0.76322 1.83863 0.52596
vt 0.65511 0.08155
vn -0.0906 -0.0006 0.9959
v 0.90029 1.98367 0.53770
vt 0.73567 0.16685
vn -0.0683 0.0042 0.9977
v 0.76665 1.97065 0.52632
vt 0.65711 0.15921
vn -0.0875 -0.0002 0.9962
v 0.89553 1.85445 0.53276
vt 0.73266 0.09085
vn 0.0747 -0.0037 -0.9972
v 1.03419 1.99663 0.53942
vt 0.81423 0.17449
vn 0.0230 -0.0104 -0.9997
v 1.02737 1.87026 0.54051
vt 0.81022 0.10015
vn 0.0316 -0.0097 -0.9995
v 0.89553 1.85445 0.53276
vt 0.73266 0.09085
vn 0.0747 -0.0037 -0.9972
v 0.90064 1.98364 0.53261
vt 0.73567 0.16685
vn 0.0683 -0.0042 -0.9977
v 1.03419 1.99663 0.53942
vt 0.81423 0.17449
vn 0.0230 -0.0104 -0.9997
v 0.89515 1.85447 0.53784
vt 0.73266 0.09085
vn -0.0747 0.0037 0.9972
v 1.02721 1.87031 0.54561
vt 0.81022 0.10015
vn -0.0316 0.0097 0.9995
v 1.03407 1.99669 0.54452
vt 0.81423 0.17449
vn -0.0230 0.0104 0.9997
v 0.89515 1.85447 0.53784
vt 0.73266 0.09085
vn -0.0747 0.0037 0.9972
v 1.03407 1.99669 0.54452
vt 0.81423 0.17449
vn -0.0230 0.0104 0.9997
v 0.90029 1.98367 0.53770
vt 0.73567 0.16685
vn -0.0683 0.0042 0.9977
v 1.02737 1.87026 0.54051
vt 0.81022 0.10015
vn 0.0316 -0.0097 -0.9995
v 1.16774 2.00963 0.53847
vt 0.89279 0.18213
vn -0.0418 -0.0165 -0.9990
v 1.15921 1.88608 0.54079
vt 0.88777 0.10946
vn -0.0325 -0.0158 -0.9993
v 1.02737 1.87026 0.54051
vt 0.81022 0.10015
vn 0.0316 -0.0097 -0.9995
v 1.03419 1.99663 0.53942
vt 0.81423 0.17449
vn 0.0230 -0.0104 -0.9997
v 1.16774 2.00963 0.53847
vt 0.89279 0.18213
vn -0.0418 -0.0165 -0.9990
v 1.02721 1.87031 0.54561
vt 0.81022 0.10015
vn -0.0316 0.0097 0.9995
v 1.15938 1.88616 0.54588
vt 0.88777 0.10946
vn 0.0325 0.0158 0.9993
v 1.16795 2.00971 0.54357
vt 0.89279 0.18213
vn 0.0418 0.0165 0.9990
v 1.02721 1.87031 0.54561
vt 0.81022 0.10015
vn -0.0316 0.0097 0.9995
v 1.16795 2.00971 0.54357
vt 0.89279 0.18213
vn 0.0418 0.0165 0.9990
v 1.03407 1.99669 0.54452
vt 0.81423 0.17449
vn -0.0230 0.0104 0.9997
v 1.15921 1.88608 0.54079
vt 0.88777 0.10946
vn -0.0325 -0.0158 -0.9993
v 1.30128 2.02262 0.52783
vt 0.97134 0.18977
vn -0.1139 -0.0207 -0.9933
v 1.29105 1.90189 0.53143
vt 0.96533 0.11876
vn -0.1063 -0.0199 -0.9941
v 1.15921 1.88608 0.54079
vt 0.88777 0.10946
vn -0.0325 -0.0158 -0.9993
v 1.16774 2.00963 0.53847
vt 0.89279 0.18213
vn -0.0418 -0.0165 -0.9990
v 1.30128 2.02262 0.52783
vt 0.97134 0.18977
vn -0.1139 -0.0207 -0.9933
v 1.15938 1.88616 0.54588
vt 0.88777 0.10946
vn 0.0325 0.0158 0.9993
v 1.29160 1.90199 0.53650
vt 0.96533 0.11876
vn 0.1063 0.0199 0.9941
v 1.30187 2.02272 0.53289
vt 0.97134 0.18977
vn 0.1139 0.0207 0.9933
v 1.15938 1.88616 0.54588
vt 0.88777 0.10946
vn 0.0325 0.0158 0.9993
v 1.30187 2.02272 0.53289
vt 0.97134 0.18977
vn 0.1139 0.0207 0.9933
v 1.16795 2.00971 0.54357
vt 0.89279 0.18213
vn 0.0418 0.0165 0.9990
v 1.29105 1.90189 0.53143
vt 0.91542 0.11876
vn -0.1063 -0.0199 -0.9941
v 1.43483 2.03561 0.50729
vt 1.00000 0.19742
vn -0.1496 -0.0247 -0.9884
v 1.42290 1.91771 0.51196
vt 0.99298 0.12806
vn -0.1432 -0.0241 -0.9894
v 1.29105 1.90189 0.53143
vt 0.91542 0.11876
vn -0.1063 -0.0199 -0.9941
v 1.30128 2.02262 0.52783
vt 0.92144 0.18977
vn -0.1139 -0.0207 -0.9933
v 1.43483 2.03561 0.50729
vt 1.00000 0.19742
vn -0.1496 -0.0247 -0.9884
v 1.29160 1.90199 0.53650
vt 0.91542 0.11876
vn 0.1063 0.0199 0.9941
v 1.42363 1.91783 0.51701
vt 0.99298 0.12806
vn 0.1432 0.0241 0.9894
v 1.43560 2.03573 0.51233
vt 1.00000 0.19742
vn 0.1496 0.0247 0.9884
v 1.29160 1.90199 0.53650
vt 0.91542 0.11876
vn 0.1063 0.0199 0.9941
v 1.43560 2.03573 0.51233
vt 1.00000 0.19742
vn 0.1496 0.0247 0.9884
v 1.30187 2.02272 0.53289
vt 0.92144 0.18977
vn 0.1139 0.0207 0.9933
v 0.50000 1.94467 0.50000
vt 0.50000 0.14392
vn 0.0682 -0.0000 -0.9977
v 0.63513 2.09251 0.50948
vt 0.57949 0.23089
vn 0.0792 0.0016 -0.9969
v 0.63355 1.95766 0.50913
vt 0.57856 0.15157
vn 0.0791 0.0018 -0.9969
v 0.50000 1.94467 0.50000
vt 0.50000 0.14392
vn 0.0682 -0.0000 -0.9977
v 0.50000 2.08234 0.50000
vt 0.50000 0.22491
vn 0.0700 -0.0000 -0.9975
v 0.63513 2.09251 0.50948
vt 0.57949 0.23089
vn 0.0792 0.0016 -0.9969
v 0.49965 1.94467 0.50509
vt 0.50000 0.14392
vn -0.0682 0.0000 0.9977
v 0.63314 1.95765 0.51421
vt 0.57856 0.15157
vn -0.0791 -0.0018 0.9969
v 0.63472 2.09250 0.51457
vt 0.57949 0.23089
vn -0.0792 -0.0016 0.9969
v 0.49965 1.94467 0.50509
vt 0.50000 0.14392
vn -0.0682 0.0000 0.9977
v 0.63472 2.09250 0.51457
vt 0.57949 0.23089
vn -0.0792 -0.0016 0.9969
v 0.49964 2.08234 0.50509
vt 0.50000 0.22491
vn -0.0700 0.0000 0.9975
v 0.63355 1.95766 0.50913
vt 0.57856 0.15157
vn 0.0791 0.0018 -0.9969
v 0.77026 2.10267 0.52151
vt 0.65898 0.23687
vn 0.0843 -0.0001 -0.9964
v 0.76709 1.97065 0.52124
vt 0.65711 0.15921
vn 0.0875 0.0002 -0.9962
v 0.63355 1.95766 0.50913
vt 0.57856 0.15157
vn 0.0791 0.0018 -0.9969
v 0.63513 2.09251 0.50948
vt 0.57949 0.23089
vn 0.0792 0.0016 -0.9969
v 0.77026 2.10267 0.52151
vt 0.65898 0.23687
vn 0.0843 -0.0001 -0.9964
v 0.63314 1.95765 0.51421
vt 0.57856 0.15157
vn -0.0791 -0.0018 0.9969
v 0.76665 1.97065 0.52632
vt 0.65711 0.15921
vn -0.0875 -0.0002 0.9962
v 0.76983 2.10267 0.52660
vt 0.65898 0.23687
vn -0.0843 0.0001 0.9964
v 0.63314 1.95765 0.51421
vt 0.57856 0.15157
vn -0.0791 -0.0018 0.9969
v 0.76983 2.10267 0.52660
vt 0.65898 0.23687
vn -0.0843 0.0001 0.9964
v 0.63472 2.09250 0.51457
vt 0.57949 0.23089
vn -0.0792 -0.0016 0.9969
v 0.76709 1.97065 0.52124
vt 0.65711 0.15921
vn 0.0875 0.0002 -0.9962
v 0.90539 2.11284 0.53234
vt 0.73846 0.24285
vn 0.0619 -0.0047 -0.9981
v 0.90064 1.98364 0.53261
vt 0.73567 0.16685
vn 0.0683 -0.0042 -0.9977
v 0.76709 1.97065 0.52124
vt 0.65711 0.15921
vn 0.0875 0.0002 -0.9962
v 0.77026 2.10267 0.52151
vt 0.65898 0.23687
vn 0.0843 -0.0001 -0.9964
v 0.90539 2.11284 0.53234
vt 0.73846 0.24285
vn 0.0619 -0.0047 -0.9981
v 0.76665 1.97065 0.52632
vt 0.65711 0.15921
vn -0.0875 -0.0002 0.9962
v 0.90029 1.98367 0.53770
vt 0.73567 0.16685
vn -0.0683 0.0042 0.9977
v 0.90507 2.11287 0.53743
vt 0.73846 0.24285
vn -0.0619 0.0047 0.9981
v 0.76665 1.97065 0.52632
vt 0.65711 0.15921
vn -0.0875 -0.0002 0.9962
v 0.90507 2.11287 0.53743
vt 0.73846 0.24285
vn -0.0619 0.0047 0.9981
v 0.76983 2.10267 0.52660
vt 0.65898 0.23687
vn -0.0843 0.0001 0.9964
v 0.90064 1.98364 0.53261
vt 0.73567 0.16685
vn 0.0683 -0.0042 -0.9977
v 1.04052 2.12301 0.53819
vt 0.81795 0.24883
vn 0.0144 -0.0110 -0.9998
v 1.03419 1.99663 0.53942
vt 0.81423 0.17449
vn 0.0230 -0.0104 -0.9997
v 0.90064 1.98364 0.53261
vt 0.73567 0.16685
vn 0.0683 -0.0042 -0.9977
v 0.90539 2.11284 0.53234
vt 0.73846 0.24285
vn 0.0619 -0.0047 -0.9981
v 1.04052 2.12301 0.53819
vt 0.81795 0.24883
vn 0.0144 -0.0110 -0.9998
v 0.90029 1.98367 0.53770
vt 0.73567 0.16685
vn -0.0683 0.0042 0.9977
v 1.03407 1.99669 0.54452
vt 0.81423 0.17449
vn -0.0230 0.0104 0.9997
v 1.04044 2.12306 0.54329
vt 0.81795 0.24883
vn -0.0144 0.0110 0.9998
v 0.90029 1.98367 0.53770
vt 0.73567 0.16685
vn -0.0683 0.0042 0.9977
v 1.04044 2.12306 0.54329
vt 0.81795 0.24883
vn -0.0144 0.0110 0.9998
v 0.90507 2.11287 0.53743
vt 0.73846 0.24285
vn -0.0619 0.0047 0.9981
v 1.03419 1.99663 0.53942
vt 0.81423 0.17449
vn 0.0230 -0.0104 -0.9997
v 1.17565 2.13317 0.53601
vt 0.89744 0.25481
vn -0.0507 -0.0173 -0.9986
v 1.16774 2.00963 0.53847
vt 0.89279 0.18213
vn -0.0418 -0.0165 -0.9990
v 1.03419 1.99663 0.53942
vt 0.81423 0.17449
vn 0.0230 -0.0104 -0.9997
v 1.04052 2.12301 0.53819
vt 0.81795 0.24883
vn 0.0144 -0.0110 -0.9998
v 1.17565 2.13317 0.53601
vt 0.89744 0.25481
vn -0.0507 -0.0173 -0.9986
v 1.03407 1.99669 0.54452
vt 0.81423 0.17449
vn -0.0230 0.0104 0.9997
v 1.16795 2.00971 0.54357
vt 0.89279 0.18213
vn 0.0418 0.0165 0.9990
v 1.17590 2.13326 0.54111
vt 0.89744 0.25481
vn 0.0507 0.0173 0.9986
v 1.03407 1.99669 0.54452
vt 0.81423 0.17449
vn -0.0230 0.0104 0.9997
v 1.17590 2.13326 0.54111
vt 0.89744 0.25481
vn 0.0507 0.0173 0.9986
v 1.04044 2.12306 0.54329
vt 0.81795 0.24883
vn -0.0144 0.0110 0.9998
v 1.16774 2.00963 0.53847
vt 0.89279 0.18213
vn -0.0418 -0.0165 -0.9990
v 1.31077 2.14334 0.52412
vt 0.97693 0.26079
vn -0.1211 -0.0218 -0.9924
v 1.30128 2.02262 0.52783
vt 0.97134 0.18977
vn -0.1139 -0.0207 -0.9933
v 1.16774 2.00963 0.53847
vt 0.89279 0.18213
vn -0.0418 -0.0165 -0.9990
v 1.17565 2.13317 0.53601
vt 0.89744 0.25481
vn -0.0507 -0.0173 -0.9986
v 1.31077 2.14334 0.52412
vt 0.97693 0.26079
vn -0.1211 -0.0218 -0.9924
v 1.16795 2.00971 0.54357
vt 0.89279 0.18213
vn 0.0418 0.0165 0.9990
v 1.30187 2.02272 0.53289
vt 0.97134 0.18977
vn 0.1139 0.0207 0.9933
v 1.31139 2.14345 0.52919
vt 0.97693 0.26079
vn 0.1211 0.0218 0.9924
v 1.16795 2.00971 0.54357
vt 0.89279 0.18213
vn 0.0418 0.0165 0.9990
v 1.31139 2.14345 0.52919
vt 0.97693 0.26079
vn 0.1211 0.0218 0.9924
v 1.17590 2.13326 0.54111
vt 0.89744 0.25481
vn 0.0507 0.0173 0.9986
v 1.30128 2.02262 0.52783
vt 0.91493 0.18977
vn -0.1139 -0.0207 -0.9933
v 1.44590 2.15351 0.50259
vt 1.00000 0.26677
vn -0.1554 -0.0255 -0.9875
v 1.43483 2.03561 0.50729
vt 0.99349 0.19742
vn -0.1496 -0.0247 -0.9884
v 1.30128 2.02262 0.52783
vt 0.91493 0.18977
vn -0.1139 -0.0207 -0.9933
v 1.31077 2.14334 0.52412
vt 0.92051 0.26079
vn -0.1211 -0.0218 -0.9924
v 1.44590 2.15351 0.50259
vt 1.00000 0.26677
vn -0.1554 -0.0255 -0.9875
v 1.30187 2.02272 0.53289
vt 0.91493 0.18977
vn 0.1139 0.0207 0.9933
v 1.43560 2.03573 0.51233
vt 0.99349 0.19742
vn 0.1496 0.0247 0.9884
v 1.44670 2.15364 0.50763
vt 1.00000 0.26677
vn 0.1554 0.0255 0.9875
v 1.30187 2.02272 0.53289
vt 0.91493 0.18977
vn 0.1139 0.0207 0.9933
v 1.44670 2.15364 0.50763
vt 1.00000 0.26677
vn 0.1554 0.0255 0.9875
v 1.31139 2.14345 0.52919
vt 0.92051 0.26079
vn 0.1211 0.0218 0.9924
v 0.50000 2.08234 0.50000
vt 0.50000 0.22491
vn 0.0700 -0.0000 -0.9975
v 0.63656 2.22735 0.50980
vt 0.58033 0.31021
vn 0.0792 0.0014 -0.9969
v 0.63513 2.09251 0.50948
vt 0.57949 0.23089
vn 0.0792 0.0016 -0.9969
v 0.50000 2.08234 0.50000
vt 0.50000 0.22491
vn 0.0700 -0.0000 -0.9975
v 0.50000 2.22001 0.50000
vt 0.50000 0.30589
vn 0.0716 -0.0000 -0.9974
v 0.63656 2.22735 0.50980
vt 0.58033 0.31021
vn 0.0792 0.0014 -0.9969
v 0.49964 2.08234 0.50509
vt 0.50000 0.22491
vn -0.0700 0.0000 0.9975
v 0.63472 2.09250 0.51457
vt 0.57949 0.23089
vn -0.0792 -0.0016 0.9969
v 0.63616 2.22734 0.51488
vt 0.58033 0.31021
vn -0.0792 -0.0014 0.9969
v 0.49964 2.08234 0.50509
vt 0.50000 0.22491
vn -0.0700 0.0000 0.9975
v 0.63616 2.22734 0.51488
vt 0.58033 0.31021
vn -0.0792 -0.0014 0.9969
v 0.49963 2.22001 0.50509
vt 0.50000 0.30589
vn -0.0716 0.0000 0.9974
v 0.63513 2.09251 0.50948
vt 0.57949 0.23089
vn 0.0792 0.0016 -0.9969
v 0.77312 2.23469 0.52171
vt 0.66066 0.31453
vn 0.0808 -0.0005 -0.9967
v 0.77026 2.10267 0.52151
vt 0.65898 0.23687
vn 0.0843 -0.0001 -0.9964
v 0.63513 2.09251 0.50948
vt 0.57949 0.23089
vn 0.0792 0.0016 -0.9969
v 0.63656 2.22735 0.50980
vt 0.58033 0.31021
vn 0.0792 0.0014 -0.9969
v 0.77312 2.23469 0.52171
vt 0.66066 0.31453
vn 0.0808 -0.0005 -0.9967
v 0.63472 2.09250 0.51457
vt 0.57949 0.23089
vn -0.0792 -0.0016 0.9969
v 0.76983 2.10267 0.52660
vt 0.65898 0.23687
vn -0.0843 0.0001 0.9964
v 0.77271 2.23470 0.52679
vt 0.66066 0.31453
vn -0.0808 0.0005 0.9967
v 0.63472 2.09250 0.51457
vt 0.57949 0.23089
vn -0.0792 -0.0016 0.9969
v 0.77271 2.23470 0.52679
vt 0.66066 0.31453
vn -0.0808 0.0005 0.9967
v 0.63616 2.22734 0.51488
vt 0.58033 0.31021
vn -0.0792 -0.0014 0.9969
v 0.77026 2.10267 0.52151
vt 0.65898 0.23687
vn 0.0843 -0.0001 -0.9964
v 0.90968 2.24204 0.53194
vt 0.74099 0.31885
vn 0.0555 -0.0052 -0.9984
v 0.90539 2.11284 0.53234
vt 0.73846 0.24285
vn 0.0619 -0.0047 -0.9981
v 0.77026 2.10267 0.52151
vt 0.65898 0.23687
vn 0.0843 -0.0001 -0.9964
v 0.77312 2.23469 0.52171
vt 0.66066 0.31453
vn 0.0808 -0.0005 -0.9967
v 0.90968 2.24204 0.53194
vt 0.74099 0.31885
vn 0.0555 -0.0052 -0.9984
v 0.76983 2.10267 0.52660
vt 0.65898 0.23687
vn -0.0843 0.0001 0.9964
v 0.90507 2.11287 0.53743
vt 0.73846 0.24285
vn -0.0619 0.0047 0.9981
v 0.90940 2.24206 0.53704
vt 0.74099 0.31885
vn -0.0555 0.0052 0.9984
v 0.76983 2.10267 0.52660
vt 0.65898 0.23687
vn -0.0843 0.0001 0.9964
v 0.90940 2.24206 0.53704
vt 0.74099 0.31885
vn -0.0555 0.0052 0.9984
v 0.77271 2.23470 0.52679
vt 0.66066 0.31453
vn -0.0808 0.0005 0.9967
v 0.90539 2.11284 0.53234
vt 0.73846 0.24285
vn 0.0619 -0.0047 -0.9981
v 1.04624 2.24938 0.53681
vt 0.82132 0.32317
vn 0.0060 -0.0117 -0.9999
v 1.04052 2.12301 0.53819
vt 0.81795 0.24883
vn 0.0144 -0.0110 -0.9998
v 0.90539 2.11284 0.53234
vt 0.73846 0.24285
vn 0.0619 -0.0047 -0.9981
v 0.90968 2.24204 0.53194
vt 0.74099 0.31885
vn 0.0555 -0.0052 -0.9984
v 1.04624 2.24938 0.53681
vt 0.82132 0.32317
vn 0.0060 -0.0117 -0.9999
v 0.90507 2.11287 0.53743
vt 0.73846 0.24285
vn -0.0619 0.0047 0.9981
v 1.04044 2.12306 0.54329
vt 0.81795 0.24883
vn -0.0144 0.0110 0.9998
v 1.04621 2.24944 0.54191
vt 0.82132 0.32317
vn -0.0060 0.0117 0.9999
v 0.90507 2.11287 0.53743
vt 0.73846 0.24285
vn -0.0619 0.0047 0.9981
v 1.04621 2.24944 0.54191
vt 0.82132 0.32317
vn -0.0060 0.0117 0.9999
v 0.90940 2.24206 0.53704
vt 0.74099 0.31885
vn -0.0555 0.0052 0.9984
v 1.04052 2.12301 0.53819
vt 0.81795 0.24883
vn 0.0144 -0.0110 -0.9998
v 1.18280 2.25672 0.53342
vt 0.90165 0.32748
vn -0.0592 -0.0183 -0.9981
v 1.17565 2.13317 0.53601
vt 0.89744 0.25481
vn -0.0507 -0.0173 -0.9986
v 1.04052 2.12301 0.53819
vt 0.81795 0.24883
vn 0.0144 -0.0110 -0.9998
v 1.04624 2.24938 0.53681
vt 0.82132 0.32317
vn 0.0060 -0.0117 -0.9999
v 1.18280 2.25672 0.53342
vt 0.90165 0.32748
vn -0.0592 -0.0183 -0.9981
v 1.04044 2.12306 0.54329
vt 0.81795 0.24883
vn -0.0144 0.0110 0.9998
v 1.17590 2.13326 0.54111
vt 0.89744 0.25481
vn 0.0507 0.0173 0.9986
v 1.18310 2.25682 0.53851
vt 0.90165 0.32748
vn 0.0592 0.0183 0.9981
v 1.04044 2.12306 0.54329
vt 0.81795 0.24883
vn -0.0144 0.0110 0.9998
v 1.18310 2.25682 0.53851
vt 0.90165 0.32748
vn 0.0592 0.0183 0.9981
v 1.04621 2.24944 0.54191
vt 0.82132 0.32317
vn -0.0060 0.0117 0.9999
v 1.17565 2.13317 0.53601
vt 0.89744 0.25481
vn -0.0507 -0.0173 -0.9986
v 1.31936 2.26407 0.52033
vt 0.98198 0.33180
vn -0.1278 -0.0230 -0.9915
v 1.31077 2.14334 0.52412
vt 0.97693 0.26079
vn -0.1211 -0.0218 -0.9924
v 1.17565 2.13317 0.53601
vt 0.89744 0.25481
vn -0.0507 -0.0173 -0.9986
v 1.18280 2.25672 0.53342
vt 0.90165 0.32748
vn -0.0592 -0.0183 -0.9981
v 1.31936 2.26407 0.52033
vt 0.98198 0.33180
vn -0.1278 -0.0230 -0.9915
v 1.17590 2.13326 0.54111
vt 0.89744 0.25481
vn 0.0507 0.0173 0.9986
v 1.31139 2.14345 0.52919
vt 0.97693 0.26079
vn 0.1211 0.0218 0.9924
v 1.32001 2.26418 0.52539
vt 0.98198 0.33180
vn 0.1278 0.0230 0.9915
v 1.17590 2.13326 0.54111
vt 0.89744 0.25481
vn 0.0507 0.0173 0.9986
v 1.32001 2.26418 0.52539
vt 0.98198 0.33180
vn 0.1278 0.0230 0.9915
v 1.18310 2.25682 0.53851
vt 0.90165 0.32748
vn 0.0592 0.0183 0.9981
v 1.31077 2.14334 0.52412
vt 0.91462 0.26079
vn -0.1211 -0.0218 -0.9924
v 1.45592 2.27141 0.49789
vt 1.00000 0.33612
vn -0.1607 -0.0265 -0.9866
v 1.44590 2.15351 0.50259
vt 0.99411 0.26677
vn -0.1554 -0.0255 -0.9875
v 1.31077 2.14334 0.52412
vt 0.91462 0.26079
vn -0.1211 -0.0218 -0.9924
v 1.31936 2.26407 0.52033
vt 0.91967 0.33180
vn -0.1278 -0.0230 -0.9915
v 1.45592 2.27141 0.49789
vt 1.00000 0.33612
vn -0.1607 -0.0265 -0.9866
v 1.31139 2.14345 0.52919
vt 0.91462 0.26079
vn 0.1211 0.0218 0.9924
v 1.44670 2.15364 0.50763
vt 0.99411 0.26677
vn 0.1554 0.0255 0.9875
v 1.45674 2.27155 0.50292
vt 1.00000 0.33612
vn 0.1607 0.0265 0.9866
v 1.31139 2.14345 0.52919
vt 0.91462 0.26079
vn 0.1211 0.0218 0.9924
v 1.45674 2.27155 0.50292
vt 1.00000 0.33612
vn 0.1607 0.0265 0.9866
v 1.32001 2.26418 0.52539
vt 0.91967 0.33180
vn 0.1278 0.0230 0.9915
v 0.50000 2.22001 0.50000
vt 0.50000 0.30589
vn 0.0716 -0.0000 -0.9974
v 0.63781 2.36220 0.51008
vt 0.58107 0.38953
vn 0.0789 0.0012 -0.9969
v 0.63656 2.22735 0.50980
vt 0.58033 0.31021
vn 0.0792 0.0014 -0.9969
v 0.50000 2.22001 0.50000
vt 0.50000 0.30589
vn 0.0716 -0.0000 -0.9974
v 0.50000 2.35768 0.50000
vt 0.50000 0.38687
vn 0.0729 -0.0000 -0.9973
v 0.63781 2.36220 0.51008
vt 0.58107 0.38953
vn 0.0789 0.0012 -0.9969
v 0.49963 2.22001 0.50509
vt 0.50000 0.30589
vn -0.0716 0.0000 0.9974
v 0.63616 2.22734 0.51488
vt 0.58033 0.31021
vn -0.0792 -0.0014 0.9969
v 0.63741 2.36219 0.51516
vt 0.58107 0.38953
vn -0.0789 -0.0012 0.9969
v 0.49963 2.22001 0.50509
vt 0.50000 0.30589
vn -0.0716 0.0000 0.9974
v 0.63741 2.36219 0.51516
vt 0.58107 0.38953
vn -0.0789 -0.0012 0.9969
v 0.49963 2.35768 0.50509
vt 0.50000 0.38687
vn -0.0729 0.0000 0.9973
v 0.63656 2.22735 0.50980
vt 0.58033 0.31021
vn 0.0792 0.0014 -0.9969
v 0.77563 2.36671 0.52182
vt 0.66213 0.39219
vn 0.0773 -0.0008 -0.9970
v 0.77312 2.23469 0.52171
vt 0.66066 0.31453
vn 0.0808 -0.0005 -0.9967
v 0.63656 2.22735 0.50980
vt 0.58033 0.31021
vn 0.0792 0.0014 -0.9969
v 0.63781 2.36220 0.51008
vt 0.58107 0.38953
vn 0.0789 0.0012 -0.9969
v 0.77563 2.36671 0.52182
vt 0.66213 0.39219
vn 0.0773 -0.0008 -0.9970
v 0.63616 2.22734 0.51488
vt 0.58033 0.31021
vn -0.0792 -0.0014 0.9969
v 0.77271 2.23470 0.52679
vt 0.66066 0.31453
vn -0.0808 0.0005 0.9967
v 0.77523 2.36672 0.52691
vt 0.66213 0.39219
vn -0.0773 0.0008 0.9970
v 0.63616 2.22734 0.51488
vt 0.58033 0.31021
vn -0.0792 -0.0014 0.9969
v 0.77523 2.36672 0.52691
vt 0.66213 0.39219
vn -0.0773 0.0008 0.9970
v 0.63741 2.36219 0.51516
vt 0.58107 0.38953
vn -0.0789 -0.0012 0.9969
v 0.77312 2.23469 0.52171
vt 0.66066 0.31453
vn 0.0808 -0.0005 -0.9967
v 0.91344 2.37123 0.53143
vt 0.74320 0.39484
vn 0.0490 -0.0057 -0.9988
v 0.90968 2.24204 0.53194
vt 0.74099 0.31885
vn 0.0555 -0.0052 -0.9984
v 0.77312 2.23469 0.52171
vt 0.66066 0.31453
vn 0.0808 -0.0005 -0.9967
v 0.77563 2.36671 0.52182
vt 0.66213 0.39219
vn 0.0773 -0.0008 -0.9970
v 0.91344 2.37123 0.53143
vt 0.74320 0.39484
vn 0.0490 -0.0057 -0.9988
v 0.77271 2.23470 0.52679
vt 0.66066 0.31453
vn -0.0808 0.0005 0.9967
v 0.90940 2.24206 0.53704
vt 0.74099 0.31885
vn -0.0555 0.0052 0.9984
v 0.91319 2.37126 0.53652
vt 0.74320 0.39484
vn -0.0490 0.0057 0.9988
v 0.77271 2.23470 0.52679
vt 0.66066 0.31453
vn -0.0808 0.0005 0.9967
v 0.91319 2.37126 0.53652
vt 0.74320 0.39484
vn -0.0490 0.0057 0.9988
v 0.77523 2.36672 0.52691
vt 0.66213 0.39219
vn -0.0773 0.0008 0.9970
v 0.90968 2.24204 0.53194
vt 0.74099 0.31885
vn 0.0555 -0.0052 -0.9984
v 1.05126 2.37575 0.53529
vt 0.82427 0.39750
vn -0.0022 -0.0125 -0.9999
v 1.04624 2.24938 0.53681
vt 0.82132 0.32317
vn 0.0060 -0.0117 -0.9999
v 0.90968 2.24204 0.53194
vt 0.74099 0.31885
vn 0.0555 -0.0052 -0.9984
v 0.91344 2.37123 0.53143
vt 0.74320 0.39484
vn 0.0490 -0.0057 -0.9988
v 1.05126 2.37575 0.53529
vt 0.82427 0.39750
vn -0.0022 -0.0125 -0.9999
v 0.90940 2.24206 0.53704
vt 0.74099 0.31885
vn -0.0555 0.0052 0.9984
v 1.04621 2.24944 0.54191
vt 0.82132 0.32317
vn -0.0060 0.0117 0.9999
v 1.05127 2.37582 0.54039
vt 0.82427 0.39750
vn 0.0022 0.0125 0.9999
v 0.90940 2.24206 0.53704
vt 0.74099 0.31885
vn -0.0555 0.0052 0.9984
v 1.05127 2.37582 0.54039
vt 0.82427 0.39750
vn 0.0022 0.0125 0.9999
v 0.91319 2.37126 0.53652
vt 0.74320 0.39484
vn -0.0490 0.0057 0.9988
v 1.04624 2.24938 0.53681
vt 0.82132 0.32317
vn 0.0060 -0.0117 -0.9999
v 1.18907 2.38027 0.53070
vt 0.90534 0.40016
vn -0.0675 -0.0193 -0.9975
v 1.18280 2.25672 0.53342
vt 0.90165 0.32748
vn -0.0592 -0.0183 -0.9981
v 1.04624 2.24938 0.53681
vt 0.82132 0.32317
vn 0.0060 -0.0117 -0.9999
v 1.05126 2.37575 0.53529
vt 0.82427 0.39750
vn -0.0022 -0.0125 -0.9999
v 1.18907 2.38027 0.53070
vt 0.90534 0.40016
vn -0.0675 -0.0193 -0.9975
v 1.04621 2.24944 0.54191
vt 0.82132 0.32317
vn -0.0060 0.0117 0.9999
v 1.18310 2.25682 0.53851
vt 0.90165 0.32748
vn 0.0592 0.0183 0.9981
v 1.18942 2.38037 0.53578
vt 0.90534 0.40016
vn 0.0675 0.0193 0.9975
v 1.04621 2.24944 0.54191
vt 0.82132 0.32317
vn -0.0060 0.0117 0.9999
v 1.18942 2.38037 0.53578
vt 0.90534 0.40016
vn 0.0675 0.0193 0.9975
v 1.05127 2.37582 0.54039
vt 0.82427 0.39750
vn 0.0022 0.0125 0.9999
v 1.18280 2.25672 0.53342
vt 0.90165 0.32748
vn -0.0592 -0.0183 -0.9981
v 1.32689 2.38479 0.51646
vt 0.98640 0.40282
vn -0.1340 -0.0243 -0.9907
v 1.31936 2.26407 0.52033
vt 0.98198 0.33180
vn -0.1278 -0.0230 -0.9915
v 1.18280 2.25672 0.53342
vt 0.90165 0.32748
vn -0.0592 -0.0183 -0.9981
v 1.18907 2.38027 0.53070
vt 0.90534 0.40016
vn -0.0675 -0.0193 -0.9975
v 1.32689 2.38479 0.51646
vt 0.98640 0.40282
vn -0.1340 -0.0243 -0.9907
v 1.18310 2.25682 0.53851
vt 0.90165 0.32748
vn 0.0592 0.0183 0.9981
v 1.32001 2.26418 0.52539
vt 0.98198 0.33180
vn 0.1278 0.0230 0.9915
v 1.32757 2.38492 0.52151
vt 0.98640 0.40282
vn 0.1340 0.0243 0.9907
v 1.18310 2.25682 0.53851
vt 0.90165 0.32748
vn 0.0592 0.0183 0.9981
v 1.32757 2.38492 0.52151
vt 0.98640 0.40282
vn 0.1340 0.0243 0.9907
v 1.18942 2.38037 0.53578
vt 0.90534 0.40016
vn 0.0675 0.0193 0.9975
v 1.31936 2.26407 0.52033
vt 0.91450 0.33180
vn -0.1278 -0.0230 -0.9915
v 1.46470 2.38931 0.49319
vt 1.00000 0.40548
vn -0.1655 -0.0278 -0.9858
v 1.45592 2.27141 0.49789
vt 0.99483 0.33612
vn -0.1607 -0.0265 -0.9866
v 1.31936 2.26407 0.52033
vt 0.91450 0.33180
vn -0.1278 -0.0230 -0.9915
v 1.32689 2.38479 0.51646
vt 0.91893 0.40282
vn -0.1340 -0.0243 -0.9907
v 1.46470 2.38931 0.49319
vt 1.00000 0.40548
vn -0.1655 -0.0278 -0.9858
v 1.32001 2.26418 0.52539
vt 0.91450 0.33180
vn 0.1278 0.0230 0.9915
v 1.45674 2.27155 0.50292
vt 0.99483 0.33612
vn 0.1607 0.0265 0.9866
v 1.46554 2.38945 0.49821
vt 1.00000 0.40548
vn 0.1655 0.0278 0.9858
v 1.32001 2.26418 0.52539
vt 0.91450 0.33180
vn 0.1278 0.0230 0.9915
v 1.46554 2.38945 0.49821
vt 1.00000 0.40548
vn 0.1655 0.0278 0.9858
v 1.32757 2.38492 0.52151
vt 0.91893 0.40282
vn 0.1340 0.0243 0.9907
v 0.50000 2.35768 0.50000
vt 0.50000 0.38687
vn 0.0729 -0.0000 -0.9973
v 0.63887 2.49704 0.51032
vt 0.58169 0.46885
vn 0.0784 0.0011 -0.9969
v 0.63781 2.36220 0.51008
vt 0.58107 0.38953
vn 0.0789 0.0012 -0.9969
v 0.50000 2.35768 0.50000
vt 0.50000 0.38687
vn 0.0729 -0.0000 -0.9973
v 0.50000 2.49534 0.50000
vt 0.50000 0.46785
vn 0.0741 -0.0000 -0.9973
v 0.63887 2.49704 0.51032
vt 0.58169 0.46885
vn 0.0784 0.0011 -0.9969
v 0.49963 2.35768 0.50509
vt 0.50000 0.38687
vn -0.0729 0.0000 0.9973
v 0.63741 2.36219 0.51516
vt 0.58107 0.38953
vn -0.0789 -0.0012 0.9969
v 0.63847 2.49703 0.51540
vt 0.58169 0.46885
vn -0.0784 -0.0011 0.9969
v 0.49963 2.35768 0.50509
vt 0.50000 0.38687
vn -0.0729 0.0000 0.9973
v 0.63847 2.49703 0.51540
vt 0.58169 0.46885
vn -0.0784 -0.0011 0.9969
v 0.49962 2.49534 0.50509
vt 0.50000 0.46785
vn -0.0741 0.0000 0.9973
v 0.63781 2.36220 0.51008
vt 0.58107 0.38953
vn 0.0789 0.0012 -0.9969
v 0.77774 2.49874 0.52186
vt 0.66338 0.46984
vn 0.0735 -0.0011 -0.9973
v 0.77563 2.36671 0.52182
vt 0.66213 0.39219
vn 0.0773 -0.0008 -0.9970
v 0.63781 2.36220 0.51008
vt 0.58107 0.38953
vn 0.0789 0.0012 -0.9969
v 0.63887 2.49704 0.51032
vt 0.58169 0.46885
vn 0.0784 0.0011 -0.9969
v 0.77774 2.49874 0.52186
vt 0.66338 0.46984
vn 0.0735 -0.0011 -0.9973
v 0.63741 2.36219 0.51516
vt 0.58107 0.38953
vn -0.0789 -0.0012 0.9969
v 0.77523 2.36672 0.52691
vt 0.66213 0.39219
vn -0.0773 0.0008 0.9970
v 0.77737 2.49874 0.52694
vt 0.66338 0.46984
vn -0.0735 0.0011 0.9973
v 0.63741 2.36219 0.51516
vt 0.58107 0.38953
vn -0.0789 -0.0012 0.9969
v 0.77737 2.49874 0.52694
vt 0.66338 0.46984
vn -0.0735 0.0011 0.9973
v 0.63847 2.49703 0.51540
vt 0.58169 0.46885
vn -0.0784 -0.0011 0.9969
v 0.77563 2.36671 0.52182
vt 0.66213 0.39219
vn 0.0773 -0.0008 -0.9970
v 0.91661 2.50043 0.53080
vt 0.74506 0.47084
vn 0.0424 -0.0063 -0.9991
v 0.91344 2.37123 0.53143
vt 0.74320 0.39484
vn 0.0490 -0.0057 -0.9988
v 0.77563 2.36671 0.52182
vt 0.66213 0.39219
vn 0.0773 -0.0008 -0.9970
v 0.77774 2.49874 0.52186
vt 0.66338 0.46984
vn 0.0735 -0.0011 -0.9973
v 0.91661 2.50043 0.53080
vt 0.74506 0.47084
vn 0.0424 -0.0063 -0.9991
v 0.77523 2.36672 0.52691
vt 0.66213 0.39219
vn -0.0773 0.0008 0.9970
v 0.91319 2.37126 0.53652
vt 0.74320 0.39484
vn -0.0490 0.0057 0.9988
v 0.91639 2.50046 0.53589
vt 0.74506 0.47084
vn -0.0424 0.0063 0.9991
v 0.77523 2.36672 0.52691
vt 0.66213 0.39219
vn -0.0773 0.0008 0.9970
v 0.91639 2.50046 0.53589
vt 0.74506 0.47084
vn -0.0424 0.0063 0.9991
v 0.77737 2.49874 0.52694
vt 0.66338 0.46984
vn -0.0735 0.0011 0.9973
v 0.91344 2.37123 0.53143
vt 0.74320 0.39484
vn 0.0490 -0.0057 -0.9988
v 1.05548 2.50213 0.53363
vt 0.82675 0.47184
vn -0.0104 -0.0133 -0.9999
v 1.05126 2.37575 0.53529
vt 0.82427 0.39750
vn -0.0022 -0.0125 -0.9999
v 0.91344 2.37123 0.53143
vt 0.74320 0.39484
vn 0.0490 -0.0057 -0.9988
v 0.91661 2.50043 0.53080
vt 0.74506 0.47084
vn 0.0424 -0.0063 -0.9991
v 1.05548 2.50213 0.53363
vt 0.82675 0.47184
vn -0.0104 -0.0133 -0.9999
v 0.91319 2.37126 0.53652
vt 0.74320 0.39484
vn -0.0490 0.0057 0.9988
v 1.05127 2.37582 0.54039
vt 0.82427 0.39750
vn 0.0022 0.0125 0.9999
v 1.05553 2.50219 0.53873
vt 0.82675 0.47184
vn 0.0104 0.0133 0.9999
v 0.91319 2.37126 0.53652
vt 0.74320 0.39484
vn -0.0490 0.0057 0.9988
v 1.05553 2.50219 0.53873
vt 0.82675 0.47184
vn 0.0104 0.0133 0.9999
v 0.91639 2.50046 0.53589
vt 0.74506 0.47084
vn -0.0424 0.0063 0.9991
v 1.05126 2.37575 0.53529
vt 0.82427 0.39750
vn -0.0022 -0.0125 -0.9999
v 1.19435 2.50382 0.52786
vt 0.90844 0.47284
vn -0.0755 -0.0204 -0.9969
v 1.18907 2.38027 0.53070
vt 0.90534 0.40016
vn -0.0675 -0.0193 -0.9975
v 1.05126 2.37575 0.53529
vt 0.82427 0.39750
vn -0.0022 -0.0125 -0.9999
v 1.05548 2.50213 0.53363
vt 0.82675 0.47184
vn -0.0104 -0.0133 -0.9999
v 1.19435 2.50382 0.52786
vt 0.90844 0.47284
vn -0.0755 -0.0204 -0.9969
v 1.05127 2.37582 0.54039
vt 0.82427 0.39750
vn 0.0022 0.0125 0.9999
v 1.18942 2.38037 0.53578
vt 0.90534 0.40016
vn 0.0675 0.0193 0.9975
v 1.19474 2.50393 0.53294
vt 0.90844 0.47284
vn 0.0755 0.0204 0.9969
v 1.05127 2.37582 0.54039
vt 0.82427 0.39750
vn 0.0022 0.0125 0.9999
v 1.19474 2.50393 0.53294
vt 0.90844 0.47284
vn 0.0755 0.0204 0.9969
v 1.05553 2.50219 0.53873
vt 0.82675 0.47184
vn 0.0104 0.0133 0.9999
v 1.18907 2.38027 0.53070
vt 0.90534 0.40016
vn -0.0675 -0.0193 -0.9975
v 1.33322 2.50552 0.51252
vt 0.99013 0.47383
vn -0.1399 -0.0259 -0.9898
v 1.32689 2.38479 0.51646
vt 0.98640 0.40282
vn -0.1340 -0.0243 -0.9907
v 1.18907 2.38027 0.53070
vt 0.90534 0.40016
vn -0.0675 -0.0193 -0.9975
v 1.19435 2.50382 0.52786
vt 0.90844 0.47284
vn -0.0755 -0.0204 -0.9969
v 1.33322 2.50552 0.51252
vt 0.99013 0.47383
vn -0.1399 -0.0259 -0.9898
v 1.18942 2.38037 0.53578
vt 0.90534 0.40016
vn 0.0675 0.0193 0.9975
v 1.32757 2.38492 0.52151
vt 0.98640 0.40282
vn 0.1340 0.0243 0.9907
v 1.33393 2.50565 0.51757
vt 0.99013 0.47383
vn 0.1399 0.0259 0.9898
v 1.18942 2.38037 0.53578
vt 0.90534 0.40016
vn 0.0675 0.0193 0.9975
v 1.33393 2.50565 0.51757
vt 0.99013 0.47383
vn 0.1399 0.0259 0.9898
v 1.19474 2.50393 0.53294
vt 0.90844 0.47284
vn 0.0755 0.0204 0.9969
v 1.32689 2.38479 0.51646
vt 0.91459 0.40282
vn -0.1340 -0.0243 -0.9907
v 1.47209 2.50721 0.48851
vt 1.00000 0.47483
vn -0.1699 -0.0293 -0.9850
v 1.46470 2.38931 0.49319
vt 0.99565 0.40548
vn -0.1655 -0.0278 -0.9858
v 1.32689 2.38479 0.51646
vt 0.91459 0.40282
vn -0.1340 -0.0243 -0.9907
v 1.33322 2.50552 0.51252
vt 0.91831 0.47383
vn -0.1399 -0.0259 -0.9898
v 1.47209 2.50721 0.48851
vt 1.00000 0.47483
vn -0.1699 -0.0293 -0.9850
v 1.32757 2.38492 0.52151
vt 0.91459 0.40282
vn 0.1340 0.0243 0.9907
v 1.46554 2.38945 0.49821
vt 0.99565 0.40548
vn 0.1655 0.0278 0.9858
v 1.47296 2.50736 0.49354
vt 1.00000 0.47483
vn 0.1699 0.0293 0.9850
v 1.32757 2.38492 0.52151
vt 0.91459 0.40282
vn 0.1340 0.0243 0.9907
v 1.47296 2.50736 0.49354
vt 1.00000 0.47483
vn 0.1699 0.0293 0.9850
v 1.33393 2.50565 0.51757
vt 0.91831 0.47383
vn 0.1399 0.0259 0.9898
v 0.50000 2.49534 0.50000
vt 0.50000 0.46785
vn 0.0741 -0.0000 -0.9973
v 0.63971 2.63188 0.51052
vt 0.58218 0.54817
vn 0.0778 0.0009 -0.9970
v 0.63887 2.49704 0.51032
vt 0.58169 0.46885
vn 0.0784 0.0011 -0.9969
v 0.50000 2.49534 0.50000
vt 0.50000 0.46785
vn 0.0741 -0.0000 -0.9973
v 0.50000 2.63301 0.50000
vt 0.50000 0.54883
vn 0.0751 -0.0000 -0.9972
v 0.63971 2.63188 0.51052
vt 0.58218 0.54817
vn 0.0778 0.0009 -0.9970
v 0.49962 2.49534 0.50509
vt 0.50000 0.46785
vn -0.0741 0.0000 0.9973
v 0.63847 2.49703 0.51540
vt 0.58169 0.46885
vn -0.0784 -0.0011 0.9969
v 0.63931 2.63188 0.51561
vt 0.58218 0.54817
vn -0.0778 -0.0009 0.9970
v 0.49962 2.49534 0.50509
vt 0.50000 0.46785
vn -0.0741 0.0000 0.9973
v 0.63931 2.63188 0.51561
vt 0.58218 0.54817
vn -0.0778 -0.0009 0.9970
v 0.49962 2.63301 0.50509
vt 0.50000 0.54883
vn -0.0751 0.0000 0.9972
v 0.63887 2.49704 0.51032
vt 0.58169 0.46885
vn 0.0784 0.0011 -0.9969
v 0.77941 2.63076 0.52181
vt 0.66436 0.54750
vn 0.0697 -0.0015 -0.9976
v 0.77774 2.49874 0.52186
vt 0.66338 0.46984
vn 0.0735 -0.0011 -0.9973
v 0.63887 2.49704 0.51032
vt 0.58169 0.46885
vn 0.0784 0.0011 -0.9969
v 0.63971 2.63188 0.51052
vt 0.58218 0.54817
vn 0.0778 0.0009 -0.9970
v 0.77941 2.63076 0.52181
vt 0.66436 0.54750
vn 0.0697 -0.0015 -0.9976
v 0.63847 2.49703 0.51540
vt 0.58169 0.46885
vn -0.0784 -0.0011 0.9969
v 0.77737 2.49874 0.52694
vt 0.66338 0.46984
vn -0.0735 0.0011 0.9973
v 0.77906 2.63076 0.52689
vt 0.66436 0.54750
vn -0.0697 0.0015 0.9976
v 0.63847 2.49703 0.51540
vt 0.58169 0.46885
vn -0.0784 -0.0011 0.9969
v 0.77906 2.63076 0.52689
vt 0.66436 0.54750
vn -0.0697 0.0015 0.9976
v 0.63931 2.63188 0.51561
vt 0.58218 0.54817
vn -0.0778 -0.0009 0.9970
v 0.77774 2.49874 0.52186
vt 0.66338 0.46984
vn 0.0735 -0.0011 -0.9973
v 0.91912 2.62963 0.53005
vt 0.74654 0.54684
vn 0.0359 -0.0068 -0.9993
v 0.91661 2.50043 0.53080
vt 0.74506 0.47084
vn 0.0424 -0.0063 -0.9991
v 0.77774 2.49874 0.52186
vt 0.66338 0.46984
vn 0.0735 -0.0011 -0.9973
v 0.77941 2.63076 0.52181
vt 0.66436 0.54750
vn 0.0697 -0.0015 -0.9976
v 0.91912 2.62963 0.53005
vt 0.74654 0.54684
vn 0.0359 -0.0068 -0.9993
v 0.77737 2.49874 0.52694
vt 0.66338 0.46984
vn -0.0735 0.0011 0.9973
v 0.91639 2.50046 0.53589
vt 0.74506 0.47084
vn -0.0424 0.0063 0.9991
v 0.91894 2.62966 0.53514
vt 0.74654 0.54684
vn -0.0359 0.0068 0.9993
v 0.77737 2.49874 0.52694
vt 0.66338 0.46984
vn -0.0735 0.0011 0.9973
v 0.91894 2.62966 0.53514
vt 0.74654 0.54684
vn -0.0359 0.0068 0.9993
v 0.77906 2.63076 0.52689
vt 0.66436 0.54750
vn -0.0697 0.0015 0.9976
v 0.91661 2.50043 0.53080
vt 0.74506 0.47084
vn 0.0424 -0.0063 -0.9991
v 1.05883 2.62850 0.53185
vt 0.82872 0.54618
vn -0.0185 -0.0141 -0.9997
v 1.05548 2.50213 0.53363
vt 0.82675 0.47184
vn -0.0104 -0.0133 -0.9999
v 0.91661 2.50043 0.53080
vt 0.74506 0.47084
vn 0.0424 -0.0063 -0.9991
v 0.91912 2.62963 0.53005
vt 0.74654 0.54684
vn 0.0359 -0.0068 -0.9993
v 1.05883 2.62850 0.53185
vt 0.82872 0.54618
vn -0.0185 -0.0141 -0.9997
v 0.91639 2.50046 0.53589
vt 0.74506 0.47084
vn -0.0424 0.0063 0.9991
v 1.05553 2.50219 0.53873
vt 0.82675 0.47184
vn 0.0104 0.0133 0.9999
v 1.05892 2.62857 0.53695
vt 0.82872 0.54618
vn 0.0185 0.0141 0.9997
v 0.91639 2.50046 0.53589
vt 0.74506 0.47084
vn -0.0424 0.0063 0.9991
v 1.05892 2.62857 0.53695
vt 0.82872 0.54618
vn 0.0185 0.0141 0.9997
v 0.91894 2.62966 0.53514
vt 0.74654 0.54684
vn -0.0359 0.0068 0.9993
v 1.05548 2.50213 0.53363
vt 0.82675 0.47184
vn -0.0104 -0.0133 -0.9999
v 1.19854 2.62737 0.52492
vt 0.91090 0.54551
vn -0.0833 -0.0217 -0.9963
v 1.19435 2.50382 0.52786
vt 0.90844 0.47284
vn -0.0755 -0.0204 -0.9969
v 1.05548 2.50213 0.53363
vt 0.82675 0.47184
vn -0.0104 -0.0133 -0.9999
v 1.05883 2.62850 0.53185
vt 0.82872 0.54618
vn -0.0185 -0.0141 -0.9997
v 1.19854 2.62737 0.52492
vt 0.91090 0.54551
vn -0.0833 -0.0217 -0.9963
v 1.05553 2.50219 0.53873
vt 0.82675 0.47184
vn 0.0104 0.0133 0.9999
v 1.19474 2.50393 0.53294
vt 0.90844 0.47284
vn 0.0755 0.0204 0.9969
v 1.19896 2.62748 0.53000
vt 0.91090 0.54551
vn 0.0833 0.0217 0.9963
v 1.05553 2.50219 0.53873
vt 0.82675 0.47184
vn 0.0104 0.0133 0.9999
v 1.19896 2.62748 0.53000
vt 0.91090 0.54551
vn 0.0833 0.0217 0.9963
v 1.05892 2.62857 0.53695
vt 0.82872 0.54618
vn 0.0185 0.0141 0.9997
v 1.19435 2.50382 0.52786
vt 0.90844 0.47284
vn -0.0755 -0.0204 -0.9969
v 1.33824 2.62624 0.50854
vt 0.99308 0.54485
vn -0.1455 -0.0276 -0.9890
v 1.33322 2.50552 0.51252
vt 0.99013 0.47383
vn -0.1399 -0.0259 -0.9898
v 1.19435 2.50382 0.52786
vt 0.90844 0.47284
vn -0.0755 -0.0204 -0.9969
v 1.19854 2.62737 0.52492
vt 0.91090 0.54551
vn -0.0833 -0.0217 -0.9963
v 1.33824 2.62624 0.50854
vt 0.99308 0.54485
vn -0.1455 -0.0276 -0.9890
v 1.19474 2.50393 0.53294
vt 0.90844 0.47284
vn 0.0755 0.0204 0.9969
v 1.33393 2.50565 0.51757
vt 0.99013 0.47383
vn 0.1399 0.0259 0.9898
v 1.33899 2.62638 0.51358
vt 0.99308 0.54485
vn 0.1455 0.0276 0.9890
v 1.19474 2.50393 0.53294
vt 0.90844 0.47284
vn 0.0755 0.0204 0.9969
v 1.33899 2.62638 0.51358
vt 0.99308 0.54485
vn 0.1455 0.0276 0.9890
v 1.19896 2.62748 0.53000
vt 0.91090 0.54551
vn 0.0833 0.0217 0.9963
v 1.33322 2.50552 0.51252
vt 0.91486 0.47383
vn -0.1399 -0.0259 -0.9898
v 1.47795 2.62512 0.48388
vt 1.00000 0.54419
vn -0.1740 -0.0310 -0.9843
v 1.47209 2.50721 0.48851
vt 0.99655 0.47483
vn -0.1699 -0.0293 -0.9850
v 1.33322 2.50552 0.51252
vt 0.91486 0.47383
vn -0.1399 -0.0259 -0.9898
v 1.33824 2.62624 0.50854
vt 0.91782 0.54485
vn -0.1455 -0.0276 -0.9890
v 1.47795 2.62512 0.48388
vt 1.00000 0.54419
vn -0.1740 -0.0310 -0.9843
v 1.33393 2.50565 0.51757
vt 0.91486 0.47383
vn 0.1399 0.0259 0.9898
v 1.47296 2.50736 0.49354
vt 0.99655 0.47483
vn 0.1699 0.0293 0.9850
v 1.47884 2.62527 0.48890
vt 1.00000 0.54419
vn 0.1740 0.0310 0.9843
v 1.33393 2.50565 0.51757
vt 0.91486 0.47383
vn 0.1399 0.0259 0.9898
v 1.47884 2.62527 0.48890
vt 1.00000 0.54419
vn 0.1740 0.0310 0.9843
v 1.33899 2.62638 0.51358
vt 0.91782 0.54485
vn 0.1455 0.0276 0.9890
v 0.50000 2.63301 0.50000
vt 0.50000 0.54883
vn 0.0751 -0.0000 -0.9972
v 0.64031 2.76673 0.51068
vt 0.58253 0.62749
vn 0.0770 0.0008 -0.9970
v 0.63971 2.63188 0.51052
vt 0.58218 0.54817
vn 0.0778 0.0009 -0.9970
v 0.50000 2.63301 0.50000
vt 0.50000 0.54883
vn 0.0751 -0.0000 -0.9972
v 0.50000 2.77068 0.50000
vt 0.50000 0.62981
vn 0.0759 -0.0000 -0.9971
v 0.64031 2.76673 0.51068
vt 0.58253 0.62749
vn 0.0770 0.0008 -0.9970
v 0.49962 2.63301 0.50509
vt 0.50000 0.54883
vn -0.0751 0.0000 0.9972
v 0.63931 2.63188 0.51561
vt 0.58218 0.54817
vn -0.0778 -0.0009 0.9970
v 0.63992 2.76672 0.51577
vt 0.58253 0.62749
vn -0.0770 -0.0008 0.9970
v 0.49962 2.63301 0.50509
vt 0.50000 0.54883
vn -0.0751 0.0000 0.9972
v 0.63992 2.76672 0.51577
vt 0.58253 0.62749
vn -0.0770 -0.0008 0.9970
v 0.49961 2.77068 0.50509
vt 0.50000 0.62981
vn -0.0759 0.0000 0.9971
v 0.63971 2.63188 0.51052
vt 0.58218 0.54817
vn 0.0778 0.0009 -0.9970
v 0.78062 2.76278 0.52167
vt 0.66507 0.62516
vn 0.0657 -0.0018 -0.9978
v 0.77941 2.63076 0.52181
vt 0.66436 0.54750
vn 0.0697 -0.0015 -0.9976
v 0.63971 2.63188 0.51052
vt 0.58218 0.54817
vn 0.0778 0.0009 -0.9970
v 0.64031 2.76673 0.51068
vt 0.58253 0.62749
vn 0.0770 0.0008 -0.9970
v 0.78062 2.76278 0.52167
vt 0.66507 0.62516
vn 0.0657 -0.0018 -0.9978
v 0.63931 2.63188 0.51561
vt 0.58218 0.54817
vn -0.0778 -0.0009 0.9970
v 0.77906 2.63076 0.52689
vt 0.66436 0.54750
vn -0.0697 0.0015 0.9976
v 0.78028 2.76279 0.52676
vt 0.66507 0.62516
vn -0.0657 0.0018 0.9978
v 0.63931 2.63188 0.51561
vt 0.58218 0.54817
vn -0.0778 -0.0009 0.9970
v 0.78028 2.76279 0.52676
vt 0.66507 0.62516
vn -0.0657 0.0018 0.9978
v 0.63992 2.76672 0.51577
vt 0.58253 0.62749
vn -0.0770 -0.0008 0.9970
v 0.77941 2.63076 0.52181
vt 0.66436 0.54750
vn 0.0697 -0.0015 -0.9976
v 0.92093 2.75882 0.52918
vt 0.74760 0.62284
vn 0.0293 -0.0074 -0.9995
v 0.91912 2.62963 0.53005
vt 0.74654 0.54684
vn 0.0359 -0.0068 -0.9993
v 0.77941 2.63076 0.52181
vt 0.66436 0.54750
vn 0.0697 -0.0015 -0.9976
v 0.78062 2.76278 0.52167
vt 0.66507 0.62516
vn 0.0657 -0.0018 -0.9978
v 0.92093 2.75882 0.52918
vt 0.74760 0.62284
vn 0.0293 -0.0074 -0.9995
v 0.77906 2.63076 0.52689
vt 0.66436 0.54750
vn -0.0697 0.0015 0.9976
v 0.91894 2.62966 0.53514
vt 0.74654 0.54684
vn -0.0359 0.0068 0.9993
v 0.92078 2.75886 0.53428
vt 0.74760 0.62284
vn -0.0293 0.0074 0.9995
v 0.77906 2.63076 0.52689
vt 0.66436 0.54750
vn -0.0697 0.0015 0.9976
v 0.92078 2.75886 0.53428
vt 0.74760 0.62284
vn -0.0293 0.0074 0.9995
v 0.78028 2.76279 0.52676
vt 0.66507 0.62516
vn -0.0657 0.0018 0.9978
v 0.91912 2.62963 0.53005
vt 0.74654 0.54684
vn 0.0359 -0.0068 -0.9993
v 1.06124 2.75487 0.52995
vt 0.83014 0.62051
vn -0.0264 -0.0151 -0.9995
v 1.05883 2.62850 0.53185
vt 0.82872 0.54618
vn -0.0185 -0.0141 -0.9997
v 0.91912 2.62963 0.53005
vt 0.74654 0.54684
vn 0.0359 -0.0068 -0.9993
v 0.92093 2.75882 0.52918
vt 0.74760 0.62284
vn 0.0293 -0.0074 -0.9995
v 1.06124 2.75487 0.52995
vt 0.83014 0.62051
vn -0.0264 -0.0151 -0.9995
v 0.91894 2.62966 0.53514
vt 0.74654 0.54684
vn -0.0359 0.0068 0.9993
v 1.05892 2.62857 0.53695
vt 0.82872 0.54618
vn 0.0185 0.0141 0.9997
v 1.06137 2.75495 0.53505
vt 0.83014 0.62051
vn 0.0264 0.0151 0.9995
v 0.91894 2.62966 0.53514
vt 0.74654 0.54684
vn -0.0359 0.0068 0.9993
v 1.06137 2.75495 0.53505
vt 0.83014 0.62051
vn 0.0264 0.0151 0.9995
v 0.92078 2.75886 0.53428
vt 0.74760 0.62284
vn -0.0293 0.0074 0.9995
v 1.05883 2.62850 0.53185
vt 0.82872 0.54618
vn -0.0185 -0.0141 -0.9997
v 1.20155 2.75092 0.52188
vt 0.91267 0.61819
vn -0.0909 -0.0231 -0.9956
v 1.19854 2.62737 0.52492
vt 0.91090 0.54551
vn -0.0833 -0.0217 -0.9963
v 1.05883 2.62850 0.53185
vt 0.82872 0.54618
vn -0.0185 -0.0141 -0.9997
v 1.06124 2.75487 0.52995
vt 0.83014 0.62051
vn -0.0264 -0.0151 -0.9995
v 1.20155 2.75092 0.52188
vt 0.91267 0.61819
vn -0.0909 -0.0231 -0.9956
v 1.05892 2.62857 0.53695
vt 0.82872 0.54618
vn 0.0185 0.0141 0.9997
v 1.19896 2.62748 0.53000
vt 0.91090 0.54551
vn 0.0833 0.0217 0.9963
v 1.20201 2.75104 0.52695
vt 0.91267 0.61819
vn 0.0909 0.0231 0.9956
v 1.05892 2.62857 0.53695
vt 0.82872 0.54618
vn 0.0185 0.0141 0.9997
v 1.20201 2.75104 0.52695
vt 0.91267 0.61819
vn 0.0909 0.0231 0.9956
v 1.06137 2.75495 0.53505
vt 0.83014 0.62051
vn 0.0264 0.0151 0.9995
v 1.19854 2.62737 0.52492
vt 0.91090 0.54551
vn -0.0833 -0.0217 -0.9963
v 1.34186 2.74697 0.50453
vt 0.99521 0.61586
vn -0.1507 -0.0293 -0.9881
v 1.33824 2.62624 0.50854
vt 0.99308 0.54485
vn -0.1455 -0.0276 -0.9890
v 1.19854 2.62737 0.52492
vt 0.91090 0.54551
vn -0.0833 -0.0217 -0.9963
v 1.20155 2.75092 0.52188
vt 0.91267 0.61819
vn -0.0909 -0.0231 -0.9956
v 1.34186 2.74697 0.50453
vt 0.99521 0.61586
vn -0.1507 -0.0293 -0.9881
v 1.19896 2.62748 0.53000
vt 0.91090 0.54551
vn 0.0833 0.0217 0.9963
v 1.33899 2.62638 0.51358
vt 0.99308 0.54485
vn 0.1455 0.0276 0.9890
v 1.34262 2.74712 0.50956
vt 0.99521 0.61586
vn 0.1507 0.0293 0.9881
v 1.19896 2.62748 0.53000
vt 0.91090 0.54551
vn 0.0833 0.0217 0.9963
v 1.34262 2.74712 0.50956
vt 0.99521 0.61586
vn 0.1507 0.0293 0.9881
v 1.20201 2.75104 0.52695
vt 0.91267 0.61819
vn 0.0909 0.0231 0.9956
v 1.33824 2.62624 0.50854
vt 0.91534 0.54485
vn -0.1455 -0.0276 -0.9890
v 1.48217 2.74302 0.47932
vt 1.00000 0.61354
vn -0.1776 -0.0327 -0.9836
v 1.47795 2.62512 0.48388
vt 0.99752 0.54419
vn -0.1740 -0.0310 -0.9843
v 1.33824 2.62624 0.50854
vt 0.91534 0.54485
vn -0.1455 -0.0276 -0.9890
v 1.34186 2.74697 0.50453
vt 0.91747 0.61586
vn -0.1507 -0.0293 -0.9881
v 1.48217 2.74302 0.47932
vt 1.00000 0.61354
vn -0.1776 -0.0327 -0.9836
v 1.33899 2.62638 0.51358
vt 0.91534 0.54485
vn 0.1455 0.0276 0.9890
v 1.47884 2.62527 0.48890
vt 0.99752 0.54419
vn 0.1740 0.0310 0.9843
v 1.48307 2.74318 0.48433
vt 1.00000 0.61354
vn 0.1776 0.0327 0.9836
v 1.33899 2.62638 0.51358
vt 0.91534 0.54485
vn 0.1455 0.0276 0.9890
v 1.48307 2.74318 0.48433
vt 1.00000 0.61354
vn 0.1776 0.0327 0.9836
v 1.34262 2.74712 0.50956
vt 0.91747 0.61586
vn 0.1507 0.0293 0.9881
v 0.50000 2.77068 0.50000
vt 0.50000 0.62981
vn 0.0759 -0.0000 -0.9971
v 0.64066 2.90157 0.51080
vt 0.58274 0.70681
vn 0.0761 0.0006 -0.9971
v 0.64031 2.76673 0.51068
vt 0.58253 0.62749
vn 0.0770 0.0008 -0.9970
v 0.50000 2.77068 0.50000
vt 0.50000 0.62981
vn 0.0759 -0.0000 -0.9971
v 0.50000 2.90835 0.50000
vt 0.50000 0.71079
vn 0.0766 -0.0000 -0.9971
v 0.64066 2.90157 0.51080
vt 0.58274 0.70681
vn 0.0761 0.0006 -0.9971
v 0.49961 2.77068 0.50509
vt 0.50000 0.62981
vn -0.0759 0.0000 0.9971
v 0.63992 2.76672 0.51577
vt 0.58253 0.62749
vn -0.0770 -0.0008 0.9970
v 0.64027 2.90157 0.51589
vt 0.58274 0.70681
vn -0.0761 -0.0006 0.9971
v 0.49961 2.77068 0.50509
vt 0.50000 0.62981
vn -0.0759 0.0000 0.9971
v 0.64027 2.90157 0.51589
vt 0.58274 0.70681
vn -0.0761 -0.0006 0.9971
v 0.49961 2.90835 0.50509
vt 0.50000 0.71079
vn -0.0766 0.0000 0.9971
v 0.64031 2.76673 0.51068
vt 0.58253 0.62749
vn 0.0770 0.0008 -0.9970
v 0.78133 2.89480 0.52146
vt 0.66549 0.70282
vn 0.0616 -0.0021 -0.9981
v 0.78062 2.76278 0.52167
vt 0.66507 0.62516
vn 0.0657 -0.0018 -0.9978
v 0.64031 2.76673 0.51068
vt 0.58253 0.62749
vn 0.0770 0.0008 -0.9970
v 0.64066 2.90157 0.51080
vt 0.58274 0.70681
vn 0.0761 0.0006 -0.9971
v 0.78133 2.89480 0.52146
vt 0.66549 0.70282
vn 0.0616 -0.0021 -0.9981
v 0.63992 2.76672 0.51577
vt 0.58253 0.62749
vn -0.0770 -0.0008 0.9970
v 0.78028 2.76279 0.52676
vt 0.66507 0.62516
vn -0.0657 0.0018 0.9978
v 0.78101 2.89481 0.52655
vt 0.66549 0.70282
vn -0.0616 0.0021 0.9981
v 0.63992 2.76672 0.51577
vt 0.58253 0.62749
vn -0.0770 -0.0008 0.9970
v 0.78101 2.89481 0.52655
vt 0.66549 0.70282
vn -0.0616 0.0021 0.9981
v 0.64027 2.90157 0.51589
vt 0.58274 0.70681
vn -0.0761 -0.0006 0.9971
v 0.78062 2.76278 0.52167
vt 0.66507 0.62516
vn 0.0657 -0.0018 -0.9978
v 0.92199 2.88802 0.52821
vt 0.74823 0.69884
vn 0.0226 -0.0081 -0.9997
v 0.92093 2.75882 0.52918
vt 0.74760 0.62284
vn 0.0293 -0.0074 -0.9995
v 0.78062 2.76278 0.52167
vt 0.66507 0.62516
vn 0.0657 -0.0018 -0.9978
v 0.78133 2.89480 0.52146
vt 0.66549 0.70282
vn 0.0616 -0.0021 -0.9981
v 0.92199 2.88802 0.52821
vt 0.74823 0.69884
vn 0.0226 -0.0081 -0.9997
v 0.78028 2.76279 0.52676
vt 0.66507 0.62516
vn -0.0657 0.0018 0.9978
v 0.92078 2.75886 0.53428
vt 0.74760 0.62284
vn -0.0293 0.0074 0.9995
v 0.92187 2.88806 0.53331
vt 0.74823 0.69884
vn -0.0226 0.0081 0.9997
v 0.78028 2.76279 0.52676
vt 0.66507 0.62516
vn -0.0657 0.0018 0.9978
v 0.92187 2.88806 0.53331
vt 0.74823 0.69884
vn -0.0226 0.0081 0.9997
v 0.78101 2.89481 0.52655
vt 0.66549 0.70282
vn -0.0616 0.0021 0.9981
v 0.92093 2.75882 0.52918
vt 0.74760 0.62284
vn 0.0293 -0.0074 -0.9995
v 1.06265 2.88125 0.52793
vt 0.83097 0.69485
vn -0.0344 -0.0161 -0.9993
v 1.06124 2.75487 0.52995
vt 0.83014 0.62051
vn -0.0264 -0.0151 -0.9995
v 0.92093 2.75882 0.52918
vt 0.74760 0.62284
vn 0.0293 -0.0074 -0.9995
v 0.92199 2.88802 0.52821
vt 0.74823 0.69884
vn 0.0226 -0.0081 -0.9997
v 1.06265 2.88125 0.52793
vt 0.83097 0.69485
vn -0.0344 -0.0161 -0.9993
v 0.92078 2.75886 0.53428
vt 0.74760 0.62284
vn -0.0293 0.0074 0.9995
v 1.06137 2.75495 0.53505
vt 0.83014 0.62051
vn 0.0264 0.0151 0.9995
v 1.06283 2.88133 0.53303
vt 0.83097 0.69485
vn 0.0344 0.0161 0.9993
v 0.92078 2.75886 0.53428
vt 0.74760 0.62284
vn -0.0293 0.0074 0.9995
v 1.06283 2.88133 0.53303
vt 0.83097 0.69485
vn 0.0344 0.0161 0.9993
v 0.92187 2.88806 0.53331
vt 0.74823 0.69884
vn -0.0226 0.0081 0.9997
v 1.06124 2.75487 0.52995
vt 0.83014 0.62051
vn -0.0264 -0.0151 -0.9995
v 1.20331 2.87447 0.51876
vt 0.91371 0.69086
vn -0.0982 -0.0245 -0.9949
v 1.20155 2.75092 0.52188
vt 0.91267 0.61819
vn -0.0909 -0.0231 -0.9956
v 1.06124 2.75487 0.52995
vt 0.83014 0.62051
vn -0.0264 -0.0151 -0.9995
v 1.06265 2.88125 0.52793
vt 0.83097 0.69485
vn -0.0344 -0.0161 -0.9993
v 1.20331 2.87447 0.51876
vt 0.91371 0.69086
vn -0.0982 -0.0245 -0.9949
v 1.06137 2.75495 0.53505
vt 0.83014 0.62051
vn 0.0264 0.0151 0.9995
v 1.20201 2.75104 0.52695
vt 0.91267 0.61819
vn 0.0909 0.0231 0.9956
v 1.20382 2.87460 0.52383
vt 0.91371 0.69086
vn 0.0982 0.0245 0.9949
v 1.06137 2.75495 0.53505
vt 0.83014 0.62051
vn 0.0264 0.0151 0.9995
v 1.20382 2.87460 0.52383
vt 0.91371 0.69086
vn 0.0982 0.0245 0.9949
v 1.06283 2.88133 0.53303
vt 0.83097 0.69485
vn 0.0344 0.0161 0.9993
v 1.20155 2.75092 0.52188
vt 0.91267 0.61819
vn -0.0909 -0.0231 -0.9956
v 1.34398 2.86769 0.50049
vt 0.99646 0.68688
vn -0.1557 -0.0312 -0.9873
v 1.34186 2.74697 0.50453
vt 0.99521 0.61586
vn -0.1507 -0.0293 -0.9881
v 1.20155 2.75092 0.52188
vt 0.91267 0.61819
vn -0.0909 -0.0231 -0.9956
v 1.20331 2.87447 0.51876
vt 0.91371 0.69086
vn -0.0982 -0.0245 -0.9949
v 1.34398 2.86769 0.50049
vt 0.99646 0.68688
vn -0.1557 -0.0312 -0.9873
v 1.20201 2.75104 0.52695
vt 0.91267 0.61819
vn 0.0909 0.0231 0.9956
v 1.34262 2.74712 0.50956
vt 0.99521 0.61586
vn 0.1507 0.0293 0.9881
v 1.34477 2.86785 0.50553
vt 0.99646 0.68688
vn 0.1557 0.0312 0.9873
v 1.20201 2.75104 0.52695
vt 0.91267 0.61819
vn 0.0909 0.0231 0.9956
v 1.34477 2.86785 0.50553
vt 0.99646 0.68688
vn 0.1557 0.0312 0.9873
v 1.20382 2.87460 0.52383
vt 0.91371 0.69086
vn 0.0982 0.0245 0.9949
v 1.34186 2.74697 0.50453
vt 0.91601 0.61586
vn -0.1507 -0.0293 -0.9881
v 1.48464 2.86092 0.47483
vt 1.00000 0.68289
vn -0.1810 -0.0346 -0.9829
v 1.48217 2.74302 0.47932
vt 0.99854 0.61354
vn -0.1776 -0.0327 -0.9836
v 1.34186 2.74697 0.50453
vt 0.91601 0.61586
vn -0.1507 -0.0293 -0.9881
v 1.34398 2.86769 0.50049
vt 0.91726 0.68688
vn -0.1557 -0.0312 -0.9873
v 1.48464 2.86092 0.47483
vt 1.00000 0.68289
vn -0.1810 -0.0346 -0.9829
v 1.34262 2.74712 0.50956
vt 0.91601 0.61586
vn 0.1507 0.0293 0.9881
v 1.48307 2.74318 0.48433
vt 0.99854 0.61354
vn 0.1776 0.0327 0.9836
v 1.48556 2.86110 0.47984
vt 1.00000 0.68289
vn 0.1810 0.0346 0.9829
v 1.34262 2.74712 0.50956
vt 0.91601 0.61586
vn 0.1507 0.0293 0.9881
v 1.48556 2.86110 0.47984
vt 1.00000 0.68289
vn 0.1810 0.0346 0.9829
v 1.34477 2.86785 0.50553
vt 0.91726 0.68688
vn 0.1557 0.0312 0.9873
v 0.50000 2.90835 0.50000
vt 0.50000 0.71079
vn 0.0766 -0.0000 -0.9971
v 0.64076 3.03642 0.51088
vt 0.58280 0.78613
vn 0.0750 0.0005 -0.9972
v 0.64066 2.90157 0.51080
vt 0.58274 0.70681
vn 0.0761 0.0006 -0.9971
v 0.50000 2.90835 0.50000
vt 0.50000 0.71079
vn 0.0766 -0.0000 -0.9971
v 0.50000 3.04602 0.50000
vt 0.50000 0.79177
vn 0.0771 -0.0000 -0.9970
v 0.64076 3.03642 0.51088
vt 0.58280 0.78613
vn 0.0750 0.0005 -0.9972
v 0.49961 2.90835 0.50509
vt 0.50000 0.71079
vn -0.0766 0.0000 0.9971
v 0.64027 2.90157 0.51589
vt 0.58274 0.70681
vn -0.0761 -0.0006 0.9971
v 0.64038 3.03641 0.51597
vt 0.58280 0.78613
vn -0.0750 -0.0005 0.9972
v 0.49961 2.90835 0.50509
vt 0.50000 0.71079
vn -0.0766 0.0000 0.9971
v 0.64038 3.03641 0.51597
vt 0.58280 0.78613
vn -0.0750 -0.0005 0.9972
v 0.49961 3.04602 0.50508
vt 0.50000 0.79177
vn -0.0771 0.0000 0.9970
v 0.64066 2.90157 0.51080
vt 0.58274 0.70681
vn 0.0761 0.0006 -0.9971
v 0.78152 3.02682 0.52116
vt 0.66560 0.78048
vn 0.0574 -0.0025 -0.9983
v 0.78133 2.89480 0.52146
vt 0.66549 0.70282
vn 0.0616 -0.0021 -0.9981
v 0.64066 2.90157 0.51080
vt 0.58274 0.70681
vn 0.0761 0.0006 -0.9971
v 0.64076 3.03642 0.51088
vt 0.58280 0.78613
vn 0.0750 0.0005 -0.9972
v 0.78152 3.02682 0.52116
vt 0.66560 0.78048
vn 0.0574 -0.0025 -0.9983
v 0.64027 2.90157 0.51589
vt 0.58274 0.70681
vn -0.0761 -0.0006 0.9971
v 0.78101 2.89481 0.52655
vt 0.66549 0.70282
vn -0.0616 0.0021 0.9981
v 0.78122 3.02683 0.52625
vt 0.66560 0.78048
vn -0.0574 0.0025 0.9983
v 0.64027 2.90157 0.51589
vt 0.58274 0.70681
vn -0.0761 -0.0006 0.9971
v 0.78122 3.02683 0.52625
vt 0.66560 0.78048
vn -0.0574 0.0025 0.9983
v 0.64038 3.03641 0.51597
vt 0.58280 0.78613
vn -0.0750 -0.0005 0.9972
v 0.78133 2.89480 0.52146
vt 0.66549 0.70282
vn 0.0616 -0.0021 -0.9981
v 0.92228 3.01722 0.52713
vt 0.74840 0.77483
vn 0.0159 -0.0087 -0.9998
v 0.92199 2.88802 0.52821
vt 0.74823 0.69884
vn 0.0226 -0.0081 -0.9997
v 0.78133 2.89480 0.52146
vt 0.66549 0.70282
vn 0.0616 -0.0021 -0.9981
v 0.78152 3.02682 0.52116
vt 0.66560 0.78048
vn 0.0574 -0.0025 -0.9983
v 0.92228 3.01722 0.52713
vt 0.74840 0.77483
vn 0.0159 -0.0087 -0.9998
v 0.78101 2.89481 0.52655
vt 0.66549 0.70282
vn -0.0616 0.0021 0.9981
v 0.92187 2.88806 0.53331
vt 0.74823 0.69884
vn -0.0226 0.0081 0.9997
v 0.92219 3.01726 0.53223
vt 0.74840 0.77483
vn -0.0159 0.0087 0.9998
v 0.78101 2.89481 0.52655
vt 0.66549 0.70282
vn -0.0616 0.0021 0.9981
v 0.92219 3.01726 0.53223
vt 0.74840 0.77483
vn -0.0159 0.0087 0.9998
v 0.78122 3.02683 0.52625
vt 0.66560 0.78048
vn -0.0574 0.0025 0.9983
v 0.92199 2.88802 0.52821
vt 0.74823 0.69884
vn 0.0226 -0.0081 -0.9997
v 1.06303 3.00762 0.52581
vt 0.83120 0.76919
vn -0.0422 -0.0172 -0.9990
v 1.06265 2.88125 0.52793
vt 0.83097 0.69485
vn -0.0344 -0.0161 -0.9993
v 0.92199 2.88802 0.52821
vt 0.74823 0.69884
vn 0.0226 -0.0081 -0.9997
v 0.92228 3.01722 0.52713
vt 0.74840 0.77483
vn 0.0159 -0.0087 -0.9998
v 1.06303 3.00762 0.52581
vt 0.83120 0.76919
vn -0.0422 -0.0172 -0.9990
v 0.92187 2.88806 0.53331
vt 0.74823 0.69884
vn -0.0226 0.0081 0.9997
v 1.06283 2.88133 0.53303
vt 0.83097 0.69485
vn 0.0344 0.0161 0.9993
v 1.06325 3.00771 0.53091
vt 0.83120 0.76919
vn 0.0422 0.0172 0.9990
v 0.92187 2.88806 0.53331
vt 0.74823 0.69884
vn -0.0226 0.0081 0.9997
v 1.06325 3.00771 0.53091
vt 0.83120 0.76919
vn 0.0422 0.0172 0.9990
v 0.92219 3.01726 0.53223
vt 0.74840 0.77483
vn -0.0159 0.0087 0.9998
v 1.06265 2.88125 0.52793
vt 0.83097 0.69485
vn -0.0344 -0.0161 -0.9993
v 1.20379 2.99802 0.51556
vt 0.91400 0.76354
vn -0.1054 -0.0261 -0.9941
v 1.20331 2.87447 0.51876
vt 0.91371 0.69086
vn -0.0982 -0.0245 -0.9949
v 1.06265 2.88125 0.52793
vt 0.83097 0.69485
vn -0.0344 -0.0161 -0.9993
v 1.06303 3.00762 0.52581
vt 0.83120 0.76919
vn -0.0422 -0.0172 -0.9990
v 1.20379 2.99802 0.51556
vt 0.91400 0.76354
vn -0.1054 -0.0261 -0.9941
v 1.06283 2.88133 0.53303
vt 0.83097 0.69485
vn 0.0344 0.0161 0.9993
v 1.20382 2.87460 0.52383
vt 0.91371 0.69086
vn 0.0982 0.0245 0.9949
v 1.20433 2.99815 0.52063
vt 0.91400 0.76354
vn 0.1054 0.0261 0.9941
v 1.06283 2.88133 0.53303
vt 0.83097 0.69485
vn 0.0344 0.0161 0.9993
v 1.20433 2.99815 0.52063
vt 0.91400 0.76354
vn 0.1054 0.0261 0.9941
v 1.06325 3.00771 0.53091
vt 0.83120 0.76919
vn 0.0422 0.0172 0.9990
v 1.20331 2.87447 0.51876
vt 0.91371 0.69086
vn -0.0982 -0.0245 -0.9949
v 1.34455 2.98842 0.49646
vt 0.99680 0.75789
vn -0.1604 -0.0332 -0.9865
v 1.34398 2.86769 0.50049
vt 0.99646 0.68688
vn -0.1557 -0.0312 -0.9873
v 1.20331 2.87447 0.51876
vt 0.91371 0.69086
vn -0.0982 -0.0245 -0.9949
v 1.20379 2.99802 0.51556
vt 0.91400 0.76354
vn -0.1054 -0.0261 -0.9941
v 1.34455 2.98842 0.49646
vt 0.99680 0.75789
vn -0.1604 -0.0332 -0.9865
v 1.20382 2.87460 0.52383
vt 0.91371 0.69086
vn 0.0982 0.0245 0.9949
v 1.34477 2.86785 0.50553
vt 0.99646 0.68688
vn 0.1557 0.0312 0.9873
v 1.34537 2.98859 0.50149
vt 0.99680 0.75789
vn 0.1604 0.0332 0.9865
v 1.20382 2.87460 0.52383
vt 0.91371 0.69086
vn 0.0982 0.0245 0.9949
v 1.34537 2.98859 0.50149
vt 0.99680 0.75789
vn 0.1604 0.0332 0.9865
v 1.20433 2.99815 0.52063
vt 0.91400 0.76354
vn 0.1054 0.0261 0.9941
v 1.34398 2.86769 0.50049
vt 0.91686 0.68688
vn -0.1557 -0.0312 -0.9873
v 1.48531 2.97882 0.47043
vt 1.00000 0.75225
vn -0.1841 -0.0365 -0.9822
v 1.48464 2.86092 0.47483
vt 0.99961 0.68289
vn -0.1810 -0.0346 -0.9829
v 1.34398 2.86769 0.50049
vt 0.91686 0.68688
vn -0.1557 -0.0312 -0.9873
v 1.34455 2.98842 0.49646
vt 0.91720 0.75789
vn -0.1604 -0.0332 -0.9865
v 1.48531 2.97882 0.47043
vt 1.00000 0.75225
vn -0.1841 -0.0365 -0.9822
v 1.34477 2.86785 0.50553
vt 0.91686 0.68688
vn 0.1557 0.0312 0.9873
v 1.48556 2.86110 0.47984
vt 0.99961 0.68289
vn 0.1810 0.0346 0.9829
v 1.48625 2.97901 0.47544
vt 1.00000 0.75225
vn 0.1841 0.0365 0.9822
v 1.34477 2.86785 0.50553
vt 0.91686 0.68688
vn 0.1557 0.0312 0.9873
v 1.48625 2.97901 0.47544
vt 1.00000 0.75225
vn 0.1841 0.0365 0.9822
v 1.34537 2.98859 0.50149
vt 0.91720 0.75789
vn 0.1604 0.0332 0.9865
v 0.50000 3.04602 0.50000
vt 0.50000 0.79177
vn 0.0771 -0.0000 -0.9970
v 0.64059 3.17126 0.51092
vt 0.58270 0.86545
vn 0.0737 0.0003 -0.9973
v 0.64076 3.03642 0.51088
vt 0.58280 0.78613
vn 0.0750 0.0005 -0.9972
v 0.50000 3.04602 0.50000
vt 0.50000 0.79177
vn 0.0771 -0.0000 -0.9970
v 0.50000 3.18368 0.50000
vt 0.50000 0.87276
vn 0.0775 -0.0000 -0.9970
v 0.64059 3.17126 0.51092
vt 0.58270 0.86545
vn 0.0737 0.0003 -0.9973
v 0.49961 3.04602 0.50508
vt 0.50000 0.79177
vn -0.0771 0.0000 0.9970
v 0.64038 3.03641 0.51597
vt 0.58280 0.78613
vn -0.0750 -0.0005 0.9972
v 0.64021 3.17126 0.51601
vt 0.58270 0.86545
vn -0.0737 -0.0003 0.9973
v 0.49961 3.04602 0.50508
vt 0.50000 0.79177
vn -0.0771 0.0000 0.9970
v 0.64021 3.17126 0.51601
vt 0.58270 0.86545
vn -0.0737 -0.0003 0.9973
v 0.49960 3.18368 0.50508
vt 0.50000 0.87276
vn -0.0775 0.0000 0.9970
v 0.64076 3.03642 0.51088
vt 0.58280 0.78613
vn 0.0750 0.0005 -0.9972
v 0.78118 3.15884 0.52078
vt 0.66540 0.85814
vn 0.0531 -0.0029 -0.9986
v 0.78152 3.02682 0.52116
vt 0.66560 0.78048
vn 0.0574 -0.0025 -0.9983
v 0.64076 3.03642 0.51088
vt 0.58280 0.78613
vn 0.0750 0.0005 -0.9972
v 0.64059 3.17126 0.51092
vt 0.58270 0.86545
vn 0.0737 0.0003 -0.9973
v 0.78118 3.15884 0.52078
vt 0.66540 0.85814
vn 0.0531 -0.0029 -0.9986
v 0.64038 3.03641 0.51597
vt 0.58280 0.78613
vn -0.0750 -0.0005 0.9972
v 0.78122 3.02683 0.52625
vt 0.66560 0.78048
vn -0.0574 0.0025 0.9983
v 0.78091 3.15885 0.52588
vt 0.66540 0.85814
vn -0.0531 0.0029 0.9986
v 0.64038 3.03641 0.51597
vt 0.58280 0.78613
vn -0.0750 -0.0005 0.9972
v 0.78091 3.15885 0.52588
vt 0.66540 0.85814
vn -0.0531 0.0029 0.9986
v 0.64021 3.17126 0.51601
vt 0.58270 0.86545
vn -0.0737 -0.0003 0.9973
v 0.78152 3.02682 0.52116
vt 0.66560 0.78048
vn 0.0574 -0.0025 -0.9983
v 0.92177 3.14641 0.52595
vt 0.74810 0.85083
vn 0.0092 -0.0095 -0.9999
v 0.92228 3.01722 0.52713
vt 0.74840 0.77483
vn 0.0159 -0.0087 -0.9998
v 0.78152 3.02682 0.52116
vt 0.66560 0.78048
vn 0.0574 -0.0025 -0.9983
v 0.78118 3.15884 0.52078
vt 0.66540 0.85814
vn 0.0531 -0.0029 -0.9986
v 0.92177 3.14641 0.52595
vt 0.74810 0.85083
vn 0.0092 -0.0095 -0.9999
v 0.78122 3.02683 0.52625
vt 0.66560 0.78048
vn -0.0574 0.0025 0.9983
v 0.92219 3.01726 0.53223
vt 0.74840 0.77483
vn -0.0159 0.0087 0.9998
v 0.92173 3.14646 0.53104
vt 0.74810 0.85083
vn -0.0092 0.0095 0.9999
v 0.78122 3.02683 0.52625
vt 0.66560 0.78048
vn -0.0574 0.0025 0.9983
v 0.92173 3.14646 0.53104
vt 0.74810 0.85083
vn -0.0092 0.0095 0.9999
v 0.78091 3.15885 0.52588
vt 0.66540 0.85814
vn -0.0531 0.0029 0.9986
v 0.92228 3.01722 0.52713
vt 0.74840 0.77483
vn 0.0159 -0.0087 -0.9998
v 1.06236 3.13399 0.52360
vt 0.83080 0.84352
vn -0.0500 -0.0184 -0.9986
v 1.06303 3.00762 0.52581
vt 0.83120 0.76919
vn -0.0422 -0.0172 -0.9990
v 0.92228 3.01722 0.52713
vt 0.74840 0.77483
vn 0.0159 -0.0087 -0.9998
v 0.92177 3.14641 0.52595
vt 0.74810 0.85083
vn 0.0092 -0.0095 -0.9999
v 1.06236 3.13399 0.52360
vt 0.83080 0.84352
vn -0.0500 -0.0184 -0.9986
v 0.92219 3.01726 0.53223
vt 0.74840 0.77483
vn -0.0159 0.0087 0.9998
v 1.06325 3.00771 0.53091
vt 0.83120 0.76919
vn 0.0422 0.0172 0.9990
v 1.06262 3.13409 0.52869
vt 0.83080 0.84352
vn 0.0500 0.0184 0.9986
v 0.92219 3.01726 0.53223
vt 0.74840 0.77483
vn -0.0159 0.0087 0.9998
v 1.06262 3.13409 0.52869
vt 0.83080 0.84352
vn 0.0500 0.0184 0.9986
v 0.92173 3.14646 0.53104
vt 0.74810 0.85083
vn -0.0092 0.0095 0.9999
v 1.06303 3.00762 0.52581
vt 0.83120 0.76919
vn -0.0422 -0.0172 -0.9990
v 1.20295 3.12157 0.51231
vt 0.91350 0.83622
vn -0.1125 -0.0277 -0.9933
v 1.20379 2.99802 0.51556
vt 0.91400 0.76354
vn -0.1054 -0.0261 -0.9941
v 1.06303 3.00762 0.52581
vt 0.83120 0.76919
vn -0.0422 -0.0172 -0.9990
v 1.06236 3.13399 0.52360
vt 0.83080 0.84352
vn -0.0500 -0.0184 -0.9986
v 1.20295 3.12157 0.51231
vt 0.91350 0.83622
vn -0.1125 -0.0277 -0.9933
v 1.06325 3.00771 0.53091
vt 0.83120 0.76919
vn 0.0422 0.0172 0.9990
v 1.20433 2.99815 0.52063
vt 0.91400 0.76354
vn 0.1054 0.0261 0.9941
v 1.20353 3.12171 0.51738
vt 0.91350 0.83622
vn 0.1125 0.0277 0.9933
v 1.06325 3.00771 0.53091
vt 0.83120 0.76919
vn 0.0422 0.0172 0.9990
v 1.20353 3.12171 0.51738
vt 0.91350 0.83622
vn 0.1125 0.0277 0.9933
v 1.06262 3.13409 0.52869
vt 0.83080 0.84352
vn 0.0500 0.0184 0.9986
v 1.20379 2.99802 0.51556
vt 0.91400 0.76354
vn -0.1054 -0.0261 -0.9941
v 1.34354 3.10915 0.49244
vt 0.99620 0.82891
vn -0.1649 -0.0352 -0.9857
v 1.34455 2.98842 0.49646
vt 0.99680 0.75789
vn -0.1604 -0.0332 -0.9865
v 1.20379 2.99802 0.51556
vt 0.91400 0.76354
vn -0.1054 -0.0261 -0.9941
v 1.20295 3.12157 0.51231
vt 0.91350 0.83622
vn -0.1125 -0.0277 -0.9933
v 1.34354 3.10915 0.49244
vt 0.99620 0.82891
vn -0.1649 -0.0352 -0.9857
v 1.20433 2.99815 0.52063
vt 0.91400 0.76354
vn 0.1054 0.0261 0.9941
v 1.34537 2.98859 0.50149
vt 0.99680 0.75789
vn 0.1604 0.0332 0.9865
v 1.34439 3.10933 0.49747
vt 0.99620 0.82891
vn 0.1649 0.0352 0.9857
v 1.20433 2.99815 0.52063
vt 0.91400 0.76354
vn 0.1054 0.0261 0.9941
v 1.34439 3.10933 0.49747
vt 0.99620 0.82891
vn 0.1649 0.0352 0.9857
v 1.20353 3.12171 0.51738
vt 0.91350 0.83622
vn 0.1125 0.0277 0.9933
v 1.34455 2.98842 0.49646
vt 0.91720 0.75789
vn -0.1604 -0.0332 -0.9865
v 1.48414 3.09672 0.46615
vt 0.99931 0.82160
vn -0.1870 -0.0385 -0.9816
v 1.48531 2.97882 0.47043
vt 1.00000 0.75225
vn -0.1841 -0.0365 -0.9822
v 1.34455 2.98842 0.49646
vt 0.91789 0.75789
vn -0.1604 -0.0332 -0.9865
v 1.34354 3.10915 0.49244
vt 0.91730 0.82891
vn -0.1649 -0.0352 -0.9857
v 1.48414 3.09672 0.46615
vt 1.00000 0.82160
vn -0.1870 -0.0385 -0.9816
v 1.34537 2.98859 0.50149
vt 0.91720 0.75789
vn 0.1604 0.0332 0.9865
v 1.48625 2.97901 0.47544
vt 1.00000 0.75225
vn 0.1841 0.0365 0.9822
v 1.48509 3.09692 0.47115
vt 0.99931 0.82160
vn 0.1870 0.0385 0.9816
v 1.34537 2.98859 0.50149
vt 0.91789 0.75789
vn 0.1604 0.0332 0.9865
v 1.48509 3.09692 0.47115
vt 1.00000 0.82160
vn 0.1870 0.0385 0.9816
v 1.34439 3.10933 0.49747
vt 0.91730 0.82891
vn 0.1649 0.0352 0.9857
v 0.50000 3.18368 0.50000
vt 0.50000 0.87276
vn 0.0775 -0.0000 -0.9970
v 0.64016 3.30611 0.51092
vt 0.58245 0.94477
vn 0.0723 -0.0004 -0.9974
v 0.64059 3.17126 0.51092
vt 0.58270 0.86545
vn 0.0737 0.0003 -0.9973
v 0.50000 3.18368 0.50000
vt 0.50000 0.87276
vn 0.0775 -0.0000 -0.9970
v 0.50000 3.32135 0.50000
vt 0.50000 0.95374
vn 0.0776 -0.0006 -0.9970
v 0.64016 3.30611 0.51092
vt 0.58245 0.94477
vn 0.0723 -0.0004 -0.9974
v 0.49960 3.18368 0.50508
vt 0.50000 0.87276
vn -0.0775 0.0000 0.9970
v 0.64021 3.17126 0.51601
vt 0.58270 0.86545
vn -0.0737 -0.0003 0.9973
v 0.63979 3.30611 0.51601
vt 0.58245 0.94477
vn -0.0723 0.0004 0.9974
v 0.49960 3.18368 0.50508
vt 0.50000 0.87276
vn -0.0775 0.0000 0.9970
v 0.63979 3.30611 0.51601
vt 0.58245 0.94477
vn -0.0723 0.0004 0.9974
v 0.49960 3.32135 0.50508
vt 0.50000 0.95374
vn -0.0776 0.0006 0.9970
v 0.64059 3.17126 0.51092
vt 0.58270 0.86545
vn 0.0737 0.0003 -0.9973
v 0.78031 3.29086 0.52033
vt 0.66489 0.93580
vn 0.0486 -0.0036 -0.9988
v 0.78118 3.15884 0.52078
vt 0.66540 0.85814
vn 0.0531 -0.0029 -0.9986
v 0.64059 3.17126 0.51092
vt 0.58270 0.86545
vn 0.0737 0.0003 -0.9973
v 0.64016 3.30611 0.51092
vt 0.58245 0.94477
vn 0.0723 -0.0004 -0.9974
v 0.78031 3.29086 0.52033
vt 0.66489 0.93580
vn 0.0486 -0.0036 -0.9988
v 0.64021 3.17126 0.51601
vt 0.58270 0.86545
vn -0.0737 -0.0003 0.9973
v 0.78091 3.15885 0.52588
vt 0.66540 0.85814
vn -0.0531 0.0029 0.9986
v 0.78007 3.29088 0.52542
vt 0.66489 0.93580
vn -0.0486 0.0036 0.9988
v 0.64021 3.17126 0.51601
vt 0.58270 0.86545
vn -0.0737 -0.0003 0.9973
v 0.78007 3.29088 0.52542
vt 0.66489 0.93580
vn -0.0486 0.0036 0.9988
v 0.63979 3.30611 0.51601
vt 0.58245 0.94477
vn -0.0723 0.0004 0.9974
v 0.78118 3.15884 0.52078
vt 0.66540 0.85814
vn 0.0531 -0.0029 -0.9986
v 0.92047 3.27561 0.52466
vt 0.74734 0.92683
vn 0.0023 -0.0103 -0.9999
v 0.92177 3.14641 0.52595
vt 0.74810 0.85083
vn 0.0092 -0.0095 -0.9999
v 0.78118 3.15884 0.52078
vt 0.66540 0.85814
vn 0.0531 -0.0029 -0.9986
v 0.78031 3.29086 0.52033
vt 0.66489 0.93580
vn 0.0486 -0.0036 -0.9988
v 0.92047 3.27561 0.52466
vt 0.74734 0.92683
vn 0.0023 -0.0103 -0.9999
v 0.78091 3.15885 0.52588
vt 0.66540 0.85814
vn -0.0531 0.0029 0.9986
v 0.92173 3.14646 0.53104
vt 0.74810 0.85083
vn -0.0092 0.0095 0.9999
v 0.92046 3.27566 0.52976
vt 0.74734 0.92683
vn -0.0023 0.0103 0.9999
v 0.78091 3.15885 0.52588
vt 0.66540 0.85814
vn -0.0531 0.0029 0.9986
v 0.92046 3.27566 0.52976
vt 0.74734 0.92683
vn -0.0023 0.0103 0.9999
v 0.78007 3.29088 0.52542
vt 0.66489 0.93580
vn -0.0486 0.0036 0.9988
v 0.92177 3.14641 0.52595
vt 0.74810 0.85083
vn 0.0092 -0.0095 -0.9999
v 1.06063 3.26036 0.52129
vt 0.82978 0.91786
vn -0.0578 -0.0194 -0.9981
v 1.06236 3.13399 0.52360
vt 0.83080 0.84352
vn -0.0500 -0.0184 -0.9986
v 0.92177 3.14641 0.52595
vt 0.74810 0.85083
vn 0.0092 -0.0095 -0.9999
v 0.92047 3.27561 0.52466
vt 0.74734 0.92683
vn 0.0023 -0.0103 -0.9999
v 1.06063 3.26036 0.52129
vt 0.82978 0.91786
vn -0.0578 -0.0194 -0.9981
v 0.92173 3.14646 0.53104
vt 0.74810 0.85083
vn -0.0092 0.0095 0.9999
v 1.06262 3.13409 0.52869
vt 0.83080 0.84352
vn 0.0500 0.0184 0.9986
v 1.06092 3.26046 0.52638
vt 0.82978 0.91786
vn 0.0578 0.0194 0.9981
v 0.92173 3.14646 0.53104
vt 0.74810 0.85083
vn -0.0092 0.0095 0.9999
v 1.06092 3.26046 0.52638
vt 0.82978 0.91786
vn 0.0578 0.0194 0.9981
v 0.92046 3.27566 0.52976
vt 0.74734 0.92683
vn -0.0023 0.0103 0.9999
v 1.06236 3.13399 0.52360
vt 0.83080 0.84352
vn -0.0500 -0.0184 -0.9986
v 1.20079 3.24512 0.50902
vt 0.91223 0.90889
vn -0.1194 -0.0291 -0.9924
v 1.20295 3.12157 0.51231
vt 0.91350 0.83622
vn -0.1125 -0.0277 -0.9933
v 1.06236 3.13399 0.52360
vt 0.83080 0.84352
vn -0.0500 -0.0184 -0.9986
v 1.06063 3.26036 0.52129
vt 0.82978 0.91786
vn -0.0578 -0.0194 -0.9981
v 1.20079 3.24512 0.50902
vt 0.91223 0.90889
vn -0.1194 -0.0291 -0.9924
v 1.06262 3.13409 0.52869
vt 0.83080 0.84352
vn 0.0500 0.0184 0.9986
v 1.20353 3.12171 0.51738
vt 0.91350 0.83622
vn 0.1125 0.0277 0.9933
v 1.20140 3.24527 0.51408
vt 0.91223 0.90889
vn 0.1194 0.0291 0.9924
v 1.06262 3.13409 0.52869
vt 0.83080 0.84352
vn 0.0500 0.0184 0.9986
v 1.20140 3.24527 0.51408
vt 0.91223 0.90889
vn 0.1194 0.0291 0.9924
v 1.06092 3.26046 0.52638
vt 0.82978 0.91786
vn 0.0578 0.0194 0.9981
v 1.20295 3.12157 0.51231
vt 0.91350 0.83622
vn -0.1125 -0.0277 -0.9933
v 1.34094 3.22987 0.48845
vt 0.99467 0.89992
vn -0.1692 -0.0369 -0.9849
v 1.34354 3.10915 0.49244
vt 0.99620 0.82891
vn -0.1649 -0.0352 -0.9857
v 1.20295 3.12157 0.51231
vt 0.91350 0.83622
vn -0.1125 -0.0277 -0.9933
v 1.20079 3.24512 0.50902
vt 0.91223 0.90889
vn -0.1194 -0.0291 -0.9924
v 1.34094 3.22987 0.48845
vt 0.99467 0.89992
vn -0.1692 -0.0369 -0.9849
v 1.20353 3.12171 0.51738
vt 0.91350 0.83622
vn 0.1125 0.0277 0.9933
v 1.34439 3.10933 0.49747
vt 0.99620 0.82891
vn 0.1649 0.0352 0.9857
v 1.34181 3.23006 0.49347
vt 0.99467 0.89992
vn 0.1692 0.0369 0.9849
v 1.20353 3.12171 0.51738
vt 0.91350 0.83622
vn 0.1125 0.0277 0.9933
v 1.34181 3.23006 0.49347
vt 0.99467 0.89992
vn 0.1692 0.0369 0.9849
v 1.20140 3.24527 0.51408
vt 0.91223 0.90889
vn 0.1194 0.0291 0.9924
v 1.34354 3.10915 0.49244
vt 0.91730 0.82891
vn -0.1649 -0.0352 -0.9857
v 1.48110 3.21462 0.46199
vt 0.99821 0.89096
vn -0.1896 -0.0403 -0.9810
v 1.48414 3.09672 0.46615
vt 1.00000 0.82160
vn -0.1870 -0.0385 -0.9816
v 1.34354 3.10915 0.49244
vt 0.91908 0.82891
vn -0.1649 -0.0352 -0.9857
v 1.34094 3.22987 0.48845
vt 0.91755 0.89992
vn -0.1692 -0.0369 -0.9849
v 1.48110 3.21462 0.46199
vt 1.00000 0.89096
vn -0.1896 -0.0403 -0.9810
v 1.34439 3.10933 0.49747
vt 0.91730 0.82891
vn 0.1649 0.0352 0.9857
v 1.48509 3.09692 0.47115
vt 1.00000 0.82160
vn 0.1870 0.0385 0.9816
v 1.48207 3.21483 0.46700
vt 0.99821 0.89096
vn 0.1896 0.0403 0.9810
v 1.34439 3.10933 0.49747
vt 0.91908 0.82891
vn 0.1649 0.0352 0.9857
v 1.48207 3.21483 0.46700
vt 1.00000 0.89096
vn 0.1896 0.0403 0.9810
v 1.34181 3.23006 0.49347
vt 0.91755 0.89992
vn 0.1692 0.0369 0.9849
v 0.50000 3.32135 0.50000
vt 0.50000 0.92967
vn 0.0776 -0.0006 -0.9970
v 0.64134 3.44091 0.51088
vt 0.58314 1.00000
vn 0.0705 -0.0033 -0.9975
v 0.64016 3.30611 0.51092
vt 0.58245 0.92070
vn 0.0723 -0.0004 -0.9974
v 0.50000 3.32135 0.50000
vt 0.50000 0.91904
vn 0.0776 -0.0006 -0.9970
v 0.50219 3.45898 0.50000
vt 0.50129 1.00000
vn 0.0774 -0.0041 -0.9970
v 0.64134 3.44091 0.51088
vt 0.58314 0.98937
vn 0.0705 -0.0033 -0.9975
v 0.49960 3.32135 0.50508
vt 0.50000 0.92967
vn -0.0776 0.0006 0.9970
v 0.63979 3.30611 0.51601
vt 0.58245 0.92070
vn -0.0723 0.0004 0.9974
v 0.64098 3.44093 0.51597
vt 0.58314 1.00000
vn -0.0705 0.0033 0.9975
v 0.49960 3.32135 0.50508
vt 0.50000 0.91904
vn -0.0776 0.0006 0.9970
v 0.64098 3.44093 0.51597
vt 0.58314 0.98937
vn -0.0705 0.0033 0.9975
v 0.50179 3.45900 0.50508
vt 0.50129 1.00000
vn -0.0774 0.0041 0.9970
v 0.64016 3.30611 0.51092
vt 0.58245 0.93133
vn 0.0723 -0.0004 -0.9974
v 0.78048 3.42285 0.51979
vt 0.66499 1.00000
vn 0.0438 -0.0055 -0.9990
v 0.78031 3.29086 0.52033
vt 0.66489 0.92236
vn 0.0486 -0.0036 -0.9988
v 0.64016 3.30611 0.51092
vt 0.58245 0.92070
vn 0.0723 -0.0004 -0.9974
v 0.64134 3.44091 0.51088
vt 0.58314 1.00000
vn 0.0705 -0.0033 -0.9975
v 0.78048 3.42285 0.51979
vt 0.66499 0.98937
vn 0.0438 -0.0055 -0.9990
v 0.63979 3.30611 0.51601
vt 0.58245 0.93133
vn -0.0723 0.0004 0.9974
v 0.78007 3.29088 0.52542
vt 0.66489 0.92236
vn -0.0486 0.0036 0.9988
v 0.78026 3.42288 0.52489
vt 0.66499 1.00000
vn -0.0438 0.0055 0.9990
v 0.63979 3.30611 0.51601
vt 0.58245 0.92070
vn -0.0723 0.0004 0.9974
v 0.78026 3.42288 0.52489
vt 0.66499 0.98937
vn -0.0438 0.0055 0.9990
v 0.64098 3.44093 0.51597
vt 0.58314 1.00000
vn -0.0705 0.0033 0.9975
v 0.78031 3.29086 0.52033
vt 0.66489 0.93298
vn 0.0486 -0.0036 -0.9988
v 0.91963 3.40479 0.52329
vt 0.74684 1.00000
vn -0.0046 -0.0109 -0.9999
v 0.92047 3.27561 0.52466
vt 0.74734 0.92402
vn 0.0023 -0.0103 -0.9999
v 0.78031 3.29086 0.52033
vt 0.66489 0.92236
vn 0.0486 -0.0036 -0.9988
v 0.78048 3.42285 0.51979
vt 0.66499 1.00000
vn 0.0438 -0.0055 -0.9990
v 0.91963 3.40479 0.52329
vt 0.74684 0.98937
vn -0.0046 -0.0109 -0.9999
v 0.78007 3.29088 0.52542
vt 0.66489 0.93298
vn -0.0486 0.0036 0.9988
v 0.92046 3.27566 0.52976
vt 0.74734 0.92402
vn -0.0023 0.0103 0.9999
v 0.91965 3.40484 0.52839
vt 0.74684 1.00000
vn 0.0046 0.0109 0.9999
v 0.78007 3.29088 0.52542
vt 0.66489 0.92236
vn -0.0486 0.0036 0.9988
v 0.91965 3.40484 0.52839
vt 0.74684 0.98937
vn 0.0046 0.0109 0.9999
v 0.78026 3.42288 0.52489
vt 0.66499 1.00000
vn -0.0438 0.0055 0.9990
v 0.92047 3.27561 0.52466
vt 0.74734 0.92683
vn 0.0023 -0.0103 -0.9999
v 1.05878 3.38672 0.51890
vt 0.82869 0.99219
vn -0.0656 -0.0193 -0.9977
v 1.06063 3.26036 0.52129
vt 0.82978 0.91786
vn -0.0578 -0.0194 -0.9981
v 0.92047 3.27561 0.52466
vt 0.74734 0.92402
vn 0.0023 -0.0103 -0.9999
v 0.91963 3.40479 0.52329
vt 0.74684 1.00000
vn -0.0046 -0.0109 -0.9999
v 1.05878 3.38672 0.51890
vt 0.82869 0.98937
vn -0.0656 -0.0193 -0.9977
v 0.92046 3.27566 0.52976
vt 0.74734 0.92683
vn -0.0023 0.0103 0.9999
v 1.06092 3.26046 0.52638
vt 0.82978 0.91786
vn 0.0578 0.0194 0.9981
v 1.05911 3.38682 0.52399
vt 0.82869 0.99219
vn 0.0656 0.0193 0.9977
v 0.92046 3.27566 0.52976
vt 0.74734 0.92402
vn -0.0023 0.0103 0.9999
v 1.05911 3.38682 0.52399
vt 0.82869 0.98937
vn 0.0656 0.0193 0.9977
v 0.91965 3.40484 0.52839
vt 0.74684 1.00000
vn 0.0046 0.0109 0.9999
v 1.06063 3.26036 0.52129
vt 0.82978 0.91786
vn -0.0578 -0.0194 -0.9981
v 1.19793 3.36866 0.50569
vt 0.91054 0.98156
vn -0.1263 -0.0289 -0.9916
v 1.20079 3.24512 0.50902
vt 0.91223 0.90889
vn -0.1194 -0.0291 -0.9924
v 1.06063 3.26036 0.52129
vt 0.82978 0.91786
vn -0.0578 -0.0194 -0.9981
v 1.05878 3.38672 0.51890
vt 0.82869 0.99219
vn -0.0656 -0.0193 -0.9977
v 1.19793 3.36866 0.50569
vt 0.91054 0.98156
vn -0.1263 -0.0289 -0.9916
v 1.06092 3.26046 0.52638
vt 0.82978 0.91786
vn 0.0578 0.0194 0.9981
v 1.20140 3.24527 0.51408
vt 0.91223 0.90889
vn 0.1194 0.0291 0.9924
v 1.19857 3.36880 0.51074
vt 0.91054 0.98156
vn 0.1263 0.0289 0.9916
v 1.06092 3.26046 0.52638
vt 0.82978 0.91786
vn 0.0578 0.0194 0.9981
v 1.19857 3.36880 0.51074
vt 0.91054 0.98156
vn 0.1263 0.0289 0.9916
v 1.05911 3.38682 0.52399
vt 0.82869 0.99219
vn 0.0656 0.0193 0.9977
v 1.20079 3.24512 0.50902
vt 0.91223 0.90889
vn -0.1194 -0.0291 -0.9924
v 1.33707 3.35059 0.48450
vt 0.99240 0.97094
vn -0.1736 -0.0376 -0.9841
v 1.34094 3.22987 0.48845
vt 0.99467 0.89992
vn -0.1692 -0.0369 -0.9849
v 1.20079 3.24512 0.50902
vt 0.91223 0.90889
vn -0.1194 -0.0291 -0.9924
v 1.19793 3.36866 0.50569
vt 0.91054 0.98156
vn -0.1263 -0.0289 -0.9916
v 1.33707 3.35059 0.48450
vt 0.99240 0.97094
vn -0.1736 -0.0376 -0.9841
v 1.20140 3.24527 0.51408
vt 0.91223 0.90889
vn 0.1194 0.0291 0.9924
v 1.34181 3.23006 0.49347
vt 0.99467 0.89992
vn 0.1692 0.0369 0.9849
v 1.33796 3.35078 0.48952
vt 0.99240 0.97094
vn 0.1736 0.0376 0.9841
v 1.20140 3.24527 0.51408
vt 0.91223 0.90889
vn 0.1194 0.0291 0.9924
v 1.33796 3.35078 0.48952
vt 0.99240 0.97094
vn 0.1736 0.0376 0.9841
v 1.19857 3.36880 0.51074
vt 0.91054 0.98156
vn 0.1263 0.0289 0.9916
v 1.34094 3.22987 0.48845
vt 0.91755 0.89992
vn -0.1692 -0.0369 -0.9849
v 1.47622 3.33253 0.45798
vt 0.99713 0.96031
vn -0.1923 -0.0421 -0.9804
v 1.48110 3.21462 0.46199
vt 1.00000 0.89096
vn -0.1896 -0.0403 -0.9810
v 1.34094 3.22987 0.48845
vt 0.92043 0.89992
vn -0.1692 -0.0369 -0.9849
v 1.33707 3.35059 0.48450
vt 0.91815 0.97094
vn -0.1736 -0.0376 -0.9841
v 1.47622 3.33253 0.45798
vt 1.00000 0.96031
vn -0.1923 -0.0421 -0.9804
v 1.34181 3.23006 0.49347
vt 0.91755 0.89992
vn 0.1692 0.0369 0.9849
v 1.48207 3.21483 0.46700
vt 1.00000 0.89096
vn 0.1896 0.0403 0.9810
v 1.47720 3.33274 0.46298
vt 0.99713 0.96031
vn 0.1923 0.0421 0.9804
v 1.34181 3.23006 0.49347
vt 0.92043 0.89992
vn 0.1692 0.0369 0.9849
v 1.47720 3.33274 0.46298
vt 1.00000 0.96031
vn 0.1923 0.0421 0.9804
v 1.33796 3.35078 0.48952
vt 0.91815 0.97094
vn 0.1736 0.0376 0.9841
v 0.50219 3.45898 0.50000
vt 0.50129 0.03469
vn 0.0774 -0.0041 -0.9970
v 0.65099 3.57521 0.51079
vt 0.58882 0.10307
vn 0.0687 -0.0092 -0.9976
v 0.64134 3.44091 0.51088
vt 0.58314 0.02407
vn 0.0705 -0.0033 -0.9975
v 0.50219 3.45898 0.50000
vt 0.50129 0.03469
vn 0.0774 -0.0041 -0.9970
v 0.51457 3.59601 0.50000
vt 0.50857 0.11530
vn 0.0771 -0.0115 -0.9970
v 0.65099 3.57521 0.51079
vt 0.58882 0.10307
vn 0.0687 -0.0092 -0.9976
v 0.50179 3.45900 0.50508
vt 0.50129 0.03469
vn -0.0774 0.0041 0.9970
v 0.64098 3.44093 0.51597
vt 0.58314 0.02407
vn -0.0705 0.0033 0.9975
v 0.65064 3.57526 0.51588
vt 0.58882 0.10307
vn -0.0687 0.0092 0.9976
v 0.50179 3.45900 0.50508
vt 0.50129 0.03469
vn -0.0774 0.0041 0.9970
v 0.65064 3.57526 0.51588
vt 0.58882 0.10307
vn -0.0687 0.0092 0.9976
v 0.51417 3.59607 0.50508
vt 0.50857 0.11530
vn -0.0771 0.0115 0.9970
v 0.64134 3.44091 0.51088
vt 0.58314 0.02407
vn 0.0705 -0.0033 -0.9975
v 0.78742 3.55442 0.51919
vt 0.66907 0.09083
vn 0.0391 -0.0086 -0.9992
v 0.78048 3.42285 0.51979
vt 0.66499 0.01344
vn 0.0438 -0.0055 -0.9990
v 0.64134 3.44091 0.51088
vt 0.58314 0.02407
vn 0.0705 -0.0033 -0.9975
v 0.65099 3.57521 0.51079
vt 0.58882 0.10307
vn 0.0687 -0.0092 -0.9976
v 0.78742 3.55442 0.51919
vt 0.66907 0.09083
vn 0.0391 -0.0086 -0.9992
v 0.64098 3.44093 0.51597
vt 0.58314 0.02407
vn -0.0705 0.0033 0.9975
v 0.78026 3.42288 0.52489
vt 0.66499 0.01344
vn -0.0438 0.0055 0.9990
v 0.78722 3.55446 0.52428
vt 0.66907 0.09083
vn -0.0391 0.0086 0.9992
v 0.64098 3.44093 0.51597
vt 0.58314 0.02407
vn -0.0705 0.0033 0.9975
v 0.78722 3.55446 0.52428
vt 0.66907 0.09083
vn -0.0391 0.0086 0.9992
v 0.65064 3.57526 0.51588
vt 0.58882 0.10307
vn -0.0687 0.0092 0.9976
v 0.78048 3.42285 0.51979
vt 0.66499 0.01344
vn 0.0438 -0.0055 -0.9990
v 0.92384 3.53362 0.52182
vt 0.74932 0.07860
vn -0.0117 -0.0110 -0.9999
v 0.91963 3.40479 0.52329
vt 0.74684 0.00281
vn -0.0046 -0.0109 -0.9999
v 0.78048 3.42285 0.51979
vt 0.66499 0.01344
vn 0.0438 -0.0055 -0.9990
v 0.78742 3.55442 0.51919
vt 0.66907 0.09083
vn 0.0391 -0.0086 -0.9992
v 0.92384 3.53362 0.52182
vt 0.74932 0.07860
vn -0.0117 -0.0110 -0.9999
v 0.78026 3.42288 0.52489
vt 0.66499 0.01344
vn -0.0438 0.0055 0.9990
v 0.91965 3.40484 0.52839
vt 0.74684 0.00281
vn 0.0046 0.0109 0.9999
v 0.92390 3.53367 0.52692
vt 0.74932 0.07860
vn 0.0117 0.0110 0.9999
v 0.78026 3.42288 0.52489
vt 0.66499 0.01344
vn -0.0438 0.0055 0.9990
v 0.92390 3.53367 0.52692
vt 0.74932 0.07860
vn 0.0117 0.0110 0.9999
v 0.78722 3.55446 0.52428
vt 0.66907 0.09083
vn -0.0391 0.0086 0.9992
v 0.91963 3.40479 0.52329
vt 0.74684 0.93645
vn -0.0046 -0.0109 -0.9999
v 1.06026 3.51282 0.51644
vt 0.82957 1.00000
vn -0.0739 -0.0172 -0.9971
v 1.05878 3.38672 0.51890
vt 0.82869 0.92582
vn -0.0656 -0.0193 -0.9977
v 0.91963 3.40479 0.52329
vt 0.74684 0.00281
vn -0.0046 -0.0109 -0.9999
v 0.92384 3.53362 0.52182
vt 0.74932 0.07860
vn -0.0117 -0.0110 -0.9999
v 1.06026 3.51282 0.51644
vt 0.82957 0.06637
vn -0.0739 -0.0172 -0.9971
v 0.91965 3.40484 0.52839
vt 0.74684 0.93645
vn 0.0046 0.0109 0.9999
v 1.05911 3.38682 0.52399
vt 0.82869 0.92582
vn 0.0656 0.0193 0.9977
v 1.06064 3.51291 0.52152
vt 0.82957 1.00000
vn 0.0739 0.0172 0.9971
v 0.91965 3.40484 0.52839
vt 0.74684 0.00281
vn 0.0046 0.0109 0.9999
v 1.06064 3.51291 0.52152
vt 0.82957 0.06637
vn 0.0739 0.0172 0.9971
v 0.92390 3.53367 0.52692
vt 0.74932 0.07860
vn 0.0117 0.0110 0.9999
v 1.05878 3.38672 0.51890
vt 0.82869 0.93806
vn -0.0656 -0.0193 -0.9977
v 1.19669 3.49202 0.50233
vt 0.90982 1.00000
vn -0.1341 -0.0266 -0.9906
v 1.19793 3.36866 0.50569
vt 0.91054 0.92743
vn -0.1263 -0.0289 -0.9916
v 1.05878 3.38672 0.51890
vt 0.82869 0.92582
vn -0.0656 -0.0193 -0.9977
v 1.06026 3.51282 0.51644
vt 0.82957 1.00000
vn -0.0739 -0.0172 -0.9971
v 1.19669 3.49202 0.50233
vt 0.90982 0.98777
vn -0.1341 -0.0266 -0.9906
v 1.05911 3.38682 0.52399
vt 0.82869 0.93806
vn 0.0656 0.0193 0.9977
v 1.19857 3.36880 0.51074
vt 0.91054 0.92743
vn 0.1263 0.0289 0.9916
v 1.19737 3.49216 0.50738
vt 0.90982 1.00000
vn 0.1341 0.0266 0.9906
v 1.05911 3.38682 0.52399
vt 0.82869 0.92582
vn 0.0656 0.0193 0.9977
v 1.19737 3.49216 0.50738
vt 0.90982 0.98777
vn 0.1341 0.0266 0.9906
v 1.06064 3.51291 0.52152
vt 0.82957 1.00000
vn 0.0739 0.0172 0.9971
v 1.19793 3.36866 0.50569
vt 0.91054 0.93966
vn -0.1263 -0.0289 -0.9916
v 1.33311 3.47123 0.48061
vt 0.99007 1.00000
vn -0.1793 -0.0368 -0.9831
v 1.33707 3.35059 0.48450
vt 0.99240 0.92904
vn -0.1736 -0.0376 -0.9841
v 1.19793 3.36866 0.50569
vt 0.91054 0.92743
vn -0.1263 -0.0289 -0.9916
v 1.19669 3.49202 0.50233
vt 0.90982 1.00000
vn -0.1341 -0.0266 -0.9906
v 1.33311 3.47123 0.48061
vt 0.99007 0.98777
vn -0.1793 -0.0368 -0.9831
v 1.19857 3.36880 0.51074
vt 0.91054 0.93966
vn 0.1263 0.0289 0.9916
v 1.33796 3.35078 0.48952
vt 0.99240 0.92904
vn 0.1736 0.0376 0.9841
v 1.33403 3.47141 0.48563
vt 0.99007 1.00000
vn 0.1793 0.0368 0.9831
v 1.19857 3.36880 0.51074
vt 0.91054 0.92743
vn 0.1263 0.0289 0.9916
v 1.33403 3.47141 0.48563
vt 0.99007 0.98777
vn 0.1793 0.0368 0.9831
v 1.19737 3.49216 0.50738
vt 0.90982 1.00000
vn 0.1341 0.0266 0.9906
v 1.33707 3.35059 0.48450
vt 0.91815 0.94127
vn -0.1736 -0.0376 -0.9841
v 1.46954 3.45043 0.45413
vt 0.99607 1.00000
vn -0.1968 -0.0439 -0.9795
v 1.47622 3.33253 0.45798
vt 1.00000 0.93065
vn -0.1923 -0.0421 -0.9804
v 1.33707 3.35059 0.48450
vt 0.92208 0.92904
vn -0.1736 -0.0376 -0.9841
v 1.33311 3.47123 0.48061
vt 0.91975 1.00000
vn -0.1793 -0.0368 -0.9831
v 1.46954 3.45043 0.45413
vt 1.00000 0.98777
vn -0.1968 -0.0439 -0.9795
v 1.33796 3.35078 0.48952
vt 0.91815 0.94127
vn 0.1736 0.0376 0.9841
v 1.47720 3.33274 0.46298
vt 1.00000 0.93065
vn 0.1923 0.0421 0.9804
v 1.47054 3.45065 0.45912
vt 0.99607 1.00000
vn 0.1968 0.0439 0.9795
v 1.33796 3.35078 0.48952
vt 0.92208 0.92904
vn 0.1736 0.0376 0.9841
v 1.47054 3.45065 0.45912
vt 1.00000 0.98777
vn 0.1968 0.0439 0.9795
v 1.33403 3.47141 0.48563
vt 0.91975 1.00000
vn 0.1793 0.0368 0.9831
v 0.51457 3.59601 0.50000
vt 0.50857 0.11530
vn 0.0771 -0.0115 -0.9970
v 0.67399 3.70748 0.51067
vt 0.60234 0.18087
vn 0.0676 -0.0157 -0.9976
v 0.65099 3.57521 0.51079
vt 0.58882 0.10307
vn 0.0687 -0.0092 -0.9976
v 0.51457 3.59601 0.50000
vt 0.50857 0.11530
vn 0.0771 -0.0115 -0.9970
v 0.54280 3.73068 0.50000
vt 0.52518 0.19451
vn 0.0775 -0.0201 -0.9968
v 0.67399 3.70748 0.51067
vt 0.60234 0.18087
vn 0.0676 -0.0157 -0.9976
v 0.51417 3.59607 0.50508
vt 0.50857 0.11530
vn -0.0771 0.0115 0.9970
v 0.65064 3.57526 0.51588
vt 0.58882 0.10307
vn -0.0687 0.0092 0.9976
v 0.67364 3.70756 0.51576
vt 0.60234 0.18087
vn -0.0676 0.0157 0.9976
v 0.51417 3.59607 0.50508
vt 0.50857 0.11530
vn -0.0771 0.0115 0.9970
v 0.67364 3.70756 0.51576
vt 0.60234 0.18087
vn -0.0676 0.0157 0.9976
v 0.54240 3.73078 0.50508
vt 0.52518 0.19451
vn -0.0775 0.0201 0.9968
v 0.65099 3.57521 0.51079
vt 0.58882 0.10307
vn 0.0687 -0.0092 -0.9976
v 0.80517 3.68429 0.51851
vt 0.67951 0.16723
vn 0.0346 -0.0115 -0.9993
v 0.78742 3.55442 0.51919
vt 0.66907 0.09083
vn 0.0391 -0.0086 -0.9992
v 0.65099 3.57521 0.51079
vt 0.58882 0.10307
vn 0.0687 -0.0092 -0.9976
v 0.67399 3.70748 0.51067
vt 0.60234 0.18087
vn 0.0676 -0.0157 -0.9976
v 0.80517 3.68429 0.51851
vt 0.67951 0.16723
vn 0.0346 -0.0115 -0.9993
v 0.65064 3.57526 0.51588
vt 0.58882 0.10307
vn -0.0687 0.0092 0.9976
v 0.78722 3.55446 0.52428
vt 0.66907 0.09083
vn -0.0391 0.0086 0.9992
v 0.80500 3.68435 0.52360
vt 0.67951 0.16723
vn -0.0346 0.0115 0.9993
v 0.65064 3.57526 0.51588
vt 0.58882 0.10307
vn -0.0687 0.0092 0.9976
v 0.80500 3.68435 0.52360
vt 0.67951 0.16723
vn -0.0346 0.0115 0.9993
v 0.67364 3.70756 0.51576
vt 0.60234 0.18087
vn -0.0676 0.0157 0.9976
v 0.78742 3.55442 0.51919
vt 0.66907 0.09083
vn 0.0391 -0.0086 -0.9992
v 0.93636 3.66110 0.52028
vt 0.75668 0.15359
vn -0.0193 -0.0101 -0.9998
v 0.92384 3.53362 0.52182
vt 0.74932 0.07860
vn -0.0117 -0.0110 -0.9999
v 0.78742 3.55442 0.51919
vt 0.66907 0.09083
vn 0.0391 -0.0086 -0.9992
v 0.80517 3.68429 0.51851
vt 0.67951 0.16723
vn 0.0346 -0.0115 -0.9993
v 0.93636 3.66110 0.52028
vt 0.75668 0.15359
vn -0.0193 -0.0101 -0.9998
v 0.78722 3.55446 0.52428
vt 0.66907 0.09083
vn -0.0391 0.0086 0.9992
v 0.92390 3.53367 0.52692
vt 0.74932 0.07860
vn 0.0117 0.0110 0.9999
v 0.93646 3.66115 0.52538
vt 0.75668 0.15359
vn 0.0193 0.0101 0.9998
v 0.78722 3.55446 0.52428
vt 0.66907 0.09083
vn -0.0391 0.0086 0.9992
v 0.93646 3.66115 0.52538
vt 0.75668 0.15359
vn 0.0193 0.0101 0.9998
v 0.80500 3.68435 0.52360
vt 0.67951 0.16723
vn -0.0346 0.0115 0.9993
v 0.92384 3.53362 0.52182
vt 0.74932 0.07860
vn -0.0117 -0.0110 -0.9999
v 1.06755 3.63791 0.51392
vt 0.83385 0.13995
vn -0.0834 -0.0140 -0.9964
v 1.06026 3.51282 0.51644
vt 0.82957 0.06637
vn -0.0739 -0.0172 -0.9971
v 0.92384 3.53362 0.52182
vt 0.74932 0.07860
vn -0.0117 -0.0110 -0.9999
v 0.93636 3.66110 0.52028
vt 0.75668 0.15359
vn -0.0193 -0.0101 -0.9998
v 1.06755 3.63791 0.51392
vt 0.83385 0.13995
vn -0.0834 -0.0140 -0.9964
v 0.92390 3.53367 0.52692
vt 0.74932 0.07860
vn 0.0117 0.0110 0.9999
v 1.06064 3.51291 0.52152
vt 0.82957 0.06637
vn 0.0739 0.0172 0.9971
v 1.06797 3.63798 0.51900
vt 0.83385 0.13995
vn 0.0834 0.0140 0.9964
v 0.92390 3.53367 0.52692
vt 0.74932 0.07860
vn 0.0117 0.0110 0.9999
v 1.06797 3.63798 0.51900
vt 0.83385 0.13995
vn 0.0834 0.0140 0.9964
v 0.93646 3.66115 0.52538
vt 0.75668 0.15359
vn 0.0193 0.0101 0.9998
v 1.06026 3.51282 0.51644
vt 0.82957 0.06637
vn -0.0739 -0.0172 -0.9971
v 1.19874 3.61471 0.49897
vt 0.91102 0.12630
vn -0.1441 -0.0233 -0.9893
v 1.19669 3.49202 0.50233
vt 0.90982 0.05413
vn -0.1341 -0.0266 -0.9906
v 1.06026 3.51282 0.51644
vt 0.82957 0.06637
vn -0.0739 -0.0172 -0.9971
v 1.06755 3.63791 0.51392
vt 0.83385 0.13995
vn -0.0834 -0.0140 -0.9964
v 1.19874 3.61471 0.49897
vt 0.91102 0.12630
vn -0.1441 -0.0233 -0.9893
v 1.06064 3.51291 0.52152
vt 0.82957 0.06637
vn 0.0739 0.0172 0.9971
v 1.19737 3.49216 0.50738
vt 0.90982 0.05413
vn 0.1341 0.0266 0.9906
v 1.19947 3.61483 0.50402
vt 0.91102 0.12630
vn 0.1441 0.0233 0.9893
v 1.06064 3.51291 0.52152
vt 0.82957 0.06637
vn 0.0739 0.0172 0.9971
v 1.19947 3.61483 0.50402
vt 0.91102 0.12630
vn 0.1441 0.0233 0.9893
v 1.06797 3.63798 0.51900
vt 0.83385 0.13995
vn 0.0834 0.0140 0.9964
v 1.19669 3.49202 0.50233
vt 0.90982 0.05413
vn -0.1341 -0.0266 -0.9906
v 1.32992 3.59152 0.47680
vt 0.98819 0.11266
vn -0.1878 -0.0355 -0.9816
v 1.33311 3.47123 0.48061
vt 0.99007 0.04190
vn -0.1793 -0.0368 -0.9831
v 1.19669 3.49202 0.50233
vt 0.90982 0.05413
vn -0.1341 -0.0266 -0.9906
v 1.19874 3.61471 0.49897
vt 0.91102 0.12630
vn -0.1441 -0.0233 -0.9893
v 1.32992 3.59152 0.47680
vt 0.98819 0.11266
vn -0.1878 -0.0355 -0.9816
v 1.19737 3.49216 0.50738
vt 0.90982 0.05413
vn 0.1341 0.0266 0.9906
v 1.33403 3.47141 0.48563
vt 0.99007 0.04190
vn 0.1793 0.0368 0.9831
v 1.33088 3.59170 0.48180
vt 0.98819 0.11266
vn 0.1878 0.0355 0.9816
v 1.19737 3.49216 0.50738
vt 0.90982 0.05413
vn 0.1341 0.0266 0.9906
v 1.33088 3.59170 0.48180
vt 0.98819 0.11266
vn 0.1878 0.0355 0.9816
v 1.19947 3.61483 0.50402
vt 0.91102 0.12630
vn 0.1441 0.0233 0.9893
v 1.33311 3.47123 0.48061
vt 0.91975 0.04190
vn -0.1793 -0.0368 -0.9831
v 1.46111 3.56833 0.45045
vt 0.99504 0.09902
vn -0.2045 -0.0458 -0.9778
v 1.46954 3.45043 0.45413
vt 1.00000 0.02966
vn -0.1968 -0.0439 -0.9795
v 1.33311 3.47123 0.48061
vt 0.92471 0.04190
vn -0.1793 -0.0368 -0.9831
v 1.32992 3.59152 0.47680
vt 0.92283 0.11266
vn -0.1878 -0.0355 -0.9816
v 1.46111 3.56833 0.45045
vt 1.00000 0.09902
vn -0.2045 -0.0458 -0.9778
v 1.33403 3.47141 0.48563
vt 0.91975 0.04190
vn 0.1793 0.0368 0.9831
v 1.47054 3.45065 0.45912
vt 1.00000 0.02966
vn 0.1968 0.0439 0.9795
v 1.46215 3.56856 0.45544
vt 0.99504 0.09902
vn 0.2045 0.0458 0.9778
v 1.33403 3.47141 0.48563
vt 0.92471 0.04190
vn 0.1793 0.0368 0.9831
v 1.46215 3.56856 0.45544
vt 1.00000 0.09902
vn 0.2045 0.0458 0.9778
v 1.33088 3.59170 0.48180
vt 0.92283 0.11266
vn 0.1878 0.0355 0.9816
v 0.54280 3.73068 0.50000
vt 0.52518 0.19451
vn 0.0775 -0.0201 -0.9968
v 0.70762 3.83691 0.51050
vt 0.62213 0.25701
vn 0.0670 -0.0222 -0.9975
v 0.67399 3.70748 0.51067
vt 0.60234 0.18087
vn 0.0676 -0.0157 -0.9976
v 0.54280 3.73068 0.50000
vt 0.52518 0.19451
vn 0.0775 -0.0201 -0.9968
v 0.58372 3.86202 0.50000
vt 0.54925 0.27178
vn 0.0786 -0.0291 -0.9965
v 0.70762 3.83691 0.51050
vt 0.62213 0.25701
vn 0.0670 -0.0222 -0.9975
v 0.54240 3.73078 0.50508
vt 0.52518 0.19451
vn -0.0775 0.0201 0.9968
v 0.67364 3.70756 0.51576
vt 0.60234 0.18087
vn -0.0676 0.0157 0.9976
v 0.70728 3.83702 0.51559
vt 0.62213 0.25701
vn -0.0670 0.0222 0.9975
v 0.54240 3.73078 0.50508
vt 0.52518 0.19451
vn -0.0775 0.0201 0.9968
v 0.70728 3.83702 0.51559
vt 0.62213 0.25701
vn -0.0670 0.0222 0.9975
v 0.58332 3.86217 0.50508
vt 0.54925 0.27178
vn -0.0786 0.0291 0.9965
v 0.67399 3.70748 0.51067
vt 0.60234 0.18087
vn 0.0676 -0.0157 -0.9976
v 0.83153 3.81180 0.51776
vt 0.69501 0.24223
vn 0.0301 -0.0137 -0.9995
v 0.80517 3.68429 0.51851
vt 0.67951 0.16723
vn 0.0346 -0.0115 -0.9993
v 0.67399 3.70748 0.51067
vt 0.60234 0.18087
vn 0.0676 -0.0157 -0.9976
v 0.70762 3.83691 0.51050
vt 0.62213 0.25701
vn 0.0670 -0.0222 -0.9975
v 0.83153 3.81180 0.51776
vt 0.69501 0.24223
vn 0.0301 -0.0137 -0.9995
v 0.67364 3.70756 0.51576
vt 0.60234 0.18087
vn -0.0676 0.0157 0.9976
v 0.80500 3.68435 0.52360
vt 0.67951 0.16723
vn -0.0346 0.0115 0.9993
v 0.83137 3.81187 0.52285
vt 0.69501 0.24223
vn -0.0301 0.0137 0.9995
v 0.67364 3.70756 0.51576
vt 0.60234 0.18087
vn -0.0676 0.0157 0.9976
v 0.83137 3.81187 0.52285
vt 0.69501 0.24223
vn -0.0301 0.0137 0.9995
v 0.70728 3.83702 0.51559
vt 0.62213 0.25701
vn -0.0670 0.0222 0.9975
v 0.80517 3.68429 0.51851
vt 0.67951 0.16723
vn 0.0346 -0.0115 -0.9993
v 0.95543 3.78668 0.51866
vt 0.76790 0.22746
vn -0.0276 -0.0083 -0.9996
v 0.93636 3.66110 0.52028
vt 0.75668 0.15359
vn -0.0193 -0.0101 -0.9998
v 0.80517 3.68429 0.51851
vt 0.67951 0.16723
vn 0.0346 -0.0115 -0.9993
v 0.83153 3.81180 0.51776
vt 0.69501 0.24223
vn 0.0301 -0.0137 -0.9995
v 0.95543 3.78668 0.51866
vt 0.76790 0.22746
vn -0.0276 -0.0083 -0.9996
v 0.80500 3.68435 0.52360
vt 0.67951 0.16723
vn -0.0346 0.0115 0.9993
v 0.93646 3.66115 0.52538
vt 0.75668 0.15359
vn 0.0193 0.0101 0.9998
v 0.95557 3.78673 0.52375
vt 0.76790 0.22746
vn 0.0276 0.0083 0.9996
v 0.80500 3.68435 0.52360
vt 0.67951 0.16723
vn -0.0346 0.0115 0.9993
v 0.95557 3.78673 0.52375
vt 0.76790 0.22746
vn 0.0276 0.0083 0.9996
v 0.83137 3.81187 0.52285
vt 0.69501 0.24223
vn -0.0301 0.0137 0.9995
v 0.93636 3.66110 0.52028
vt 0.75668 0.15359
vn -0.0193 -0.0101 -0.9998
v 1.07933 3.76157 0.51134
vt 0.84078 0.21269
vn -0.0946 -0.0101 -0.9955
v 1.06755 3.63791 0.51392
vt 0.83385 0.13995
vn -0.0834 -0.0140 -0.9964
v 0.93636 3.66110 0.52028
vt 0.75668 0.15359
vn -0.0193 -0.0101 -0.9998
v 0.95543 3.78668 0.51866
vt 0.76790 0.22746
vn -0.0276 -0.0083 -0.9996
v 1.07933 3.76157 0.51134
vt 0.84078 0.21269
vn -0.0946 -0.0101 -0.9955
v 0.93646 3.66115 0.52538
vt 0.75668 0.15359
vn 0.0193 0.0101 0.9998
v 1.06797 3.63798 0.51900
vt 0.83385 0.13995
vn 0.0834 0.0140 0.9964
v 1.07981 3.76162 0.51642
vt 0.84078 0.21269
vn 0.0946 0.0101 0.9955
v 0.93646 3.66115 0.52538
vt 0.75668 0.15359
vn 0.0193 0.0101 0.9998
v 1.07981 3.76162 0.51642
vt 0.84078 0.21269
vn 0.0946 0.0101 0.9955
v 0.95557 3.78673 0.52375
vt 0.76790 0.22746
vn 0.0276 0.0083 0.9996
v 1.06755 3.63791 0.51392
vt 0.83385 0.13995
vn -0.0834 -0.0140 -0.9964
v 1.20323 3.73646 0.49561
vt 0.91367 0.19792
vn -0.1565 -0.0197 -0.9875
v 1.19874 3.61471 0.49897
vt 0.91102 0.12630
vn -0.1441 -0.0233 -0.9893
v 1.06755 3.63791 0.51392
vt 0.83385 0.13995
vn -0.0834 -0.0140 -0.9964
v 1.07933 3.76157 0.51134
vt 0.84078 0.21269
vn -0.0946 -0.0101 -0.9955
v 1.20323 3.73646 0.49561
vt 0.91367 0.19792
vn -0.1565 -0.0197 -0.9875
v 1.06797 3.63798 0.51900
vt 0.83385 0.13995
vn 0.0834 0.0140 0.9964
v 1.19947 3.61483 0.50402
vt 0.91102 0.12630
vn 0.1441 0.0233 0.9893
v 1.20403 3.73656 0.50065
vt 0.91367 0.19792
vn 0.1565 0.0197 0.9875
v 1.06797 3.63798 0.51900
vt 0.83385 0.13995
vn 0.0834 0.0140 0.9964
v 1.20403 3.73656 0.50065
vt 0.91367 0.19792
vn 0.1565 0.0197 0.9875
v 1.07981 3.76162 0.51642
vt 0.84078 0.21269
vn 0.0946 0.0101 0.9955
v 1.19874 3.61471 0.49897
vt 0.91102 0.12630
vn -0.1441 -0.0233 -0.9893
v 1.32714 3.71134 0.47307
vt 0.98655 0.18314
vn -0.1992 -0.0343 -0.9794
v 1.32992 3.59152 0.47680
vt 0.98819 0.11266
vn -0.1878 -0.0355 -0.9816
v 1.19874 3.61471 0.49897
vt 0.91102 0.12630
vn -0.1441 -0.0233 -0.9893
v 1.20323 3.73646 0.49561
vt 0.91367 0.19792
vn -0.1565 -0.0197 -0.9875
v 1.32714 3.71134 0.47307
vt 0.98655 0.18314
vn -0.1992 -0.0343 -0.9794
v 1.19947 3.61483 0.50402
vt 0.91102 0.12630
vn 0.1441 0.0233 0.9893
v 1.33088 3.59170 0.48180
vt 0.98819 0.11266
vn 0.1878 0.0355 0.9816
v 1.32815 3.71152 0.47806
vt 0.98655 0.18314
vn 0.1992 0.0343 0.9794
v 1.19947 3.61483 0.50402
vt 0.91102 0.12630
vn 0.1441 0.0233 0.9893
v 1.32815 3.71152 0.47806
vt 0.98655 0.18314
vn 0.1992 0.0343 0.9794
v 1.20403 3.73656 0.50065
vt 0.91367 0.19792
vn 0.1565 0.0197 0.9875
v 1.32992 3.59152 0.47680
vt 0.92283 0.11266
vn -0.1878 -0.0355 -0.9816
v 1.45104 3.68623 0.44696
vt 0.99408 0.16837
vn -0.2152 -0.0478 -0.9754
v 1.46111 3.56833 0.45045
vt 1.00000 0.09902
vn -0.2045 -0.0458 -0.9778
v 1.32992 3.59152 0.47680
vt 0.92875 0.11266
vn -0.1878 -0.0355 -0.9816
v 1.32714 3.71134 0.47307
vt 0.92712 0.18314
vn -0.1992 -0.0343 -0.9794
v 1.45104 3.68623 0.44696
vt 1.00000 0.16837
vn -0.2152 -0.0478 -0.9754
v 1.33088 3.59170 0.48180
vt 0.92283 0.11266
vn 0.1878 0.0355 0.9816
v 1.46215 3.56856 0.45544
vt 1.00000 0.09902
vn 0.2045 0.0458 0.9778
v 1.45214 3.68648 0.45193
vt 0.99408 0.16837
vn 0.2152 0.0478 0.9754
v 1.33088 3.59170 0.48180
vt 0.92875 0.11266
vn 0.1878 0.0355 0.9816
v 1.45214 3.68648 0.45193
vt 1.00000 0.16837
vn 0.2152 0.0478 0.9754
v 1.32815 3.71152 0.47806
vt 0.92712 0.18314
vn 0.1992 0.0343 0.9794
v 0.58372 3.86202 0.50000
vt 0.54925 0.27178
vn 0.0786 -0.0291 -0.9965
v 0.75275 3.96198 0.51030
vt 0.64867 0.33058
vn 0.0670 -0.0296 -0.9973
v 0.70762 3.83691 0.51050
vt 0.62213 0.25701
vn 0.0670 -0.0222 -0.9975
v 0.58372 3.86202 0.50000
vt 0.54925 0.27178
vn 0.0786 -0.0291 -0.9965
v 0.63830 3.98829 0.50000
vt 0.58135 0.34605
vn 0.0804 -0.0399 -0.9960
v 0.75275 3.96198 0.51030
vt 0.64867 0.33058
vn 0.0670 -0.0296 -0.9973
v 0.58332 3.86217 0.50508
vt 0.54925 0.27178
vn -0.0786 0.0291 0.9965
v 0.70728 3.83702 0.51559
vt 0.62213 0.25701
vn -0.0670 0.0222 0.9975
v 0.75240 3.96214 0.51538
vt 0.64867 0.33058
vn -0.0670 0.0296 0.9973
v 0.58332 3.86217 0.50508
vt 0.54925 0.27178
vn -0.0786 0.0291 0.9965
v 0.75240 3.96214 0.51538
vt 0.64867 0.33058
vn -0.0670 0.0296 0.9973
v 0.63789 3.98850 0.50508
vt 0.58135 0.34605
vn -0.0804 0.0399 0.9960
v 0.70762 3.83691 0.51050
vt 0.62213 0.25701
vn 0.0670 -0.0222 -0.9975
v 0.86720 3.93568 0.51694
vt 0.71600 0.31510
vn 0.0256 -0.0154 -0.9996
v 0.83153 3.81180 0.51776
vt 0.69501 0.24223
vn 0.0301 -0.0137 -0.9995
v 0.70762 3.83691 0.51050
vt 0.62213 0.25701
vn 0.0670 -0.0222 -0.9975
v 0.75275 3.96198 0.51030
vt 0.64867 0.33058
vn 0.0670 -0.0296 -0.9973
v 0.86720 3.93568 0.51694
vt 0.71600 0.31510
vn 0.0256 -0.0154 -0.9996
v 0.70728 3.83702 0.51559
vt 0.62213 0.25701
vn -0.0670 0.0222 0.9975
v 0.83137 3.81187 0.52285
vt 0.69501 0.24223
vn -0.0301 0.0137 0.9995
v 0.86706 3.93575 0.52204
vt 0.71600 0.31510
vn -0.0256 0.0154 0.9996
v 0.70728 3.83702 0.51559
vt 0.62213 0.25701
vn -0.0670 0.0222 0.9975
v 0.86706 3.93575 0.52204
vt 0.71600 0.31510
vn -0.0256 0.0154 0.9996
v 0.75240 3.96214 0.51538
vt 0.64867 0.33058
vn -0.0670 0.0296 0.9973
v 0.83153 3.81180 0.51776
vt 0.69501 0.24223
vn 0.0301 -0.0137 -0.9995
v 0.98164 3.90937 0.51696
vt 0.78332 0.29963
vn -0.0370 -0.0052 -0.9993
v 0.95543 3.78668 0.51866
vt 0.76790 0.22746
vn -0.0276 -0.0083 -0.9996
v 0.83153 3.81180 0.51776
vt 0.69501 0.24223
vn 0.0301 -0.0137 -0.9995
v 0.86720 3.93568 0.51694
vt 0.71600 0.31510
vn 0.0256 -0.0154 -0.9996
v 0.98164 3.90937 0.51696
vt 0.78332 0.29963
vn -0.0370 -0.0052 -0.9993
v 0.83137 3.81187 0.52285
vt 0.69501 0.24223
vn -0.0301 0.0137 0.9995
v 0.95557 3.78673 0.52375
vt 0.76790 0.22746
vn 0.0276 0.0083 0.9996
v 0.98183 3.90939 0.52206
vt 0.78332 0.29963
vn 0.0370 0.0052 0.9993
v 0.83137 3.81187 0.52285
vt 0.69501 0.24223
vn -0.0301 0.0137 0.9995
v 0.98183 3.90939 0.52206
vt 0.78332 0.29963
vn 0.0370 0.0052 0.9993
v 0.86706 3.93575 0.52204
vt 0.71600 0.31510
vn -0.0256 0.0154 0.9996
v 0.95543 3.78668 0.51866
vt 0.76790 0.22746
vn -0.0276 -0.0083 -0.9996
v 1.09609 3.88306 0.50872
vt 0.85064 0.28415
vn -0.1083 -0.0045 -0.9941
v 1.07933 3.76157 0.51134
vt 0.84078 0.21269
vn -0.0946 -0.0101 -0.9955
v 0.95543 3.78668 0.51866
vt 0.76790 0.22746
vn -0.0276 -0.0083 -0.9996
v 0.98164 3.90937 0.51696
vt 0.78332 0.29963
vn -0.0370 -0.0052 -0.9993
v 1.09609 3.88306 0.50872
vt 0.85064 0.28415
vn -0.1083 -0.0045 -0.9941
v 0.95557 3.78673 0.52375
vt 0.76790 0.22746
vn 0.0276 0.0083 0.9996
v 1.07981 3.76162 0.51642
vt 0.84078 0.21269
vn 0.0946 0.0101 0.9955
v 1.09665 3.88308 0.51379
vt 0.85064 0.28415
vn 0.1083 0.0045 0.9941
v 0.95557 3.78673 0.52375
vt 0.76790 0.22746
vn 0.0276 0.0083 0.9996
v 1.09665 3.88308 0.51379
vt 0.85064 0.28415
vn 0.1083 0.0045 0.9941
v 0.98183 3.90939 0.52206
vt 0.78332 0.29963
vn 0.0370 0.0052 0.9993
v 1.07933 3.76157 0.51134
vt 0.84078 0.21269
vn -0.0946 -0.0101 -0.9955
v 1.21054 3.85675 0.49227
vt 0.91797 0.26868
vn -0.1725 -0.0149 -0.9849
v 1.20323 3.73646 0.49561
vt 0.91367 0.19792
vn -0.1565 -0.0197 -0.9875
v 1.07933 3.76157 0.51134
vt 0.84078 0.21269
vn -0.0946 -0.0101 -0.9955
v 1.09609 3.88306 0.50872
vt 0.85064 0.28415
vn -0.1083 -0.0045 -0.9941
v 1.21054 3.85675 0.49227
vt 0.91797 0.26868
vn -0.1725 -0.0149 -0.9849
v 1.07981 3.76162 0.51642
vt 0.84078 0.21269
vn 0.0946 0.0101 0.9955
v 1.20403 3.73656 0.50065
vt 0.91367 0.19792
vn 0.1565 0.0197 0.9875
v 1.21142 3.85683 0.49729
vt 0.91797 0.26868
vn 0.1725 0.0149 0.9849
v 1.07981 3.76162 0.51642
vt 0.84078 0.21269
vn 0.0946 0.0101 0.9955
v 1.21142 3.85683 0.49729
vt 0.91797 0.26868
vn 0.1725 0.0149 0.9849
v 1.09665 3.88308 0.51379
vt 0.85064 0.28415
vn 0.1083 0.0045 0.9941
v 1.20323 3.73646 0.49561
vt 0.91367 0.19792
vn -0.1565 -0.0197 -0.9875
v 1.32499 3.83044 0.46944
vt 0.98529 0.25320
vn -0.2148 -0.0326 -0.9761
v 1.32714 3.71134 0.47307
vt 0.98655 0.18314
vn -0.1992 -0.0343 -0.9794
v 1.20323 3.73646 0.49561
vt 0.91367 0.19792
vn -0.1565 -0.0197 -0.9875
v 1.21054 3.85675 0.49227
vt 0.91797 0.26868
vn -0.1725 -0.0149 -0.9849
v 1.32499 3.83044 0.46944
vt 0.98529 0.25320
vn -0.2148 -0.0326 -0.9761
v 1.20403 3.73656 0.50065
vt 0.91367 0.19792
vn 0.1565 0.0197 0.9875
v 1.32815 3.71152 0.47806
vt 0.98655 0.18314
vn 0.1992 0.0343 0.9794
v 1.32609 3.83061 0.47442
vt 0.98529 0.25320
vn 0.2148 0.0326 0.9761
v 1.20403 3.73656 0.50065
vt 0.91367 0.19792
vn 0.1565 0.0197 0.9875
v 1.32609 3.83061 0.47442
vt 0.98529 0.25320
vn 0.2148 0.0326 0.9761
v 1.21142 3.85683 0.49729
vt 0.91797 0.26868
vn 0.1725 0.0149 0.9849
v 1.32714 3.71134 0.47307
vt 0.92712 0.18314
vn -0.1992 -0.0343 -0.9794
v 1.43944 3.80413 0.44367
vt 0.99318 0.23773
vn -0.2304 -0.0503 -0.9718
v 1.45104 3.68623 0.44696
vt 1.00000 0.16837
vn -0.2152 -0.0478 -0.9754
v 1.32714 3.71134 0.47307
vt 0.93394 0.18314
vn -0.1992 -0.0343 -0.9794
v 1.32499 3.83044 0.46944
vt 0.93268 0.25320
vn -0.2148 -0.0326 -0.9761
v 1.43944 3.80413 0.44367
vt 1.00000 0.23773
vn -0.2304 -0.0503 -0.9718
v 1.32815 3.71152 0.47806
vt 0.92712 0.18314
vn 0.1992 0.0343 0.9794
v 1.45214 3.68648 0.45193
vt 1.00000 0.16837
vn 0.2152 0.0478 0.9754
v 1.44062 3.80439 0.44863
vt 0.99318 0.23773
vn 0.2304 0.0503 0.9718
v 1.32815 3.71152 0.47806
vt 0.93394 0.18314
vn 0.1992 0.0343 0.9794
v 1.44062 3.80439 0.44863
vt 1.00000 0.23773
vn 0.2304 0.0503 0.9718
v 1.32609 3.83061 0.47442
vt 0.93268 0.25320
vn 0.2148 0.0326 0.9761
v 0.63830 3.98829 0.50000
vt 0.58135 0.34605
vn 0.0804 -0.0399 -0.9960
v 0.80886 4.08152 0.51005
vt 0.68168 0.40089
vn 0.0680 -0.0377 -0.9970
v 0.75275 3.96198 0.51030
vt 0.64867 0.33058
vn 0.0670 -0.0296 -0.9973
v 0.63830 3.98829 0.50000
vt 0.58135 0.34605
vn 0.0804 -0.0399 -0.9960
v 0.70593 4.10810 0.50000
vt 0.62114 0.41653
vn 0.0836 -0.0526 -0.9951
v 0.80886 4.08152 0.51005
vt 0.68168 0.40089
vn 0.0680 -0.0377 -0.9970
v 0.63789 3.98850 0.50508
vt 0.58135 0.34605
vn -0.0804 0.0399 0.9960
v 0.75240 3.96214 0.51538
vt 0.64867 0.33058
vn -0.0670 0.0296 0.9973
v 0.80851 4.08171 0.51514
vt 0.68168 0.40089
vn -0.0680 0.0377 0.9970
v 0.63789 3.98850 0.50508
vt 0.58135 0.34605
vn -0.0804 0.0399 0.9960
v 0.80851 4.08171 0.51514
vt 0.68168 0.40089
vn -0.0680 0.0377 0.9970
v 0.70550 4.10836 0.50508
vt 0.62114 0.41653
vn -0.0836 0.0526 0.9951
v 0.75275 3.96198 0.51030
vt 0.64867 0.33058
vn 0.0670 -0.0296 -0.9973
v 0.91179 4.05494 0.51606
vt 0.74223 0.38526
vn 0.0208 -0.0164 -0.9996
v 0.86720 3.93568 0.51694
vt 0.71600 0.31510
vn 0.0256 -0.0154 -0.9996
v 0.75275 3.96198 0.51030
vt 0.64867 0.33058
vn 0.0670 -0.0296 -0.9973
v 0.80886 4.08152 0.51005
vt 0.68168 0.40089
vn 0.0680 -0.0377 -0.9970
v 0.91179 4.05494 0.51606
vt 0.74223 0.38526
vn 0.0208 -0.0164 -0.9996
v 0.75240 3.96214 0.51538
vt 0.64867 0.33058
vn -0.0670 0.0296 0.9973
v 0.86706 3.93575 0.52204
vt 0.71600 0.31510
vn -0.0256 0.0154 0.9996
v 0.91169 4.05502 0.52115
vt 0.74223 0.38526
vn -0.0208 0.0164 0.9996
v 0.75240 3.96214 0.51538
vt 0.64867 0.33058
vn -0.0670 0.0296 0.9973
v 0.91169 4.05502 0.52115
vt 0.74223 0.38526
vn -0.0208 0.0164 0.9996
v 0.80851 4.08171 0.51514
vt 0.68168 0.40089
vn -0.0680 0.0377 0.9970
v 0.86720 3.93568 0.51694
vt 0.71600 0.31510
vn 0.0256 -0.0154 -0.9996
v 1.01472 4.02836 0.51521
vt 0.80278 0.36962
vn -0.0485 -0.0003 -0.9988
v 0.98164 3.90937 0.51696
vt 0.78332 0.29963
vn -0.0370 -0.0052 -0.9993
v 0.86720 3.93568 0.51694
vt 0.71600 0.31510
vn 0.0256 -0.0154 -0.9996
v 0.91179 4.05494 0.51606
vt 0.74223 0.38526
vn 0.0208 -0.0164 -0.9996
v 1.01472 4.02836 0.51521
vt 0.80278 0.36962
vn -0.0485 -0.0003 -0.9988
v 0.86706 3.93575 0.52204
vt 0.71600 0.31510
vn -0.0256 0.0154 0.9996
v 0.98183 3.90939 0.52206
vt 0.78332 0.29963
vn 0.0370 0.0052 0.9993
v 1.01497 4.02836 0.52030
vt 0.80278 0.36962
vn 0.0485 0.0003 0.9988
v 0.86706 3.93575 0.52204
vt 0.71600 0.31510
vn -0.0256 0.0154 0.9996
v 1.01497 4.02836 0.52030
vt 0.80278 0.36962
vn 0.0485 0.0003 0.9988
v 0.91169 4.05502 0.52115
vt 0.74223 0.38526
vn -0.0208 0.0164 0.9996
v 0.98164 3.90937 0.51696
vt 0.78332 0.29963
vn -0.0370 -0.0052 -0.9993
v 1.11766 4.00178 0.50607
vt 0.86333 0.35399
vn -0.1258 0.0028 -0.9921
v 1.09609 3.88306 0.50872
vt 0.85064 0.28415
vn -0.1083 -0.0045 -0.9941
v 0.98164 3.90937 0.51696
vt 0.78332 0.29963
vn -0.0370 -0.0052 -0.9993
v 1.01472 4.02836 0.51521
vt 0.80278 0.36962
vn -0.0485 -0.0003 -0.9988
v 1.11766 4.00178 0.50607
vt 0.86333 0.35399
vn -0.1258 0.0028 -0.9921
v 0.98183 3.90939 0.52206
vt 0.78332 0.29963
vn 0.0370 0.0052 0.9993
v 1.09665 3.88308 0.51379
vt 0.85064 0.28415
vn 0.1083 0.0045 0.9941
v 1.11830 4.00176 0.51113
vt 0.86333 0.35399
vn 0.1258 -0.0028 0.9921
v 0.98183 3.90939 0.52206
vt 0.78332 0.29963
vn 0.0370 0.0052 0.9993
v 1.11830 4.00176 0.51113
vt 0.86333 0.35399
vn 0.1258 -0.0028 0.9921
v 1.01497 4.02836 0.52030
vt 0.80278 0.36962
vn 0.0485 0.0003 0.9988
v 1.09609 3.88306 0.50872
vt 0.85064 0.28415
vn -0.1083 -0.0045 -0.9941
v 1.22059 3.97520 0.48896
vt 0.92387 0.33835
vn -0.1936 -0.0090 -0.9810
v 1.21054 3.85675 0.49227
vt 0.91797 0.26868
vn -0.1725 -0.0149 -0.9849
v 1.09609 3.88306 0.50872
vt 0.85064 0.28415
vn -0.1083 -0.0045 -0.9941
v 1.11766 4.00178 0.50607
vt 0.86333 0.35399
vn -0.1258 0.0028 -0.9921
v 1.22059 3.97520 0.48896
vt 0.92387 0.33835
vn -0.1936 -0.0090 -0.9810
v 1.09665 3.88308 0.51379
vt 0.85064 0.28415
vn 0.1083 0.0045 0.9941
v 1.21142 3.85683 0.49729
vt 0.91797 0.26868
vn 0.1725 0.0149 0.9849
v 1.22157 3.97524 0.49396
vt 0.92387 0.33835
vn 0.1936 0.0090 0.9810
v 1.09665 3.88308 0.51379
vt 0.85064 0.28415
vn 0.1083 0.0045 0.9941
v 1.22157 3.97524 0.49396
vt 0.92387 0.33835
vn 0.1936 0.0090 0.9810
v 1.11830 4.00176 0.51113
vt 0.86333 0.35399
vn 0.1258 -0.0028 0.9921
v 1.21054 3.85675 0.49227
vt 0.91797 0.26868
vn -0.1725 -0.0149 -0.9849
v 1.32352 3.94862 0.46593
vt 0.98442 0.32271
vn -0.2361 -0.0309 -0.9712
v 1.32499 3.83044 0.46944
vt 0.98529 0.25320
vn -0.2148 -0.0326 -0.9761
v 1.21054 3.85675 0.49227
vt 0.91797 0.26868
vn -0.1725 -0.0149 -0.9849
v 1.22059 3.97520 0.48896
vt 0.92387 0.33835
vn -0.1936 -0.0090 -0.9810
v 1.32352 3.94862 0.46593
vt 0.98442 0.32271
vn -0.2361 -0.0309 -0.9712
v 1.21142 3.85683 0.49729
vt 0.91797 0.26868
vn 0.1725 0.0149 0.9849
v 1.32609 3.83061 0.47442
vt 0.98529 0.25320
vn 0.2148 0.0326 0.9761
v 1.32472 3.94877 0.47089
vt 0.98442 0.32271
vn 0.2361 0.0309 0.9712
v 1.21142 3.85683 0.49729
vt 0.91797 0.26868
vn 0.1725 0.0149 0.9849
v 1.32472 3.94877 0.47089
vt 0.98442 0.32271
vn 0.2361 0.0309 0.9712
v 1.22157 3.97524 0.49396
vt 0.92387 0.33835
vn 0.1936 0.0090 0.9810
v 1.32499 3.83044 0.46944
vt 0.93268 0.25320
vn -0.2148 -0.0326 -0.9761
v 1.42645 3.92204 0.44059
vt 0.99236 0.30708
vn -0.2517 -0.0533 -0.9663
v 1.43944 3.80413 0.44367
vt 1.00000 0.23773
vn -0.2304 -0.0503 -0.9718
v 1.32499 3.83044 0.46944
vt 0.94032 0.25320
vn -0.2148 -0.0326 -0.9761
v 1.32352 3.94862 0.46593
vt 0.93945 0.32271
vn -0.2361 -0.0309 -0.9712
v 1.42645 3.92204 0.44059
vt 1.00000 0.30708
vn -0.2517 -0.0533 -0.9663
v 1.32609 3.83061 0.47442
vt 0.93268 0.25320
vn 0.2148 0.0326 0.9761
v 1.44062 3.80439 0.44863
vt 1.00000 0.23773
vn 0.2304 0.0503 0.9718
v 1.42773 3.92231 0.44552
vt 0.99236 0.30708
vn 0.2517 0.0533 0.9663
v 1.32609 3.83061 0.47442
vt 0.94032 0.25320
vn 0.2148 0.0326 0.9761
v 1.42773 3.92231 0.44552
vt 1.00000 0.30708
vn 0.2517 0.0533 0.9663
v 1.32472 3.94877 0.47089
vt 0.93945 0.32271
vn 0.2361 0.0309 0.9712
v 0.70593 4.10810 0.50000
vt 0.62114 0.41653
vn 0.0836 -0.0526 -0.9951
v 0.87433 4.19507 0.50977
vt 0.72019 0.46769
vn 0.0701 -0.0481 -0.9964
v 0.80886 4.08152 0.51005
vt 0.68168 0.40089
vn 0.0680 -0.0377 -0.9970
v 0.70593 4.10810 0.50000
vt 0.62114 0.41653
vn 0.0836 -0.0526 -0.9951
v 0.78468 4.22092 0.50000
vt 0.66746 0.48290
vn 0.0882 -0.0696 -0.9937
v 0.87433 4.19507 0.50977
vt 0.72019 0.46769
vn 0.0701 -0.0481 -0.9964
v 0.70550 4.10836 0.50508
vt 0.62114 0.41653
vn -0.0836 0.0526 0.9951
v 0.80851 4.08171 0.51514
vt 0.68168 0.40089
vn -0.0680 0.0377 0.9970
v 0.87397 4.19532 0.51485
vt 0.72019 0.46769
vn -0.0701 0.0481 0.9964
v 0.70550 4.10836 0.50508
vt 0.62114 0.41653
vn -0.0836 0.0526 0.9951
v 0.87397 4.19532 0.51485
vt 0.72019 0.46769
vn -0.0701 0.0481 0.9964
v 0.78423 4.22128 0.50507
vt 0.66746 0.48290
vn -0.0882 0.0696 0.9937
v 0.80886 4.08152 0.51005
vt 0.68168 0.40089
vn 0.0680 -0.0377 -0.9970
v 0.96398 4.16921 0.51511
vt 0.77293 0.45248
vn 0.0154 -0.0166 -0.9997
v 0.91179 4.05494 0.51606
vt 0.74223 0.38526
vn 0.0208 -0.0164 -0.9996
v 0.80886 4.08152 0.51005
vt 0.68168 0.40089
vn 0.0680 -0.0377 -0.9970
v 0.87433 4.19507 0.50977
vt 0.72019 0.46769
vn 0.0701 -0.0481 -0.9964
v 0.96398 4.16921 0.51511
vt 0.77293 0.45248
vn 0.0154 -0.0166 -0.9997
v 0.80851 4.08171 0.51514
vt 0.68168 0.40089
vn -0.0680 0.0377 0.9970
v 0.91169 4.05502 0.52115
vt 0.74223 0.38526
vn -0.0208 0.0164 0.9996
v 0.96390 4.16930 0.52021
vt 0.77293 0.45248
vn -0.0154 0.0166 0.9997
v 0.80851 4.08171 0.51514
vt 0.68168 0.40089
vn -0.0680 0.0377 0.9970
v 0.96390 4.16930 0.52021
vt 0.77293 0.45248
vn -0.0154 0.0166 0.9997
v 0.87397 4.19532 0.51485
vt 0.72019 0.46769
vn -0.0701 0.0481 0.9964
v 0.91179 4.05494 0.51606
vt 0.74223 0.38526
vn 0.0208 -0.0164 -0.9996
v 1.05362 4.14336 0.51339
vt 0.82566 0.43727
vn -0.0631 0.0074 -0.9980
v 1.01472 4.02836 0.51521
vt 0.80278 0.36962
vn -0.0485 -0.0003 -0.9988
v 0.91179 4.05494 0.51606
vt 0.74223 0.38526
vn 0.0208 -0.0164 -0.9996
v 0.96398 4.16921 0.51511
vt 0.77293 0.45248
vn 0.0154 -0.0166 -0.9997
v 1.05362 4.14336 0.51339
vt 0.82566 0.43727
vn -0.0631 0.0074 -0.9980
v 0.91169 4.05502 0.52115
vt 0.74223 0.38526
vn -0.0208 0.0164 0.9996
v 1.01497 4.02836 0.52030
vt 0.80278 0.36962
vn 0.0485 0.0003 0.9988
v 1.05395 4.14332 0.51848
vt 0.82566 0.43727
vn 0.0631 -0.0074 0.9980
v 0.91169 4.05502 0.52115
vt 0.74223 0.38526
vn -0.0208 0.0164 0.9996
v 1.05395 4.14332 0.51848
vt 0.82566 0.43727
vn 0.0631 -0.0074 0.9980
v 0.96390 4.16930 0.52021
vt 0.77293 0.45248
vn -0.0154 0.0166 0.9997
v 1.01472 4.02836 0.51521
vt 0.80278 0.36962
vn -0.0485 -0.0003 -0.9988
v 1.14327 4.11750 0.50340
vt 0.87840 0.42206
vn -0.1489 0.0134 -0.9888
v 1.11766 4.00178 0.50607
vt 0.86333 0.35399
vn -0.1258 0.0028 -0.9921
v 1.01472 4.02836 0.51521
vt 0.80278 0.36962
vn -0.0485 -0.0003 -0.9988
v 1.05362 4.14336 0.51339
vt 0.82566 0.43727
vn -0.0631 0.0074 -0.9980
v 1.14327 4.11750 0.50340
vt 0.87840 0.42206
vn -0.1489 0.0134 -0.9888
v 1.01497 4.02836 0.52030
vt 0.80278 0.36962
vn 0.0485 0.0003 0.9988
v 1.11830 4.00176 0.51113
vt 0.86333 0.35399
vn 0.1258 -0.0028 0.9921
v 1.14403 4.11743 0.50844
vt 0.87840 0.42206
vn 0.1489 -0.0134 0.9888
v 1.01497 4.02836 0.52030
vt 0.80278 0.36962
vn 0.0485 0.0003 0.9988
v 1.14403 4.11743 0.50844
vt 0.87840 0.42206
vn 0.1489 -0.0134 0.9888
v 1.05395 4.14332 0.51848
vt 0.82566 0.43727
vn 0.0631 -0.0074 0.9980
v 1.11766 4.00178 0.50607
vt 0.86333 0.35399
vn -0.1258 0.0028 -0.9921
v 1.23292 4.09165 0.48569
vt 0.93113 0.40685
vn -0.2224 -0.0009 -0.9750
v 1.22059 3.97520 0.48896
vt 0.92387 0.33835
vn -0.1936 -0.0090 -0.9810
v 1.11766 4.00178 0.50607
vt 0.86333 0.35399
vn -0.1258 0.0028 -0.9921
v 1.14327 4.11750 0.50340
vt 0.87840 0.42206
vn -0.1489 0.0134 -0.9888
v 1.23292 4.09165 0.48569
vt 0.93113 0.40685
vn -0.2224 -0.0009 -0.9750
v 1.11830 4.00176 0.51113
vt 0.86333 0.35399
vn 0.1258 -0.0028 0.9921
v 1.22157 3.97524 0.49396
vt 0.92387 0.33835
vn 0.1936 0.0090 0.9810
v 1.23406 4.09165 0.49066
vt 0.93113 0.40685
vn 0.2224 0.0009 0.9750
v 1.11830 4.00176 0.51113
vt 0.86333 0.35399
vn 0.1258 -0.0028 0.9921
v 1.23406 4.09165 0.49066
vt 0.93113 0.40685
vn 0.2224 0.0009 0.9750
v 1.14403 4.11743 0.50844
vt 0.87840 0.42206
vn 0.1489 -0.0134 0.9888
v 1.22059 3.97520 0.48896
vt 0.92387 0.33835
vn -0.1936 -0.0090 -0.9810
v 1.32257 4.06579 0.46255
vt 0.98387 0.39164
vn -0.2659 -0.0285 -0.9636
v 1.32352 3.94862 0.46593
vt 0.98442 0.32271
vn -0.2361 -0.0309 -0.9712
v 1.22059 3.97520 0.48896
vt 0.92387 0.33835
vn -0.1936 -0.0090 -0.9810
v 1.23292 4.09165 0.48569
vt 0.93113 0.40685
vn -0.2224 -0.0009 -0.9750
v 1.32257 4.06579 0.46255
vt 0.98387 0.39164
vn -0.2659 -0.0285 -0.9636
v 1.22157 3.97524 0.49396
vt 0.92387 0.33835
vn 0.1936 0.0090 0.9810
v 1.32472 3.94877 0.47089
vt 0.98442 0.32271
vn 0.2361 0.0309 0.9712
v 1.32393 4.06594 0.46747
vt 0.98387 0.39164
vn 0.2659 0.0285 0.9636
v 1.22157 3.97524 0.49396
vt 0.92387 0.33835
vn 0.1936 0.0090 0.9810
v 1.32393 4.06594 0.46747
vt 0.98387 0.39164
vn 0.2659 0.0285 0.9636
v 1.23406 4.09165 0.49066
vt 0.93113 0.40685
vn 0.2224 0.0009 0.9750
v 1.32352 3.94862 0.46593
vt 0.93945 0.32271
vn -0.2361 -0.0309 -0.9712
v 1.41222 4.03994 0.43774
vt 0.99163 0.37643
vn -0.2816 -0.0574 -0.9578
v 1.42645 3.92204 0.44059
vt 1.00000 0.30708
vn -0.2517 -0.0533 -0.9663
v 1.32352 3.94862 0.46593
vt 0.94782 0.32271
vn -0.2361 -0.0309 -0.9712
v 1.32257 4.06579 0.46255
vt 0.94726 0.39164
vn -0.2659 -0.0285 -0.9636
v 1.41222 4.03994 0.43774
vt 1.00000 0.37643
vn -0.2816 -0.0574 -0.9578
v 1.32472 3.94877 0.47089
vt 0.93945 0.32271
vn 0.2361 0.0309 0.9712
v 1.42773 3.92231 0.44552
vt 1.00000 0.30708
vn 0.2517 0.0533 0.9663
v 1.41366 4.04023 0.44263
vt 0.99163 0.37643
vn 0.2816 0.0574 0.9578
v 1.32472 3.94877 0.47089
vt 0.94782 0.32271
vn 0.2361 0.0309 0.9712
v 1.41366 4.04023 0.44263
vt 1.00000 0.37643
vn 0.2816 0.0574 0.9578
v 1.32393 4.06594 0.46747
vt 0.94726 0.39164
vn 0.2659 0.0285 0.9636
v 0.78468 4.22092 0.50000
vt 0.66746 0.48290
vn 0.0882 -0.0696 -0.9937
v 0.95043 4.30012 0.50945
vt 0.76496 0.52948
vn 0.0745 -0.0623 -0.9953
v 0.87433 4.19507 0.50977
vt 0.72019 0.46769
vn 0.0701 -0.0481 -0.9964
v 0.78468 4.22092 0.50000
vt 0.66746 0.48290
vn 0.0882 -0.0696 -0.9937
v 0.87601 4.32383 0.50000
vt 0.72118 0.54343
vn 0.0960 -0.0937 -0.9910
v 0.95043 4.30012 0.50945
vt 0.76496 0.52948
vn 0.0745 -0.0623 -0.9953
v 0.78423 4.22128 0.50507
vt 0.66746 0.48290
vn -0.0882 0.0696 0.9937
v 0.87397 4.19532 0.51485
vt 0.72019 0.46769
vn -0.0701 0.0481 0.9964
v 0.95005 4.30044 0.51453
vt 0.76496 0.52948
vn -0.0745 0.0623 0.9953
v 0.78423 4.22128 0.50507
vt 0.66746 0.48290
vn -0.0882 0.0696 0.9937
v 0.95005 4.30044 0.51453
vt 0.76496 0.52948
vn -0.0745 0.0623 0.9953
v 0.87552 4.32431 0.50505
vt 0.72118 0.54343
vn -0.0960 0.0937 0.9910
v 0.87433 4.19507 0.50977
vt 0.72019 0.46769
vn 0.0701 -0.0481 -0.9964
v 1.02485 4.27641 0.51411
vt 0.80873 0.51553
vn 0.0090 -0.0154 -0.9998
v 0.96398 4.16921 0.51511
vt 0.77293 0.45248
vn 0.0154 -0.0166 -0.9997
v 0.87433 4.19507 0.50977
vt 0.72019 0.46769
vn 0.0701 -0.0481 -0.9964
v 0.95043 4.30012 0.50945
vt 0.76496 0.52948
vn 0.0745 -0.0623 -0.9953
v 1.02485 4.27641 0.51411
vt 0.80873 0.51553
vn 0.0090 -0.0154 -0.9998
v 0.87397 4.19532 0.51485
vt 0.72019 0.46769
vn -0.0701 0.0481 0.9964
v 0.96390 4.16930 0.52021
vt 0.77293 0.45248
vn -0.0154 0.0166 0.9997
v 1.02480 4.27648 0.51921
vt 0.80873 0.51553
vn -0.0090 0.0154 0.9998
v 0.87397 4.19532 0.51485
vt 0.72019 0.46769
vn -0.0701 0.0481 0.9964
v 1.02480 4.27648 0.51921
vt 0.80873 0.51553
vn -0.0090 0.0154 0.9998
v 0.95005 4.30044 0.51453
vt 0.76496 0.52948
vn -0.0745 0.0623 0.9953
v 0.96398 4.16921 0.51511
vt 0.77293 0.45248
vn 0.0154 -0.0166 -0.9997
v 1.09926 4.25269 0.51152
vt 0.85251 0.50158
vn -0.0833 0.0200 -0.9963
v 1.05362 4.14336 0.51339
vt 0.82566 0.43727
vn -0.0631 0.0074 -0.9980
v 0.96398 4.16921 0.51511
vt 0.77293 0.45248
vn 0.0154 -0.0166 -0.9997
v 1.02485 4.27641 0.51411
vt 0.80873 0.51553
vn 0.0090 -0.0154 -0.9998
v 1.09926 4.25269 0.51152
vt 0.85251 0.50158
vn -0.0833 0.0200 -0.9963
v 0.96390 4.16930 0.52021
vt 0.77293 0.45248
vn -0.0154 0.0166 0.9997
v 1.05395 4.14332 0.51848
vt 0.82566 0.43727
vn 0.0631 -0.0074 0.9980
v 1.09969 4.25259 0.51661
vt 0.85251 0.50158
vn 0.0833 -0.0200 0.9963
v 0.96390 4.16930 0.52021
vt 0.77293 0.45248
vn -0.0154 0.0166 0.9997
v 1.09969 4.25259 0.51661
vt 0.85251 0.50158
vn 0.0833 -0.0200 0.9963
v 1.02480 4.27648 0.51921
vt 0.80873 0.51553
vn -0.0090 0.0154 0.9998
v 1.05362 4.14336 0.51339
vt 0.82566 0.43727
vn -0.0631 0.0074 -0.9980
v 1.17368 4.22898 0.50071
vt 0.89629 0.48763
vn -0.1824 0.0295 -0.9828
v 1.14327 4.11750 0.50340
vt 0.87840 0.42206
vn -0.1489 0.0134 -0.9888
v 1.05362 4.14336 0.51339
vt 0.82566 0.43727
vn -0.0631 0.0074 -0.9980
v 1.09926 4.25269 0.51152
vt 0.85251 0.50158
vn -0.0833 0.0200 -0.9963
v 1.17368 4.22898 0.50071
vt 0.89629 0.48763
vn -0.1824 0.0295 -0.9828
v 1.05395 4.14332 0.51848
vt 0.82566 0.43727
vn 0.0631 -0.0074 0.9980
v 1.14403 4.11743 0.50844
vt 0.87840 0.42206
vn 0.1489 -0.0134 0.9888
v 1.17461 4.22883 0.50573
vt 0.89629 0.48763
vn 0.1824 -0.0295 0.9828
v 1.05395 4.14332 0.51848
vt 0.82566 0.43727
vn 0.0631 -0.0074 0.9980
v 1.17461 4.22883 0.50573
vt 0.89629 0.48763
vn 0.1824 -0.0295 0.9828
v 1.09969 4.25259 0.51661
vt 0.85251 0.50158
vn 0.0833 -0.0200 0.9963
v 1.14327 4.11750 0.50340
vt 0.87840 0.42206
vn -0.1489 0.0134 -0.9888
v 1.24810 4.20527 0.48247
vt 0.94006 0.47369
vn -0.2647 0.0109 -0.9643
v 1.23292 4.09165 0.48569
vt 0.93113 0.40685
vn -0.2224 -0.0009 -0.9750
v 1.14327 4.11750 0.50340
vt 0.87840 0.42206
vn -0.1489 0.0134 -0.9888
v 1.17368 4.22898 0.50071
vt 0.89629 0.48763
vn -0.1824 0.0295 -0.9828
v 1.24810 4.20527 0.48247
vt 0.94006 0.47369
vn -0.2647 0.0109 -0.9643
v 1.14403 4.11743 0.50844
vt 0.87840 0.42206
vn 0.1489 -0.0134 0.9888
v 1.23406 4.09165 0.49066
vt 0.93113 0.40685
vn 0.2224 0.0009 0.9750
v 1.24945 4.20521 0.48739
vt 0.94006 0.47369
vn 0.2647 -0.0109 0.9643
v 1.14403 4.11743 0.50844
vt 0.87840 0.42206
vn 0.1489 -0.0134 0.9888
v 1.24945 4.20521 0.48739
vt 0.94006 0.47369
vn 0.2647 -0.0109 0.9643
v 1.17461 4.22883 0.50573
vt 0.89629 0.48763
vn 0.1824 -0.0295 0.9828
v 1.23292 4.09165 0.48569
vt 0.93113 0.40685
vn -0.2224 -0.0009 -0.9750
v 1.32252 4.18155 0.45931
vt 0.98384 0.45974
vn -0.3104 -0.0254 -0.9503
v 1.32257 4.06579 0.46255
vt 0.98387 0.39164
vn -0.2659 -0.0285 -0.9636
v 1.23292 4.09165 0.48569
vt 0.93113 0.40685
vn -0.2224 -0.0009 -0.9750
v 1.24810 4.20527 0.48247
vt 0.94006 0.47369
vn -0.2647 0.0109 -0.9643
v 1.32252 4.18155 0.45931
vt 0.98384 0.45974
vn -0.3104 -0.0254 -0.9503
v 1.23406 4.09165 0.49066
vt 0.93113 0.40685
vn 0.2224 0.0009 0.9750
v 1.32393 4.06594 0.46747
vt 0.98387 0.39164
vn 0.2659 0.0285 0.9636
v 1.32411 4.18168 0.46416
vt 0.98384 0.45974
vn 0.3104 0.0254 0.9503
v 1.23406 4.09165 0.49066
vt 0.93113 0.40685
vn 0.2224 0.0009 0.9750
v 1.32411 4.18168 0.46416
vt 0.98384 0.45974
vn 0.3104 0.0254 0.9503
v 1.24945 4.20521 0.48739
vt 0.94006 0.47369
vn 0.2647 -0.0109 0.9643
v 1.32257 4.06579 0.46255
vt 0.94726 0.39164
vn -0.2659 -0.0285 -0.9636
v 1.39694 4.15784 0.43513
vt 0.99101 0.44579
vn -0.3267 -0.0635 -0.9430
v 1.41222 4.03994 0.43774
vt 1.00000 0.37643
vn -0.2816 -0.0574 -0.9578
v 1.32257 4.06579 0.46255
vt 0.95625 0.39164
vn -0.2659 -0.0285 -0.9636
v 1.32252 4.18155 0.45931
vt 0.95622 0.45974
vn -0.3104 -0.0254 -0.9503
v 1.39694 4.15784 0.43513
vt 1.00000 0.44579
vn -0.3267 -0.0635 -0.9430
v 1.32393 4.06594 0.46747
vt 0.94726 0.39164
vn 0.2659 0.0285 0.9636
v 1.41366 4.04023 0.44263
vt 1.00000 0.37643
vn 0.2816 0.0574 0.9578
v 1.39861 4.15816 0.43994
vt 0.99101 0.44579
vn 0.3267 0.0635 0.9430
v 1.32393 4.06594 0.46747
vt 0.95625 0.39164
vn 0.2659 0.0285 0.9636
v 1.39861 4.15816 0.43994
vt 1.00000 0.44579
vn 0.3267 0.0635 0.9430
v 1.32411 4.18168 0.46416
vt 0.95622 0.45974
vn 0.3104 0.0254 0.9503
v 0.87601 4.32383 0.50000
vt 0.72118 0.54343
vn 0.0960 -0.0937 -0.9910
v 1.03444 4.39730 0.50910
vt 0.81437 0.58665
vn 0.0832 -0.0832 -0.9931
v 0.95043 4.30012 0.50945
vt 0.76496 0.52948
vn 0.0745 -0.0623 -0.9953
v 0.87601 4.32383 0.50000
vt 0.72118 0.54343
vn 0.0960 -0.0937 -0.9910
v 0.97671 4.41756 0.50000
vt 0.78042 0.59857
vn 0.1094 -0.1308 -0.9854
v 1.03444 4.39730 0.50910
vt 0.81437 0.58665
vn 0.0832 -0.0832 -0.9931
v 0.87552 4.32431 0.50505
vt 0.72118 0.54343
vn -0.0960 0.0937 0.9910
v 0.95005 4.30044 0.51453
vt 0.76496 0.52948
vn -0.0745 0.0623 0.9953
v 1.03401 4.39773 0.51416
vt 0.81437 0.58665
vn -0.0832 0.0832 0.9931
v 0.87552 4.32431 0.50505
vt 0.72118 0.54343
vn -0.0960 0.0937 0.9910
v 1.03401 4.39773 0.51416
vt 0.81437 0.58665
vn -0.0832 0.0832 0.9931
v 0.97615 4.41823 0.50503
vt 0.78042 0.59857
vn -0.1094 0.1308 0.9854
v 0.95043 4.30012 0.50945
vt 0.76496 0.52948
vn 0.0745 -0.0623 -0.9953
v 1.09216 4.37704 0.51306
vt 0.84833 0.57473
vn 0.0005 -0.0115 -0.9999
v 1.02485 4.27641 0.51411
vt 0.80873 0.51553
vn 0.0090 -0.0154 -0.9998
v 0.95043 4.30012 0.50945
vt 0.76496 0.52948
vn 0.0745 -0.0623 -0.9953
v 1.03444 4.39730 0.50910
vt 0.81437 0.58665
vn 0.0832 -0.0832 -0.9931
v 1.09216 4.37704 0.51306
vt 0.84833 0.57473
vn 0.0005 -0.0115 -0.9999
v 0.95005 4.30044 0.51453
vt 0.76496 0.52948
vn -0.0745 0.0623 0.9953
v 1.02480 4.27648 0.51921
vt 0.80873 0.51553
vn -0.0090 0.0154 0.9998
v 1.09216 4.37710 0.51816
vt 0.84833 0.57473
vn -0.0005 0.0115 0.9999
v 0.95005 4.30044 0.51453
vt 0.76496 0.52948
vn -0.0745 0.0623 0.9953
v 1.09216 4.37710 0.51816
vt 0.84833 0.57473
vn -0.0005 0.0115 0.9999
v 1.03401 4.39773 0.51416
vt 0.81437 0.58665
vn -0.0832 0.0832 0.9931
v 1.02485 4.27641 0.51411
vt 0.80873 0.51553
vn 0.0090 -0.0154 -0.9998
v 1.14989 4.35678 0.50961
vt 0.88229 0.56281
vn -0.1147 0.0415 -0.9925
v 1.09926 4.25269 0.51152
vt 0.85251 0.50158
vn -0.0833 0.0200 -0.9963
v 1.02485 4.27641 0.51411
vt 0.80873 0.51553
vn 0.0090 -0.0154 -0.9998
v 1.09216 4.37704 0.51306
vt 0.84833 0.57473
vn 0.0005 -0.0115 -0.9999
v 1.14989 4.35678 0.50961
vt 0.88229 0.56281
vn -0.1147 0.0415 -0.9925
v 1.02480 4.27648 0.51921
vt 0.80873 0.51553
vn -0.0090 0.0154 0.9998
v 1.09969 4.25259 0.51661
vt 0.85251 0.50158
vn 0.0833 -0.0200 0.9963
v 1.15048 4.35657 0.51468
vt 0.88229 0.56281
vn 0.1147 -0.0415 0.9925
v 1.02480 4.27648 0.51921
vt 0.80873 0.51553
vn -0.0090 0.0154 0.9998
v 1.15048 4.35657 0.51468
vt 0.88229 0.56281
vn 0.1147 -0.0415 0.9925
v 1.09216 4.37710 0.51816
vt 0.84833 0.57473
vn -0.0005 0.0115 0.9999
v 1.09926 4.25269 0.51152
vt 0.85251 0.50158
vn -0.0833 0.0200 -0.9963
v 1.20762 4.33652 0.49802
vt 0.91625 0.55090
vn -0.2352 0.0552 -0.9704
v 1.17368 4.22898 0.50071
vt 0.89629 0.48763
vn -0.1824 0.0295 -0.9828
v 1.09926 4.25269 0.51152
vt 0.85251 0.50158
vn -0.0833 0.0200 -0.9963
v 1.14989 4.35678 0.50961
vt 0.88229 0.56281
vn -0.1147 0.0415 -0.9925
v 1.20762 4.33652 0.49802
vt 0.91625 0.55090
vn -0.2352 0.0552 -0.9704
v 1.09969 4.25259 0.51661
vt 0.85251 0.50158
vn 0.0833 -0.0200 0.9963
v 1.17461 4.22883 0.50573
vt 0.89629 0.48763
vn 0.1824 -0.0295 0.9828
v 1.20882 4.33624 0.50297
vt 0.91625 0.55090
vn 0.2352 -0.0552 0.9704
v 1.09969 4.25259 0.51661
vt 0.85251 0.50158
vn 0.0833 -0.0200 0.9963
v 1.20882 4.33624 0.50297
vt 0.91625 0.55090
vn 0.2352 -0.0552 0.9704
v 1.15048 4.35657 0.51468
vt 0.88229 0.56281
vn 0.1147 -0.0415 0.9925
v 1.17368 4.22898 0.50071
vt 0.89629 0.48763
vn -0.1824 0.0295 -0.9828
v 1.26534 4.31626 0.47932
vt 0.95020 0.53898
vn -0.3313 0.0287 -0.9431
v 1.24810 4.20527 0.48247
vt 0.94006 0.47369
vn -0.2647 0.0109 -0.9643
v 1.17368 4.22898 0.50071
vt 0.89629 0.48763
vn -0.1824 0.0295 -0.9828
v 1.20762 4.33652 0.49802
vt 0.91625 0.55090
vn -0.2352 0.0552 -0.9704
v 1.26534 4.31626 0.47932
vt 0.95020 0.53898
vn -0.3313 0.0287 -0.9431
v 1.17461 4.22883 0.50573
vt 0.89629 0.48763
vn 0.1824 -0.0295 0.9828
v 1.24945 4.20521 0.48739
vt 0.94006 0.47369
vn 0.2647 -0.0109 0.9643
v 1.26703 4.31611 0.48413
vt 0.95020 0.53898
vn 0.3313 -0.0287 0.9431
v 1.17461 4.22883 0.50573
vt 0.89629 0.48763
vn 0.1824 -0.0295 0.9828
v 1.26703 4.31611 0.48413
vt 0.95020 0.53898
vn 0.3313 -0.0287 0.9431
v 1.20882 4.33624 0.50297
vt 0.91625 0.55090
vn 0.2352 -0.0552 0.9704
v 1.24810 4.20527 0.48247
vt 0.94006 0.47369
vn -0.2647 0.0109 -0.9643
v 1.32307 4.29600 0.45623
vt 0.98416 0.52706
vn -0.3804 -0.0213 -0.9246
v 1.32252 4.18155 0.45931
vt 0.98384 0.45974
vn -0.3104 -0.0254 -0.9503
v 1.24810 4.20527 0.48247
vt 0.94006 0.47369
vn -0.2647 0.0109 -0.9643
v 1.26534 4.31626 0.47932
vt 0.95020 0.53898
vn -0.3313 0.0287 -0.9431
v 1.32307 4.29600 0.45623
vt 0.98416 0.52706
vn -0.3804 -0.0213 -0.9246
v 1.24945 4.20521 0.48739
vt 0.94006 0.47369
vn 0.2647 -0.0109 0.9643
v 1.32411 4.18168 0.46416
vt 0.98384 0.45974
vn 0.3104 0.0254 0.9503
v 1.32501 4.29611 0.46094
vt 0.98416 0.52706
vn 0.3804 0.0213 0.9246
v 1.24945 4.20521 0.48739
vt 0.94006 0.47369
vn 0.2647 -0.0109 0.9643
v 1.32501 4.29611 0.46094
vt 0.98416 0.52706
vn 0.3804 0.0213 0.9246
v 1.26703 4.31611 0.48413
vt 0.95020 0.53898
vn 0.3313 -0.0287 0.9431
v 1.32252 4.18155 0.45931
vt 0.95622 0.45974
vn -0.3104 -0.0254 -0.9503
v 1.38080 4.27574 0.43276
vt 0.99050 0.51514
vn -0.3975 -0.0729 -0.9147
v 1.39694 4.15784 0.43513
vt 1.00000 0.44579
vn -0.3267 -0.0635 -0.9430
v 1.32252 4.18155 0.45931
vt 0.96572 0.45974
vn -0.3104 -0.0254 -0.9503
v 1.32307 4.29600 0.45623
vt 0.96604 0.52706
vn -0.3804 -0.0213 -0.9246
v 1.38080 4.27574 0.43276
vt 1.00000 0.51514
vn -0.3975 -0.0729 -0.9147
v 1.32411 4.18168 0.46416
vt 0.95622 0.45974
vn 0.3104 0.0254 0.9503
v 1.39861 4.15816 0.43994
vt 1.00000 0.44579
vn 0.3267 0.0635 0.9430
v 1.38283 4.27611 0.43742
vt 0.99050 0.51514
vn 0.3975 0.0729 0.9147
v 1.32411 4.18168 0.46416
vt 0.96572 0.45974
vn 0.3104 0.0254 0.9503
v 1.38283 4.27611 0.43742
vt 1.00000 0.51514
vn 0.3975 0.0729 0.9147
v 1.32501 4.29611 0.46094
vt 0.96604 0.52706
vn 0.3804 0.0213 0.9246
v 0.97671 4.41756 0.50000
vt 0.78042 0.59857
vn 0.1094 -0.1308 -0.9854
v 1.12636 4.48490 0.50871
vt 0.86845 0.63818
vn 0.1019 -0.1228 -0.9872
v 1.03444 4.39730 0.50910
vt 0.81437 0.58665
vn 0.0832 -0.0832 -0.9931
v 0.97671 4.41756 0.50000
vt 0.78042 0.59857
vn 0.1094 -0.1308 -0.9854
v 1.08675 4.50011 0.50000
vt 0.84515 0.64712
vn 0.1356 -0.2022 -0.9699
v 1.12636 4.48490 0.50871
vt 0.86845 0.63818
vn 0.1019 -0.1228 -0.9872
v 0.97615 4.41823 0.50503
vt 0.78042 0.59857
vn -0.1094 0.1308 0.9854
v 1.03401 4.39773 0.51416
vt 0.81437 0.58665
vn -0.0832 0.0832 0.9931
v 1.12584 4.48553 0.51374
vt 0.86845 0.63818
vn -0.1019 0.1228 0.9872
v 0.97615 4.41823 0.50503
vt 0.78042 0.59857
vn -0.1094 0.1308 0.9854
v 1.12584 4.48553 0.51374
vt 0.86845 0.63818
vn -0.1019 0.1228 0.9872
v 1.08606 4.50114 0.50495
vt 0.84515 0.64712
vn -0.1356 0.2022 0.9699
v 1.03444 4.39730 0.50910
vt 0.81437 0.58665
vn 0.0832 -0.0832 -0.9931
v 1.16596 4.46969 0.51196
vt 0.89174 0.62923
vn -0.0135 -0.0010 -0.9999
v 1.09216 4.37704 0.51306
vt 0.84833 0.57473
vn 0.0005 -0.0115 -0.9999
v 1.03444 4.39730 0.50910
vt 0.81437 0.58665
vn 0.0832 -0.0832 -0.9931
v 1.12636 4.48490 0.50871
vt 0.86845 0.63818
vn 0.1019 -0.1228 -0.9872
v 1.16596 4.46969 0.51196
vt 0.89174 0.62923
vn -0.0135 -0.0010 -0.9999
v 1.03401 4.39773 0.51416
vt 0.81437 0.58665
vn -0.0832 0.0832 0.9931
v 1.09216 4.37710 0.51816
vt 0.84833 0.57473
vn -0.0005 0.0115 0.9999
v 1.16603 4.46970 0.51706
vt 0.89174 0.62923
vn 0.0135 0.0010 0.9999
v 1.03401 4.39773 0.51416
vt 0.81437 0.58665
vn -0.0832 0.0832 0.9931
v 1.16603 4.46970 0.51706
vt 0.89174 0.62923
vn 0.0135 0.0010 0.9999
v 1.12584 4.48553 0.51374
vt 0.86845 0.63818
vn -0.1019 0.1228 0.9872
v 1.09216 4.37704 0.51306
vt 0.84833 0.57473
vn 0.0005 -0.0115 -0.9999
v 1.20557 4.45448 0.50767
vt 0.91504 0.62028
vn -0.1729 0.0858 -0.9812
v 1.14989 4.35678 0.50961
vt 0.88229 0.56281
vn -0.1147 0.0415 -0.9925
v 1.09216 4.37704 0.51306
vt 0.84833 0.57473
vn 0.0005 -0.0115 -0.9999
v 1.16596 4.46969 0.51196
vt 0.89174 0.62923
vn -0.0135 -0.0010 -0.9999
v 1.20557 4.45448 0.50767
vt 0.91504 0.62028
vn -0.1729 0.0858 -0.9812
v 1.09216 4.37710 0.51816
vt 0.84833 0.57473
vn -0.0005 0.0115 0.9999
v 1.15048 4.35657 0.51468
vt 0.88229 0.56281
vn 0.1147 -0.0415 0.9925
v 1.20645 4.45404 0.51267
vt 0.91504 0.62028
vn 0.1729 -0.0858 0.9812
v 1.09216 4.37710 0.51816
vt 0.84833 0.57473
vn -0.0005 0.0115 0.9999
v 1.20645 4.45404 0.51267
vt 0.91504 0.62028
vn 0.1729 -0.0858 0.9812
v 1.16603 4.46970 0.51706
vt 0.89174 0.62923
vn 0.0135 0.0010 0.9999
v 1.14989 4.35678 0.50961
vt 0.88229 0.56281
vn -0.1147 0.0415 -0.9925
v 1.24518 4.43927 0.49534
vt 0.93834 0.61134
vn -0.3317 0.1047 -0.9376
v 1.20762 4.33652 0.49802
vt 0.91625 0.55090
vn -0.2352 0.0552 -0.9704
v 1.14989 4.35678 0.50961
vt 0.88229 0.56281
vn -0.1147 0.0415 -0.9925
v 1.20557 4.45448 0.50767
vt 0.91504 0.62028
vn -0.1729 0.0858 -0.9812
v 1.24518 4.43927 0.49534
vt 0.93834 0.61134
vn -0.3317 0.1047 -0.9376
v 1.15048 4.35657 0.51468
vt 0.88229 0.56281
vn 0.1147 -0.0415 0.9925
v 1.20882 4.33624 0.50297
vt 0.91625 0.55090
vn 0.2352 -0.0552 0.9704
v 1.24687 4.43874 0.50012
vt 0.93834 0.61134
vn 0.3317 -0.1047 0.9376
v 1.15048 4.35657 0.51468
vt 0.88229 0.56281
vn 0.1147 -0.0415 0.9925
v 1.24687 4.43874 0.50012
vt 0.93834 0.61134
vn 0.3317 -0.1047 0.9376
v 1.20645 4.45404 0.51267
vt 0.91504 0.62028
vn 0.1729 -0.0858 0.9812
v 1.20762 4.33652 0.49802
vt 0.91625 0.55090
vn -0.2352 0.0552 -0.9704
v 1.28478 4.42406 0.47625
vt 0.96164 0.60239
vn -0.4494 0.0612 -0.8912
v 1.26534 4.31626 0.47932
vt 0.95020 0.53898
vn -0.3313 0.0287 -0.9431
v 1.20762 4.33652 0.49802
vt 0.91625 0.55090
vn -0.2352 0.0552 -0.9704
v 1.24518 4.43927 0.49534
vt 0.93834 0.61134
vn -0.3317 0.1047 -0.9376
v 1.28478 4.42406 0.47625
vt 0.96164 0.60239
vn -0.4494 0.0612 -0.8912
v 1.20882 4.33624 0.50297
vt 0.91625 0.55090
vn 0.2352 -0.0552 0.9704
v 1.26703 4.31611 0.48413
vt 0.95020 0.53898
vn 0.3313 -0.0287 0.9431
v 1.28707 4.42375 0.48080
vt 0.96164 0.60239
vn 0.4494 -0.0612 0.8912
v 1.20882 4.33624 0.50297
vt 0.91625 0.55090
vn 0.2352 -0.0552 0.9704
v 1.28707 4.42375 0.48080
vt 0.96164 0.60239
vn 0.4494 -0.0612 0.8912
v 1.24687 4.43874 0.50012
vt 0.93834 0.61134
vn 0.3317 -0.1047 0.9376
v 1.26534 4.31626 0.47932
vt 0.95020 0.53898
vn -0.3313 0.0287 -0.9431
v 1.32439 4.40885 0.45331
vt 0.98493 0.59344
vn -0.5030 -0.0142 -0.8641
v 1.32307 4.29600 0.45623
vt 0.98416 0.52706
vn -0.3804 -0.0213 -0.9246
v 1.26534 4.31626 0.47932
vt 0.95020 0.53898
vn -0.3313 0.0287 -0.9431
v 1.28478 4.42406 0.47625
vt 0.96164 0.60239
vn -0.4494 0.0612 -0.8912
v 1.32439 4.40885 0.45331
vt 0.98493 0.59344
vn -0.5030 -0.0142 -0.8641
v 1.26703 4.31611 0.48413
vt 0.95020 0.53898
vn 0.3313 -0.0287 0.9431
v 1.32501 4.29611 0.46094
vt 0.98416 0.52706
vn 0.3804 0.0213 0.9246
v 1.32695 4.40892 0.45771
vt 0.98493 0.59344
vn 0.5030 0.0142 0.8641
v 1.26703 4.31611 0.48413
vt 0.95020 0.53898
vn 0.3313 -0.0287 0.9431
v 1.32695 4.40892 0.45771
vt 0.98493 0.59344
vn 0.5030 0.0142 0.8641
v 1.28707 4.42375 0.48080
vt 0.96164 0.60239
vn 0.4494 -0.0612 0.8912
v 1.32307 4.29600 0.45623
vt 0.96604 0.52706
vn -0.3804 -0.0213 -0.9246
v 1.36399 4.39364 0.43064
vt 0.99012 0.58450
vn -0.5204 -0.0894 -0.8492
v 1.38080 4.27574 0.43276
vt 1.00000 0.51514
vn -0.3975 -0.0729 -0.9147
v 1.32307 4.29600 0.45623
vt 0.97593 0.52706
vn -0.3804 -0.0213 -0.9246
v 1.32439 4.40885 0.45331
vt 0.97670 0.59344
vn -0.5030 -0.0142 -0.8641
v 1.36399 4.39364 0.43064
vt 1.00000 0.58450
vn -0.5204 -0.0894 -0.8492
v 1.32501 4.29611 0.46094
vt 0.96604 0.52706
vn 0.3804 0.0213 0.9246
v 1.38283 4.27611 0.43742
vt 1.00000 0.51514
vn 0.3975 0.0729 0.9147
v 1.36665 4.39410 0.43497
vt 0.99012 0.58450
vn 0.5204 0.0894 0.8492
v 1.32501 4.29611 0.46094
vt 0.97593 0.52706
vn 0.3804 0.0213 0.9246
v 1.36665 4.39410 0.43497
vt 1.00000 0.58450
vn 0.5204 0.0894 0.8492
v 1.32695 4.40892 0.45771
vt 0.97670 0.59344
vn 0.5030 0.0142 0.8641
v 1.08675 4.50011 0.50000
vt 0.84515 0.64712
vn 0.1356 -0.2022 -0.9699
v 1.22518 4.56213 0.50828
vt 0.92658 0.68361
vn 0.1601 -0.2306 -0.9598
v 1.12636 4.48490 0.50871
vt 0.86845 0.63818
vn 0.1019 -0.1228 -0.9872
v 1.08675 4.50011 0.50000
vt 0.84515 0.64712
vn 0.1356 -0.2022 -0.9699
v 1.20492 4.57056 0.50000
vt 0.91466 0.68857
vn 0.2064 -0.3870 -0.8987
v 1.22518 4.56213 0.50828
vt 0.92658 0.68361
vn 0.1601 -0.2306 -0.9598
v 1.08606 4.50114 0.50495
vt 0.84515 0.64712
vn -0.1356 0.2022 0.9699
v 1.12584 4.48553 0.51374
vt 0.86845 0.63818
vn -0.1019 0.1228 0.9872
v 1.22436 4.56331 0.51318
vt 0.92658 0.68361
vn -0.1601 0.2306 0.9598
v 1.08606 4.50114 0.50495
vt 0.84515 0.64712
vn -0.1356 0.2022 0.9699
v 1.22436 4.56331 0.51318
vt 0.92658 0.68361
vn -0.1601 0.2306 0.9598
v 1.20387 4.57253 0.50458
vt 0.91466 0.68857
vn -0.2064 0.3870 0.8987
v 1.12636 4.48490 0.50871
vt 0.86845 0.63818
vn 0.1019 -0.1228 -0.9872
v 1.24544 4.55370 0.51081
vt 0.93849 0.67865
vn -0.0490 0.0355 -0.9982
v 1.16596 4.46969 0.51196
vt 0.89174 0.62923
vn -0.0135 -0.0010 -0.9999
v 1.12636 4.48490 0.50871
vt 0.86845 0.63818
vn 0.1019 -0.1228 -0.9872
v 1.22518 4.56213 0.50828
vt 0.92658 0.68361
vn 0.1601 -0.2306 -0.9598
v 1.24544 4.55370 0.51081
vt 0.93849 0.67865
vn -0.0490 0.0355 -0.9982
v 1.12584 4.48553 0.51374
vt 0.86845 0.63818
vn -0.1019 0.1228 0.9872
v 1.16603 4.46970 0.51706
vt 0.89174 0.62923
vn 0.0135 0.0010 0.9999
v 1.24569 4.55352 0.51590
vt 0.93849 0.67865
vn 0.0490 -0.0355 0.9982
v 1.12584 4.48553 0.51374
vt 0.86845 0.63818
vn -0.1019 0.1228 0.9872
v 1.24569 4.55352 0.51590
vt 0.93849 0.67865
vn 0.0490 -0.0355 0.9982
v 1.22436 4.56331 0.51318
vt 0.92658 0.68361
vn -0.1601 0.2306 0.9598
v 1.16596 4.46969 0.51196
vt 0.89174 0.62923
vn -0.0135 -0.0010 -0.9999
v 1.26570 4.54527 0.50569
vt 0.95041 0.67369
vn -0.3256 0.2092 -0.9221
v 1.20557 4.45448 0.50767
vt 0.91504 0.62028
vn -0.1729 0.0858 -0.9812
v 1.16596 4.46969 0.51196
vt 0.89174 0.62923
vn -0.0135 -0.0010 -0.9999
v 1.24544 4.55370 0.51081
vt 0.93849 0.67865
vn -0.0490 0.0355 -0.9982
v 1.26570 4.54527 0.50569
vt 0.95041 0.67369
vn -0.3256 0.2092 -0.9221
v 1.16603 4.46970 0.51706
vt 0.89174 0.62923
vn 0.0135 0.0010 0.9999
v 1.20645 4.45404 0.51267
vt 0.91504 0.62028
vn 0.1729 -0.0858 0.9812
v 1.26736 4.54420 0.51040
vt 0.95041 0.67369
vn 0.3256 -0.2092 0.9221
v 1.16603 4.46970 0.51706
vt 0.89174 0.62923
vn 0.0135 0.0010 0.9999
v 1.26736 4.54420 0.51040
vt 0.95041 0.67369
vn 0.3256 -0.2092 0.9221
v 1.24569 4.55352 0.51590
vt 0.93849 0.67865
vn 0.0490 -0.0355 0.9982
v 1.20557 4.45448 0.50767
vt 0.91504 0.62028
vn -0.1729 0.0858 -0.9812
v 1.28596 4.53684 0.49268
vt 0.96233 0.66873
vn -0.5514 0.2214 -0.8043
v 1.24518 4.43927 0.49534
vt 0.93834 0.61134
vn -0.3317 0.1047 -0.9376
v 1.20557 4.45448 0.50767
vt 0.91504 0.62028
vn -0.1729 0.0858 -0.9812
v 1.26570 4.54527 0.50569
vt 0.95041 0.67369
vn -0.3256 0.2092 -0.9221
v 1.28596 4.53684 0.49268
vt 0.96233 0.66873
vn -0.5514 0.2214 -0.8043
v 1.20645 4.45404 0.51267
vt 0.91504 0.62028
vn 0.1729 -0.0858 0.9812
v 1.24687 4.43874 0.50012
vt 0.93834 0.61134
vn 0.3317 -0.1047 0.9376
v 1.28877 4.53571 0.49678
vt 0.96233 0.66873
vn 0.5514 -0.2214 0.8043
v 1.20645 4.45404 0.51267
vt 0.91504 0.62028
vn 0.1729 -0.0858 0.9812
v 1.28877 4.53571 0.49678
vt 0.96233 0.66873
vn 0.5514 -0.2214 0.8043
v 1.26736 4.54420 0.51040
vt 0.95041 0.67369
vn 0.3256 -0.2092 0.9221
v 1.24518 4.43927 0.49534
vt 0.93834 0.61134
vn -0.3317 0.1047 -0.9376
v 1.30622 4.52841 0.47327
vt 0.97425 0.66377
vn -0.6883 0.1287 -0.7139
v 1.28478 4.42406 0.47625
vt 0.96164 0.60239
vn -0.4494 0.0612 -0.8912
v 1.24518 4.43927 0.49534
vt 0.93834 0.61134
vn -0.3317 0.1047 -0.9376
v 1.28596 4.53684 0.49268
vt 0.96233 0.66873
vn -0.5514 0.2214 -0.8043
v 1.30622 4.52841 0.47327
vt 0.97425 0.66377
vn -0.6883 0.1287 -0.7139
v 1.24687 4.43874 0.50012
vt 0.93834 0.61134
vn 0.3317 -0.1047 0.9376
v 1.28707 4.42375 0.48080
vt 0.96164 0.60239
vn 0.4494 -0.0612 0.8912
v 1.30973 4.52775 0.47691
vt 0.97425 0.66377
vn 0.6883 -0.1287 0.7139
v 1.24687 4.43874 0.50012
vt 0.93834 0.61134
vn 0.3317 -0.1047 0.9376
v 1.30973 4.52775 0.47691
vt 0.97425 0.66377
vn 0.6883 -0.1287 0.7139
v 1.28877 4.53571 0.49678
vt 0.96233 0.66873
vn 0.5514 -0.2214 0.8043
v 1.28478 4.42406 0.47625
vt 0.96164 0.60239
vn -0.4494 0.0612 -0.8912
v 1.32648 4.51998 0.45056
vt 0.98617 0.65881
vn -0.7392 0.0002 -0.6735
v 1.32439 4.40885 0.45331
vt 0.98493 0.59344
vn -0.5030 -0.0142 -0.8641
v 1.28478 4.42406 0.47625
vt 0.96164 0.60239
vn -0.4494 0.0612 -0.8912
v 1.30622 4.52841 0.47327
vt 0.97425 0.66377
vn -0.6883 0.1287 -0.7139
v 1.32648 4.51998 0.45056
vt 0.98617 0.65881
vn -0.7392 0.0002 -0.6735
v 1.28707 4.42375 0.48080
vt 0.96164 0.60239
vn 0.4494 -0.0612 0.8912
v 1.32695 4.40892 0.45771
vt 0.98493 0.59344
vn 0.5030 0.0142 0.8641
v 1.33025 4.51997 0.45400
vt 0.98617 0.65881
vn 0.7392 -0.0002 0.6735
v 1.28707 4.42375 0.48080
vt 0.96164 0.60239
vn 0.4494 -0.0612 0.8912
v 1.33025 4.51997 0.45400
vt 0.98617 0.65881
vn 0.7392 -0.0002 0.6735
v 1.30973 4.52775 0.47691
vt 0.97425 0.66377
vn 0.6883 -0.1287 0.7139
v 1.32439 4.40885 0.45331
vt 0.97670 0.59344
vn -0.5030 -0.0142 -0.8641
v 1.34675 4.51154 0.42879
vt 0.98985 0.65385
vn -0.7496 -0.1199 -0.6510
v 1.36399 4.39364 0.43064
vt 1.00000 0.58450
vn -0.5204 -0.0894 -0.8492
v 1.32439 4.40885 0.45331
vt 0.98493 0.59344
vn -0.5030 -0.0142 -0.8641
v 1.32648 4.51998 0.45056
vt 0.98617 0.65881
vn -0.7392 0.0002 -0.6735
v 1.34675 4.51154 0.42879
vt 0.99809 0.65385
vn -0.7496 -0.1199 -0.6510
v 1.32695 4.40892 0.45771
vt 0.97670 0.59344
vn 0.5030 0.0142 0.8641
v 1.36665 4.39410 0.43497
vt 1.00000 0.58450
vn 0.5204 0.0894 0.8492
v 1.35057 4.51216 0.43211
vt 0.98985 0.65385
vn 0.7496 0.1199 0.6510
v 1.32695 4.40892 0.45771
vt 0.98493 0.59344
vn 0.5030 0.0142 0.8641
v 1.35057 4.51216 0.43211
vt 0.99809 0.65385
vn 0.7496 0.1199 0.6510
v 1.33025 4.51997 0.45400
vt 0.98617 0.65881
vn 0.7392 -0.0002 0.6735
v 1.20492 4.57056 0.50000
vt 0.91466 0.68857
vn 0.2064 -0.3870 -0.8987
v 1.32927 4.62945 0.50783
vt 0.98781 0.72320
vn -0.5430 0.8397 0.0000
v 1.22518 4.56213 0.50828
vt 0.92658 0.68361
vn 0.1601 -0.2306 -0.9598
v 1.20492 4.57056 0.50000
vt 0.91466 0.68857
vn 0.2064 -0.3870 -0.8987
v 1.32927 4.62945 0.50783
vt 0.98781 0.72320
vn -0.5430 0.8397 0.0000
v 1.32927 4.62945 0.50000
vt 0.98781 0.72320
vn -0.4280 0.9038 0.0000
v 1.20387 4.57253 0.50458
vt 0.91466 0.68857
vn -0.2064 0.3870 0.8987
v 1.22436 4.56331 0.51318
vt 0.92658 0.68361
vn -0.1601 0.2306 0.9598
v 1.33204 4.62516 0.50783
vt 0.98781 0.72320
vn 0.5430 -0.8397 0.0000
v 1.20387 4.57253 0.50458
vt 0.91466 0.68857
vn -0.2064 0.3870 0.8987
v 1.33145 4.62484 0.50000
vt 0.98781 0.72320
vn 0.4280 -0.9038 0.0000
v 1.33204 4.62516 0.50783
vt 0.98781 0.72320
vn 0.5430 -0.8397 0.0000
v 1.22518 4.56213 0.50828
vt 0.92658 0.68361
vn 0.1601 -0.2306 -0.9598
v 1.32927 4.62945 0.50962
vt 0.98781 0.72320
vn 0.6704 -0.7420 0.0000
v 1.24544 4.55370 0.51081
vt 0.93849 0.67865
vn -0.0490 0.0355 -0.9982
v 1.22518 4.56213 0.50828
vt 0.92658 0.68361
vn 0.1601 -0.2306 -0.9598
v 1.32927 4.62945 0.50783
vt 0.98781 0.72320
vn -0.5430 0.8397 0.0000
v 1.32927 4.62945 0.50962
vt 0.98781 0.72320
vn 0.6704 -0.7420 0.0000
v 1.22436 4.56331 0.51318
vt 0.92658 0.68361
vn -0.1601 0.2306 0.9598
v 1.24569 4.55352 0.51590
vt 0.93849 0.67865
vn 0.0490 -0.0355 0.9982
v 1.32585 4.63323 0.50962
vt 0.98781 0.72320
vn -0.6704 0.7420 0.0000
v 1.22436 4.56331 0.51318
vt 0.92658 0.68361
vn -0.1601 0.2306 0.9598
v 1.33204 4.62516 0.50783
vt 0.98781 0.72320
vn 0.5430 -0.8397 0.0000
v 1.32585 4.63323 0.50962
vt 0.98781 0.72320
vn -0.6704 0.7420 0.0000
v 1.24544 4.55370 0.51081
vt 0.93849 0.67865
vn -0.0490 0.0355 -0.9982
v 1.32927 4.62945 0.50370
vt 0.98781 0.72320
vn 0.7980 -0.6026 0.0000
v 1.26570 4.54527 0.50569
vt 0.95041 0.67369
vn -0.3256 0.2092 -0.9221
v 1.24544 4.55370 0.51081
vt 0.93849 0.67865
vn -0.0490 0.0355 -0.9982
v 1.32927 4.62945 0.50370
vt 0.98781 0.72320
vn 0.7980 -0.6026 0.0000
v 1.32927 4.62945 0.50962
vt 0.98781 0.72320
vn 0.6704 -0.7420 0.0000
v 1.24569 4.55352 0.51590
vt 0.93849 0.67865
vn 0.0490 -0.0355 0.9982
v 1.26736 4.54420 0.51040
vt 0.95041 0.67369
vn 0.3256 -0.2092 0.9221
v 1.32520 4.63252 0.50370
vt 0.98781 0.72320
vn -0.7980 0.6026 0.0000
v 1.24569 4.55352 0.51590
vt 0.93849 0.67865
vn 0.0490 -0.0355 0.9982
v 1.32585 4.63323 0.50962
vt 0.98781 0.72320
vn -0.6704 0.7420 0.0000
v 1.32520 4.63252 0.50370
vt 0.98781 0.72320
vn -0.7980 0.6026 0.0000
v 1.26570 4.54527 0.50569
vt 0.95041 0.67369
vn -0.3256 0.2092 -0.9221
v 1.32927 4.62945 0.49004
vt 0.98781 0.72320
vn 0.9058 -0.4236 0.0000
v 1.28596 4.53684 0.49268
vt 0.96233 0.66873
vn -0.5514 0.2214 -0.8043
v 1.26570 4.54527 0.50569
vt 0.95041 0.67369
vn -0.3256 0.2092 -0.9221
v 1.32927 4.62945 0.49004
vt 0.98781 0.72320
vn 0.9058 -0.4236 0.0000
v 1.32927 4.62945 0.50370
vt 0.98781 0.72320
vn 0.7980 -0.6026 0.0000
v 1.26736 4.54420 0.51040
vt 0.95041 0.67369
vn 0.3256 -0.2092 0.9221
v 1.28877 4.53571 0.49678
vt 0.96233 0.66873
vn 0.5514 -0.2214 0.8043
v 1.32465 4.63161 0.49004
vt 0.98781 0.72320
vn -0.9058 0.4236 0.0000
v 1.26736 4.54420 0.51040
vt 0.95041 0.67369
vn 0.3256 -0.2092 0.9221
v 1.32520 4.63252 0.50370
vt 0.98781 0.72320
vn -0.7980 0.6026 0.0000
v 1.32465 4.63161 0.49004
vt 0.98781 0.72320
vn -0.9058 0.4236 0.0000
v 1.28596 4.53684 0.49268
vt 0.96233 0.66873
vn -0.5514 0.2214 -0.8043
v 1.32927 4.62945 0.47039
vt 0.98781 0.72320
vn 0.9750 -0.2224 0.0000
v 1.30622 4.52841 0.47327
vt 0.97425 0.66377
vn -0.6883 0.1287 -0.7139
v 1.28596 4.53684 0.49268
vt 0.96233 0.66873
vn -0.5514 0.2214 -0.8043
v 1.32927 4.62945 0.47039
vt 0.98781 0.72320
vn 0.9750 -0.2224 0.0000
v 1.32927 4.62945 0.49004
vt 0.98781 0.72320
vn 0.9058 -0.4236 0.0000
v 1.28877 4.53571 0.49678
vt 0.96233 0.66873
vn 0.5514 -0.2214 0.8043
v 1.30973 4.52775 0.47691
vt 0.97425 0.66377
vn 0.6883 -0.1287 0.7139
v 1.32430 4.63058 0.47039
vt 0.98781 0.72320
vn -0.9750 0.2224 0.0000
v 1.28877 4.53571 0.49678
vt 0.96233 0.66873
vn 0.5514 -0.2214 0.8043
v 1.32465 4.63161 0.49004
vt 0.98781 0.72320
vn -0.9058 0.4236 0.0000
v 1.32430 4.63058 0.47039
vt 0.98781 0.72320
vn -0.9750 0.2224 0.0000
v 1.30622 4.52841 0.47327
vt 0.97425 0.66377
vn -0.6883 0.1287 -0.7139
v 1.32927 4.62945 0.44801
vt 0.98781 0.72320
vn 0.9997 -0.0255 0.0000
v 1.32648 4.51998 0.45056
vt 0.98617 0.65881
vn -0.7392 0.0002 -0.6735
v 1.30622 4.52841 0.47327
vt 0.97425 0.66377
vn -0.6883 0.1287 -0.7139
v 1.32927 4.62945 0.44801
vt 0.98781 0.72320
vn 0.9997 -0.0255 0.0000
v 1.32927 4.62945 0.47039
vt 0.98781 0.72320
vn 0.9750 -0.2224 0.0000
v 1.30973 4.52775 0.47691
vt 0.97425 0.66377
vn 0.6883 -0.1287 0.7139
v 1.33025 4.51997 0.45400
vt 0.98617 0.65881
vn 0.7392 -0.0002 0.6735
v 1.32417 4.62958 0.44801
vt 0.98781 0.72320
vn -0.9997 0.0255 0.0000
v 1.30973 4.52775 0.47691
vt 0.97425 0.66377
vn 0.6883 -0.1287 0.7139
v 1.32430 4.63058 0.47039
vt 0.98781 0.72320
vn -0.9750 0.2224 0.0000
v 1.32417 4.62958 0.44801
vt 0.98781 0.72320
vn -0.9997 0.0255 0.0000
v 1.32648 4.51998 0.45056
vt 0.98617 0.65881
vn -0.7392 0.0002 -0.6735
v 1.32927 4.62945 0.42720
vt 0.98781 0.72320
vn 0.9892 0.1466 0.0000
v 1.34675 4.51154 0.42879
vt 0.99809 0.65385
vn -0.7496 -0.1199 -0.6510
v 1.32648 4.51998 0.45056
vt 0.98617 0.65881
vn -0.7392 0.0002 -0.6735
v 1.32927 4.62945 0.42720
vt 0.98781 0.72320
vn 0.9892 0.1466 0.0000
v 1.32927 4.62945 0.44801
vt 0.98781 0.72320
vn 0.9997 -0.0255 0.0000
v 1.33025 4.51997 0.45400
vt 0.98617 0.65881
vn 0.7392 -0.0002 0.6735
v 1.35057 4.51216 0.43211
vt 0.99809 0.65385
vn 0.7496 0.1199 0.6510
v 1.32423 4.62870 0.42720
vt 0.98781 0.72320
vn -0.9892 -0.1466 0.0000
v 1.33025 4.51997 0.45400
vt 0.98617 0.65881
vn 0.7392 -0.0002 0.6735
v 1.32417 4.62958 0.44801
vt 0.98781 0.72320
vn -0.9997 0.0255 0.0000
v 1.32423 4.62870 0.42720
vt 0.98781 0.72320
vn -0.9892 -0.1466 0.0000
v 0.50000 1.39400 0.46430
vt 0.00000 0.00000
vn 0.0000 0.0000 -1.0000
v 0.47902 1.64475 0.47112
vt 0.10000 0.14750
vn -0.5878 0.0000 -0.8090
v 0.50000 1.64475 0.46430
vt 0.00000 0.14750
vn 0.0000 0.0000 -1.0000
v 0.50000 1.39400 0.46430
vt 0.00000 0.00000
vn 0.0000 0.0000 -1.0000
v 0.47902 1.39400 0.47112
vt 0.10000 0.00000
vn -0.5878 0.0000 -0.8090
v 0.47902 1.64475 0.47112
vt 0.10000 0.14750
vn -0.5878 0.0000 -0.8090
v 0.47902 1.39400 0.47112
vt 0.10000 0.00000
vn -0.5878 0.0000 -0.8090
v 0.46605 1.64475 0.48897
vt 0.20000 0.14750
vn -0.9511 0.0000 -0.3090
v 0.47902 1.64475 0.47112
vt 0.10000 0.14750
vn -0.5878 0.0000 -0.8090
v 0.47902 1.39400 0.47112
vt 0.10000 0.00000
vn -0.5878 0.0000 -0.8090
v 0.46605 1.39400 0.48897
vt 0.20000 0.00000
vn -0.9511 0.0000 -0.3090
v 0.46605 1.64475 0.48897
vt 0.20000 0.14750
vn -0.9511 0.0000 -0.3090
v 0.46605 1.39400 0.48897
vt 0.20000 0.00000
vn -0.9511 0.0000 -0.3090
v 0.46605 1.64475 0.51103
vt 0.30000 0.14750
vn -0.9511 0.0000 0.3090
v 0.46605 1.64475 0.48897
vt 0.20000 0.14750
vn -0.9511 0.0000 -0.3090
v 0.46605 1.39400 0.48897
vt 0.20000 0.00000
vn -0.9511 0.0000 -0.3090
v 0.46605 1.39400 0.51103
vt 0.30000 0.00000
vn -0.9511 0.0000 0.3090
v 0.46605 1.64475 0.51103
vt 0.30000 0.14750
vn -0.9511 0.0000 0.3090
v 0.46605 1.39400 0.51103
vt 0.30000 0.00000
vn -0.9511 0.0000 0.3090
v 0.47902 1.64475 0.52888
vt 0.40000 0.14750
vn -0.5878 0.0000 0.8090
v 0.46605 1.64475 0.51103
vt 0.30000 0.14750
vn -0.9511 0.0000 0.3090
v 0.46605 1.39400 0.51103
vt 0.30000 0.00000
vn -0.9511 0.0000 0.3090
v 0.47902 1.39400 0.52888
vt 0.40000 0.00000
vn -0.5878 0.0000 0.8090
v 0.47902 1.64475 0.52888
vt 0.40000 0.14750
vn -0.5878 0.0000 0.8090
v 0.47902 1.39400 0.52888
vt 0.40000 0.00000
vn -0.5878 0.0000 0.8090
v 0.50000 1.64475 0.53570
vt 0.50000 0.14750
vn -0.0000 0.0000 1.0000
v 0.47902 1.64475 0.52888
vt 0.40000 0.14750
vn -0.5878 0.0000 0.8090
v 0.47902 1.39400 0.52888
vt 0.40000 0.00000
vn -0.5878 0.0000 0.8090
v 0.50000 1.39400 0.53570
vt 0.50000 0.00000
vn -0.0000 0.0000 1.0000
v 0.50000 1.64475 0.53570
vt 0.50000 0.14750
vn -0.0000 0.0000 1.0000
v 0.50000 1.39400 0.53570
vt 0.50000 0.00000
vn -0.0000 0.0000 1.0000
v 0.52098 1.64475 0.52888
vt 0.60000 0.14750
vn 0.5878 -0.0000 0.8090
v 0.50000 1.64475 0.53570
vt 0.50000 0.14750
vn -0.0000 0.0000 1.0000
v 0.50000 1.39400 0.53570
vt 0.50000 0.00000
vn -0.0000 0.0000 1.0000
v 0.52098 1.39400 0.52888
vt 0.60000 0.00000
vn 0.5878 -0.0000 0.8090
v 0.52098 1.64475 0.52888
vt 0.60000 0.14750
vn 0.5878 -0.0000 0.8090
v 0.52098 1.39400 0.52888
vt 0.60000 0.00000
vn 0.5878 -0.0000 0.8090
v 0.53395 1.64475 0.51103
vt 0.70000 0.14750
vn 0.9511 -0.0000 0.3090
v 0.52098 1.64475 0.52888
vt 0.60000 0.14750
vn 0.5878 -0.0000 0.8090
v 0.52098 1.39400 0.52888
vt 0.60000 0.00000
vn 0.5878 -0.0000 0.8090
v 0.53395 1.39400 0.51103
vt 0.70000 0.00000
vn 0.9511 -0.0000 0.3090
v 0.53395 1.64475 0.51103
vt 0.70000 0.14750
vn 0.9511 -0.0000 0.3090
v 0.53395 1.39400 0.51103
vt 0.70000 0.00000
vn 0.9511 -0.0000 0.3090
v 0.53395 1.64475 0.48897
vt 0.80000 0.14750
vn 0.9511 0.0000 -0.3090
v 0.53395 1.64475 0.51103
vt 0.70000 0.14750
vn 0.9511 -0.0000 0.3090
v 0.53395 1.39400 0.51103
vt 0.70000 0.00000
vn 0.9511 -0.0000 0.3090
v 0.53395 1.39400 0.48897
vt 0.80000 0.00000
vn 0.9511 0.0000 -0.3090
v 0.53395 1.64475 0.48897
vt 0.80000 0.14750
vn 0.9511 0.0000 -0.3090
v 0.53395 1.39400 0.48897
vt 0.80000 0.00000
vn 0.9511 0.0000 -0.3090
v 0.52098 1.64475 0.47112
vt 0.90000 0.14750
vn 0.5878 0.0000 -0.8090
v 0.53395 1.64475 0.48897
vt 0.80000 0.14750
vn 0.9511 0.0000 -0.3090
v 0.53395 1.39400 0.48897
vt 0.80000 0.00000
vn 0.9511 0.0000 -0.3090
v 0.52098 1.39400 0.47112
vt 0.90000 0.00000
vn 0.5878 0.0000 -0.8090
v 0.52098 1.64475 0.47112
vt 0.90000 0.14750
vn 0.5878 0.0000 -0.8090
v 0.52098 1.39400 0.47112
vt 0.90000 0.00000
vn 0.5878 0.0000 -0.8090
v 0.50000 1.64475 0.46430
vt 1.00000 0.14750
vn 0.0000 0.0000 -1.0000
v 0.52098 1.64475 0.47112
vt 0.90000 0.14750
vn 0.5878 0.0000 -0.8090
v 0.52098 1.39400 0.47112
vt 0.90000 0.00000
vn 0.5878 0.0000 -0.8090
v 0.50000 1.39400 0.46430
vt 1.00000 0.00000
vn 0.0000 0.0000 -1.0000
v 0.50000 1.64475 0.46430
vt 1.00000 0.14750
vn 0.0000 0.0000 -1.0000
v 0.50000 1.64475 0.46430
vt 0.00000 0.14750
vn 0.0000 0.0000 -1.0000
v 0.47902 1.89550 0.47112
vt 0.10000 0.29500
vn -0.5878 0.0000 -0.8090
v 0.50000 1.89550 0.46430
vt 0.00000 0.29500
vn 0.0000 0.0000 -1.0000
v 0.50000 1.64475 0.46430
vt 0.00000 0.14750
vn 0.0000 0.0000 -1.0000
v 0.47902 1.64475 0.47112
vt 0.10000 0.14750
vn -0.5878 0.0000 -0.8090
v 0.47902 1.89550 0.47112
vt 0.10000 0.29500
vn -0.5878 0.0000 -0.8090
v 0.47902 1.64475 0.47112
vt 0.10000 0.14750
vn -0.5878 0.0000 -0.8090
v 0.46605 1.89550 0.48897
vt 0.20000 0.29500
vn -0.9511 0.0000 -0.3090
v 0.47902 1.89550 0.47112
vt 0.10000 0.29500
vn -0.5878 0.0000 -0.8090
v 0.47902 1.64475 0.47112
vt 0.10000 0.14750
vn -0.5878 0.0000 -0.8090
v 0.46605 1.64475 0.48897
vt 0.20000 0.14750
vn -0.9511 0.0000 -0.3090
v 0.46605 1.89550 0.48897
vt 0.20000 0.29500
vn -0.9511 0.0000 -0.3090
v 0.46605 1.64475 0.48897
vt 0.20000 0.14750
vn -0.9511 0.0000 -0.3090
v 0.46605 1.89550 0.51103
vt 0.30000 0.29500
vn -0.9511 0.0000 0.3090
v 0.46605 1.89550 0.48897
vt 0.20000 0.29500
vn -0.9511 0.0000 -0.3090
v 0.46605 1.64475 0.48897
vt 0.20000 0.14750
vn -0.9511 0.0000 -0.3090
v 0.46605 1.64475 0.51103
vt 0.30000 0.14750
vn -0.9511 0.0000 0.3090
v 0.46605 1.89550 0.51103
vt 0.30000 0.29500
vn -0.9511 0.0000 0.3090
v 0.46605 1.64475 0.51103
vt 0.30000 0.14750
vn -0.9511 0.0000 0.3090
v 0.47902 1.89550 0.52888
vt 0.40000 0.29500
vn -0.5878 0.0000 0.8090
v 0.46605 1.89550 0.51103
vt 0.30000 0.29500
vn -0.9511 0.0000 0.3090
v 0.46605 1.64475 0.51103
vt 0.30000 0.14750
vn -0.9511 0.0000 0.3090
v 0.47902 1.64475 0.52888
vt 0.40000 0.14750
vn -0.5878 0.0000 0.8090
v 0.47902 1.89550 0.52888
vt 0.40000 0.29500
vn -0.5878 0.0000 0.8090
v 0.47902 1.64475 0.52888
vt 0.40000 0.14750
vn -0.5878 0.0000 0.8090
v 0.50000 1.89550 0.53570
vt 0.50000 0.29500
vn -0.0000 0.0000 1.0000
v 0.47902 1.89550 0.52888
vt 0.40000 0.29500
vn -0.5878 0.0000 0.8090
v 0.47902 1.64475 0.52888
vt 0.40000 0.14750
vn -0.5878 0.0000 0.8090
v 0.50000 1.64475 0.53570
vt 0.50000 0.14750
vn -0.0000 0.0000 1.0000
v 0.50000 1.89550 0.53570
vt 0.50000 0.29500
vn -0.0000 0.0000 1.0000
v 0.50000 1.64475 0.53570
vt 0.50000 0.14750
vn -0.0000 0.0000 1.0000
v 0.52098 1.89550 0.52888
vt 0.60000 0.29500
vn 0.5878 -0.0000 0.8090
v 0.50000 1.89550 0.53570
vt 0.50000 0.29500
vn -0.0000 0.0000 1.0000
v 0.50000 1.64475 0.53570
vt 0.50000 0.14750
vn -0.0000 0.0000 1.0000
v 0.52098 1.64475 0.52888
vt 0.60000 0.14750
vn 0.5878 -0.0000 0.8090
v 0.52098 1.89550 0.52888
vt 0.60000 0.29500
vn 0.5878 -0.0000 0.8090
v 0.52098 1.64475 0.52888
vt 0.60000 0.14750
vn 0.5878 -0.0000 0.8090
v 0.53395 1.89550 0.51103
vt 0.70000 0.29500
vn 0.9511 -0.0000 0.3090
v 0.52098 1.89550 0.52888
vt 0.60000 0.29500
vn 0.5878 -0.0000 0.8090
v 0.52098 1.64475 0.52888
vt 0.60000 0.14750
vn 0.5878 -0.0000 0.8090
v 0.53395 1.64475 0.51103
vt 0.70000 0.14750
vn 0.9511 -0.0000 0.3090
v 0.53395 1.89550 0.51103
vt 0.70000 0.29500
vn 0.9511 -0.0000 0.3090
v 0.53395 1.64475 0.51103
vt 0.70000 0.14750
vn 0.9511 -0.0000 0.3090
v 0.53395 1.89550 0.48897
vt 0.80000 0.29500
vn 0.9511 0.0000 -0.3090
v 0.53395 1.89550 0.51103
vt 0.70000 0.29500
vn 0.9511 -0.0000 0.3090
v 0.53395 1.64475 0.51103
vt 0.70000 0.14750
vn 0.9511 -0.0000 0.3090
v 0.53395 1.64475 0.48897
vt 0.80000 0.14750
vn 0.9511 0.0000 -0.3090
v 0.53395 1.89550 0.48897
vt 0.80000 0.29500
vn 0.9511 0.0000 -0.3090
v 0.53395 1.64475 0.48897
vt 0.80000 0.14750
vn 0.9511 0.0000 -0.3090
v 0.52098 1.89550 0.47112
vt 0.90000 0.29500
vn 0.5878 0.0000 -0.8090
v 0.53395 1.89550 0.48897
vt 0.80000 0.29500
vn 0.9511 0.0000 -0.3090
v 0.53395 1.64475 0.48897
vt 0.80000 0.14750
vn 0.9511 0.0000 -0.3090
v 0.52098 1.64475 0.47112
vt 0.90000 0.14750
vn 0.5878 0.0000 -0.8090
v 0.52098 1.89550 0.47112
vt 0.90000 0.29500
vn 0.5878 0.0000 -0.8090
v 0.52098 1.64475 0.47112
vt 0.90000 0.14750
vn 0.5878 0.0000 -0.8090
v 0.50000 1.89550 0.46430
vt 1.00000 0.29500
vn 0.0000 0.0000 -1.0000
v 0.52098 1.89550 0.47112
vt 0.90000 0.29500
vn 0.5878 0.0000 -0.8090
v 0.52098 1.64475 0.47112
vt 0.90000 0.14750
vn 0.5878 0.0000 -0.8090
v 0.50000 1.64475 0.46430
vt 1.00000 0.14750
vn 0.0000 0.0000 -1.0000
v 0.50000 1.89550 0.46430
vt 1.00000 0.29500
vn 0.0000 0.0000 -1.0000
v 0.50000 1.89550 0.46430
vt 0.00000 0.29500
vn 0.0000 0.0000 -1.0000
v 0.47902 2.14625 0.47112
vt 0.10000 0.44250
vn -0.5878 0.0000 -0.8090
v 0.50000 2.14625 0.46430
vt 0.00000 0.44250
vn 0.0000 0.0000 -1.0000
v 0.50000 1.89550 0.46430
vt 0.00000 0.29500
vn 0.0000 0.0000 -1.0000
v 0.47902 1.89550 0.47112
vt 0.10000 0.29500
vn -0.5878 0.0000 -0.8090
v 0.47902 2.14625 0.47112
vt 0.10000 0.44250
vn -0.5878 0.0000 -0.8090
v 0.47902 1.89550 0.47112
vt 0.10000 0.29500
vn -0.5878 0.0000 -0.8090
v 0.46605 2.14625 0.48897
vt 0.20000 0.44250
vn -0.9511 0.0000 -0.3090
v 0.47902 2.14625 0.47112
vt 0.10000 0.44250
vn -0.5878 0.0000 -0.8090
v 0.47902 1.89550 0.47112
vt 0.10000 0.29500
vn -0.5878 0.0000 -0.8090
v 0.46605 1.89550 0.48897
vt 0.20000 0.29500
vn -0.9511 0.0000 -0.3090
v 0.46605 2.14625 0.48897
vt 0.20000 0.44250
vn -0.9511 0.0000 -0.3090
v 0.46605 1.89550 0.48897
vt 0.20000 0.29500
vn -0.9511 0.0000 -0.3090
v 0.46605 2.14625 0.51103
vt 0.30000 0.44250
vn -0.9511 0.0000 0.3090
v 0.46605 2.14625 0.48897
vt 0.20000 0.44250
vn -0.9511 0.0000 -0.3090
v 0.46605 1.89550 0.48897
vt 0.20000 0.29500
vn -0.9511 0.0000 -0.3090
v 0.46605 1.89550 0.51103
vt 0.30000 0.29500
vn -0.9511 0.0000 0.3090
v 0.46605 2.14625 0.51103
vt 0.30000 0.44250
vn -0.9511 0.0000 0.3090
v 0.46605 1.89550 0.51103
vt 0.30000 0.29500
vn -0.9511 0.0000 0.3090
v 0.47902 2.14625 0.52888
vt 0.40000 0.44250
vn -0.5878 0.0000 0.8090
v 0.46605 2.14625 0.51103
vt 0.30000 0.44250
vn -0.9511 0.0000 0.3090
v 0.46605 1.89550 0.51103
vt 0.30000 0.29500
vn -0.9511 0.0000 0.3090
v 0.47902 1.89550 0.52888
vt 0.40000 0.29500
vn -0.5878 0.0000 0.8090
v 0.47902 2.14625 0.52888
vt 0.40000 0.44250
vn -0.5878 0.0000 0.8090
v 0.47902 1.89550 0.52888
vt 0.40000 0.29500
vn -0.5878 0.0000 0.8090
v 0.50000 2.14625 0.53570
vt 0.50000 0.44250
vn -0.0000 0.0000 1.0000
v 0.47902 2.14625 0.52888
vt 0.40000 0.44250
vn -0.5878 0.0000 0.8090
v 0.47902 1.89550 0.52888
vt 0.40000 0.29500
vn -0.5878 0.0000 0.8090
v 0.50000 1.89550 0.53570
vt 0.50000 0.29500
vn -0.0000 0.0000 1.0000
v 0.50000 2.14625 0.53570
vt 0.50000 0.44250
vn -0.0000 0.0000 1.0000
v 0.50000 1.89550 0.53570
vt 0.50000 0.29500
vn -0.0000 0.0000 1.0000
v 0.52098 2.14625 0.52888
vt 0.60000 0.44250
vn 0.5878 -0.0000 0.8090
v 0.50000 2.14625 0.53570
vt 0.50000 0.44250
vn -0.0000 0.0000 1.0000
v 0.50000 1.89550 0.53570
vt 0.50000 0.29500
vn -0.0000 0.0000 1.0000
v 0.52098 1.89550 0.52888
vt 0.60000 0.29500
vn 0.5878 -0.0000 0.8090
v 0.52098 2.14625 0.52888
vt 0.60000 0.44250
vn 0.5878 -0.0000 0.8090
v 0.52098 1.89550 0.52888
vt 0.60000 0.29500
vn 0.5878 -0.0000 0.8090
v 0.53395 2.14625 0.51103
vt 0.70000 0.44250
vn 0.9511 -0.0000 0.3090
v 0.52098 2.14625 0.52888
vt 0.60000 0.44250
vn 0.5878 -0.0000 0.8090
v 0.52098 1.89550 0.52888
vt 0.60000 0.29500
vn 0.5878 -0.0000 0.8090
v 0.53395 1.89550 0.51103
vt 0.70000 0.29500
vn 0.9511 -0.0000 0.3090
v 0.53395 2.14625 0.51103
vt 0.70000 0.44250
vn 0.9511 -0.0000 0.3090
v 0.53395 1.89550 0.51103
vt 0.70000 0.29500
vn 0.9511 -0.0000 0.3090
v 0.53395 2.14625 0.48897
vt 0.80000 0.44250
vn 0.9511 0.0000 -0.3090
v 0.53395 2.14625 0.51103
vt 0.70000 0.44250
vn 0.9511 -0.0000 0.3090
v 0.53395 1.89550 0.51103
vt 0.70000 0.29500
vn 0.9511 -0.0000 0.3090
v 0.53395 1.89550 0.48897
vt 0.80000 0.29500
vn 0.9511 0.0000 -0.3090
v 0.53395 2.14625 0.48897
vt 0.80000 0.44250
vn 0.9511 0.0000 -0.3090
v 0.53395 1.89550 0.48897
vt 0.80000 0.29500
vn 0.9511 0.0000 -0.3090
v 0.52098 2.14625 0.47112
vt 0.90000 0.44250
vn 0.5878 0.0000 -0.8090
v 0.53395 2.14625 0.48897
vt 0.80000 0.44250
vn 0.9511 0.0000 -0.3090
v 0.53395 1.89550 0.48897
vt 0.80000 0.29500
vn 0.9511 0.0000 -0.3090
v 0.52098 1.89550 0.47112
vt 0.90000 0.29500
vn 0.5878 0.0000 -0.8090
v 0.52098 2.14625 0.47112
vt 0.90000 0.44250
vn 0.5878 0.0000 -0.8090
v 0.52098 1.89550 0.47112
vt 0.90000 0.29500
vn 0.5878 0.0000 -0.8090
v 0.50000 2.14625 0.46430
vt 1.00000 0.44250
vn 0.0000 0.0000 -1.0000
v 0.52098 2.14625 0.47112
vt 0.90000 0.44250
vn 0.5878 0.0000 -0.8090
v 0.52098 1.89550 0.47112
vt 0.90000 0.29500
vn 0.5878 0.0000 -0.8090
v 0.50000 1.89550 0.46430
vt 1.00000 0.29500
vn 0.0000 0.0000 -1.0000
v 0.50000 2.14625 0.46430
vt 1.00000 0.44250
vn 0.0000 0.0000 -1.0000
v 0.50000 2.14625 0.46430
vt 0.00000 0.44250
vn 0.0000 0.0000 -1.0000
v 0.47902 2.39700 0.47112
vt 0.10000 0.59000
vn -0.5878 0.0000 -0.8090
v 0.50000 2.39700 0.46430
vt 0.00000 0.59000
vn 0.0000 0.0000 -1.0000
v 0.50000 2.14625 0.46430
vt 0.00000 0.44250
vn 0.0000 0.0000 -1.0000
v 0.47902 2.14625 0.47112
vt 0.10000 0.44250
vn -0.5878 0.0000 -0.8090
v 0.47902 2.39700 0.47112
vt 0.10000 0.59000
vn -0.5878 0.0000 -0.8090
v 0.47902 2.14625 0.47112
vt 0.10000 0.44250
vn -0.5878 0.0000 -0.8090
v 0.46605 2.39700 0.48897
vt 0.20000 0.59000
vn -0.9511 0.0000 -0.3090
v 0.47902 2.39700 0.47112
vt 0.10000 0.59000
vn -0.5878 0.0000 -0.8090
v 0.47902 2.14625 0.47112
vt 0.10000 0.44250
vn -0.5878 0.0000 -0.8090
v 0.46605 2.14625 0.48897
vt 0.20000 0.44250
vn -0.9511 0.0000 -0.3090
v 0.46605 2.39700 0.48897
vt 0.20000 0.59000
vn -0.9511 0.0000 -0.3090
v 0.46605 2.14625 0.48897
vt 0.20000 0.44250
vn -0.9511 0.0000 -0.3090
v 0.46605 2.39700 0.51103
vt 0.30000 0.59000
vn -0.9511 0.0000 0.3090
v 0.46605 2.39700 0.48897
vt 0.20000 0.59000
vn -0.9511 0.0000 -0.3090
v 0.46605 2.14625 0.48897
vt 0.20000 0.44250
vn -0.9511 0.0000 -0.3090
v 0.46605 2.14625 0.51103
vt 0.30000 0.44250
vn -0.9511 0.0000 0.3090
v 0.46605 2.39700 0.51103
vt 0.30000 0.59000
vn -0.9511 0.0000 0.3090
v 0.46605 2.14625 0.51103
vt 0.30000 0.44250
vn -0.9511 0.0000 0.3090
v 0.47902 2.39700 0.52888
vt 0.40000 0.59000
vn -0.5878 0.0000 0.8090
v 0.46605 2.39700 0.51103
vt 0.30000 0.59000
vn -0.9511 0.0000 0.3090
v 0.46605 2.14625 0.51103
vt 0.30000 0.44250
vn -0.9511 0.0000 0.3090
v 0.47902 2.14625 0.52888
vt 0.40000 0.44250
vn -0.5878 0.0000 0.8090
v 0.47902 2.39700 0.52888
vt 0.40000 0.59000
vn -0.5878 0.0000 0.8090
v 0.47902 2.14625 0.52888
vt 0.40000 0.44250
vn -0.5878 0.0000 0.8090
v 0.50000 2.39700 0.53570
vt 0.50000 0.59000
vn -0.0000 0.0000 1.0000
v 0.47902 2.39700 0.52888
vt 0.40000 0.59000
vn -0.5878 0.0000 0.8090
v 0.47902 2.14625 0.52888
vt 0.40000 0.44250
vn -0.5878 0.0000 0.8090
v 0.50000 2.14625 0.53570
vt 0.50000 0.44250
vn -0.0000 0.0000 1.0000
v 0.50000 2.39700 0.53570
vt 0.50000 0.59000
vn -0.0000 0.0000 1.0000
v 0.50000 2.14625 0.53570
vt 0.50000 0.44250
vn -0.0000 0.0000 1.0000
v 0.52098 2.39700 0.52888
vt 0.60000 0.59000
vn 0.5878 -0.0000 0.8090
v 0.50000 2.39700 0.53570
vt 0.50000 0.59000
vn -0.0000 0.0000 1.0000
v 0.50000 2.14625 0.53570
vt 0.50000 0.44250
vn -0.0000 0.0000 1.0000
v 0.52098 2.14625 0.52888
vt 0.60000 0.44250
vn 0.5878 -0.0000 0.8090
v 0.52098 2.39700 0.52888
vt 0.60000 0.59000
vn 0.5878 -0.0000 0.8090
v 0.52098 2.14625 0.52888
vt 0.60000 0.44250
vn 0.5878 -0.0000 0.8090
v 0.53395 2.39700 0.51103
vt 0.70000 0.59000
vn 0.9511 -0.0000 0.3090
v 0.52098 2.39700 0.52888
vt 0.60000 0.59000
vn 0.5878 -0.0000 0.8090
v 0.52098 2.14625 0.52888
vt 0.60000 0.44250
vn 0.5878 -0.0000 0.8090
v 0.53395 2.14625 0.51103
vt 0.70000 0.44250
vn 0.9511 -0.0000 0.3090
v 0.53395 2.39700 0.51103
vt 0.70000 0.59000
vn 0.9511 -0.0000 0.3090
v 0.53395 2.14625 0.51103
vt 0.70000 0.44250
vn 0.9511 -0.0000 0.3090
v 0.53395 2.39700 0.48897
vt 0.80000 0.59000
vn 0.9511 0.0000 -0.3090
v 0.53395 2.39700 0.51103
vt 0.70000 0.59000
vn 0.9511 -0.0000 0.3090
v 0.53395 2.14625 0.51103
vt 0.70000 0.44250
vn 0.9511 -0.0000 0.3090
v 0.53395 2.14625 0.48897
vt 0.80000 0.44250
vn 0.9511 0.0000 -0.3090
v 0.53395 2.39700 0.48897
vt 0.80000 0.59000
vn 0.9511 0.0000 -0.3090
v 0.53395 2.14625 0.48897
vt 0.80000 0.44250
vn 0.9511 0.0000 -0.3090
v 0.52098 2.39700 0.47112
vt 0.90000 0.59000
vn 0.5878 0.0000 -0.8090
v 0.53395 2.39700 0.48897
vt 0.80000 0.59000
vn 0.9511 0.0000 -0.3090
v 0.53395 2.14625 0.48897
vt 0.80000 0.44250
vn 0.9511 0.0000 -0.3090
v 0.52098 2.14625 0.47112
vt 0.90000 0.44250
vn 0.5878 0.0000 -0.8090
v 0.52098 2.39700 0.47112
vt 0.90000 0.59000
vn 0.5878 0.0000 -0.8090
v 0.52098 2.14625 0.47112
vt 0.90000 0.44250
vn 0.5878 0.0000 -0.8090
v 0.50000 2.39700 0.46430
vt 1.00000 0.59000
vn 0.0000 0.0000 -1.0000
v 0.52098 2.39700 0.47112
vt 0.90000 0.59000
vn 0.5878 0.0000 -0.8090
v 0.52098 2.14625 0.47112
vt 0.90000 0.44250
vn 0.5878 0.0000 -0.8090
v 0.50000 2.14625 0.46430
vt 1.00000 0.44250
vn 0.0000 0.0000 -1.0000
v 0.50000 2.39700 0.46430
vt 1.00000 0.59000
vn 0.0000 0.0000 -1.0000
v 0.50000 2.39700 0.46430
vt 0.00000 0.59000
vn 0.0000 0.0000 -1.0000
v 0.47902 2.64775 0.47112
vt 0.10000 0.73750
vn -0.5878 0.0000 -0.8090
v 0.50000 2.64775 0.46430
vt 0.00000 0.73750
vn 0.0000 0.0000 -1.0000
v 0.50000 2.39700 0.46430
vt 0.00000 0.59000
vn 0.0000 0.0000 -1.0000
v 0.47902 2.39700 0.47112
vt 0.10000 0.59000
vn -0.5878 0.0000 -0.8090
v 0.47902 2.64775 0.47112
vt 0.10000 0.73750
vn -0.5878 0.0000 -0.8090
v 0.47902 2.39700 0.47112
vt 0.10000 0.59000
vn -0.5878 0.0000 -0.8090
v 0.46605 2.64775 0.48897
vt 0.20000 0.73750
vn -0.9511 0.0000 -0.3090
v 0.47902 2.64775 0.47112
vt 0.10000 0.73750
vn -0.5878 0.0000 -0.8090
v 0.47902 2.39700 0.47112
vt 0.10000 0.59000
vn -0.5878 0.0000 -0.8090
v 0.46605 2.39700 0.48897
vt 0.20000 0.59000
vn -0.9511 0.0000 -0.3090
v 0.46605 2.64775 0.48897
vt 0.20000 0.73750
vn -0.9511 0.0000 -0.3090
v 0.46605 2.39700 0.48897
vt 0.20000 0.59000
vn -0.9511 0.0000 -0.3090
v 0.46605 2.64775 0.51103
vt 0.30000 0.73750
vn -0.9511 0.0000 0.3090
v 0.46605 2.64775 0.48897
vt 0.20000 0.73750
vn -0.9511 0.0000 -0.3090
v 0.46605 2.39700 0.48897
vt 0.20000 0.59000
vn -0.9511 0.0000 -0.3090
v 0.46605 2.39700 0.51103
vt 0.30000 0.59000
vn -0.9511 0.0000 0.3090
v 0.46605 2.64775 0.51103
vt 0.30000 0.73750
vn -0.9511 0.0000 0.3090
v 0.46605 2.39700 0.51103
vt 0.30000 0.59000
vn -0.9511 0.0000 0.3090
v 0.47902 2.64775 0.52888
vt 0.40000 0.73750
vn -0.5878 0.0000 0.8090
v 0.46605 2.64775 0.51103
vt 0.30000 0.73750
vn -0.9511 0.0000 0.3090
v 0.46605 2.39700 0.51103
vt 0.30000 0.59000
vn -0.9511 0.0000 0.3090
v 0.47902 2.39700 0.52888
vt 0.40000 0.59000
vn -0.5878 0.0000 0.8090
v 0.47902 2.64775 0.52888
vt 0.40000 0.73750
vn -0.5878 0.0000 0.8090
v 0.47902 2.39700 0.52888
vt 0.40000 0.59000
vn -0.5878 0.0000 0.8090
v 0.50000 2.64775 0.53570
vt 0.50000 0.73750
vn -0.0000 0.0000 1.0000
v 0.47902 2.64775 0.52888
vt 0.40000 0.73750
vn -0.5878 0.0000 0.8090
v 0.47902 2.39700 0.52888
vt 0.40000 0.59000
vn -0.5878 0.0000 0.8090
v 0.50000 2.39700 0.53570
vt 0.50000 0.59000
vn -0.0000 0.0000 1.0000
v 0.50000 2.64775 0.53570
vt 0.50000 0.73750
vn -0.0000 0.0000 1.0000
v 0.50000 2.39700 0.53570
vt 0.50000 0.59000
vn -0.0000 0.0000 1.0000
v 0.52098 2.64775 0.52888
vt 0.60000 0.73750
vn 0.5878 -0.0000 0.8090
v 0.50000 2.64775 0.53570
vt 0.50000 0.73750
vn -0.0000 0.0000 1.0000
v 0.50000 2.39700 0.53570
vt 0.50000 0.59000
vn -0.0000 0.0000 1.0000
v 0.52098 2.39700 0.52888
vt 0.60000 0.59000
vn 0.5878 -0.0000 0.8090
v 0.52098 2.64775 0.52888
vt 0.60000 0.73750
vn 0.5878 -0.0000 0.8090
v 0.52098 2.39700 0.52888
vt 0.60000 0.59000
vn 0.5878 -0.0000 0.8090
v 0.53395 2.64775 0.51103
vt 0.70000 0.73750
vn 0.9511 -0.0000 0.3090
v 0.52098 2.64775 0.52888
vt 0.60000 0.73750
vn 0.5878 -0.0000 0.8090
v 0.52098 2.39700 0.52888
vt 0.60000 0.59000
vn 0.5878 -0.0000 0.8090
v 0.53395 2.39700 0.51103
vt 0.70000 0.59000
vn 0.9511 -0.0000 0.3090
v 0.53395 2.64775 0.51103
vt 0.70000 0.73750
vn 0.9511 -0.0000 0.3090
v 0.53395 2.39700 0.51103
vt 0.70000 0.59000
vn 0.9511 -0.0000 0.3090
v 0.53395 2.64775 0.48897
vt 0.80000 0.73750
vn 0.9511 0.0000 -0.3090
v 0.53395 2.64775 0.51103
vt 0.70000 0.73750
vn 0.9511 -0.0000 0.3090
v 0.53395 2.39700 0.51103
vt 0.70000 0.59000
vn 0.9511 -0.0000 0.3090
v 0.53395 2.39700 0.48897
vt 0.80000 0.59000
vn 0.9511 0.0000 -0.3090
v 0.53395 2.64775 0.48897
vt 0.80000 0.73750
vn 0.9511 0.0000 -0.3090
v 0.53395 2.39700 0.48897
vt 0.80000 0.59000
vn 0.9511 0.0000 -0.3090
v 0.52098 2.64775 0.47112
vt 0.90000 0.73750
vn 0.5878 0.0000 -0.8090
v 0.53395 2.64775 0.48897
vt 0.80000 0.73750
vn 0.9511 0.0000 -0.3090
v 0.53395 2.39700 0.48897
vt 0.80000 0.59000
vn 0.9511 0.0000 -0.3090
v 0.52098 2.39700 0.47112
vt 0.90000 0.59000
vn 0.5878 0.0000 -0.8090
v 0.52098 2.64775 0.47112
vt 0.90000 0.73750
vn 0.5878 0.0000 -0.8090
v 0.52098 2.39700 0.47112
vt 0.90000 0.59000
vn 0.5878 0.0000 -0.8090
v 0.50000 2.64775 0.46430
vt 1.00000 0.73750
vn 0.0000 0.0000 -1.0000
v 0.52098 2.64775 0.47112
vt 0.90000 0.73750
vn 0.5878 0.0000 -0.8090
v 0.52098 2.39700 0.47112
vt 0.90000 0.59000
vn 0.5878 0.0000 -0.8090
v 0.50000 2.39700 0.46430
vt 1.00000 0.59000
vn 0.0000 0.0000 -1.0000
v 0.50000 2.64775 0.46430
vt 1.00000 0.73750
vn 0.0000 0.0000 -1.0000
v 0.50000 2.64775 0.46430
vt 0.00000 0.73750
vn 0.0000 0.0000 -1.0000
v 0.47902 2.89850 0.47112
vt 0.10000 0.88500
vn -0.5878 0.0000 -0.8090
v 0.50000 2.89850 0.46430
vt 0.00000 0.88500
vn 0.0000 0.0000 -1.0000
v 0.50000 2.64775 0.46430
vt 0.00000 0.73750
vn 0.0000 0.0000 -1.0000
v 0.47902 2.64775 0.47112
vt 0.10000 0.73750
vn -0.5878 0.0000 -0.8090
v 0.47902 2.89850 0.47112
vt 0.10000 0.88500
vn -0.5878 0.0000 -0.8090
v 0.47902 2.64775 0.47112
vt 0.10000 0.73750
vn -0.5878 0.0000 -0.8090
v 0.46605 2.89850 0.48897
vt 0.20000 0.88500
vn -0.9511 0.0000 -0.3090
v 0.47902 2.89850 0.47112
vt 0.10000 0.88500
vn -0.5878 0.0000 -0.8090
v 0.47902 2.64775 0.47112
vt 0.10000 0.73750
vn -0.5878 0.0000 -0.8090
v 0.46605 2.64775 0.48897
vt 0.20000 0.73750
vn -0.9511 0.0000 -0.3090
v 0.46605 2.89850 0.48897
vt 0.20000 0.88500
vn -0.9511 0.0000 -0.3090
v 0.46605 2.64775 0.48897
vt 0.20000 0.73750
vn -0.9511 0.0000 -0.3090
v 0.46605 2.89850 0.51103
vt 0.30000 0.88500
vn -0.9511 0.0000 0.3090
v 0.46605 2.89850 0.48897
vt 0.20000 0.88500
vn -0.9511 0.0000 -0.3090
v 0.46605 2.64775 0.48897
vt 0.20000 0.73750
vn -0.9511 0.0000 -0.3090
v 0.46605 2.64775 0.51103
vt 0.30000 0.73750
vn -0.9511 0.0000 0.3090
v 0.46605 2.89850 0.51103
vt 0.30000 0.88500
vn -0.9511 0.0000 0.3090
v 0.46605 2.64775 0.51103
vt 0.30000 0.73750
vn -0.9511 0.0000 0.3090
v 0.47902 2.89850 0.52888
vt 0.40000 0.88500
vn -0.5878 0.0000 0.8090
v 0.46605 2.89850 0.51103
vt 0.30000 0.88500
vn -0.9511 0.0000 0.3090
v 0.46605 2.64775 0.51103
vt 0.30000 0.73750
vn -0.9511 0.0000 0.3090
v 0.47902 2.64775 0.52888
vt 0.40000 0.73750
vn -0.5878 0.0000 0.8090
v 0.47902 2.89850 0.52888
vt 0.40000 0.88500
vn -0.5878 0.0000 0.8090
v 0.47902 2.64775 0.52888
vt 0.40000 0.73750
vn -0.5878 0.0000 0.8090
v 0.50000 2.89850 0.53570
vt 0.50000 0.88500
vn -0.0000 0.0000 1.0000
v 0.47902 2.89850 0.52888
vt 0.40000 0.88500
vn -0.5878 0.0000 0.8090
v 0.47902 2.64775 0.52888
vt 0.40000 0.73750
vn -0.5878 0.0000 0.8090
v 0.50000 2.64775 0.53570
vt 0.50000 0.73750
vn -0.0000 0.0000 1.0000
v 0.50000 2.89850 0.53570
vt 0.50000 0.88500
vn -0.0000 0.0000 1.0000
v 0.50000 2.64775 0.53570
vt 0.50000 0.73750
vn -0.0000 0.0000 1.0000
v 0.52098 2.89850 0.52888
vt 0.60000 0.88500
vn 0.5878 -0.0000 0.8090
v 0.50000 2.89850 0.53570
vt 0.50000 0.88500
vn -0.0000 0.0000 1.0000
v 0.50000 2.64775 0.53570
vt 0.50000 0.73750
vn -0.0000 0.0000 1.0000
v 0.52098 2.64775 0.52888
vt 0.60000 0.73750
vn 0.5878 -0.0000 0.8090
v 0.52098 2.89850 0.52888
vt 0.60000 0.88500
vn 0.5878 -0.0000 0.8090
v 0.52098 2.64775 0.52888
vt 0.60000 0.73750
vn 0.5878 -0.0000 0.8090
v 0.53395 2.89850 0.51103
vt 0.70000 0.88500
vn 0.9511 -0.0000 0.3090
v 0.52098 2.89850 0.52888
vt 0.60000 0.88500
vn 0.5878 -0.0000 0.8090
v 0.52098 2.64775 0.52888
vt 0.60000 0.73750
vn 0.5878 -0.0000 0.8090
v 0.53395 2.64775 0.51103
vt 0.70000 0.73750
vn 0.9511 -0.0000 0.3090
v 0.53395 2.89850 0.51103
vt 0.70000 0.88500
vn 0.9511 -0.0000 0.3090
v 0.53395 2.64775 0.51103
vt 0.70000 0.73750
vn 0.9511 -0.0000 0.3090
v 0.53395 2.89850 0.48897
vt 0.80000 0.88500
vn 0.9511 0.0000 -0.3090
v 0.53395 2.89850 0.51103
vt 0.70000 0.88500
vn 0.9511 -0.0000 0.3090
v 0.53395 2.64775 0.51103
vt 0.70000 0.73750
vn 0.9511 -0.0000 0.3090
v 0.53395 2.64775 0.48897
vt 0.80000 0.73750
vn 0.9511 0.0000 -0.3090
v 0.53395 2.89850 0.48897
vt 0.80000 0.88500
vn 0.9511 0.0000 -0.3090
v 0.53395 2.64775 0.48897
vt 0.80000 0.73750
vn 0.9511 0.0000 -0.3090
v 0.52098 2.89850 0.47112
vt 0.90000 0.88500
vn 0.5878 0.0000 -0.8090
v 0.53395 2.89850 0.48897
vt 0.80000 0.88500
vn 0.9511 0.0000 -0.3090
v 0.53395 2.64775 0.48897
vt 0.80000 0.73750
vn 0.9511 0.0000 -0.3090
v 0.52098 2.64775 0.47112
vt 0.90000 0.73750
vn 0.5878 0.0000 -0.8090
v 0.52098 2.89850 0.47112
vt 0.90000 0.88500
vn 0.5878 0.0000 -0.8090
v 0.52098 2.64775 0.47112
vt 0.90000 0.73750
vn 0.5878 0.0000 -0.8090
v 0.50000 2.89850 0.46430
vt 1.00000 0.88500
vn 0.0000 0.0000 -1.0000
v 0.52098 2.89850 0.47112
vt 0.90000 0.88500
vn 0.5878 0.0000 -0.8090
v 0.52098 2.64775 0.47112
vt 0.90000 0.73750
vn 0.5878 0.0000 -0.8090
v 0.50000 2.64775 0.46430
vt 1.00000 0.73750
vn 0.0000 0.0000 -1.0000
v 0.50000 2.89850 0.46430
vt 1.00000 0.88500
vn 0.0000 0.0000 -1.0000
v 0.50000 2.89850 0.46430
vt 0.00000 0.85250
vn 0.0000 0.0000 -1.0000
v 0.47902 3.14925 0.47112
vt 0.10000 1.00000
vn -0.5878 0.0000 -0.8090
v 0.50000 3.14925 0.46430
vt 0.00000 1.00000
vn 0.0000 0.0000 -1.0000
v 0.50000 2.89850 0.46430
vt 0.00000 0.85250
vn 0.0000 0.0000 -1.0000
v 0.47902 2.89850 0.47112
vt 0.10000 0.85250
vn -0.5878 0.0000 -0.8090
v 0.47902 3.14925 0.47112
vt 0.10000 1.00000
vn -0.5878 0.0000 -0.8090
v 0.47902 2.89850 0.47112
vt 0.10000 0.85250
vn -0.5878 0.0000 -0.8090
v 0.46605 3.14925 0.48897
vt 0.20000 1.00000
vn -0.9511 0.0000 -0.3090
v 0.47902 3.14925 0.47112
vt 0.10000 1.00000
vn -0.5878 0.0000 -0.8090
v 0.47902 2.89850 0.47112
vt 0.10000 0.85250
vn -0.5878 0.0000 -0.8090
v 0.46605 2.89850 0.48897
vt 0.20000 0.85250
vn -0.9511 0.0000 -0.3090
v 0.46605 3.14925 0.48897
vt 0.20000 1.00000
vn -0.9511 0.0000 -0.3090
v 0.46605 2.89850 0.48897
vt 0.20000 0.85250
vn -0.9511 0.0000 -0.3090
v 0.46605 3.14925 0.51103
vt 0.30000 1.00000
vn -0.9511 0.0000 0.3090
v 0.46605 3.14925 0.48897
vt 0.20000 1.00000
vn -0.9511 0.0000 -0.3090
v 0.46605 2.89850 0.48897
vt 0.20000 0.85250
vn -0.9511 0.0000 -0.3090
v 0.46605 2.89850 0.51103
vt 0.30000 0.85250
vn -0.9511 0.0000 0.3090
v 0.46605 3.14925 0.51103
vt 0.30000 1.00000
vn -0.9511 0.0000 0.3090
v 0.46605 2.89850 0.51103
vt 0.30000 0.85250
vn -0.9511 0.0000 0.3090
v 0.47902 3.14925 0.52888
vt 0.40000 1.00000
vn -0.5878 0.0000 0.8090
v 0.46605 3.14925 0.51103
vt 0.30000 1.00000
vn -0.9511 0.0000 0.3090
v 0.46605 2.89850 0.51103
vt 0.30000 0.85250
vn -0.9511 0.0000 0.3090
v 0.47902 2.89850 0.52888
vt 0.40000 0.85250
vn -0.5878 0.0000 0.8090
v 0.47902 3.14925 0.52888
vt 0.40000 1.00000
vn -0.5878 0.0000 0.8090
v 0.47902 2.89850 0.52888
vt 0.40000 0.85250
vn -0.5878 0.0000 0.8090
v 0.50000 3.14925 0.53570
vt 0.50000 1.00000
vn -0.0000 0.0000 1.0000
v 0.47902 3.14925 0.52888
vt 0.40000 1.00000
vn -0.5878 0.0000 0.8090
v 0.47902 2.89850 0.52888
vt 0.40000 0.85250
vn -0.5878 0.0000 0.8090
v 0.50000 2.89850 0.53570
vt 0.50000 0.85250
vn -0.0000 0.0000 1.0000
v 0.50000 3.14925 0.53570
vt 0.50000 1.00000
vn -0.0000 0.0000 1.0000
v 0.50000 2.89850 0.53570
vt 0.50000 0.85250
vn -0.0000 0.0000 1.0000
v 0.52098 3.14925 0.52888
vt 0.60000 1.00000
vn 0.5878 -0.0000 0.8090
v 0.50000 3.14925 0.53570
vt 0.50000 1.00000
vn -0.0000 0.0000 1.0000
v 0.50000 2.89850 0.53570
vt 0.50000 0.85250
vn -0.0000 0.0000 1.0000
v 0.52098 2.89850 0.52888
vt 0.60000 0.85250
vn 0.5878 -0.0000 0.8090
v 0.52098 3.14925 0.52888
vt 0.60000 1.00000
vn 0.5878 -0.0000 0.8090
v 0.52098 2.89850 0.52888
vt 0.60000 0.85250
vn 0.5878 -0.0000 0.8090
v 0.53395 3.14925 0.51103
vt 0.70000 1.00000
vn 0.9511 -0.0000 0.3090
v 0.52098 3.14925 0.52888
vt 0.60000 1.00000
vn 0.5878 -0.0000 0.8090
v 0.52098 2.89850 0.52888
vt 0.60000 0.85250
vn 0.5878 -0.0000 0.8090
v 0.53395 2.89850 0.51103
vt 0.70000 0.85250
vn 0.9511 -0.0000 0.3090
v 0.53395 3.14925 0.51103
vt 0.70000 1.00000
vn 0.9511 -0.0000 0.3090
v 0.53395 2.89850 0.51103
vt 0.70000 0.85250
vn 0.9511 -0.0000 0.3090
v 0.53395 3.14925 0.48897
vt 0.80000 1.00000
vn 0.9511 0.0000 -0.3090
v 0.53395 3.14925 0.51103
vt 0.70000 1.00000
vn 0.9511 -0.0000 0.3090
v 0.53395 2.89850 0.51103
vt 0.70000 0.85250
vn 0.9511 -0.0000 0.3090
v 0.53395 2.89850 0.48897
vt 0.80000 0.85250
vn 0.9511 0.0000 -0.3090
v 0.53395 3.14925 0.48897
vt 0.80000 1.00000
vn 0.9511 0.0000 -0.3090
v 0.53395 2.89850 0.48897
vt 0.80000 0.85250
vn 0.9511 0.0000 -0.3090
v 0.52098 3.14925 0.47112
vt 0.90000 1.00000
vn 0.5878 0.0000 -0.8090
v 0.53395 3.14925 0.48897
vt 0.80000 1.00000
vn 0.9511 0.0000 -0.3090
v 0.53395 2.89850 0.48897
vt 0.80000 0.85250
vn 0.9511 0.0000 -0.3090
v 0.52098 2.89850 0.47112
vt 0.90000 0.85250
vn 0.5878 0.0000 -0.8090
v 0.52098 3.14925 0.47112
vt 0.90000 1.00000
vn 0.5878 0.0000 -0.8090
v 0.52098 2.89850 0.47112
vt 0.90000 0.85250
vn 0.5878 0.0000 -0.8090
v 0.50000 3.14925 0.46430
vt 1.00000 1.00000
vn 0.0000 0.0000 -1.0000
v 0.52098 3.14925 0.47112
vt 0.90000 1.00000
vn 0.5878 0.0000 -0.8090
v 0.52098 2.89850 0.47112
vt 0.90000 0.85250
vn 0.5878 0.0000 -0.8090
v 0.50000 2.89850 0.46430
vt 1.00000 0.85250
vn 0.0000 0.0000 -1.0000
v 0.50000 3.14925 0.46430
vt 1.00000 1.00000
vn 0.0000 0.0000 -1.0000
v 0.50000 3.14925 0.46430
vt 0.00000 0.03250
vn 0.0000 0.0000 -1.0000
v 0.47902 3.40022 0.47112
vt 0.10000 0.18000
vn -0.5878 0.0061 -0.8090
v 0.50000 3.40000 0.46430
vt 0.00000 0.18000
vn 0.0000 0.0000 -1.0000
v 0.50000 3.14925 0.46430
vt 0.00000 0.03250
vn 0.0000 0.0000 -1.0000
v 0.47902 3.14925 0.47112
vt 0.10000 0.03250
vn -0.5878 0.0000 -0.8090
v 0.47902 3.40022 0.47112
vt 0.10000 0.18000
vn -0.5878 0.0061 -0.8090
v 0.47902 3.14925 0.47112
vt 0.10000 0.03250
vn -0.5878 0.0000 -0.8090
v 0.46605 3.40035 0.48897
vt 0.20000 0.18000
vn -0.9510 0.0099 -0.3090
v 0.47902 3.40022 0.47112
vt 0.10000 0.18000
vn -0.5878 0.0061 -0.8090
v 0.47902 3.14925 0.47112
vt 0.10000 0.03250
vn -0.5878 0.0000 -0.8090
v 0.46605 3.14925 0.48897
vt 0.20000 0.03250
vn -0.9511 0.0000 -0.3090
v 0.46605 3.40035 0.48897
vt 0.20000 0.18000
vn -0.9510 0.0099 -0.3090
v 0.46605 3.14925 0.48897
vt 0.20000 0.03250
vn -0.9511 0.0000 -0.3090
v 0.46605 3.40035 0.51103
vt 0.30000 0.18000
vn -0.9510 0.0099 0.3090
v 0.46605 3.40035 0.48897
vt 0.20000 0.18000
vn -0.9510 0.0099 -0.3090
v 0.46605 3.14925 0.48897
vt 0.20000 0.03250
vn -0.9511 0.0000 -0.3090
v 0.46605 3.14925 0.51103
vt 0.30000 0.03250
vn -0.9511 0.0000 0.3090
v 0.46605 3.40035 0.51103
vt 0.30000 0.18000
vn -0.9510 0.0099 0.3090
v 0.46605 3.14925 0.51103
vt 0.30000 0.03250
vn -0.9511 0.0000 0.3090
v 0.47902 3.40022 0.52888
vt 0.40000 0.18000
vn -0.5878 0.0061 0.8090
v 0.46605 3.40035 0.51103
vt 0.30000 0.18000
vn -0.9510 0.0099 0.3090
v 0.46605 3.14925 0.51103
vt 0.30000 0.03250
vn -0.9511 0.0000 0.3090
v 0.47902 3.14925 0.52888
vt 0.40000 0.03250
vn -0.5878 0.0000 0.8090
v 0.47902 3.40022 0.52888
vt 0.40000 0.18000
vn -0.5878 0.0061 0.8090
v 0.47902 3.14925 0.52888
vt 0.40000 0.03250
vn -0.5878 0.0000 0.8090
v 0.50000 3.40000 0.53570
vt 0.50000 0.18000
vn -0.0000 0.0000 1.0000
v 0.47902 3.40022 0.52888
vt 0.40000 0.18000
vn -0.5878 0.0061 0.8090
v 0.47902 3.14925 0.52888
vt 0.40000 0.03250
vn -0.5878 0.0000 0.8090
v 0.50000 3.14925 0.53570
vt 0.50000 0.03250
vn -0.0000 0.0000 1.0000
v 0.50000 3.40000 0.53570
vt 0.50000 0.18000
vn -0.0000 0.0000 1.0000
v 0.50000 3.14925 0.53570
vt 0.50000 0.03250
vn -0.0000 0.0000 1.0000
v 0.52098 3.39978 0.52888
vt 0.60000 0.18000
vn 0.5878 -0.0061 0.8090
v 0.50000 3.40000 0.53570
vt 0.50000 0.18000
vn -0.0000 0.0000 1.0000
v 0.50000 3.14925 0.53570
vt 0.50000 0.03250
vn -0.0000 0.0000 1.0000
v 0.52098 3.14925 0.52888
vt 0.60000 0.03250
vn 0.5878 -0.0000 0.8090
v 0.52098 3.39978 0.52888
vt 0.60000 0.18000
vn 0.5878 -0.0061 0.8090
v 0.52098 3.14925 0.52888
vt 0.60000 0.03250
vn 0.5878 -0.0000 0.8090
v 0.53395 3.39965 0.51103
vt 0.70000 0.18000
vn 0.9510 -0.0099 0.3090
v 0.52098 3.39978 0.52888
vt 0.60000 0.18000
vn 0.5878 -0.0061 0.8090
v 0.52098 3.14925 0.52888
vt 0.60000 0.03250
vn 0.5878 -0.0000 0.8090
v 0.53395 3.14925 0.51103
vt 0.70000 0.03250
vn 0.9511 -0.0000 0.3090
v 0.53395 3.39965 0.51103
vt 0.70000 0.18000
vn 0.9510 -0.0099 0.3090
v 0.53395 3.14925 0.51103
vt 0.70000 0.03250
vn 0.9511 -0.0000 0.3090
v 0.53395 3.39965 0.48897
vt 0.80000 0.18000
vn 0.9510 -0.0099 -0.3090
v 0.53395 3.39965 0.51103
vt 0.70000 0.18000
vn 0.9510 -0.0099 0.3090
v 0.53395 3.14925 0.51103
vt 0.70000 0.03250
vn 0.9511 -0.0000 0.3090
v 0.53395 3.14925 0.48897
vt 0.80000 0.03250
vn 0.9511 0.0000 -0.3090
v 0.53395 3.39965 0.48897
vt 0.80000 0.18000
vn 0.9510 -0.0099 -0.3090
v 0.53395 3.14925 0.48897
vt 0.80000 0.03250
vn 0.9511 0.0000 -0.3090
v 0.52098 3.39978 0.47112
vt 0.90000 0.18000
vn 0.5878 -0.0061 -0.8090
v 0.53395 3.39965 0.48897
vt 0.80000 0.18000
vn 0.9510 -0.0099 -0.3090
v 0.53395 3.14925 0.48897
vt 0.80000 0.03250
vn 0.9511 0.0000 -0.3090
v 0.52098 3.14925 0.47112
vt 0.90000 0.03250
vn 0.5878 0.0000 -0.8090
v 0.52098 3.39978 0.47112
vt 0.90000 0.18000
vn 0.5878 -0.0061 -0.8090
v 0.52098 3.14925 0.47112
vt 0.90000 0.03250
vn 0.5878 0.0000 -0.8090
v 0.50000 3.40000 0.46430
vt 1.00000 0.18000
vn 0.0000 -0.0000 -1.0000
v 0.52098 3.39978 0.47112
vt 0.90000 0.18000
vn 0.5878 -0.0061 -0.8090
v 0.52098 3.14925 0.47112
vt 0.90000 0.03250
vn 0.5878 0.0000 -0.8090
v 0.50000 3.14925 0.46430
vt 1.00000 0.03250
vn 0.0000 0.0000 -1.0000
v 0.50000 3.40000 0.46430
vt 1.00000 0.18000
vn 0.0000 -0.0000 -1.0000
v 0.50000 3.40000 0.46430
vt 0.00000 0.18000
vn 0.0000 0.0000 -1.0000
v 0.48272 3.49982 0.47112
vt 0.10000 0.23784
vn -0.5862 0.0436 -0.8090
v 0.50365 3.49827 0.46430
vt 0.00000 0.23784
vn 0.0000 0.0000 -1.0000
v 0.50000 3.40000 0.46430
vt 0.00000 0.18000
vn 0.0000 0.0000 -1.0000
v 0.47902 3.40022 0.47112
vt 0.10000 0.18000
vn -0.5878 0.0061 -0.8090
v 0.48272 3.49982 0.47112
vt 0.10000 0.23784
vn -0.5862 0.0436 -0.8090
v 0.47902 3.40022 0.47112
vt 0.10000 0.18000
vn -0.5878 0.0061 -0.8090
v 0.46979 3.50078 0.48897
vt 0.20000 0.23784
vn -0.9484 0.0705 -0.3090
v 0.48272 3.49982 0.47112
vt 0.10000 0.23784
vn -0.5862 0.0436 -0.8090
v 0.47902 3.40022 0.47112
vt 0.10000 0.18000
vn -0.5878 0.0061 -0.8090
v 0.46605 3.40035 0.48897
vt 0.20000 0.18000
vn -0.9510 0.0099 -0.3090
v 0.46979 3.50078 0.48897
vt 0.20000 0.23784
vn -0.9484 0.0705 -0.3090
v 0.46605 3.40035 0.48897
vt 0.20000 0.18000
vn -0.9510 0.0099 -0.3090
v 0.46979 3.50078 0.51103
vt 0.30000 0.23784
vn -0.9484 0.0705 0.3090
v 0.46979 3.50078 0.48897
vt 0.20000 0.23784
vn -0.9484 0.0705 -0.3090
v 0.46605 3.40035 0.48897
vt 0.20000 0.18000
vn -0.9510 0.0099 -0.3090
v 0.46605 3.40035 0.51103
vt 0.30000 0.18000
vn -0.9510 0.0099 0.3090
v 0.46979 3.50078 0.51103
vt 0.30000 0.23784
vn -0.9484 0.0705 0.3090
v 0.46605 3.40035 0.51103
vt 0.30000 0.18000
vn -0.9510 0.0099 0.3090
v 0.48272 3.49982 0.52888
vt 0.40000 0.23784
vn -0.5862 0.0436 0.8090
v 0.46979 3.50078 0.51103
vt 0.30000 0.23784
vn -0.9484 0.0705 0.3090
v 0.46605 3.40035 0.51103
vt 0.30000 0.18000
vn -0.9510 0.0099 0.3090
v 0.47902 3.40022 0.52888
vt 0.40000 0.18000
vn -0.5878 0.0061 0.8090
v 0.48272 3.49982 0.52888
vt 0.40000 0.23784
vn -0.5862 0.0436 0.8090
v 0.47902 3.40022 0.52888
vt 0.40000 0.18000
vn -0.5878 0.0061 0.8090
v 0.50365 3.49827 0.53570
vt 0.50000 0.23784
vn -0.0000 0.0000 1.0000
v 0.48272 3.49982 0.52888
vt 0.40000 0.23784
vn -0.5862 0.0436 0.8090
v 0.47902 3.40022 0.52888
vt 0.40000 0.18000
vn -0.5878 0.0061 0.8090
v 0.50000 3.40000 0.53570
vt 0.50000 0.18000
vn -0.0000 0.0000 1.0000
v 0.50365 3.49827 0.53570
vt 0.50000 0.23784
vn -0.0000 0.0000 1.0000
v 0.50000 3.40000 0.53570
vt 0.50000 0.18000
vn -0.0000 0.0000 1.0000
v 0.52457 3.49671 0.52888
vt 0.60000 0.23784
vn 0.5862 -0.0436 0.8090
v 0.50365 3.49827 0.53570
vt 0.50000 0.23784
vn -0.0000 0.0000 1.0000
v 0.50000 3.40000 0.53570
vt 0.50000 0.18000
vn -0.0000 0.0000 1.0000
v 0.52098 3.39978 0.52888
vt 0.60000 0.18000
vn 0.5878 -0.0061 0.8090
v 0.52457 3.49671 0.52888
vt 0.60000 0.23784
vn 0.5862 -0.0436 0.8090
v 0.52098 3.39978 0.52888
vt 0.60000 0.18000
vn 0.5878 -0.0061 0.8090
v 0.53751 3.49575 0.51103
vt 0.70000 0.23784
vn 0.9484 -0.0705 0.3090
v 0.52457 3.49671 0.52888
vt 0.60000 0.23784
vn 0.5862 -0.0436 0.8090
v 0.52098 3.39978 0.52888
vt 0.60000 0.18000
vn 0.5878 -0.0061 0.8090
v 0.53395 3.39965 0.51103
vt 0.70000 0.18000
vn 0.9510 -0.0099 0.3090
v 0.53751 3.49575 0.51103
vt 0.70000 0.23784
vn 0.9484 -0.0705 0.3090
v 0.53395 3.39965 0.51103
vt 0.70000 0.18000
vn 0.9510 -0.0099 0.3090
v 0.53751 3.49575 0.48897
vt 0.80000 0.23784
vn 0.9484 -0.0705 -0.3090
v 0.53751 3.49575 0.51103
vt 0.70000 0.23784
vn 0.9484 -0.0705 0.3090
v 0.53395 3.39965 0.51103
vt 0.70000 0.18000
vn 0.9510 -0.0099 0.3090
v 0.53395 3.39965 0.48897
vt 0.80000 0.18000
vn 0.9510 -0.0099 -0.3090
v 0.53751 3.49575 0.48897
vt 0.80000 0.23784
vn 0.9484 -0.0705 -0.3090
v 0.53395 3.39965 0.48897
vt 0.80000 0.18000
vn 0.9510 -0.0099 -0.3090
v 0.52457 3.49671 0.47112
vt 0.90000 0.23784
vn 0.5862 -0.0436 -0.8090
v 0.53751 3.49575 0.48897
vt 0.80000 0.23784
vn 0.9484 -0.0705 -0.3090
v 0.53395 3.39965 0.48897
vt 0.80000 0.18000
vn 0.9510 -0.0099 -0.3090
v 0.52098 3.39978 0.47112
vt 0.90000 0.18000
vn 0.5878 -0.0061 -0.8090
v 0.52457 3.49671 0.47112
vt 0.90000 0.23784
vn 0.5862 -0.0436 -0.8090
v 0.52098 3.39978 0.47112
vt 0.90000 0.18000
vn 0.5878 -0.0061 -0.8090
v 0.50365 3.49827 0.46430
vt 1.00000 0.23784
vn 0.0000 -0.0000 -1.0000
v 0.52457 3.49671 0.47112
vt 0.90000 0.23784
vn 0.5862 -0.0436 -0.8090
v 0.52098 3.39978 0.47112
vt 0.90000 0.18000
vn 0.5878 -0.0061 -0.8090
v 0.50000 3.40000 0.46430
vt 1.00000 0.18000
vn 0.0000 -0.0000 -1.0000
v 0.50365 3.49827 0.46430
vt 1.00000 0.23784
vn 0.0000 -0.0000 -1.0000
v 0.50365 3.49827 0.46430
vt 0.00000 0.23784
vn 0.0000 0.0000 -1.0000
v 0.49381 3.59910 0.47112
vt 0.10000 0.29569
vn -0.5813 0.0869 -0.8090
v 0.51456 3.59600 0.46430
vt 0.00000 0.29569
vn 0.0000 0.0000 -1.0000
v 0.50365 3.49827 0.46430
vt 0.00000 0.23784
vn 0.0000 0.0000 -1.0000
v 0.48272 3.49982 0.47112
vt 0.10000 0.23784
vn -0.5862 0.0436 -0.8090
v 0.49381 3.59910 0.47112
vt 0.10000 0.29569
vn -0.5813 0.0869 -0.8090
v 0.48272 3.49982 0.47112
vt 0.10000 0.23784
vn -0.5862 0.0436 -0.8090
v 0.48099 3.60101 0.48897
vt 0.20000 0.29569
vn -0.9406 0.1406 -0.3090
v 0.49381 3.59910 0.47112
vt 0.10000 0.29569
vn -0.5813 0.0869 -0.8090
v 0.48272 3.49982 0.47112
vt 0.10000 0.23784
vn -0.5862 0.0436 -0.8090
v 0.46979 3.50078 0.48897
vt 0.20000 0.23784
vn -0.9484 0.0705 -0.3090
v 0.48099 3.60101 0.48897
vt 0.20000 0.29569
vn -0.9406 0.1406 -0.3090
v 0.46979 3.50078 0.48897
vt 0.20000 0.23784
vn -0.9484 0.0705 -0.3090
v 0.48099 3.60101 0.51103
vt 0.30000 0.29569
vn -0.9406 0.1406 0.3090
v 0.48099 3.60101 0.48897
vt 0.20000 0.29569
vn -0.9406 0.1406 -0.3090
v 0.46979 3.50078 0.48897
vt 0.20000 0.23784
vn -0.9484 0.0705 -0.3090
v 0.46979 3.50078 0.51103
vt 0.30000 0.23784
vn -0.9484 0.0705 0.3090
v 0.48099 3.60101 0.51103
vt 0.30000 0.29569
vn -0.9406 0.1406 0.3090
v 0.46979 3.50078 0.51103
vt 0.30000 0.23784
vn -0.9484 0.0705 0.3090
v 0.49381 3.59910 0.52888
vt 0.40000 0.29569
vn -0.5813 0.0869 0.8090
v 0.48099 3.60101 0.51103
vt 0.30000 0.29569
vn -0.9406 0.1406 0.3090
v 0.46979 3.50078 0.51103
vt 0.30000 0.23784
vn -0.9484 0.0705 0.3090
v 0.48272 3.49982 0.52888
vt 0.40000 0.23784
vn -0.5862 0.0436 0.8090
v 0.49381 3.59910 0.52888
vt 0.40000 0.29569
vn -0.5813 0.0869 0.8090
v 0.48272 3.49982 0.52888
vt 0.40000 0.23784
vn -0.5862 0.0436 0.8090
v 0.51456 3.59600 0.53570
vt 0.50000 0.29569
vn -0.0000 0.0000 1.0000
v 0.49381 3.59910 0.52888
vt 0.40000 0.29569
vn -0.5813 0.0869 0.8090
v 0.48272 3.49982 0.52888
vt 0.40000 0.23784
vn -0.5862 0.0436 0.8090
v 0.50365 3.49827 0.53570
vt 0.50000 0.23784
vn -0.0000 0.0000 1.0000
v 0.51456 3.59600 0.53570
vt 0.50000 0.29569
vn -0.0000 0.0000 1.0000
v 0.50365 3.49827 0.53570
vt 0.50000 0.23784
vn -0.0000 0.0000 1.0000
v 0.53532 3.59289 0.52888
vt 0.60000 0.29569
vn 0.5813 -0.0869 0.8090
v 0.51456 3.59600 0.53570
vt 0.50000 0.29569
vn -0.0000 0.0000 1.0000
v 0.50365 3.49827 0.53570
vt 0.50000 0.23784
vn -0.0000 0.0000 1.0000
v 0.52457 3.49671 0.52888
vt 0.60000 0.23784
vn 0.5862 -0.0436 0.8090
v 0.53532 3.59289 0.52888
vt 0.60000 0.29569
vn 0.5813 -0.0869 0.8090
v 0.52457 3.49671 0.52888
vt 0.60000 0.23784
vn 0.5862 -0.0436 0.8090
v 0.54814 3.59098 0.51103
vt 0.70000 0.29569
vn 0.9406 -0.1406 0.3090
v 0.53532 3.59289 0.52888
vt 0.60000 0.29569
vn 0.5813 -0.0869 0.8090
v 0.52457 3.49671 0.52888
vt 0.60000 0.23784
vn 0.5862 -0.0436 0.8090
v 0.53751 3.49575 0.51103
vt 0.70000 0.23784
vn 0.9484 -0.0705 0.3090
v 0.54814 3.59098 0.51103
vt 0.70000 0.29569
vn 0.9406 -0.1406 0.3090
v 0.53751 3.49575 0.51103
vt 0.70000 0.23784
vn 0.9484 -0.0705 0.3090
v 0.54814 3.59098 0.48897
vt 0.80000 0.29569
vn 0.9406 -0.1406 -0.3090
v 0.54814 3.59098 0.51103
vt 0.70000 0.29569
vn 0.9406 -0.1406 0.3090
v 0.53751 3.49575 0.51103
vt 0.70000 0.23784
vn 0.9484 -0.0705 0.3090
v 0.53751 3.49575 0.48897
vt 0.80000 0.23784
vn 0.9484 -0.0705 -0.3090
v 0.54814 3.59098 0.48897
vt 0.80000 0.29569
vn 0.9406 -0.1406 -0.3090
v 0.53751 3.49575 0.48897
vt 0.80000 0.23784
vn 0.9484 -0.0705 -0.3090
v 0.53532 3.59289 0.47112
vt 0.90000 0.29569
vn 0.5813 -0.0869 -0.8090
v 0.54814 3.59098 0.48897
vt 0.80000 0.29569
vn 0.9406 -0.1406 -0.3090
v 0.53751 3.49575 0.48897
vt 0.80000 0.23784
vn 0.9484 -0.0705 -0.3090
v 0.52457 3.49671 0.47112
vt 0.90000 0.23784
vn 0.5862 -0.0436 -0.8090
v 0.53532 3.59289 0.47112
vt 0.90000 0.29569
vn 0.5813 -0.0869 -0.8090
v 0.52457 3.49671 0.47112
vt 0.90000 0.23784
vn 0.5862 -0.0436 -0.8090
v 0.51456 3.59600 0.46430
vt 1.00000 0.29569
vn 0.0000 -0.0000 -1.0000
v 0.53532 3.59289 0.47112
vt 0.90000 0.29569
vn 0.5813 -0.0869 -0.8090
v 0.52457 3.49671 0.47112
vt 0.90000 0.23784
vn 0.5862 -0.0436 -0.8090
v 0.50365 3.49827 0.46430
vt 1.00000 0.23784
vn 0.0000 -0.0000 -1.0000
v 0.51456 3.59600 0.46430
vt 1.00000 0.29569
vn 0.0000 -0.0000 -1.0000
v 0.51456 3.59600 0.46430
vt 0.00000 0.29569
vn 0.0000 0.0000 -1.0000
v 0.51223 3.69728 0.47112
vt 0.10000 0.35353
vn -0.5733 0.1297 -0.8090
v 0.53270 3.69264 0.46430
vt 0.00000 0.35353
vn 0.0000 0.0000 -1.0000
v 0.51456 3.59600 0.46430
vt 0.00000 0.29569
vn 0.0000 0.0000 -1.0000
v 0.49381 3.59910 0.47112
vt 0.10000 0.29569
vn -0.5813 0.0869 -0.8090
v 0.51223 3.69728 0.47112
vt 0.10000 0.35353
vn -0.5733 0.1297 -0.8090
v 0.49381 3.59910 0.47112
vt 0.10000 0.29569
vn -0.5813 0.0869 -0.8090
v 0.49958 3.70014 0.48897
vt 0.20000 0.35353
vn -0.9276 0.2099 -0.3090
v 0.51223 3.69728 0.47112
vt 0.10000 0.35353
vn -0.5733 0.1297 -0.8090
v 0.49381 3.59910 0.47112
vt 0.10000 0.29569
vn -0.5813 0.0869 -0.8090
v 0.48099 3.60101 0.48897
vt 0.20000 0.29569
vn -0.9406 0.1406 -0.3090
v 0.49958 3.70014 0.48897
vt 0.20000 0.35353
vn -0.9276 0.2099 -0.3090
v 0.48099 3.60101 0.48897
vt 0.20000 0.29569
vn -0.9406 0.1406 -0.3090
v 0.49958 3.70014 0.51103
vt 0.30000 0.35353
vn -0.9276 0.2099 0.3090
v 0.49958 3.70014 0.48897
vt 0.20000 0.35353
vn -0.9276 0.2099 -0.3090
v 0.48099 3.60101 0.48897
vt 0.20000 0.29569
vn -0.9406 0.1406 -0.3090
v 0.48099 3.60101 0.51103
vt 0.30000 0.29569
vn -0.9406 0.1406 0.3090
v 0.49958 3.70014 0.51103
vt 0.30000 0.35353
vn -0.9276 0.2099 0.3090
v 0.48099 3.60101 0.51103
vt 0.30000 0.29569
vn -0.9406 0.1406 0.3090
v 0.51223 3.69728 0.52888
vt 0.40000 0.35353
vn -0.5733 0.1297 0.8090
v 0.49958 3.70014 0.51103
vt 0.30000 0.35353
vn -0.9276 0.2099 0.3090
v 0.48099 3.60101 0.51103
vt 0.30000 0.29569
vn -0.9406 0.1406 0.3090
v 0.49381 3.59910 0.52888
vt 0.40000 0.29569
vn -0.5813 0.0869 0.8090
v 0.51223 3.69728 0.52888
vt 0.40000 0.35353
vn -0.5733 0.1297 0.8090
v 0.49381 3.59910 0.52888
vt 0.40000 0.29569
vn -0.5813 0.0869 0.8090
v 0.53270 3.69264 0.53570
vt 0.50000 0.35353
vn -0.0000 0.0000 1.0000
v 0.51223 3.69728 0.52888
vt 0.40000 0.35353
vn -0.5733 0.1297 0.8090
v 0.49381 3.59910 0.52888
vt 0.40000 0.29569
vn -0.5813 0.0869 0.8090
v 0.51456 3.59600 0.53570
vt 0.50000 0.29569
vn -0.0000 0.0000 1.0000
v 0.53270 3.69264 0.53570
vt 0.50000 0.35353
vn -0.0000 0.0000 1.0000
v 0.51456 3.59600 0.53570
vt 0.50000 0.29569
vn -0.0000 0.0000 1.0000
v 0.55316 3.68801 0.52888
vt 0.60000 0.35353
vn 0.5733 -0.1297 0.8090
v 0.53270 3.69264 0.53570
vt 0.50000 0.35353
vn -0.0000 0.0000 1.0000
v 0.51456 3.59600 0.53570
vt 0.50000 0.29569
vn -0.0000 0.0000 1.0000
v 0.53532 3.59289 0.52888
vt 0.60000 0.29569
vn 0.5813 -0.0869 0.8090
v 0.55316 3.68801 0.52888
vt 0.60000 0.35353
vn 0.5733 -0.1297 0.8090
v 0.53532 3.59289 0.52888
vt 0.60000 0.29569
vn 0.5813 -0.0869 0.8090
v 0.56581 3.68515 0.51103
vt 0.70000 0.35353
vn 0.9276 -0.2099 0.3090
v 0.55316 3.68801 0.52888
vt 0.60000 0.35353
vn 0.5733 -0.1297 0.8090
v 0.53532 3.59289 0.52888
vt 0.60000 0.29569
vn 0.5813 -0.0869 0.8090
v 0.54814 3.59098 0.51103
vt 0.70000 0.29569
vn 0.9406 -0.1406 0.3090
v 0.56581 3.68515 0.51103
vt 0.70000 0.35353
vn 0.9276 -0.2099 0.3090
v 0.54814 3.59098 0.51103
vt 0.70000 0.29569
vn 0.9406 -0.1406 0.3090
v 0.56581 3.68515 0.48897
vt 0.80000 0.35353
vn 0.9276 -0.2099 -0.3090
v 0.56581 3.68515 0.51103
vt 0.70000 0.35353
vn 0.9276 -0.2099 0.3090
v 0.54814 3.59098 0.51103
vt 0.70000 0.29569
vn 0.9406 -0.1406 0.3090
v 0.54814 3.59098 0.48897
vt 0.80000 0.29569
vn 0.9406 -0.1406 -0.3090
v 0.56581 3.68515 0.48897
vt 0.80000 0.35353
vn 0.9276 -0.2099 -0.3090
v 0.54814 3.59098 0.48897
vt 0.80000 0.29569
vn 0.9406 -0.1406 -0.3090
v 0.55316 3.68801 0.47112
vt 0.90000 0.35353
vn 0.5733 -0.1297 -0.8090
v 0.56581 3.68515 0.48897
vt 0.80000 0.35353
vn 0.9276 -0.2099 -0.3090
v 0.54814 3.59098 0.48897
vt 0.80000 0.29569
vn 0.9406 -0.1406 -0.3090
v 0.53532 3.59289 0.47112
vt 0.90000 0.29569
vn 0.5813 -0.0869 -0.8090
v 0.55316 3.68801 0.47112
vt 0.90000 0.35353
vn 0.5733 -0.1297 -0.8090
v 0.53532 3.59289 0.47112
vt 0.90000 0.29569
vn 0.5813 -0.0869 -0.8090
v 0.53270 3.69264 0.46430
vt 1.00000 0.35353
vn 0.0000 -0.0000 -1.0000
v 0.55316 3.68801 0.47112
vt 0.90000 0.35353
vn 0.5733 -0.1297 -0.8090
v 0.53532 3.59289 0.47112
vt 0.90000 0.29569
vn 0.5813 -0.0869 -0.8090
v 0.51456 3.59600 0.46430
vt 1.00000 0.29569
vn 0.0000 -0.0000 -1.0000
v 0.53270 3.69264 0.46430
vt 1.00000 0.35353
vn 0.0000 -0.0000 -1.0000
v 0.53270 3.69264 0.46430
vt 0.00000 0.35353
vn 0.0000 0.0000 -1.0000
v 0.53787 3.79382 0.47112
vt 0.10000 0.41138
vn -0.5621 0.1719 -0.8090
v 0.55794 3.78768 0.46430
vt 0.00000 0.41138
vn 0.0000 0.0000 -1.0000
v 0.53270 3.69264 0.46430
vt 0.00000 0.35353
vn 0.0000 0.0000 -1.0000
v 0.51223 3.69728 0.47112
vt 0.10000 0.35353
vn -0.5733 0.1297 -0.8090
v 0.53787 3.79382 0.47112
vt 0.10000 0.41138
vn -0.5621 0.1719 -0.8090
v 0.51223 3.69728 0.47112
vt 0.10000 0.35353
vn -0.5733 0.1297 -0.8090
v 0.52547 3.79761 0.48897
vt 0.20000 0.41138
vn -0.9095 0.2781 -0.3090
v 0.53787 3.79382 0.47112
vt 0.10000 0.41138
vn -0.5621 0.1719 -0.8090
v 0.51223 3.69728 0.47112
vt 0.10000 0.35353
vn -0.5733 0.1297 -0.8090
v 0.49958 3.70014 0.48897
vt 0.20000 0.35353
vn -0.9276 0.2099 -0.3090
v 0.52547 3.79761 0.48897
vt 0.20000 0.41138
vn -0.9095 0.2781 -0.3090
v 0.49958 3.70014 0.48897
vt 0.20000 0.35353
vn -0.9276 0.2099 -0.3090
v 0.52547 3.79761 0.51103
vt 0.30000 0.41138
vn -0.9095 0.2781 0.3090
v 0.52547 3.79761 0.48897
vt 0.20000 0.41138
vn -0.9095 0.2781 -0.3090
v 0.49958 3.70014 0.48897
vt 0.20000 0.35353
vn -0.9276 0.2099 -0.3090
v 0.49958 3.70014 0.51103
vt 0.30000 0.35353
vn -0.9276 0.2099 0.3090
v 0.52547 3.79761 0.51103
vt 0.30000 0.41138
vn -0.9095 0.2781 0.3090
v 0.49958 3.70014 0.51103
vt 0.30000 0.35353
vn -0.9276 0.2099 0.3090
v 0.53787 3.79382 0.52888
vt 0.40000 0.41138
vn -0.5621 0.1719 0.8090
v 0.52547 3.79761 0.51103
vt 0.30000 0.41138
vn -0.9095 0.2781 0.3090
v 0.49958 3.70014 0.51103
vt 0.30000 0.35353
vn -0.9276 0.2099 0.3090
v 0.51223 3.69728 0.52888
vt 0.40000 0.35353
vn -0.5733 0.1297 0.8090
v 0.53787 3.79382 0.52888
vt 0.40000 0.41138
vn -0.5621 0.1719 0.8090
v 0.51223 3.69728 0.52888
vt 0.40000 0.35353
vn -0.5733 0.1297 0.8090
v 0.55794 3.78768 0.53570
vt 0.50000 0.41138
vn -0.0000 0.0000 1.0000
v 0.53787 3.79382 0.52888
vt 0.40000 0.41138
vn -0.5621 0.1719 0.8090
v 0.51223 3.69728 0.52888
vt 0.40000 0.35353
vn -0.5733 0.1297 0.8090
v 0.53270 3.69264 0.53570
vt 0.50000 0.35353
vn -0.0000 0.0000 1.0000
v 0.55794 3.78768 0.53570
vt 0.50000 0.41138
vn -0.0000 0.0000 1.0000
v 0.53270 3.69264 0.53570
vt 0.50000 0.35353
vn -0.0000 0.0000 1.0000
v 0.57801 3.78155 0.52888
vt 0.60000 0.41138
vn 0.5621 -0.1719 0.8090
v 0.55794 3.78768 0.53570
vt 0.50000 0.41138
vn -0.0000 0.0000 1.0000
v 0.53270 3.69264 0.53570
vt 0.50000 0.35353
vn -0.0000 0.0000 1.0000
v 0.55316 3.68801 0.52888
vt 0.60000 0.35353
vn 0.5733 -0.1297 0.8090
v 0.57801 3.78155 0.52888
vt 0.60000 0.41138
vn 0.5621 -0.1719 0.8090
v 0.55316 3.68801 0.52888
vt 0.60000 0.35353
vn 0.5733 -0.1297 0.8090
v 0.59041 3.77776 0.51103
vt 0.70000 0.41138
vn 0.9095 -0.2781 0.3090
v 0.57801 3.78155 0.52888
vt 0.60000 0.41138
vn 0.5621 -0.1719 0.8090
v 0.55316 3.68801 0.52888
vt 0.60000 0.35353
vn 0.5733 -0.1297 0.8090
v 0.56581 3.68515 0.51103
vt 0.70000 0.35353
vn 0.9276 -0.2099 0.3090
v 0.59041 3.77776 0.51103
vt 0.70000 0.41138
vn 0.9095 -0.2781 0.3090
v 0.56581 3.68515 0.51103
vt 0.70000 0.35353
vn 0.9276 -0.2099 0.3090
v 0.59041 3.77776 0.48897
vt 0.80000 0.41138
vn 0.9095 -0.2781 -0.3090
v 0.59041 3.77776 0.51103
vt 0.70000 0.41138
vn 0.9095 -0.2781 0.3090
v 0.56581 3.68515 0.51103
vt 0.70000 0.35353
vn 0.9276 -0.2099 0.3090
v 0.56581 3.68515 0.48897
vt 0.80000 0.35353
vn 0.9276 -0.2099 -0.3090
v 0.59041 3.77776 0.48897
vt 0.80000 0.41138
vn 0.9095 -0.2781 -0.3090
v 0.56581 3.68515 0.48897
vt 0.80000 0.35353
vn 0.9276 -0.2099 -0.3090
v 0.57801 3.78155 0.47112
vt 0.90000 0.41138
vn 0.5621 -0.1719 -0.8090
v 0.59041 3.77776 0.48897
vt 0.80000 0.41138
vn 0.9095 -0.2781 -0.3090
v 0.56581 3.68515 0.48897
vt 0.80000 0.35353
vn 0.9276 -0.2099 -0.3090
v 0.55316 3.68801 0.47112
vt 0.90000 0.35353
vn 0.5733 -0.1297 -0.8090
v 0.57801 3.78155 0.47112
vt 0.90000 0.41138
vn 0.5621 -0.1719 -0.8090
v 0.55316 3.68801 0.47112
vt 0.90000 0.35353
vn 0.5733 -0.1297 -0.8090
v 0.55794 3.78768 0.46430
vt 1.00000 0.41138
vn 0.0000 -0.0000 -1.0000
v 0.57801 3.78155 0.47112
vt 0.90000 0.41138
vn 0.5621 -0.1719 -0.8090
v 0.55316 3.68801 0.47112
vt 0.90000 0.35353
vn 0.5733 -0.1297 -0.8090
v 0.53270 3.69264 0.46430
vt 1.00000 0.35353
vn 0.0000 -0.0000 -1.0000
v 0.55794 3.78768 0.46430
vt 1.00000 0.41138
vn 0.0000 -0.0000 -1.0000
v 0.55794 3.78768 0.46430
vt 0.00000 0.41138
vn 0.0000 0.0000 -1.0000
v 0.60971 3.87299 0.52888
vt 0.10000 0.46922
vn 0.5478 -0.2130 0.8090
v 0.59016 3.88059 0.53570
vt 0.00000 0.46922
vn 0.0000 0.0000 1.0000
v 0.55794 3.78768 0.46430
vt 0.00000 0.41138
vn 0.0000 0.0000 -1.0000
v 0.53787 3.79382 0.47112
vt 0.10000 0.41138
vn -0.5621 0.1719 -0.8090
v 0.60971 3.87299 0.52888
vt 0.10000 0.46922
vn 0.5478 -0.2130 0.8090
v 0.53787 3.79382 0.47112
vt 0.10000 0.41138
vn -0.5621 0.1719 -0.8090
v 0.62180 3.86829 0.51103
vt 0.20000 0.46922
vn 0.8864 -0.3447 0.3090
v 0.60971 3.87299 0.52888
vt 0.10000 0.46922
vn 0.5478 -0.2130 0.8090
v 0.53787 3.79382 0.47112
vt 0.10000 0.41138
vn -0.5621 0.1719 -0.8090
v 0.52547 3.79761 0.48897
vt 0.20000 0.41138
vn -0.9095 0.2781 -0.3090
v 0.62180 3.86829 0.51103
vt 0.20000 0.46922
vn 0.8864 -0.3447 0.3090
v 0.52547 3.79761 0.48897
vt 0.20000 0.41138
vn -0.9095 0.2781 -0.3090
v 0.62180 3.86829 0.48897
vt 0.30000 0.46922
vn 0.8864 -0.3447 -0.3090
v 0.62180 3.86829 0.51103
vt 0.20000 0.46922
vn 0.8864 -0.3447 0.3090
v 0.52547 3.79761 0.48897
vt 0.20000 0.41138
vn -0.9095 0.2781 -0.3090
v 0.52547 3.79761 0.51103
vt 0.30000 0.41138
vn -0.9095 0.2781 0.3090
v 0.62180 3.86829 0.48897
vt 0.30000 0.46922
vn 0.8864 -0.3447 -0.3090
v 0.52547 3.79761 0.51103
vt 0.30000 0.41138
vn -0.9095 0.2781 0.3090
v 0.60971 3.87299 0.47112
vt 0.40000 0.46922
vn 0.5478 -0.2130 -0.8090
v 0.62180 3.86829 0.48897
vt 0.30000 0.46922
vn 0.8864 -0.3447 -0.3090
v 0.52547 3.79761 0.51103
vt 0.30000 0.41138
vn -0.9095 0.2781 0.3090
v 0.53787 3.79382 0.52888
vt 0.40000 0.41138
vn -0.5621 0.1719 0.8090
v 0.60971 3.87299 0.47112
vt 0.40000 0.46922
vn 0.5478 -0.2130 -0.8090
v 0.53787 3.79382 0.52888
vt 0.40000 0.41138
vn -0.5621 0.1719 0.8090
v 0.59016 3.88059 0.46430
vt 0.50000 0.46922
vn 0.0000 -0.0000 -1.0000
v 0.60971 3.87299 0.47112
vt 0.40000 0.46922
vn 0.5478 -0.2130 -0.8090
v 0.53787 3.79382 0.52888
vt 0.40000 0.41138
vn -0.5621 0.1719 0.8090
v 0.55794 3.78768 0.53570
vt 0.50000 0.41138
vn -0.0000 0.0000 1.0000
v 0.59016 3.88059 0.46430
vt 0.50000 0.46922
vn 0.0000 -0.0000 -1.0000
v 0.55794 3.78768 0.53570
vt 0.50000 0.41138
vn -0.0000 0.0000 1.0000
v 0.57060 3.88820 0.47112
vt 0.60000 0.46922
vn -0.5478 0.2130 -0.8090
v 0.59016 3.88059 0.46430
vt 0.50000 0.46922
vn 0.0000 -0.0000 -1.0000
v 0.55794 3.78768 0.53570
vt 0.50000 0.41138
vn -0.0000 0.0000 1.0000
v 0.57801 3.78155 0.52888
vt 0.60000 0.41138
vn 0.5621 -0.1719 0.8090
v 0.57060 3.88820 0.47112
vt 0.60000 0.46922
vn -0.5478 0.2130 -0.8090
v 0.57801 3.78155 0.52888
vt 0.60000 0.41138
vn 0.5621 -0.1719 0.8090
v 0.55851 3.89290 0.48897
vt 0.70000 0.46922
vn -0.8864 0.3447 -0.3090
v 0.57060 3.88820 0.47112
vt 0.60000 0.46922
vn -0.5478 0.2130 -0.8090
v 0.57801 3.78155 0.52888
vt 0.60000 0.41138
vn 0.5621 -0.1719 0.8090
v 0.59041 3.77776 0.51103
vt 0.70000 0.41138
vn 0.9095 -0.2781 0.3090
v 0.55851 3.89290 0.48897
vt 0.70000 0.46922
vn -0.8864 0.3447 -0.3090
v 0.59041 3.77776 0.51103
vt 0.70000 0.41138
vn 0.9095 -0.2781 0.3090
v 0.55851 3.89290 0.51103
vt 0.80000 0.46922
vn -0.8864 0.3447 0.3090
v 0.55851 3.89290 0.48897
vt 0.70000 0.46922
vn -0.8864 0.3447 -0.3090
v 0.59041 3.77776 0.51103
vt 0.70000 0.41138
vn 0.9095 -0.2781 0.3090
v 0.59041 3.77776 0.48897
vt 0.80000 0.41138
vn 0.9095 -0.2781 -0.3090
v 0.55851 3.89290 0.51103
vt 0.80000 0.46922
vn -0.8864 0.3447 0.3090
v 0.59041 3.77776 0.48897
vt 0.80000 0.41138
vn 0.9095 -0.2781 -0.3090
v 0.57060 3.88820 0.52888
vt 0.90000 0.46922
vn -0.5478 0.2130 0.8090
v 0.55851 3.89290 0.51103
vt 0.80000 0.46922
vn -0.8864 0.3447 0.3090
v 0.59041 3.77776 0.48897
vt 0.80000 0.41138
vn 0.9095 -0.2781 -0.3090
v 0.57801 3.78155 0.47112
vt 0.90000 0.41138
vn 0.5621 -0.1719 -0.8090
v 0.57060 3.88820 0.52888
vt 0.90000 0.46922
vn -0.5478 0.2130 0.8090
v 0.57801 3.78155 0.47112
vt 0.90000 0.41138
vn 0.5621 -0.1719 -0.8090
v 0.59016 3.88059 0.53570
vt 1.00000 0.46922
vn -0.0000 0.0000 1.0000
v 0.57060 3.88820 0.52888
vt 0.90000 0.46922
vn -0.5478 0.2130 0.8090
v 0.57801 3.78155 0.47112
vt 0.90000 0.41138
vn 0.5621 -0.1719 -0.8090
v 0.55794 3.78768 0.46430
vt 1.00000 0.41138
vn 0.0000 -0.0000 -1.0000
v 0.59016 3.88059 0.53570
vt 1.00000 0.46922
vn -0.0000 0.0000 1.0000
v 0.59016 3.88059 0.53570
vt 0.00000 0.46922
vn 0.0000 0.0000 1.0000
v 0.64811 3.96182 0.52888
vt 0.10000 0.52707
vn 0.5305 -0.2530 0.8090
v 0.62917 3.97086 0.53570
vt 0.00000 0.52707
vn 0.0000 0.0000 1.0000
v 0.59016 3.88059 0.53570
vt 0.00000 0.46922
vn 0.0000 0.0000 1.0000
v 0.60971 3.87299 0.52888
vt 0.10000 0.46922
vn 0.5478 -0.2130 0.8090
v 0.64811 3.96182 0.52888
vt 0.10000 0.52707
vn 0.5305 -0.2530 0.8090
v 0.60971 3.87299 0.52888
vt 0.10000 0.46922
vn 0.5478 -0.2130 0.8090
v 0.65982 3.95624 0.51103
vt 0.20000 0.52707
vn 0.8584 -0.4094 0.3090
v 0.64811 3.96182 0.52888
vt 0.10000 0.52707
vn 0.5305 -0.2530 0.8090
v 0.60971 3.87299 0.52888
vt 0.10000 0.46922
vn 0.5478 -0.2130 0.8090
v 0.62180 3.86829 0.51103
vt 0.20000 0.46922
vn 0.8864 -0.3447 0.3090
v 0.65982 3.95624 0.51103
vt 0.20000 0.52707
vn 0.8584 -0.4094 0.3090
v 0.62180 3.86829 0.51103
vt 0.20000 0.46922
vn 0.8864 -0.3447 0.3090
v 0.65982 3.95624 0.48897
vt 0.30000 0.52707
vn 0.8584 -0.4094 -0.3090
v 0.65982 3.95624 0.51103
vt 0.20000 0.52707
vn 0.8584 -0.4094 0.3090
v 0.62180 3.86829 0.51103
vt 0.20000 0.46922
vn 0.8864 -0.3447 0.3090
v 0.62180 3.86829 0.48897
vt 0.30000 0.46922
vn 0.8864 -0.3447 -0.3090
v 0.65982 3.95624 0.48897
vt 0.30000 0.52707
vn 0.8584 -0.4094 -0.3090
v 0.62180 3.86829 0.48897
vt 0.30000 0.46922
vn 0.8864 -0.3447 -0.3090
v 0.64811 3.96182 0.47112
vt 0.40000 0.52707
vn 0.5305 -0.2530 -0.8090
v 0.65982 3.95624 0.48897
vt 0.30000 0.52707
vn 0.8584 -0.4094 -0.3090
v 0.62180 3.86829 0.48897
vt 0.30000 0.46922
vn 0.8864 -0.3447 -0.3090
v 0.60971 3.87299 0.47112
vt 0.40000 0.46922
vn 0.5478 -0.2130 -0.8090
v 0.64811 3.96182 0.47112
vt 0.40000 0.52707
vn 0.5305 -0.2530 -0.8090
v 0.60971 3.87299 0.47112
vt 0.40000 0.46922
vn 0.5478 -0.2130 -0.8090
v 0.62917 3.97086 0.46430
vt 0.50000 0.52707
vn 0.0000 -0.0000 -1.0000
v 0.64811 3.96182 0.47112
vt 0.40000 0.52707
vn 0.5305 -0.2530 -0.8090
v 0.60971 3.87299 0.47112
vt 0.40000 0.46922
vn 0.5478 -0.2130 -0.8090
v 0.59016 3.88059 0.46430
vt 0.50000 0.46922
vn 0.0000 -0.0000 -1.0000
v 0.62917 3.97086 0.46430
vt 0.50000 0.52707
vn 0.0000 -0.0000 -1.0000
v 0.59016 3.88059 0.46430
vt 0.50000 0.46922
vn 0.0000 -0.0000 -1.0000
v 0.61023 3.97989 0.47112
vt 0.60000 0.52707
vn -0.5305 0.2530 -0.8090
v 0.62917 3.97086 0.46430
vt 0.50000 0.52707
vn 0.0000 -0.0000 -1.0000
v 0.59016 3.88059 0.46430
vt 0.50000 0.46922
vn 0.0000 -0.0000 -1.0000
v 0.57060 3.88820 0.47112
vt 0.60000 0.46922
vn -0.5478 0.2130 -0.8090
v 0.61023 3.97989 0.47112
vt 0.60000 0.52707
vn -0.5305 0.2530 -0.8090
v 0.57060 3.88820 0.47112
vt 0.60000 0.46922
vn -0.5478 0.2130 -0.8090
v 0.59853 3.98547 0.48897
vt 0.70000 0.52707
vn -0.8584 0.4094 -0.3090
v 0.61023 3.97989 0.47112
vt 0.60000 0.52707
vn -0.5305 0.2530 -0.8090
v 0.57060 3.88820 0.47112
vt 0.60000 0.46922
vn -0.5478 0.2130 -0.8090
v 0.55851 3.89290 0.48897
vt 0.70000 0.46922
vn -0.8864 0.3447 -0.3090
v 0.59853 3.98547 0.48897
vt 0.70000 0.52707
vn -0.8584 0.4094 -0.3090
v 0.55851 3.89290 0.48897
vt 0.70000 0.46922
vn -0.8864 0.3447 -0.3090
v 0.59853 3.98547 0.51103
vt 0.80000 0.52707
vn -0.8584 0.4094 0.3090
v 0.59853 3.98547 0.48897
vt 0.70000 0.52707
vn -0.8584 0.4094 -0.3090
v 0.55851 3.89290 0.48897
vt 0.70000 0.46922
vn -0.8864 0.3447 -0.3090
v 0.55851 3.89290 0.51103
vt 0.80000 0.46922
vn -0.8864 0.3447 0.3090
v 0.59853 3.98547 0.51103
vt 0.80000 0.52707
vn -0.8584 0.4094 0.3090
v 0.55851 3.89290 0.51103
vt 0.80000 0.46922
vn -0.8864 0.3447 0.3090
v 0.61023 3.97989 0.52888
vt 0.90000 0.52707
vn -0.5305 0.2530 0.8090
v 0.59853 3.98547 0.51103
vt 0.80000 0.52707
vn -0.8584 0.4094 0.3090
v 0.55851 3.89290 0.51103
vt 0.80000 0.46922
vn -0.8864 0.3447 0.3090
v 0.57060 3.88820 0.52888
vt 0.90000 0.46922
vn -0.5478 0.2130 0.8090
v 0.61023 3.97989 0.52888
vt 0.90000 0.52707
vn -0.5305 0.2530 0.8090
v 0.57060 3.88820 0.52888
vt 0.90000 0.46922
vn -0.5478 0.2130 0.8090
v 0.62917 3.97086 0.53570
vt 1.00000 0.52707
vn -0.0000 0.0000 1.0000
v 0.61023 3.97989 0.52888
vt 0.90000 0.52707
vn -0.5305 0.2530 0.8090
v 0.57060 3.88820 0.52888
vt 0.90000 0.46922
vn -0.5478 0.2130 0.8090
v 0.59016 3.88059 0.53570
vt 1.00000 0.46922
vn -0.0000 0.0000 1.0000
v 0.62917 3.97086 0.53570
vt 1.00000 0.52707
vn -0.0000 0.0000 1.0000
v 0.62917 3.97086 0.53570
vt 0.00000 0.52707
vn 0.0000 0.0000 1.0000
v 0.69299 4.04757 0.52888
vt 0.10000 0.58491
vn 0.5103 -0.2917 0.8090
v 0.67477 4.05798 0.53570
vt 0.00000 0.58491
vn 0.0000 0.0000 1.0000
v 0.62917 3.97086 0.53570
vt 0.00000 0.52707
vn 0.0000 0.0000 1.0000
v 0.64811 3.96182 0.52888
vt 0.10000 0.52707
vn 0.5305 -0.2530 0.8090
v 0.69299 4.04757 0.52888
vt 0.10000 0.58491
vn 0.5103 -0.2917 0.8090
v 0.64811 3.96182 0.52888
vt 0.10000 0.52707
vn 0.5305 -0.2530 0.8090
v 0.70425 4.04114 0.51103
vt 0.20000 0.58491
vn 0.8257 -0.4719 0.3090
v 0.69299 4.04757 0.52888
vt 0.10000 0.58491
vn 0.5103 -0.2917 0.8090
v 0.64811 3.96182 0.52888
vt 0.10000 0.52707
vn 0.5305 -0.2530 0.8090
v 0.65982 3.95624 0.51103
vt 0.20000 0.52707
vn 0.8584 -0.4094 0.3090
v 0.70425 4.04114 0.51103
vt 0.20000 0.58491
vn 0.8257 -0.4719 0.3090
v 0.65982 3.95624 0.51103
vt 0.20000 0.52707
vn 0.8584 -0.4094 0.3090
v 0.70425 4.04114 0.48897
vt 0.30000 0.58491
vn 0.8257 -0.4719 -0.3090
v 0.70425 4.04114 0.51103
vt 0.20000 0.58491
vn 0.8257 -0.4719 0.3090
v 0.65982 3.95624 0.51103
vt 0.20000 0.52707
vn 0.8584 -0.4094 0.3090
v 0.65982 3.95624 0.48897
vt 0.30000 0.52707
vn 0.8584 -0.4094 -0.3090
v 0.70425 4.04114 0.48897
vt 0.30000 0.58491
vn 0.8257 -0.4719 -0.3090
v 0.65982 3.95624 0.48897
vt 0.30000 0.52707
vn 0.8584 -0.4094 -0.3090
v 0.69299 4.04757 0.47112
vt 0.40000 0.58491
vn 0.5103 -0.2917 -0.8090
v 0.70425 4.04114 0.48897
vt 0.30000 0.58491
vn 0.8257 -0.4719 -0.3090
v 0.65982 3.95624 0.48897
vt 0.30000 0.52707
vn 0.8584 -0.4094 -0.3090
v 0.64811 3.96182 0.47112
vt 0.40000 0.52707
vn 0.5305 -0.2530 -0.8090
v 0.69299 4.04757 0.47112
vt 0.40000 0.58491
vn 0.5103 -0.2917 -0.8090
v 0.64811 3.96182 0.47112
vt 0.40000 0.52707
vn 0.5305 -0.2530 -0.8090
v 0.67477 4.05798 0.46430
vt 0.50000 0.58491
vn 0.0000 -0.0000 -1.0000
v 0.69299 4.04757 0.47112
vt 0.40000 0.58491
vn 0.5103 -0.2917 -0.8090
v 0.64811 3.96182 0.47112
vt 0.40000 0.52707
vn 0.5305 -0.2530 -0.8090
v 0.62917 3.97086 0.46430
vt 0.50000 0.52707
vn 0.0000 -0.0000 -1.0000
v 0.67477 4.05798 0.46430
vt 0.50000 0.58491
vn 0.0000 -0.0000 -1.0000
v 0.62917 3.97086 0.46430
vt 0.50000 0.52707
vn 0.0000 -0.0000 -1.0000
v 0.65655 4.06840 0.47112
vt 0.60000 0.58491
vn -0.5103 0.2917 -0.8090
v 0.67477 4.05798 0.46430
vt 0.50000 0.58491
vn 0.0000 -0.0000 -1.0000
v 0.62917 3.97086 0.46430
vt 0.50000 0.52707
vn 0.0000 -0.0000 -1.0000
v 0.61023 3.97989 0.47112
vt 0.60000 0.52707
vn -0.5305 0.2530 -0.8090
v 0.65655 4.06840 0.47112
vt 0.60000 0.58491
vn -0.5103 0.2917 -0.8090
v 0.61023 3.97989 0.47112
vt 0.60000 0.52707
vn -0.5305 0.2530 -0.8090
v 0.64529 4.07483 0.48897
vt 0.70000 0.58491
vn -0.8257 0.4719 -0.3090
v 0.65655 4.06840 0.47112
vt 0.60000 0.58491
vn -0.5103 0.2917 -0.8090
v 0.61023 3.97989 0.47112
vt 0.60000 0.52707
vn -0.5305 0.2530 -0.8090
v 0.59853 3.98547 0.48897
vt 0.70000 0.52707
vn -0.8584 0.4094 -0.3090
v 0.64529 4.07483 0.48897
vt 0.70000 0.58491
vn -0.8257 0.4719 -0.3090
v 0.59853 3.98547 0.48897
vt 0.70000 0.52707
vn -0.8584 0.4094 -0.3090
v 0.64529 4.07483 0.51103
vt 0.80000 0.58491
vn -0.8257 0.4719 0.3090
v 0.64529 4.07483 0.48897
vt 0.70000 0.58491
vn -0.8257 0.4719 -0.3090
v 0.59853 3.98547 0.48897
vt 0.70000 0.52707
vn -0.8584 0.4094 -0.3090
v 0.59853 3.98547 0.51103
vt 0.80000 0.52707
vn -0.8584 0.4094 0.3090
v 0.64529 4.07483 0.51103
vt 0.80000 0.58491
vn -0.8257 0.4719 0.3090
v 0.59853 3.98547 0.51103
vt 0.80000 0.52707
vn -0.8584 0.4094 0.3090
v 0.65655 4.06840 0.52888
vt 0.90000 0.58491
vn -0.5103 0.2917 0.8090
v 0.64529 4.07483 0.51103
vt 0.80000 0.58491
vn -0.8257 0.4719 0.3090
v 0.59853 3.98547 0.51103
vt 0.80000 0.52707
vn -0.8584 0.4094 0.3090
v 0.61023 3.97989 0.52888
vt 0.90000 0.52707
vn -0.5305 0.2530 0.8090
v 0.65655 4.06840 0.52888
vt 0.90000 0.58491
vn -0.5103 0.2917 0.8090
v 0.61023 3.97989 0.52888
vt 0.90000 0.52707
vn -0.5305 0.2530 0.8090
v 0.67477 4.05798 0.53570
vt 1.00000 0.58491
vn -0.0000 0.0000 1.0000
v 0.65655 4.06840 0.52888
vt 0.90000 0.58491
vn -0.5103 0.2917 0.8090
v 0.61023 3.97989 0.52888
vt 0.90000 0.52707
vn -0.5305 0.2530 0.8090
v 0.62917 3.97086 0.53570
vt 1.00000 0.52707
vn -0.0000 0.0000 1.0000
v 0.67477 4.05798 0.53570
vt 1.00000 0.58491
vn -0.0000 0.0000 1.0000
v 0.67477 4.05798 0.53570
vt 0.00000 0.58491
vn 0.0000 0.0000 1.0000
v 0.74409 4.12976 0.52888
vt 0.10000 0.64276
vn 0.4873 -0.3287 0.8090
v 0.72670 4.14149 0.53570
vt 0.00000 0.64276
vn 0.0000 0.0000 1.0000
v 0.67477 4.05798 0.53570
vt 0.00000 0.58491
vn 0.0000 0.0000 1.0000
v 0.69299 4.04757 0.52888
vt 0.10000 0.58491
vn 0.5103 -0.2917 0.8090
v 0.74409 4.12976 0.52888
vt 0.10000 0.64276
vn 0.4873 -0.3287 0.8090
v 0.69299 4.04757 0.52888
vt 0.10000 0.58491
vn 0.5103 -0.2917 0.8090
v 0.75484 4.12250 0.51103
vt 0.20000 0.64276
vn 0.7885 -0.5318 0.3090
v 0.74409 4.12976 0.52888
vt 0.10000 0.64276
vn 0.4873 -0.3287 0.8090
v 0.69299 4.04757 0.52888
vt 0.10000 0.58491
vn 0.5103 -0.2917 0.8090
v 0.70425 4.04114 0.51103
vt 0.20000 0.58491
vn 0.8257 -0.4719 0.3090
v 0.75484 4.12250 0.51103
vt 0.20000 0.64276
vn 0.7885 -0.5318 0.3090
v 0.70425 4.04114 0.51103
vt 0.20000 0.58491
vn 0.8257 -0.4719 0.3090
v 0.75484 4.12250 0.48897
vt 0.30000 0.64276
vn 0.7885 -0.5318 -0.3090
v 0.75484 4.12250 0.51103
vt 0.20000 0.64276
vn 0.7885 -0.5318 0.3090
v 0.70425 4.04114 0.51103
vt 0.20000 0.58491
vn 0.8257 -0.4719 0.3090
v 0.70425 4.04114 0.48897
vt 0.30000 0.58491
vn 0.8257 -0.4719 -0.3090
v 0.75484 4.12250 0.48897
vt 0.30000 0.64276
vn 0.7885 -0.5318 -0.3090
v 0.70425 4.04114 0.48897
vt 0.30000 0.58491
vn 0.8257 -0.4719 -0.3090
v 0.74409 4.12976 0.47112
vt 0.40000 0.64276
vn 0.4873 -0.3287 -0.8090
v 0.75484 4.12250 0.48897
vt 0.30000 0.64276
vn 0.7885 -0.5318 -0.3090
v 0.70425 4.04114 0.48897
vt 0.30000 0.58491
vn 0.8257 -0.4719 -0.3090
v 0.69299 4.04757 0.47112
vt 0.40000 0.58491
vn 0.5103 -0.2917 -0.8090
v 0.74409 4.12976 0.47112
vt 0.40000 0.64276
vn 0.4873 -0.3287 -0.8090
v 0.69299 4.04757 0.47112
vt 0.40000 0.58491
vn 0.5103 -0.2917 -0.8090
v 0.72670 4.14149 0.46430
vt 0.50000 0.64276
vn 0.0000 -0.0000 -1.0000
v 0.74409 4.12976 0.47112
vt 0.40000 0.64276
vn 0.4873 -0.3287 -0.8090
v 0.69299 4.04757 0.47112
vt 0.40000 0.58491
vn 0.5103 -0.2917 -0.8090
v 0.67477 4.05798 0.46430
vt 0.50000 0.58491
vn 0.0000 -0.0000 -1.0000
v 0.72670 4.14149 0.46430
vt 0.50000 0.64276
vn 0.0000 -0.0000 -1.0000
v 0.67477 4.05798 0.46430
vt 0.50000 0.58491
vn 0.0000 -0.0000 -1.0000
v 0.70930 4.15322 0.47112
vt 0.60000 0.64276
vn -0.4873 0.3287 -0.8090
v 0.72670 4.14149 0.46430
vt 0.50000 0.64276
vn 0.0000 -0.0000 -1.0000
v 0.67477 4.05798 0.46430
vt 0.50000 0.58491
vn 0.0000 -0.0000 -1.0000
v 0.65655 4.06840 0.47112
vt 0.60000 0.58491
vn -0.5103 0.2917 -0.8090
v 0.70930 4.15322 0.47112
vt 0.60000 0.64276
vn -0.4873 0.3287 -0.8090
v 0.65655 4.06840 0.47112
vt 0.60000 0.58491
vn -0.5103 0.2917 -0.8090
v 0.69855 4.16048 0.48897
vt 0.70000 0.64276
vn -0.7885 0.5318 -0.3090
v 0.70930 4.15322 0.47112
vt 0.60000 0.64276
vn -0.4873 0.3287 -0.8090
v 0.65655 4.06840 0.47112
vt 0.60000 0.58491
vn -0.5103 0.2917 -0.8090
v 0.64529 4.07483 0.48897
vt 0.70000 0.58491
vn -0.8257 0.4719 -0.3090
v 0.69855 4.16048 0.48897
vt 0.70000 0.64276
vn -0.7885 0.5318 -0.3090
v 0.64529 4.07483 0.48897
vt 0.70000 0.58491
vn -0.8257 0.4719 -0.3090
v 0.69855 4.16048 0.51103
vt 0.80000 0.64276
vn -0.7885 0.5318 0.3090
v 0.69855 4.16048 0.48897
vt 0.70000 0.64276
vn -0.7885 0.5318 -0.3090
v 0.64529 4.07483 0.48897
vt 0.70000 0.58491
vn -0.8257 0.4719 -0.3090
v 0.64529 4.07483 0.51103
vt 0.80000 0.58491
vn -0.8257 0.4719 0.3090
v 0.69855 4.16048 0.51103
vt 0.80000 0.64276
vn -0.7885 0.5318 0.3090
v 0.64529 4.07483 0.51103
vt 0.80000 0.58491
vn -0.8257 0.4719 0.3090
v 0.70930 4.15322 0.52888
vt 0.90000 0.64276
vn -0.4873 0.3287 0.8090
v 0.69855 4.16048 0.51103
vt 0.80000 0.64276
vn -0.7885 0.5318 0.3090
v 0.64529 4.07483 0.51103
vt 0.80000 0.58491
vn -0.8257 0.4719 0.3090
v 0.65655 4.06840 0.52888
vt 0.90000 0.58491
vn -0.5103 0.2917 0.8090
v 0.70930 4.15322 0.52888
vt 0.90000 0.64276
vn -0.4873 0.3287 0.8090
v 0.65655 4.06840 0.52888
vt 0.90000 0.58491
vn -0.5103 0.2917 0.8090
v 0.72670 4.14149 0.53570
vt 1.00000 0.64276
vn -0.0000 0.0000 1.0000
v 0.70930 4.15322 0.52888
vt 0.90000 0.64276
vn -0.4873 0.3287 0.8090
v 0.65655 4.06840 0.52888
vt 0.90000 0.58491
vn -0.5103 0.2917 0.8090
v 0.67477 4.05798 0.53570
vt 1.00000 0.58491
vn -0.0000 0.0000 1.0000
v 0.72670 4.14149 0.53570
vt 1.00000 0.64276
vn -0.0000 0.0000 1.0000
v 0.72670 4.14149 0.53570
vt 0.00000 0.64276
vn 0.0000 0.0000 1.0000
v 0.80115 4.20793 0.52888
vt 0.10000 0.70060
vn 0.4616 -0.3639 0.8090
v 0.78467 4.22092 0.53570
vt 0.00000 0.70060
vn 0.0000 0.0000 1.0000
v 0.72670 4.14149 0.53570
vt 0.00000 0.64276
vn 0.0000 0.0000 1.0000
v 0.74409 4.12976 0.52888
vt 0.10000 0.64276
vn 0.4873 -0.3287 0.8090
v 0.80115 4.20793 0.52888
vt 0.10000 0.70060
vn 0.4616 -0.3639 0.8090
v 0.74409 4.12976 0.52888
vt 0.10000 0.64276
vn 0.4873 -0.3287 0.8090
v 0.81133 4.19990 0.51103
vt 0.20000 0.70060
vn 0.7469 -0.5888 0.3090
v 0.80115 4.20793 0.52888
vt 0.10000 0.70060
vn 0.4616 -0.3639 0.8090
v 0.74409 4.12976 0.52888
vt 0.10000 0.64276
vn 0.4873 -0.3287 0.8090
v 0.75484 4.12250 0.51103
vt 0.20000 0.64276
vn 0.7885 -0.5318 0.3090
v 0.81133 4.19990 0.51103
vt 0.20000 0.70060
vn 0.7469 -0.5888 0.3090
v 0.75484 4.12250 0.51103
vt 0.20000 0.64276
vn 0.7885 -0.5318 0.3090
v 0.81133 4.19990 0.48897
vt 0.30000 0.70060
vn 0.7469 -0.5888 -0.3090
v 0.81133 4.19990 0.51103
vt 0.20000 0.70060
vn 0.7469 -0.5888 0.3090
v 0.75484 4.12250 0.51103
vt 0.20000 0.64276
vn 0.7885 -0.5318 0.3090
v 0.75484 4.12250 0.48897
vt 0.30000 0.64276
vn 0.7885 -0.5318 -0.3090
v 0.81133 4.19990 0.48897
vt 0.30000 0.70060
vn 0.7469 -0.5888 -0.3090
v 0.75484 4.12250 0.48897
vt 0.30000 0.64276
vn 0.7885 -0.5318 -0.3090
v 0.80115 4.20793 0.47112
vt 0.40000 0.70060
vn 0.4616 -0.3639 -0.8090
v 0.81133 4.19990 0.48897
vt 0.30000 0.70060
vn 0.7469 -0.5888 -0.3090
v 0.75484 4.12250 0.48897
vt 0.30000 0.64276
vn 0.7885 -0.5318 -0.3090
v 0.74409 4.12976 0.47112
vt 0.40000 0.64276
vn 0.4873 -0.3287 -0.8090
v 0.80115 4.20793 0.47112
vt 0.40000 0.70060
vn 0.4616 -0.3639 -0.8090
v 0.74409 4.12976 0.47112
vt 0.40000 0.64276
vn 0.4873 -0.3287 -0.8090
v 0.78467 4.22092 0.46430
vt 0.50000 0.70060
vn 0.0000 -0.0000 -1.0000
v 0.80115 4.20793 0.47112
vt 0.40000 0.70060
vn 0.4616 -0.3639 -0.8090
v 0.74409 4.12976 0.47112
vt 0.40000 0.64276
vn 0.4873 -0.3287 -0.8090
v 0.72670 4.14149 0.46430
vt 0.50000 0.64276
vn 0.0000 -0.0000 -1.0000
v 0.78467 4.22092 0.46430
vt 0.50000 0.70060
vn 0.0000 -0.0000 -1.0000
v 0.72670 4.14149 0.46430
vt 0.50000 0.64276
vn 0.0000 -0.0000 -1.0000
v 0.76819 4.23391 0.47112
vt 0.60000 0.70060
vn -0.4616 0.3639 -0.8090
v 0.78467 4.22092 0.46430
vt 0.50000 0.70060
vn 0.0000 -0.0000 -1.0000
v 0.72670 4.14149 0.46430
vt 0.50000 0.64276
vn 0.0000 -0.0000 -1.0000
v 0.70930 4.15322 0.47112
vt 0.60000 0.64276
vn -0.4873 0.3287 -0.8090
v 0.76819 4.23391 0.47112
vt 0.60000 0.70060
vn -0.4616 0.3639 -0.8090
v 0.70930 4.15322 0.47112
vt 0.60000 0.64276
vn -0.4873 0.3287 -0.8090
v 0.75801 4.24194 0.48897
vt 0.70000 0.70060
vn -0.7469 0.5888 -0.3090
v 0.76819 4.23391 0.47112
vt 0.60000 0.70060
vn -0.4616 0.3639 -0.8090
v 0.70930 4.15322 0.47112
vt 0.60000 0.64276
vn -0.4873 0.3287 -0.8090
v 0.69855 4.16048 0.48897
vt 0.70000 0.64276
vn -0.7885 0.5318 -0.3090
v 0.75801 4.24194 0.48897
vt 0.70000 0.70060
vn -0.7469 0.5888 -0.3090
v 0.69855 4.16048 0.48897
vt 0.70000 0.64276
vn -0.7885 0.5318 -0.3090
v 0.75801 4.24194 0.51103
vt 0.80000 0.70060
vn -0.7469 0.5888 0.3090
v 0.75801 4.24194 0.48897
vt 0.70000 0.70060
vn -0.7469 0.5888 -0.3090
v 0.69855 4.16048 0.48897
vt 0.70000 0.64276
vn -0.7885 0.5318 -0.3090
v 0.69855 4.16048 0.51103
vt 0.80000 0.64276
vn -0.7885 0.5318 0.3090
v 0.75801 4.24194 0.51103
vt 0.80000 0.70060
vn -0.7469 0.5888 0.3090
v 0.69855 4.16048 0.51103
vt 0.80000 0.64276
vn -0.7885 0.5318 0.3090
v 0.76819 4.23391 0.52888
vt 0.90000 0.70060
vn -0.4616 0.3639 0.8090
v 0.75801 4.24194 0.51103
vt 0.80000 0.70060
vn -0.7469 0.5888 0.3090
v 0.69855 4.16048 0.51103
vt 0.80000 0.64276
vn -0.7885 0.5318 0.3090
v 0.70930 4.15322 0.52888
vt 0.90000 0.64276
vn -0.4873 0.3287 0.8090
v 0.76819 4.23391 0.52888
vt 0.90000 0.70060
vn -0.4616 0.3639 0.8090
v 0.70930 4.15322 0.52888
vt 0.90000 0.64276
vn -0.4873 0.3287 0.8090
v 0.78467 4.22092 0.53570
vt 1.00000 0.70060
vn -0.0000 0.0000 1.0000
v 0.76819 4.23391 0.52888
vt 0.90000 0.70060
vn -0.4616 0.3639 0.8090
v 0.70930 4.15322 0.52888
vt 0.90000 0.64276
vn -0.4873 0.3287 0.8090
v 0.72670 4.14149 0.53570
vt 1.00000 0.64276
vn -0.0000 0.0000 1.0000
v 0.78467 4.22092 0.53570
vt 1.00000 0.70060
vn -0.0000 0.0000 1.0000
v 0.78467 4.22092 0.53570
vt 0.00000 0.70060
vn 0.0000 0.0000 1.0000
v 0.86384 4.28166 0.52888
vt 0.10000 0.75844
vn 0.4334 -0.3971 0.8090
v 0.84837 4.29583 0.53570
vt 0.00000 0.75844
vn 0.0000 0.0000 1.0000
v 0.78467 4.22092 0.53570
vt 0.00000 0.70060
vn 0.0000 0.0000 1.0000
v 0.80115 4.20793 0.52888
vt 0.10000 0.70060
vn 0.4616 -0.3639 0.8090
v 0.86384 4.28166 0.52888
vt 0.10000 0.75844
vn 0.4334 -0.3971 0.8090
v 0.80115 4.20793 0.52888
vt 0.10000 0.70060
vn 0.4616 -0.3639 0.8090
v 0.87340 4.27289 0.51103
vt 0.20000 0.75844
vn 0.7012 -0.6425 0.3090
v 0.86384 4.28166 0.52888
vt 0.10000 0.75844
vn 0.4334 -0.3971 0.8090
v 0.80115 4.20793 0.52888
vt 0.10000 0.70060
vn 0.4616 -0.3639 0.8090
v 0.81133 4.19990 0.51103
vt 0.20000 0.70060
vn 0.7469 -0.5888 0.3090
v 0.87340 4.27289 0.51103
vt 0.20000 0.75844
vn 0.7012 -0.6425 0.3090
v 0.81133 4.19990 0.51103
vt 0.20000 0.70060
vn 0.7469 -0.5888 0.3090
v 0.87340 4.27289 0.48897
vt 0.30000 0.75844
vn 0.7012 -0.6425 -0.3090
v 0.87340 4.27289 0.51103
vt 0.20000 0.75844
vn 0.7012 -0.6425 0.3090
v 0.81133 4.19990 0.51103
vt 0.20000 0.70060
vn 0.7469 -0.5888 0.3090
v 0.81133 4.19990 0.48897
vt 0.30000 0.70060
vn 0.7469 -0.5888 -0.3090
v 0.87340 4.27289 0.48897
vt 0.30000 0.75844
vn 0.7012 -0.6425 -0.3090
v 0.81133 4.19990 0.48897
vt 0.30000 0.70060
vn 0.7469 -0.5888 -0.3090
v 0.86384 4.28166 0.47112
vt 0.40000 0.75844
vn 0.4334 -0.3971 -0.8090
v 0.87340 4.27289 0.48897
vt 0.30000 0.75844
vn 0.7012 -0.6425 -0.3090
v 0.81133 4.19990 0.48897
vt 0.30000 0.70060
vn 0.7469 -0.5888 -0.3090
v 0.80115 4.20793 0.47112
vt 0.40000 0.70060
vn 0.4616 -0.3639 -0.8090
v 0.86384 4.28166 0.47112
vt 0.40000 0.75844
vn 0.4334 -0.3971 -0.8090
v 0.80115 4.20793 0.47112
vt 0.40000 0.70060
vn 0.4616 -0.3639 -0.8090
v 0.84837 4.29583 0.46430
vt 0.50000 0.75844
vn 0.0000 -0.0000 -1.0000
v 0.86384 4.28166 0.47112
vt 0.40000 0.75844
vn 0.4334 -0.3971 -0.8090
v 0.80115 4.20793 0.47112
vt 0.40000 0.70060
vn 0.4616 -0.3639 -0.8090
v 0.78467 4.22092 0.46430
vt 0.50000 0.70060
vn 0.0000 -0.0000 -1.0000
v 0.84837 4.29583 0.46430
vt 0.50000 0.75844
vn 0.0000 -0.0000 -1.0000
v 0.78467 4.22092 0.46430
vt 0.50000 0.70060
vn 0.0000 -0.0000 -1.0000
v 0.83290 4.31001 0.47112
vt 0.60000 0.75844
vn -0.4334 0.3971 -0.8090
v 0.84837 4.29583 0.46430
vt 0.50000 0.75844
vn 0.0000 -0.0000 -1.0000
v 0.78467 4.22092 0.46430
vt 0.50000 0.70060
vn 0.0000 -0.0000 -1.0000
v 0.76819 4.23391 0.47112
vt 0.60000 0.70060
vn -0.4616 0.3639 -0.8090
v 0.83290 4.31001 0.47112
vt 0.60000 0.75844
vn -0.4334 0.3971 -0.8090
v 0.76819 4.23391 0.47112
vt 0.60000 0.70060
vn -0.4616 0.3639 -0.8090
v 0.82334 4.31877 0.48897
vt 0.70000 0.75844
vn -0.7012 0.6425 -0.3090
v 0.83290 4.31001 0.47112
vt 0.60000 0.75844
vn -0.4334 0.3971 -0.8090
v 0.76819 4.23391 0.47112
vt 0.60000 0.70060
vn -0.4616 0.3639 -0.8090
v 0.75801 4.24194 0.48897
vt 0.70000 0.70060
vn -0.7469 0.5888 -0.3090
v 0.82334 4.31877 0.48897
vt 0.70000 0.75844
vn -0.7012 0.6425 -0.3090
v 0.75801 4.24194 0.48897
vt 0.70000 0.70060
vn -0.7469 0.5888 -0.3090
v 0.82334 4.31877 0.51103
vt 0.80000 0.75844
vn -0.7012 0.6425 0.3090
v 0.82334 4.31877 0.48897
vt 0.70000 0.75844
vn -0.7012 0.6425 -0.3090
v 0.75801 4.24194 0.48897
vt 0.70000 0.70060
vn -0.7469 0.5888 -0.3090
v 0.75801 4.24194 0.51103
vt 0.80000 0.70060
vn -0.7469 0.5888 0.3090
v 0.82334 4.31877 0.51103
vt 0.80000 0.75844
vn -0.7012 0.6425 0.3090
v 0.75801 4.24194 0.51103
vt 0.80000 0.70060
vn -0.7469 0.5888 0.3090
v 0.83290 4.31001 0.52888
vt 0.90000 0.75844
vn -0.4334 0.3971 0.8090
v 0.82334 4.31877 0.51103
vt 0.80000 0.75844
vn -0.7012 0.6425 0.3090
v 0.75801 4.24194 0.51103
vt 0.80000 0.70060
vn -0.7469 0.5888 0.3090
v 0.76819 4.23391 0.52888
vt 0.90000 0.70060
vn -0.4616 0.3639 0.8090
v 0.83290 4.31001 0.52888
vt 0.90000 0.75844
vn -0.4334 0.3971 0.8090
v 0.76819 4.23391 0.52888
vt 0.90000 0.70060
vn -0.4616 0.3639 0.8090
v 0.84837 4.29583 0.53570
vt 1.00000 0.75844
vn -0.0000 0.0000 1.0000
v 0.83290 4.31001 0.52888
vt 0.90000 0.75844
vn -0.4334 0.3971 0.8090
v 0.76819 4.23391 0.52888
vt 0.90000 0.70060
vn -0.4616 0.3639 0.8090
v 0.78467 4.22092 0.53570
vt 1.00000 0.70060
vn -0.0000 0.0000 1.0000
v 0.84837 4.29583 0.53570
vt 1.00000 0.75844
vn -0.0000 0.0000 1.0000
v 0.84837 4.29583 0.53570
vt 0.00000 0.75844
vn 0.0000 0.0000 1.0000
v 0.93183 4.35054 0.52888
vt 0.10000 0.81629
vn 0.4027 -0.4281 0.8090
v 0.91745 4.36582 0.53570
vt 0.00000 0.81629
vn 0.0000 0.0000 1.0000
v 0.84837 4.29583 0.53570
vt 0.00000 0.75844
vn 0.0000 0.0000 1.0000
v 0.86384 4.28166 0.52888
vt 0.10000 0.75844
vn 0.4334 -0.3971 0.8090
v 0.93183 4.35054 0.52888
vt 0.10000 0.81629
vn 0.4027 -0.4281 0.8090
v 0.86384 4.28166 0.52888
vt 0.10000 0.75844
vn 0.4334 -0.3971 0.8090
v 0.94071 4.34109 0.51103
vt 0.20000 0.81629
vn 0.6516 -0.6927 0.3090
v 0.93183 4.35054 0.52888
vt 0.10000 0.81629
vn 0.4027 -0.4281 0.8090
v 0.86384 4.28166 0.52888
vt 0.10000 0.75844
vn 0.4334 -0.3971 0.8090
v 0.87340 4.27289 0.51103
vt 0.20000 0.75844
vn 0.7012 -0.6425 0.3090
v 0.94071 4.34109 0.51103
vt 0.20000 0.81629
vn 0.6516 -0.6927 0.3090
v 0.87340 4.27289 0.51103
vt 0.20000 0.75844
vn 0.7012 -0.6425 0.3090
v 0.94071 4.34109 0.48897
vt 0.30000 0.81629
vn 0.6516 -0.6927 -0.3090
v 0.94071 4.34109 0.51103
vt 0.20000 0.81629
vn 0.6516 -0.6927 0.3090
v 0.87340 4.27289 0.51103
vt 0.20000 0.75844
vn 0.7012 -0.6425 0.3090
v 0.87340 4.27289 0.48897
vt 0.30000 0.75844
vn 0.7012 -0.6425 -0.3090
v 0.94071 4.34109 0.48897
vt 0.30000 0.81629
vn 0.6516 -0.6927 -0.3090
v 0.87340 4.27289 0.48897
vt 0.30000 0.75844
vn 0.7012 -0.6425 -0.3090
v 0.93183 4.35054 0.47112
vt 0.40000 0.81629
vn 0.4027 -0.4281 -0.8090
v 0.94071 4.34109 0.48897
vt 0.30000 0.81629
vn 0.6516 -0.6927 -0.3090
v 0.87340 4.27289 0.48897
vt 0.30000 0.75844
vn 0.7012 -0.6425 -0.3090
v 0.86384 4.28166 0.47112
vt 0.40000 0.75844
vn 0.4334 -0.3971 -0.8090
v 0.93183 4.35054 0.47112
vt 0.40000 0.81629
vn 0.4027 -0.4281 -0.8090
v 0.86384 4.28166 0.47112
vt 0.40000 0.75844
vn 0.4334 -0.3971 -0.8090
v 0.91745 4.36582 0.46430
vt 0.50000 0.81629
vn 0.0000 -0.0000 -1.0000
v 0.93183 4.35054 0.47112
vt 0.40000 0.81629
vn 0.4027 -0.4281 -0.8090
v 0.86384 4.28166 0.47112
vt 0.40000 0.75844
vn 0.4334 -0.3971 -0.8090
v 0.84837 4.29583 0.46430
vt 0.50000 0.75844
vn 0.0000 -0.0000 -1.0000
v 0.91745 4.36582 0.46430
vt 0.50000 0.81629
vn 0.0000 -0.0000 -1.0000
v 0.84837 4.29583 0.46430
vt 0.50000 0.75844
vn 0.0000 -0.0000 -1.0000
v 0.90307 4.38110 0.47112
vt 0.60000 0.81629
vn -0.4027 0.4281 -0.8090
v 0.91745 4.36582 0.46430
vt 0.50000 0.81629
vn 0.0000 -0.0000 -1.0000
v 0.84837 4.29583 0.46430
vt 0.50000 0.75844
vn 0.0000 -0.0000 -1.0000
v 0.83290 4.31001 0.47112
vt 0.60000 0.75844
vn -0.4334 0.3971 -0.8090
v 0.90307 4.38110 0.47112
vt 0.60000 0.81629
vn -0.4027 0.4281 -0.8090
v 0.83290 4.31001 0.47112
vt 0.60000 0.75844
vn -0.4334 0.3971 -0.8090
v 0.89418 4.39055 0.48897
vt 0.70000 0.81629
vn -0.6516 0.6927 -0.3090
v 0.90307 4.38110 0.47112
vt 0.60000 0.81629
vn -0.4027 0.4281 -0.8090
v 0.83290 4.31001 0.47112
vt 0.60000 0.75844
vn -0.4334 0.3971 -0.8090
v 0.82334 4.31877 0.48897
vt 0.70000 0.75844
vn -0.7012 0.6425 -0.3090
v 0.89418 4.39055 0.48897
vt 0.70000 0.81629
vn -0.6516 0.6927 -0.3090
v 0.82334 4.31877 0.48897
vt 0.70000 0.75844
vn -0.7012 0.6425 -0.3090
v 0.89418 4.39055 0.51103
vt 0.80000 0.81629
vn -0.6516 0.6927 0.3090
v 0.89418 4.39055 0.48897
vt 0.70000 0.81629
vn -0.6516 0.6927 -0.3090
v 0.82334 4.31877 0.48897
vt 0.70000 0.75844
vn -0.7012 0.6425 -0.3090
v 0.82334 4.31877 0.51103
vt 0.80000 0.75844
vn -0.7012 0.6425 0.3090
v 0.89418 4.39055 0.51103
vt 0.80000 0.81629
vn -0.6516 0.6927 0.3090
v 0.82334 4.31877 0.51103
vt 0.80000 0.75844
vn -0.7012 0.6425 0.3090
v 0.90307 4.38110 0.52888
vt 0.90000 0.81629
vn -0.4027 0.4281 0.8090
v 0.89418 4.39055 0.51103
vt 0.80000 0.81629
vn -0.6516 0.6927 0.3090
v 0.82334 4.31877 0.51103
vt 0.80000 0.75844
vn -0.7012 0.6425 0.3090
v 0.83290 4.31001 0.52888
vt 0.90000 0.75844
vn -0.4334 0.3971 0.8090
v 0.90307 4.38110 0.52888
vt 0.90000 0.81629
vn -0.4027 0.4281 0.8090
v 0.83290 4.31001 0.52888
vt 0.90000 0.75844
vn -0.4334 0.3971 0.8090
v 0.91745 4.36582 0.53570
vt 1.00000 0.81629
vn -0.0000 0.0000 1.0000
v 0.90307 4.38110 0.52888
vt 0.90000 0.81629
vn -0.4027 0.4281 0.8090
v 0.83290 4.31001 0.52888
vt 0.90000 0.75844
vn -0.4334 0.3971 0.8090
v 0.84837 4.29583 0.53570
vt 1.00000 0.75844
vn -0.0000 0.0000 1.0000
v 0.91745 4.36582 0.53570
vt 1.00000 0.81629
vn -0.0000 0.0000 1.0000
v 0.91745 4.36582 0.53570
vt 0.00000 0.81629
vn 0.0000 0.0000 1.0000
v 1.00473 4.41419 0.52888
vt 0.10000 0.87413
vn 0.3699 -0.4568 0.8090
v 0.99152 4.43050 0.53570
vt 0.00000 0.87413
vn 0.0000 0.0000 1.0000
v 0.91745 4.36582 0.53570
vt 0.00000 0.81629
vn 0.0000 0.0000 1.0000
v 0.93183 4.35054 0.52888
vt 0.10000 0.81629
vn 0.4027 -0.4281 0.8090
v 1.00473 4.41419 0.52888
vt 0.10000 0.87413
vn 0.3699 -0.4568 0.8090
v 0.93183 4.35054 0.52888
vt 0.10000 0.81629
vn 0.4027 -0.4281 0.8090
v 1.01289 4.40411 0.51103
vt 0.20000 0.87413
vn 0.5985 -0.7391 0.3090
v 1.00473 4.41419 0.52888
vt 0.10000 0.87413
vn 0.3699 -0.4568 0.8090
v 0.93183 4.35054 0.52888
vt 0.10000 0.81629
vn 0.4027 -0.4281 0.8090
v 0.94071 4.34109 0.51103
vt 0.20000 0.81629
vn 0.6516 -0.6927 0.3090
v 1.01289 4.40411 0.51103
vt 0.20000 0.87413
vn 0.5985 -0.7391 0.3090
v 0.94071 4.34109 0.51103
vt 0.20000 0.81629
vn 0.6516 -0.6927 0.3090
v 1.01289 4.40411 0.48897
vt 0.30000 0.87413
vn 0.5985 -0.7391 -0.3090
v 1.01289 4.40411 0.51103
vt 0.20000 0.87413
vn 0.5985 -0.7391 0.3090
v 0.94071 4.34109 0.51103
vt 0.20000 0.81629
vn 0.6516 -0.6927 0.3090
v 0.94071 4.34109 0.48897
vt 0.30000 0.81629
vn 0.6516 -0.6927 -0.3090
v 1.01289 4.40411 0.48897
vt 0.30000 0.87413
vn 0.5985 -0.7391 -0.3090
v 0.94071 4.34109 0.48897
vt 0.30000 0.81629
vn 0.6516 -0.6927 -0.3090
v 1.00473 4.41419 0.47112
vt 0.40000 0.87413
vn 0.3699 -0.4568 -0.8090
v 1.01289 4.40411 0.48897
vt 0.30000 0.87413
vn 0.5985 -0.7391 -0.3090
v 0.94071 4.34109 0.48897
vt 0.30000 0.81629
vn 0.6516 -0.6927 -0.3090
v 0.93183 4.35054 0.47112
vt 0.40000 0.81629
vn 0.4027 -0.4281 -0.8090
v 1.00473 4.41419 0.47112
vt 0.40000 0.87413
vn 0.3699 -0.4568 -0.8090
v 0.93183 4.35054 0.47112
vt 0.40000 0.81629
vn 0.4027 -0.4281 -0.8090
v 0.99152 4.43050 0.46430
vt 0.50000 0.87413
vn 0.0000 -0.0000 -1.0000
v 1.00473 4.41419 0.47112
vt 0.40000 0.87413
vn 0.3699 -0.4568 -0.8090
v 0.93183 4.35054 0.47112
vt 0.40000 0.81629
vn 0.4027 -0.4281 -0.8090
v 0.91745 4.36582 0.46430
vt 0.50000 0.81629
vn 0.0000 -0.0000 -1.0000
v 0.99152 4.43050 0.46430
vt 0.50000 0.87413
vn 0.0000 -0.0000 -1.0000
v 0.91745 4.36582 0.46430
vt 0.50000 0.81629
vn 0.0000 -0.0000 -1.0000
v 0.97832 4.44680 0.47112
vt 0.60000 0.87413
vn -0.3699 0.4568 -0.8090
v 0.99152 4.43050 0.46430
vt 0.50000 0.87413
vn 0.0000 -0.0000 -1.0000
v 0.91745 4.36582 0.46430
vt 0.50000 0.81629
vn 0.0000 -0.0000 -1.0000
v 0.90307 4.38110 0.47112
vt 0.60000 0.81629
vn -0.4027 0.4281 -0.8090
v 0.97832 4.44680 0.47112
vt 0.60000 0.87413
vn -0.3699 0.4568 -0.8090
v 0.90307 4.38110 0.47112
vt 0.60000 0.81629
vn -0.4027 0.4281 -0.8090
v 0.97015 4.45688 0.48897
vt 0.70000 0.87413
vn -0.5985 0.7391 -0.3090
v 0.97832 4.44680 0.47112
vt 0.60000 0.87413
vn -0.3699 0.4568 -0.8090
v 0.90307 4.38110 0.47112
vt 0.60000 0.81629
vn -0.4027 0.4281 -0.8090
v 0.89418 4.39055 0.48897
vt 0.70000 0.81629
vn -0.6516 0.6927 -0.3090
v 0.97015 4.45688 0.48897
vt 0.70000 0.87413
vn -0.5985 0.7391 -0.3090
v 0.89418 4.39055 0.48897
vt 0.70000 0.81629
vn -0.6516 0.6927 -0.3090
v 0.97015 4.45688 0.51103
vt 0.80000 0.87413
vn -0.5985 0.7391 0.3090
v 0.97015 4.45688 0.48897
vt 0.70000 0.87413
vn -0.5985 0.7391 -0.3090
v 0.89418 4.39055 0.48897
vt 0.70000 0.81629
vn -0.6516 0.6927 -0.3090
v 0.89418 4.39055 0.51103
vt 0.80000 0.81629
vn -0.6516 0.6927 0.3090
v 0.97015 4.45688 0.51103
vt 0.80000 0.87413
vn -0.5985 0.7391 0.3090
v 0.89418 4.39055 0.51103
vt 0.80000 0.81629
vn -0.6516 0.6927 0.3090
v 0.97832 4.44680 0.52888
vt 0.90000 0.87413
vn -0.3699 0.4568 0.8090
v 0.97015 4.45688 0.51103
vt 0.80000 0.87413
vn -0.5985 0.7391 0.3090
v 0.89418 4.39055 0.51103
vt 0.80000 0.81629
vn -0.6516 0.6927 0.3090
v 0.90307 4.38110 0.52888
vt 0.90000 0.81629
vn -0.4027 0.4281 0.8090
v 0.97832 4.44680 0.52888
vt 0.90000 0.87413
vn -0.3699 0.4568 0.8090
v 0.90307 4.38110 0.52888
vt 0.90000 0.81629
vn -0.4027 0.4281 0.8090
v 0.99152 4.43050 0.53570
vt 1.00000 0.87413
vn -0.0000 0.0000 1.0000
v 0.97832 4.44680 0.52888
vt 0.90000 0.87413
vn -0.3699 0.4568 0.8090
v 0.90307 4.38110 0.52888
vt 0.90000 0.81629
vn -0.4027 0.4281 0.8090
v 0.91745 4.36582 0.53570
vt 1.00000 0.81629
vn -0.0000 0.0000 1.0000
v 0.99152 4.43050 0.53570
vt 1.00000 0.87413
vn -0.0000 0.0000 1.0000
v 0.99152 4.43050 0.53570
vt 0.00000 0.87413
vn 0.0000 0.0000 1.0000
v 1.08215 4.47226 0.52888
vt 0.10000 0.93198
vn 0.3350 -0.4830 0.8090
v 1.07018 4.48950 0.53570
vt 0.00000 0.93198
vn 0.0000 0.0000 1.0000
v 0.99152 4.43050 0.53570
vt 0.00000 0.87413
vn 0.0000 0.0000 1.0000
v 1.00473 4.41419 0.52888
vt 0.10000 0.87413
vn 0.3699 -0.4568 0.8090
v 1.08215 4.47226 0.52888
vt 0.10000 0.93198
vn 0.3350 -0.4830 0.8090
v 1.00473 4.41419 0.52888
vt 0.10000 0.87413
vn 0.3699 -0.4568 0.8090
v 1.08954 4.46161 0.51103
vt 0.20000 0.93198
vn 0.5421 -0.7814 0.3090
v 1.08215 4.47226 0.52888
vt 0.10000 0.93198
vn 0.3350 -0.4830 0.8090
v 1.00473 4.41419 0.52888
vt 0.10000 0.87413
vn 0.3699 -0.4568 0.8090
v 1.01289 4.40411 0.51103
vt 0.20000 0.87413
vn 0.5985 -0.7391 0.3090
v 1.08954 4.46161 0.51103
vt 0.20000 0.93198
vn 0.5421 -0.7814 0.3090
v 1.01289 4.40411 0.51103
vt 0.20000 0.87413
vn 0.5985 -0.7391 0.3090
v 1.08954 4.46161 0.48897
vt 0.30000 0.93198
vn 0.5421 -0.7814 -0.3090
v 1.08954 4.46161 0.51103
vt 0.20000 0.93198
vn 0.5421 -0.7814 0.3090
v 1.01289 4.40411 0.51103
vt 0.20000 0.87413
vn 0.5985 -0.7391 0.3090
v 1.01289 4.40411 0.48897
vt 0.30000 0.87413
vn 0.5985 -0.7391 -0.3090
v 1.08954 4.46161 0.48897
vt 0.30000 0.93198
vn 0.5421 -0.7814 -0.3090
v 1.01289 4.40411 0.48897
vt 0.30000 0.87413
vn 0.5985 -0.7391 -0.3090
v 1.08215 4.47226 0.47112
vt 0.40000 0.93198
vn 0.3350 -0.4830 -0.8090
v 1.08954 4.46161 0.48897
vt 0.30000 0.93198
vn 0.5421 -0.7814 -0.3090
v 1.01289 4.40411 0.48897
vt 0.30000 0.87413
vn 0.5985 -0.7391 -0.3090
v 1.00473 4.41419 0.47112
vt 0.40000 0.87413
vn 0.3699 -0.4568 -0.8090
v 1.08215 4.47226 0.47112
vt 0.40000 0.93198
vn 0.3350 -0.4830 -0.8090
v 1.00473 4.41419 0.47112
vt 0.40000 0.87413
vn 0.3699 -0.4568 -0.8090
v 1.07018 4.48950 0.46430
vt 0.50000 0.93198
vn 0.0000 -0.0000 -1.0000
v 1.08215 4.47226 0.47112
vt 0.40000 0.93198
vn 0.3350 -0.4830 -0.8090
v 1.00473 4.41419 0.47112
vt 0.40000 0.87413
vn 0.3699 -0.4568 -0.8090
v 0.99152 4.43050 0.46430
vt 0.50000 0.87413
vn 0.0000 -0.0000 -1.0000
v 1.07018 4.48950 0.46430
vt 0.50000 0.93198
vn 0.0000 -0.0000 -1.0000
v 0.99152 4.43050 0.46430
vt 0.50000 0.87413
vn 0.0000 -0.0000 -1.0000
v 1.05822 4.50675 0.47112
vt 0.60000 0.93198
vn -0.3350 0.4830 -0.8090
v 1.07018 4.48950 0.46430
vt 0.50000 0.93198
vn 0.0000 -0.0000 -1.0000
v 0.99152 4.43050 0.46430
vt 0.50000 0.87413
vn 0.0000 -0.0000 -1.0000
v 0.97832 4.44680 0.47112
vt 0.60000 0.87413
vn -0.3699 0.4568 -0.8090
v 1.05822 4.50675 0.47112
vt 0.60000 0.93198
vn -0.3350 0.4830 -0.8090
v 0.97832 4.44680 0.47112
vt 0.60000 0.87413
vn -0.3699 0.4568 -0.8090
v 1.05083 4.51740 0.48897
vt 0.70000 0.93198
vn -0.5421 0.7814 -0.3090
v 1.05822 4.50675 0.47112
vt 0.60000 0.93198
vn -0.3350 0.4830 -0.8090
v 0.97832 4.44680 0.47112
vt 0.60000 0.87413
vn -0.3699 0.4568 -0.8090
v 0.97015 4.45688 0.48897
vt 0.70000 0.87413
vn -0.5985 0.7391 -0.3090
v 1.05083 4.51740 0.48897
vt 0.70000 0.93198
vn -0.5421 0.7814 -0.3090
v 0.97015 4.45688 0.48897
vt 0.70000 0.87413
vn -0.5985 0.7391 -0.3090
v 1.05083 4.51740 0.51103
vt 0.80000 0.93198
vn -0.5421 0.7814 0.3090
v 1.05083 4.51740 0.48897
vt 0.70000 0.93198
vn -0.5421 0.7814 -0.3090
v 0.97015 4.45688 0.48897
vt 0.70000 0.87413
vn -0.5985 0.7391 -0.3090
v 0.97015 4.45688 0.51103
vt 0.80000 0.87413
vn -0.5985 0.7391 0.3090
v 1.05083 4.51740 0.51103
vt 0.80000 0.93198
vn -0.5421 0.7814 0.3090
v 0.97015 4.45688 0.51103
vt 0.80000 0.87413
vn -0.5985 0.7391 0.3090
v 1.05822 4.50675 0.52888
vt 0.90000 0.93198
vn -0.3350 0.4830 0.8090
v 1.05083 4.51740 0.51103
vt 0.80000 0.93198
vn -0.5421 0.7814 0.3090
v 0.97015 4.45688 0.51103
vt 0.80000 0.87413
vn -0.5985 0.7391 0.3090
v 0.97832 4.44680 0.52888
vt 0.90000 0.87413
vn -0.3699 0.4568 0.8090
v 1.05822 4.50675 0.52888
vt 0.90000 0.93198
vn -0.3350 0.4830 0.8090
v 0.97832 4.44680 0.52888
vt 0.90000 0.87413
vn -0.3699 0.4568 0.8090
v 1.07018 4.48950 0.53570
vt 1.00000 0.93198
vn -0.0000 0.0000 1.0000
v 1.05822 4.50675 0.52888
vt 0.90000 0.93198
vn -0.3350 0.4830 0.8090
v 0.97832 4.44680 0.52888
vt 0.90000 0.87413
vn -0.3699 0.4568 0.8090
v 0.99152 4.43050 0.53570
vt 1.00000 0.87413
vn -0.0000 0.0000 1.0000
v 1.07018 4.48950 0.53570
vt 1.00000 0.93198
vn -0.0000 0.0000 1.0000
v 1.07018 4.48950 0.53570
vt 0.00000 0.93198
vn 0.0000 0.0000 1.0000
v 1.16365 4.52444 0.52888
vt 0.10000 0.98982
vn 0.2983 -0.5065 0.8090
v 1.15300 4.54252 0.53570
vt 0.00000 0.98982
vn 0.0000 0.0000 1.0000
v 1.07018 4.48950 0.53570
vt 0.00000 0.93198
vn 0.0000 0.0000 1.0000
v 1.08215 4.47226 0.52888
vt 0.10000 0.93198
vn 0.3350 -0.4830 0.8090
v 1.16365 4.52444 0.52888
vt 0.10000 0.98982
vn 0.2983 -0.5065 0.8090
v 1.08215 4.47226 0.52888
vt 0.10000 0.93198
vn 0.3350 -0.4830 0.8090
v 1.17024 4.51327 0.51103
vt 0.20000 0.98982
vn 0.4827 -0.8195 0.3090
v 1.16365 4.52444 0.52888
vt 0.10000 0.98982
vn 0.2983 -0.5065 0.8090
v 1.08215 4.47226 0.52888
vt 0.10000 0.93198
vn 0.3350 -0.4830 0.8090
v 1.08954 4.46161 0.51103
vt 0.20000 0.93198
vn 0.5421 -0.7814 0.3090
v 1.17024 4.51327 0.51103
vt 0.20000 0.98982
vn 0.4827 -0.8195 0.3090
v 1.08954 4.46161 0.51103
vt 0.20000 0.93198
vn 0.5421 -0.7814 0.3090
v 1.17024 4.51327 0.48897
vt 0.30000 0.98982
vn 0.4827 -0.8195 -0.3090
v 1.17024 4.51327 0.51103
vt 0.20000 0.98982
vn 0.4827 -0.8195 0.3090
v 1.08954 4.46161 0.51103
vt 0.20000 0.93198
vn 0.5421 -0.7814 0.3090
v 1.08954 4.46161 0.48897
vt 0.30000 0.93198
vn 0.5421 -0.7814 -0.3090
v 1.17024 4.51327 0.48897
vt 0.30000 0.98982
vn 0.4827 -0.8195 -0.3090
v 1.08954 4.46161 0.48897
vt 0.30000 0.93198
vn 0.5421 -0.7814 -0.3090
v 1.16365 4.52444 0.47112
vt 0.40000 0.98982
vn 0.2983 -0.5065 -0.8090
v 1.17024 4.51327 0.48897
vt 0.30000 0.98982
vn 0.4827 -0.8195 -0.3090
v 1.08954 4.46161 0.48897
vt 0.30000 0.93198
vn 0.5421 -0.7814 -0.3090
v 1.08215 4.47226 0.47112
vt 0.40000 0.93198
vn 0.3350 -0.4830 -0.8090
v 1.16365 4.52444 0.47112
vt 0.40000 0.98982
vn 0.2983 -0.5065 -0.8090
v 1.08215 4.47226 0.47112
vt 0.40000 0.93198
vn 0.3350 -0.4830 -0.8090
v 1.15300 4.54252 0.46430
vt 0.50000 0.98982
vn 0.0000 -0.0000 -1.0000
v 1.16365 4.52444 0.47112
vt 0.40000 0.98982
vn 0.2983 -0.5065 -0.8090
v 1.08215 4.47226 0.47112
vt 0.40000 0.93198
vn 0.3350 -0.4830 -0.8090
v 1.07018 4.48950 0.46430
vt 0.50000 0.93198
vn 0.0000 -0.0000 -1.0000
v 1.15300 4.54252 0.46430
vt 0.50000 0.98982
vn 0.0000 -0.0000 -1.0000
v 1.07018 4.48950 0.46430
vt 0.50000 0.93198
vn 0.0000 -0.0000 -1.0000
v 1.14235 4.56060 0.47112
vt 0.60000 0.98982
vn -0.2983 0.5065 -0.8090
v 1.15300 4.54252 0.46430
vt 0.50000 0.98982
vn 0.0000 -0.0000 -1.0000
v 1.07018 4.48950 0.46430
vt 0.50000 0.93198
vn 0.0000 -0.0000 -1.0000
v 1.05822 4.50675 0.47112
vt 0.60000 0.93198
vn -0.3350 0.4830 -0.8090
v 1.14235 4.56060 0.47112
vt 0.60000 0.98982
vn -0.2983 0.5065 -0.8090
v 1.05822 4.50675 0.47112
vt 0.60000 0.93198
vn -0.3350 0.4830 -0.8090
v 1.13577 4.57177 0.48897
vt 0.70000 0.98982
vn -0.4827 0.8195 -0.3090
v 1.14235 4.56060 0.47112
vt 0.60000 0.98982
vn -0.2983 0.5065 -0.8090
v 1.05822 4.50675 0.47112
vt 0.60000 0.93198
vn -0.3350 0.4830 -0.8090
v 1.05083 4.51740 0.48897
vt 0.70000 0.93198
vn -0.5421 0.7814 -0.3090
v 1.13577 4.57177 0.48897
vt 0.70000 0.98982
vn -0.4827 0.8195 -0.3090
v 1.05083 4.51740 0.48897
vt 0.70000 0.93198
vn -0.5421 0.7814 -0.3090
v 1.13577 4.57177 0.51103
vt 0.80000 0.98982
vn -0.4827 0.8195 0.3090
v 1.13577 4.57177 0.48897
vt 0.70000 0.98982
vn -0.4827 0.8195 -0.3090
v 1.05083 4.51740 0.48897
vt 0.70000 0.93198
vn -0.5421 0.7814 -0.3090
v 1.05083 4.51740 0.51103
vt 0.80000 0.93198
vn -0.5421 0.7814 0.3090
v 1.13577 4.57177 0.51103
vt 0.80000 0.98982
vn -0.4827 0.8195 0.3090
v 1.05083 4.51740 0.51103
vt 0.80000 0.93198
vn -0.5421 0.7814 0.3090
v 1.14235 4.56060 0.52888
vt 0.90000 0.98982
vn -0.2983 0.5065 0.8090
v 1.13577 4.57177 0.51103
vt 0.80000 0.98982
vn -0.4827 0.8195 0.3090
v 1.05083 4.51740 0.51103
vt 0.80000 0.93198
vn -0.5421 0.7814 0.3090
v 1.05822 4.50675 0.52888
vt 0.90000 0.93198
vn -0.3350 0.4830 0.8090
v 1.14235 4.56060 0.52888
vt 0.90000 0.98982
vn -0.2983 0.5065 0.8090
v 1.05822 4.50675 0.52888
vt 0.90000 0.93198
vn -0.3350 0.4830 0.8090
v 1.15300 4.54252 0.53570
vt 1.00000 0.98982
vn -0.0000 0.0000 1.0000
v 1.14235 4.56060 0.52888
vt 0.90000 0.98982
vn -0.2983 0.5065 0.8090
v 1.05822 4.50675 0.52888
vt 0.90000 0.93198
vn -0.3350 0.4830 0.8090
v 1.07018 4.48950 0.53570
vt 1.00000 0.93198
vn -0.0000 0.0000 1.0000
v 1.15300 4.54252 0.53570
vt 1.00000 0.98982
vn -0.0000 0.0000 1.0000
v 1.15300 4.54252 0.53570
vt 0.00000 0.94216
vn 0.0000 0.0000 1.0000
v 1.24881 4.57043 0.52888
vt 0.10000 1.00000
vn 0.2600 -0.5272 0.8090
v 1.23953 4.58925 0.53570
vt 0.00000 1.00000
vn 0.0000 0.0000 1.0000
v 1.15300 4.54252 0.53570
vt 0.00000 0.94216
vn 0.0000 0.0000 1.0000
v 1.16365 4.52444 0.52888
vt 0.10000 0.94216
vn 0.2983 -0.5065 0.8090
v 1.24881 4.57043 0.52888
vt 0.10000 1.00000
vn 0.2600 -0.5272 0.8090
v 1.16365 4.52444 0.52888
vt 0.10000 0.94216
vn 0.2983 -0.5065 0.8090
v 1.25454 4.55880 0.51103
vt 0.20000 1.00000
vn 0.4206 -0.8530 0.3090
v 1.24881 4.57043 0.52888
vt 0.10000 1.00000
vn 0.2600 -0.5272 0.8090
v 1.16365 4.52444 0.52888
vt 0.10000 0.94216
vn 0.2983 -0.5065 0.8090
v 1.17024 4.51327 0.51103
vt 0.20000 0.94216
vn 0.4827 -0.8195 0.3090
v 1.25454 4.55880 0.51103
vt 0.20000 1.00000
vn 0.4206 -0.8530 0.3090
v 1.17024 4.51327 0.51103
vt 0.20000 0.94216
vn 0.4827 -0.8195 0.3090
v 1.25454 4.55880 0.48897
vt 0.30000 1.00000
vn 0.4206 -0.8530 -0.3090
v 1.25454 4.55880 0.51103
vt 0.20000 1.00000
vn 0.4206 -0.8530 0.3090
v 1.17024 4.51327 0.51103
vt 0.20000 0.94216
vn 0.4827 -0.8195 0.3090
v 1.17024 4.51327 0.48897
vt 0.30000 0.94216
vn 0.4827 -0.8195 -0.3090
v 1.25454 4.55880 0.48897
vt 0.30000 1.00000
vn 0.4206 -0.8530 -0.3090
v 1.17024 4.51327 0.48897
vt 0.30000 0.94216
vn 0.4827 -0.8195 -0.3090
v 1.24881 4.57043 0.47112
vt 0.40000 1.00000
vn 0.2600 -0.5272 -0.8090
v 1.25454 4.55880 0.48897
vt 0.30000 1.00000
vn 0.4206 -0.8530 -0.3090
v 1.17024 4.51327 0.48897
vt 0.30000 0.94216
vn 0.4827 -0.8195 -0.3090
v 1.16365 4.52444 0.47112
vt 0.40000 0.94216
vn 0.2983 -0.5065 -0.8090
v 1.24881 4.57043 0.47112
vt 0.40000 1.00000
vn 0.2600 -0.5272 -0.8090
v 1.16365 4.52444 0.47112
vt 0.40000 0.94216
vn 0.2983 -0.5065 -0.8090
v 1.23953 4.58925 0.46430
vt 0.50000 1.00000
vn 0.0000 -0.0000 -1.0000
v 1.24881 4.57043 0.47112
vt 0.40000 1.00000
vn 0.2600 -0.5272 -0.8090
v 1.16365 4.52444 0.47112
vt 0.40000 0.94216
vn 0.2983 -0.5065 -0.8090
v 1.15300 4.54252 0.46430
vt 0.50000 0.94216
vn 0.0000 -0.0000 -1.0000
v 1.23953 4.58925 0.46430
vt 0.50000 1.00000
vn 0.0000 -0.0000 -1.0000
v 1.15300 4.54252 0.46430
vt 0.50000 0.94216
vn 0.0000 -0.0000 -1.0000
v 1.23024 4.60807 0.47112
vt 0.60000 1.00000
vn -0.2600 0.5272 -0.8090
v 1.23953 4.58925 0.46430
vt 0.50000 1.00000
vn 0.0000 -0.0000 -1.0000
v 1.15300 4.54252 0.46430
vt 0.50000 0.94216
vn 0.0000 -0.0000 -1.0000
v 1.14235 4.56060 0.47112
vt 0.60000 0.94216
vn -0.2983 0.5065 -0.8090
v 1.23024 4.60807 0.47112
vt 0.60000 1.00000
vn -0.2600 0.5272 -0.8090
v 1.14235 4.56060 0.47112
vt 0.60000 0.94216
vn -0.2983 0.5065 -0.8090
v 1.22451 4.61970 0.48897
vt 0.70000 1.00000
vn -0.4206 0.8530 -0.3090
v 1.23024 4.60807 0.47112
vt 0.60000 1.00000
vn -0.2600 0.5272 -0.8090
v 1.14235 4.56060 0.47112
vt 0.60000 0.94216
vn -0.2983 0.5065 -0.8090
v 1.13577 4.57177 0.48897
vt 0.70000 0.94216
vn -0.4827 0.8195 -0.3090
v 1.22451 4.61970 0.48897
vt 0.70000 1.00000
vn -0.4206 0.8530 -0.3090
v 1.13577 4.57177 0.48897
vt 0.70000 0.94216
vn -0.4827 0.8195 -0.3090
v 1.22451 4.61970 0.51103
vt 0.80000 1.00000
vn -0.4206 0.8530 0.3090
v 1.22451 4.61970 0.48897
vt 0.70000 1.00000
vn -0.4206 0.8530 -0.3090
v 1.13577 4.57177 0.48897
vt 0.70000 0.94216
vn -0.4827 0.8195 -0.3090
v 1.13577 4.57177 0.51103
vt 0.80000 0.94216
vn -0.4827 0.8195 0.3090
v 1.22451 4.61970 0.51103
vt 0.80000 1.00000
vn -0.4206 0.8530 0.3090
v 1.13577 4.57177 0.51103
vt 0.80000 0.94216
vn -0.4827 0.8195 0.3090
v 1.23024 4.60807 0.52888
vt 0.90000 1.00000
vn -0.2600 0.5272 0.8090
v 1.22451 4.61970 0.51103
vt 0.80000 1.00000
vn -0.4206 0.8530 0.3090
v 1.13577 4.57177 0.51103
vt 0.80000 0.94216
vn -0.4827 0.8195 0.3090
v 1.14235 4.56060 0.52888
vt 0.90000 0.94216
vn -0.2983 0.5065 0.8090
v 1.23024 4.60807 0.52888
vt 0.90000 1.00000
vn -0.2600 0.5272 0.8090
v 1.14235 4.56060 0.52888
vt 0.90000 0.94216
vn -0.2983 0.5065 0.8090
v 1.23953 4.58925 0.53570
vt 1.00000 1.00000
vn -0.0000 0.0000 1.0000
v 1.23024 4.60807 0.52888
vt 0.90000 1.00000
vn -0.2600 0.5272 0.8090
v 1.14235 4.56060 0.52888
vt 0.90000 0.94216
vn -0.2983 0.5065 0.8090
v 1.15300 4.54252 0.53570
vt 1.00000 0.94216
vn -0.0000 0.0000 1.0000
v 1.23953 4.58925 0.53570
vt 1.00000 1.00000
vn -0.0000 0.0000 1.0000
v 1.23953 4.58925 0.53570
vt 0.00000 0.04767
vn 0.0000 0.0000 1.0000
v 1.33785 4.61029 0.52888
vt 0.10000 0.10551
vn 0.2402 -0.5364 0.8090
v 1.32927 4.62945 0.53570
vt 0.00000 0.10551
vn 0.0000 0.0000 1.0000
v 1.23953 4.58925 0.53570
vt 0.00000 0.04767
vn 0.0000 0.0000 1.0000
v 1.24881 4.57043 0.52888
vt 0.10000 0.04767
vn 0.2600 -0.5272 0.8090
v 1.33785 4.61029 0.52888
vt 0.10000 0.10551
vn 0.2402 -0.5364 0.8090
v 1.24881 4.57043 0.52888
vt 0.10000 0.04767
vn 0.2600 -0.5272 0.8090
v 1.34315 4.59846 0.51103
vt 0.20000 0.10551
vn 0.3887 -0.8680 0.3090
v 1.33785 4.61029 0.52888
vt 0.10000 0.10551
vn 0.2402 -0.5364 0.8090
v 1.24881 4.57043 0.52888
vt 0.10000 0.04767
vn 0.2600 -0.5272 0.8090
v 1.25454 4.55880 0.51103
vt 0.20000 0.04767
vn 0.4206 -0.8530 0.3090
v 1.34315 4.59846 0.51103
vt 0.20000 0.10551
vn 0.3887 -0.8680 0.3090
v 1.25454 4.55880 0.51103
vt 0.20000 0.04767
vn 0.4206 -0.8530 0.3090
v 1.34315 4.59846 0.48897
vt 0.30000 0.10551
vn 0.3887 -0.8680 -0.3090
v 1.34315 4.59846 0.51103
vt 0.20000 0.10551
vn 0.3887 -0.8680 0.3090
v 1.25454 4.55880 0.51103
vt 0.20000 0.04767
vn 0.4206 -0.8530 0.3090
v 1.25454 4.55880 0.48897
vt 0.30000 0.04767
vn 0.4206 -0.8530 -0.3090
v 1.34315 4.59846 0.48897
vt 0.30000 0.10551
vn 0.3887 -0.8680 -0.3090
v 1.25454 4.55880 0.48897
vt 0.30000 0.04767
vn 0.4206 -0.8530 -0.3090
v 1.33785 4.61029 0.47112
vt 0.40000 0.10551
vn 0.2402 -0.5364 -0.8090
v 1.34315 4.59846 0.48897
vt 0.30000 0.10551
vn 0.3887 -0.8680 -0.3090
v 1.25454 4.55880 0.48897
vt 0.30000 0.04767
vn 0.4206 -0.8530 -0.3090
v 1.24881 4.57043 0.47112
vt 0.40000 0.04767
vn 0.2600 -0.5272 -0.8090
v 1.33785 4.61029 0.47112
vt 0.40000 0.10551
vn 0.2402 -0.5364 -0.8090
v 1.24881 4.57043 0.47112
vt 0.40000 0.04767
vn 0.2600 -0.5272 -0.8090
v 1.32927 4.62945 0.46430
vt 0.50000 0.10551
vn 0.0000 -0.0000 -1.0000
v 1.33785 4.61029 0.47112
vt 0.40000 0.10551
vn 0.2402 -0.5364 -0.8090
v 1.24881 4.57043 0.47112
vt 0.40000 0.04767
vn 0.2600 -0.5272 -0.8090
v 1.23953 4.58925 0.46430
vt 0.50000 0.04767
vn 0.0000 -0.0000 -1.0000
v 1.32927 4.62945 0.46430
vt 0.50000 0.10551
vn 0.0000 -0.0000 -1.0000
v 1.23953 4.58925 0.46430
vt 0.50000 0.04767
vn 0.0000 -0.0000 -1.0000
v 1.32069 4.64860 0.47112
vt 0.60000 0.10551
vn -0.2402 0.5364 -0.8090
v 1.32927 4.62945 0.46430
vt 0.50000 0.10551
vn 0.0000 -0.0000 -1.0000
v 1.23953 4.58925 0.46430
vt 0.50000 0.04767
vn 0.0000 -0.0000 -1.0000
v 1.23024 4.60807 0.47112
vt 0.60000 0.04767
vn -0.2600 0.5272 -0.8090
v 1.32069 4.64860 0.47112
vt 0.60000 0.10551
vn -0.2402 0.5364 -0.8090
v 1.23024 4.60807 0.47112
vt 0.60000 0.04767
vn -0.2600 0.5272 -0.8090
v 1.31539 4.66043 0.48897
vt 0.70000 0.10551
vn -0.3887 0.8680 -0.3090
v 1.32069 4.64860 0.47112
vt 0.60000 0.10551
vn -0.2402 0.5364 -0.8090
v 1.23024 4.60807 0.47112
vt 0.60000 0.04767
vn -0.2600 0.5272 -0.8090
v 1.22451 4.61970 0.48897
vt 0.70000 0.04767
vn -0.4206 0.8530 -0.3090
v 1.31539 4.66043 0.48897
vt 0.70000 0.10551
vn -0.3887 0.8680 -0.3090
v 1.22451 4.61970 0.48897
vt 0.70000 0.04767
vn -0.4206 0.8530 -0.3090
v 1.31539 4.66043 0.51103
vt 0.80000 0.10551
vn -0.3887 0.8680 0.3090
v 1.31539 4.66043 0.48897
vt 0.70000 0.10551
vn -0.3887 0.8680 -0.3090
v 1.22451 4.61970 0.48897
vt 0.70000 0.04767
vn -0.4206 0.8530 -0.3090
v 1.22451 4.61970 0.51103
vt 0.80000 0.04767
vn -0.4206 0.8530 0.3090
v 1.31539 4.66043 0.51103
vt 0.80000 0.10551
vn -0.3887 0.8680 0.3090
v 1.22451 4.61970 0.51103
vt 0.80000 0.04767
vn -0.4206 0.8530 0.3090
v 1.32069 4.64860 0.52888
vt 0.90000 0.10551
vn -0.2402 0.5364 0.8090
v 1.31539 4.66043 0.51103
vt 0.80000 0.10551
vn -0.3887 0.8680 0.3090
v 1.22451 4.61970 0.51103
vt 0.80000 0.04767
vn -0.4206 0.8530 0.3090
v 1.23024 4.60807 0.52888
vt 0.90000 0.04767
vn -0.2600 0.5272 0.8090
v 1.32069 4.64860 0.52888
vt 0.90000 0.10551
vn -0.2402 0.5364 0.8090
v 1.23024 4.60807 0.52888
vt 0.90000 0.04767
vn -0.2600 0.5272 0.8090
v 1.32927 4.62945 0.53570
vt 1.00000 0.10551
vn -0.0000 0.0000 1.0000
v 1.32069 4.64860 0.52888
vt 0.90000 0.10551
vn -0.2402 0.5364 0.8090
v 1.23024 4.60807 0.52888
vt 0.90000 0.04767
vn -0.2600 0.5272 0.8090
v 1.23953 4.58925 0.53570
vt 1.00000 0.04767
vn -0.0000 0.0000 1.0000
v 1.32927 4.62945 0.53570
vt 1.00000 0.10551
vn -0.0000 0.0000 1.0000
v 0.50000 1.39400 0.50000
vt 0.00000 0.00000
vn 0.0000 -1.0000 0.0000
v 0.47902 1.39400 0.47112
vt 1.00000 0.00000
vn 0.0000 -1.0000 0.0000
v 0.50000 1.39400 0.46430
vt 1.00000 1.00000
vn 0.0000 -1.0000 0.0000
v 0.50000 1.39400 0.50000
vt 0.00000 0.00000
vn 0.0000 -1.0000 0.0000
v 0.46605 1.39400 0.48897
vt 1.00000 0.00000
vn 0.0000 -1.0000 0.0000
v 0.47902 1.39400 0.47112
vt 1.00000 1.00000
vn 0.0000 -1.0000 0.0000
v 0.50000 1.39400 0.50000
vt 0.00000 0.00000
vn 0.0000 -1.0000 0.0000
v 0.46605 1.39400 0.51103
vt 1.00000 0.00000
vn 0.0000 -1.0000 0.0000
v 0.46605 1.39400 0.48897
vt 1.00000 1.00000
vn 0.0000 -1.0000 0.0000
v 0.50000 1.39400 0.50000
vt 0.00000 0.00000
vn 0.0000 -1.0000 0.0000
v 0.47902 1.39400 0.52888
vt 1.00000 0.00000
vn 0.0000 -1.0000 0.0000
v 0.46605 1.39400 0.51103
vt 1.00000 1.00000
vn 0.0000 -1.0000 0.0000
v 0.50000 1.39400 0.50000
vt 0.00000 0.00000
vn 0.0000 -1.0000 0.0000
v 0.50000 1.39400 0.53570
vt 1.00000 0.00000
vn 0.0000 -1.0000 0.0000
v 0.47902 1.39400 0.52888
vt 1.00000 1.00000
vn 0.0000 -1.0000 0.0000
v 0.50000 1.39400 0.50000
vt 0.00000 0.00000
vn 0.0000 -1.0000 0.0000
v 0.52098 1.39400 0.52888
vt 1.00000 0.00000
vn 0.0000 -1.0000 0.0000
v 0.50000 1.39400 0.53570
vt 1.00000 1.00000
vn 0.0000 -1.0000 0.0000
v 0.50000 1.39400 0.50000
vt 0.00000 0.00000
vn 0.0000 -1.0000 0.0000
v 0.53395 1.39400 0.51103
vt 1.00000 0.00000
vn 0.0000 -1.0000 0.0000
v 0.52098 1.39400 0.52888
vt 1.00000 1.00000
vn 0.0000 -1.0000 0.0000
v 0.50000 1.39400 0.50000
vt 0.00000 0.00000
vn 0.0000 -1.0000 0.0000
v 0.53395 1.39400 0.48897
vt 1.00000 0.00000
vn 0.0000 -1.0000 0.0000
v 0.53395 1.39400 0.51103
vt 1.00000 1.00000
vn 0.0000 -1.0000 0.0000
v 0.50000 1.39400 0.50000
vt 0.00000 0.00000
vn 0.0000 -1.0000 0.0000
v 0.52098 1.39400 0.47112
vt 1.00000 0.00000
vn 0.0000 -1.0000 0.0000
v 0.53395 1.39400 0.48897
vt 1.00000 1.00000
vn 0.0000 -1.0000 0.0000
v 0.50000 1.39400 0.50000
vt 0.00000 0.00000
vn 0.0000 -1.0000 0.0000
v 0.50000 1.39400 0.46430
vt 1.00000 0.00000
vn 0.0000 -1.0000 0.0000
v 0.52098 1.39400 0.47112
vt 1.00000 1.00000
vn 0.0000 -1.0000 0.0000
v 1.32927 4.62945 0.50000
vt 0.00000 0.00000
vn 0.9127 0.4087 0.0000
v 1.32927 4.62945 0.53570
vt 1.00000 0.00000
vn 0.9127 0.4087 0.0000
v 1.33785 4.61029 0.52888
vt 1.00000 1.00000
vn 0.9127 0.4087 0.0000
v 1.32927 4.62945 0.50000
vt 0.00000 0.00000
vn 0.9127 0.4087 0.0000
v 1.33785 4.61029 0.52888
vt 1.00000 0.00000
vn 0.9127 0.4087 0.0000
v 1.34315 4.59846 0.51103
vt 1.00000 1.00000
vn 0.9127 0.4087 0.0000
v 1.32927 4.62945 0.50000
vt 0.00000 0.00000
vn 0.9127 0.4087 0.0000
v 1.34315 4.59846 0.51103
vt 1.00000 0.00000
vn 0.9127 0.4087 0.0000
v 1.34315 4.59846 0.48897
vt 1.00000 1.00000
vn 0.9127 0.4087 0.0000
v 1.32927 4.62945 0.50000
vt 0.00000 0.00000
vn 0.9127 0.4087 0.0000
v 1.34315 4.59846 0.48897
vt 1.00000 0.00000
vn 0.9127 0.4087 0.0000
v 1.33785 4.61029 0.47112
vt 1.00000 1.00000
vn 0.9127 0.4087 0.0000
v 1.32927 4.62945 0.50000
vt 0.00000 0.00000
vn 0.9127 0.4087 0.0000
v 1.33785 4.61029 0.47112
vt 1.00000 0.00000
vn 0.9127 0.4087 0.0000
v 1.32927 4.62945 0.46430
vt 1.00000 1.00000
vn 0.9127 0.4087 0.0000
v 1.32927 4.62945 0.50000
vt 0.00000 0.00000
vn 0.9127 0.4087 0.0000
v 1.32927 4.62945 0.46430
vt 1.00000 0.00000
vn 0.9127 0.4087 0.0000
v 1.32069 4.64860 0.47112
vt 1.00000 1.00000
vn 0.9127 0.4087 0.0000
v 1.32927 4.62945 0.50000
vt 0.00000 0.00000
vn 0.9127 0.4087 0.0000
v 1.32069 4.64860 0.47112
vt 1.00000 0.00000
vn 0.9127 0.4087 0.0000
v 1.31539 4.66043 0.48897
vt 1.00000 1.00000
vn 0.9127 0.4087 0.0000
v 1.32927 4.62945 0.50000
vt 0.00000 0.00000
vn 0.9127 0.4087 0.0000
v 1.31539 4.66043 0.48897
vt 1.00000 0.00000
vn 0.9127 0.4087 0.0000
v 1.31539 4.66043 0.51103
vt 1.00000 1.00000
vn 0.9127 0.4087 0.0000
v 1.32927 4.62945 0.50000
vt 0.00000 0.00000
vn 0.9127 0.4087 0.0000
v 1.31539 4.66043 0.51103
vt 1.00000 0.00000
vn 0.9127 0.4087 0.0000
v 1.32069 4.64860 0.52888
vt 1.00000 1.00000
vn 0.9127 0.4087 0.0000
v 1.32927 4.62945 0.50000
vt 0.00000 0.00000
vn 0.9127 0.4087 0.0000
v 1.32069 4.64860 0.52888
vt 1.00000 0.00000
vn 0.9127 0.4087 0.0000
v 1.32927 4.62945 0.53570
vt 1.00000 1.00000
vn 0.9127 0.4087 0.0000
v 1.38400 1.56361 0.51543
vt 0.00000 0.00000
vn 0.0000 -0.0384 -0.9993
v 1.40279 1.82036 0.51263
vt 0.20000 0.15131
vn -0.9457 0.0889 -0.3127
v 1.41244 1.81906 0.50562
vt 0.00000 0.15131
vn 0.0000 -0.0389 -0.9992
v 1.38400 1.56361 0.51543
vt 0.00000 0.00000
vn 0.0000 -0.0384 -0.9993
v 1.37436 1.56495 0.52244
vt 0.20000 0.00000
vn -0.9452 0.0932 -0.3128
v 1.40279 1.82036 0.51263
vt 0.20000 0.15131
vn -0.9457 0.0889 -0.3127
v 1.37436 1.56495 0.52244
vt 0.20000 0.00000
vn -0.9452 0.0932 -0.3128
v 1.40648 1.82041 0.52404
vt 0.40000 0.15131
vn -0.5845 0.0939 0.8060
v 1.40279 1.82036 0.51263
vt 0.20000 0.15131
vn -0.9457 0.0889 -0.3127
v 1.37436 1.56495 0.52244
vt 0.20000 0.00000
vn -0.9452 0.0932 -0.3128
v 1.37804 1.56498 0.53385
vt 0.40000 0.00000
vn -0.5842 0.0960 0.8059
v 1.40648 1.82041 0.52404
vt 0.40000 0.15131
vn -0.5845 0.0939 0.8060
v 1.37804 1.56498 0.53385
vt 0.40000 0.00000
vn -0.5842 0.0960 0.8059
v 1.41840 1.81914 0.52409
vt 0.60000 0.15131
vn 0.5845 -0.0309 0.8108
v 1.40648 1.82041 0.52404
vt 0.40000 0.15131
vn -0.5845 0.0939 0.8060
v 1.37804 1.56498 0.53385
vt 0.40000 0.00000
vn -0.5842 0.0960 0.8059
v 1.38996 1.56365 0.53390
vt 0.60000 0.00000
vn 0.5842 -0.0339 0.8109
v 1.41840 1.81914 0.52409
vt 0.60000 0.15131
vn 0.5845 -0.0309 0.8108
v 1.38996 1.56365 0.53390
vt 0.60000 0.00000
vn 0.5842 -0.0339 0.8109
v 1.42208 1.81830 0.51271
vt 0.80000 0.15131
vn 0.9457 -0.1130 -0.3049
v 1.41840 1.81914 0.52409
vt 0.60000 0.15131
vn 0.5845 -0.0309 0.8108
v 1.38996 1.56365 0.53390
vt 0.60000 0.00000
vn 0.5842 -0.0339 0.8109
v 1.39364 1.56281 0.52252
vt 0.80000 0.00000
vn 0.9452 -0.1169 -0.3048
v 1.42208 1.81830 0.51271
vt 0.80000 0.15131
vn 0.9457 -0.1130 -0.3049
v 1.39364 1.56281 0.52252
vt 0.80000 0.00000
vn 0.9452 -0.1169 -0.3048
v 1.41244 1.81906 0.50562
vt 1.00000 0.15131
vn 0.0000 -0.0389 -0.9992
v 1.42208 1.81830 0.51271
vt 0.80000 0.15131
vn 0.9457 -0.1130 -0.3049
v 1.39364 1.56281 0.52252
vt 0.80000 0.00000
vn 0.9452 -0.1169 -0.3048
v 1.38400 1.56361 0.51543
vt 1.00000 0.00000
vn 0.0000 -0.0384 -0.9993
v 1.41244 1.81906 0.50562
vt 1.00000 0.15131
vn 0.0000 -0.0389 -0.9992
v 1.41244 1.81906 0.50562
vt 0.00000 0.15131
vn 0.0000 -0.0389 -0.9992
v 1.42897 2.07569 0.50254
vt 0.20000 0.30248
vn -0.9469 0.0766 -0.3123
v 1.43863 2.07450 0.49553
vt 0.00000 0.30248
vn 0.0000 -0.0397 -0.9992
v 1.41244 1.81906 0.50562
vt 0.00000 0.15131
vn 0.0000 -0.0389 -0.9992
v 1.40279 1.82036 0.51263
vt 0.20000 0.15131
vn -0.9457 0.0889 -0.3127
v 1.42897 2.07569 0.50254
vt 0.20000 0.30248
vn -0.9469 0.0766 -0.3123
v 1.40279 1.82036 0.51263
vt 0.20000 0.15131
vn -0.9457 0.0889 -0.3127
v 1.43266 2.07580 0.51395
vt 0.40000 0.30248
vn -0.5852 0.0870 0.8062
v 1.42897 2.07569 0.50254
vt 0.20000 0.30248
vn -0.9469 0.0766 -0.3123
v 1.40279 1.82036 0.51263
vt 0.20000 0.15131
vn -0.9457 0.0889 -0.3127
v 1.40648 1.82041 0.52404
vt 0.40000 0.15131
vn -0.5845 0.0939 0.8060
v 1.43266 2.07580 0.51395
vt 0.40000 0.30248
vn -0.5852 0.0870 0.8062
v 1.40648 1.82041 0.52404
vt 0.40000 0.15131
vn -0.5845 0.0939 0.8060
v 1.44460 2.07467 0.51399
vt 0.60000 0.30248
vn 0.5852 -0.0228 0.8106
v 1.43266 2.07580 0.51395
vt 0.40000 0.30248
vn -0.5852 0.0870 0.8062
v 1.40648 1.82041 0.52404
vt 0.40000 0.15131
vn -0.5845 0.0939 0.8060
v 1.41840 1.81914 0.52409
vt 0.60000 0.15131
vn 0.5845 -0.0309 0.8108
v 1.44460 2.07467 0.51399
vt 0.60000 0.30248
vn 0.5852 -0.0228 0.8106
v 1.41840 1.81914 0.52409
vt 0.60000 0.15131
vn 0.5845 -0.0309 0.8108
v 1.44829 2.07388 0.50261
vt 0.80000 0.30248
vn 0.9469 -0.1011 -0.3052
v 1.44460 2.07467 0.51399
vt 0.60000 0.30248
vn 0.5852 -0.0228 0.8106
v 1.41840 1.81914 0.52409
vt 0.60000 0.15131
vn 0.5845 -0.0309 0.8108
v 1.42208 1.81830 0.51271
vt 0.80000 0.15131
vn 0.9457 -0.1130 -0.3049
v 1.44829 2.07388 0.50261
vt 0.80000 0.30248
vn 0.9469 -0.1011 -0.3052
v 1.42208 1.81830 0.51271
vt 0.80000 0.15131
vn 0.9457 -0.1130 -0.3049
v 1.43863 2.07450 0.49553
vt 1.00000 0.30248
vn 0.0000 -0.0397 -0.9992
v 1.44829 2.07388 0.50261
vt 0.80000 0.30248
vn 0.9469 -0.1011 -0.3052
v 1.42208 1.81830 0.51271
vt 0.80000 0.15131
vn 0.9457 -0.1130 -0.3049
v 1.41244 1.81906 0.50562
vt 1.00000 0.15131
vn 0.0000 -0.0389 -0.9992
v 1.43863 2.07450 0.49553
vt 1.00000 0.30248
vn 0.0000 -0.0397 -0.9992
v 1.43863 2.07450 0.49553
vt 0.00000 0.30248
vn 0.0000 -0.0397 -0.9992
v 1.45080 2.33095 0.49236
vt 0.20000 0.45341
vn -0.9485 0.0573 -0.3115
v 1.46047 2.32996 0.48534
vt 0.00000 0.45341
vn 0.0000 -0.0397 -0.9992
v 1.43863 2.07450 0.49553
vt 0.00000 0.30248
vn 0.0000 -0.0397 -0.9992
v 1.42897 2.07569 0.50254
vt 0.20000 0.30248
vn -0.9469 0.0766 -0.3123
v 1.45080 2.33095 0.49236
vt 0.20000 0.45341
vn -0.9485 0.0573 -0.3115
v 1.42897 2.07569 0.50254
vt 0.20000 0.30248
vn -0.9469 0.0766 -0.3123
v 1.45449 2.33113 0.50376
vt 0.40000 0.45341
vn -0.5862 0.0751 0.8067
v 1.45080 2.33095 0.49236
vt 0.20000 0.45341
vn -0.9485 0.0573 -0.3115
v 1.42897 2.07569 0.50254
vt 0.20000 0.30248
vn -0.9469 0.0766 -0.3123
v 1.43266 2.07580 0.51395
vt 0.40000 0.30248
vn -0.5852 0.0870 0.8062
v 1.45449 2.33113 0.50376
vt 0.40000 0.45341
vn -0.5862 0.0751 0.8067
v 1.43266 2.07580 0.51395
vt 0.40000 0.30248
vn -0.5852 0.0870 0.8062
v 1.46645 2.33025 0.50380
vt 0.60000 0.45341
vn 0.5862 -0.0109 0.8101
v 1.45449 2.33113 0.50376
vt 0.40000 0.45341
vn -0.5862 0.0751 0.8067
v 1.43266 2.07580 0.51395
vt 0.40000 0.30248
vn -0.5852 0.0870 0.8062
v 1.44460 2.07467 0.51399
vt 0.60000 0.30248
vn 0.5852 -0.0228 0.8106
v 1.46645 2.33025 0.50380
vt 0.60000 0.45341
vn 0.5862 -0.0109 0.8101
v 1.44460 2.07467 0.51399
vt 0.60000 0.30248
vn 0.5852 -0.0228 0.8106
v 1.47015 2.32953 0.49241
vt 0.80000 0.45341
vn 0.9485 -0.0819 -0.3060
v 1.46645 2.33025 0.50380
vt 0.60000 0.45341
vn 0.5862 -0.0109 0.8101
v 1.44460 2.07467 0.51399
vt 0.60000 0.30248
vn 0.5852 -0.0228 0.8106
v 1.44829 2.07388 0.50261
vt 0.80000 0.30248
vn 0.9469 -0.1011 -0.3052
v 1.47015 2.32953 0.49241
vt 0.80000 0.45341
vn 0.9485 -0.0819 -0.3060
v 1.44829 2.07388 0.50261
vt 0.80000 0.30248
vn 0.9469 -0.1011 -0.3052
v 1.46047 2.32996 0.48534
vt 1.00000 0.45341
vn 0.0000 -0.0397 -0.9992
v 1.47015 2.32953 0.49241
vt 0.80000 0.45341
vn 0.9485 -0.0819 -0.3060
v 1.44829 2.07388 0.50261
vt 0.80000 0.30248
vn 0.9469 -0.1011 -0.3052
v 1.43863 2.07450 0.49553
vt 1.00000 0.30248
vn 0.0000 -0.0397 -0.9992
v 1.46047 2.32996 0.48534
vt 1.00000 0.45341
vn 0.0000 -0.0397 -0.9992
v 1.46047 2.32996 0.48534
vt 0.00000 0.45341
vn 0.0000 -0.0397 -0.9992
v 1.46649 2.58614 0.48225
vt 0.20000 0.60408
vn -0.9500 0.0323 -0.3105
v 1.47618 2.58542 0.47523
vt 0.00000 0.60408
vn 0.0000 -0.0391 -0.9992
v 1.46047 2.32996 0.48534
vt 0.00000 0.45341
vn 0.0000 -0.0397 -0.9992
v 1.45080 2.33095 0.49236
vt 0.20000 0.45341
vn -0.9485 0.0573 -0.3115
v 1.46649 2.58614 0.48225
vt 0.20000 0.60408
vn -0.9500 0.0323 -0.3105
v 1.45080 2.33095 0.49236
vt 0.20000 0.45341
vn -0.9485 0.0573 -0.3115
v 1.47019 2.58642 0.49366
vt 0.40000 0.60408
vn -0.5871 0.0590 0.8073
v 1.46649 2.58614 0.48225
vt 0.20000 0.60408
vn -0.9500 0.0323 -0.3105
v 1.45080 2.33095 0.49236
vt 0.20000 0.45341
vn -0.9485 0.0573 -0.3115
v 1.45449 2.33113 0.50376
vt 0.40000 0.45341
vn -0.5862 0.0751 0.8067
v 1.47019 2.58642 0.49366
vt 0.40000 0.60408
vn -0.5871 0.0590 0.8073
v 1.45449 2.33113 0.50376
vt 0.40000 0.45341
vn -0.5862 0.0751 0.8067
v 1.48216 2.58586 0.49368
vt 0.60000 0.60408
vn 0.5871 0.0042 0.8095
v 1.47019 2.58642 0.49366
vt 0.40000 0.60408
vn -0.5871 0.0590 0.8073
v 1.45449 2.33113 0.50376
vt 0.40000 0.45341
vn -0.5862 0.0751 0.8067
v 1.46645 2.33025 0.50380
vt 0.60000 0.45341
vn 0.5862 -0.0109 0.8101
v 1.48216 2.58586 0.49368
vt 0.60000 0.60408
vn 0.5871 0.0042 0.8095
v 1.46645 2.33025 0.50380
vt 0.60000 0.45341
vn 0.5862 -0.0109 0.8101
v 1.48587 2.58524 0.48229
vt 0.80000 0.60408
vn 0.9500 -0.0564 -0.3070
v 1.48216 2.58586 0.49368
vt 0.60000 0.60408
vn 0.5871 0.0042 0.8095
v 1.46645 2.33025 0.50380
vt 0.60000 0.45341
vn 0.5862 -0.0109 0.8101
v 1.47015 2.32953 0.49241
vt 0.80000 0.45341
vn 0.9485 -0.0819 -0.3060
v 1.48587 2.58524 0.48229
vt 0.80000 0.60408
vn 0.9500 -0.0564 -0.3070
v 1.47015 2.32953 0.49241
vt 0.80000 0.45341
vn 0.9485 -0.0819 -0.3060
v 1.47618 2.58542 0.47523
vt 1.00000 0.60408
vn 0.0000 -0.0391 -0.9992
v 1.48587 2.58524 0.48229
vt 0.80000 0.60408
vn 0.9500 -0.0564 -0.3070
v 1.47015 2.32953 0.49241
vt 0.80000 0.45341
vn 0.9485 -0.0819 -0.3060
v 1.46047 2.32996 0.48534
vt 1.00000 0.45341
vn 0.0000 -0.0397 -0.9992
v 1.47618 2.58542 0.47523
vt 1.00000 0.60408
vn 0.0000 -0.0391 -0.9992
v 1.47618 2.58542 0.47523
vt 0.00000 0.60408
vn 0.0000 -0.0391 -0.9992
v 1.47465 2.84130 0.47241
vt 0.20000 0.75453
vn -0.9509 0.0031 -0.3094
v 1.48435 2.84088 0.46537
vt 0.00000 0.75453
vn 0.0000 -0.0377 -0.9993
v 1.47618 2.58542 0.47523
vt 0.00000 0.60408
vn 0.0000 -0.0391 -0.9992
v 1.46649 2.58614 0.48225
vt 0.20000 0.60408
vn -0.9500 0.0323 -0.3105
v 1.47465 2.84130 0.47241
vt 0.20000 0.75453
vn -0.9509 0.0031 -0.3094
v 1.46649 2.58614 0.48225
vt 0.20000 0.60408
vn -0.9500 0.0323 -0.3105
v 1.47836 2.84167 0.48381
vt 0.40000 0.75453
vn -0.5877 0.0396 0.8081
v 1.47465 2.84130 0.47241
vt 0.20000 0.75453
vn -0.9509 0.0031 -0.3094
v 1.46649 2.58614 0.48225
vt 0.20000 0.60408
vn -0.9500 0.0323 -0.3105
v 1.47019 2.58642 0.49366
vt 0.40000 0.60408
vn -0.5871 0.0590 0.8073
v 1.47836 2.84167 0.48381
vt 0.40000 0.75453
vn -0.5877 0.0396 0.8081
v 1.47019 2.58642 0.49366
vt 0.40000 0.60408
vn -0.5871 0.0590 0.8073
v 1.49035 2.84149 0.48382
vt 0.60000 0.75453
vn 0.5877 0.0214 0.8088
v 1.47836 2.84167 0.48381
vt 0.40000 0.75453
vn -0.5877 0.0396 0.8081
v 1.47019 2.58642 0.49366
vt 0.40000 0.60408
vn -0.5871 0.0590 0.8073
v 1.48216 2.58586 0.49368
vt 0.60000 0.60408
vn 0.5871 0.0042 0.8095
v 1.49035 2.84149 0.48382
vt 0.60000 0.75453
vn 0.5877 0.0214 0.8088
v 1.48216 2.58586 0.49368
vt 0.60000 0.60408
vn 0.5871 0.0042 0.8095
v 1.49405 2.84100 0.47242
vt 0.80000 0.75453
vn 0.9509 -0.0264 -0.3082
v 1.49035 2.84149 0.48382
vt 0.60000 0.75453
vn 0.5877 0.0214 0.8088
v 1.48216 2.58586 0.49368
vt 0.60000 0.60408
vn 0.5871 0.0042 0.8095
v 1.48587 2.58524 0.48229
vt 0.80000 0.60408
vn 0.9500 -0.0564 -0.3070
v 1.49405 2.84100 0.47242
vt 0.80000 0.75453
vn 0.9509 -0.0264 -0.3082
v 1.48587 2.58524 0.48229
vt 0.80000 0.60408
vn 0.9500 -0.0564 -0.3070
v 1.48435 2.84088 0.46537
vt 1.00000 0.75453
vn 0.0000 -0.0377 -0.9993
v 1.49405 2.84100 0.47242
vt 0.80000 0.75453
vn 0.9509 -0.0264 -0.3082
v 1.48587 2.58524 0.48229
vt 0.80000 0.60408
vn 0.9500 -0.0564 -0.3070
v 1.47618 2.58542 0.47523
vt 1.00000 0.60408
vn 0.0000 -0.0391 -0.9992
v 1.48435 2.84088 0.46537
vt 1.00000 0.75453
vn 0.0000 -0.0377 -0.9993
v 1.48435 2.84088 0.46537
vt 0.00000 0.75453
vn 0.0000 -0.0377 -0.9993
v 1.47444 3.09644 0.46300
vt 0.20000 0.90490
vn -0.9509 -0.0280 -0.3082
v 1.48414 3.09636 0.45595
vt 0.00000 0.90490
vn 0.0000 -0.0357 -0.9994
v 1.48435 2.84088 0.46537
vt 0.00000 0.75453
vn 0.0000 -0.0377 -0.9993
v 1.47465 2.84130 0.47241
vt 0.20000 0.75453
vn -0.9509 0.0031 -0.3094
v 1.47444 3.09644 0.46300
vt 0.20000 0.90490
vn -0.9509 -0.0280 -0.3082
v 1.47465 2.84130 0.47241
vt 0.20000 0.75453
vn -0.9509 0.0031 -0.3094
v 1.47814 3.09691 0.47440
vt 0.40000 0.90490
vn -0.5877 0.0184 0.8089
v 1.47444 3.09644 0.46300
vt 0.20000 0.90490
vn -0.9509 -0.0280 -0.3082
v 1.47465 2.84130 0.47241
vt 0.20000 0.75453
vn -0.9509 0.0031 -0.3094
v 1.47836 2.84167 0.48381
vt 0.40000 0.75453
vn -0.5877 0.0396 0.8081
v 1.47814 3.09691 0.47440
vt 0.40000 0.90490
vn -0.5877 0.0184 0.8089
v 1.47836 2.84167 0.48381
vt 0.40000 0.75453
vn -0.5877 0.0396 0.8081
v 1.49013 3.09712 0.47439
vt 0.60000 0.90490
vn 0.5877 0.0393 0.8081
v 1.47814 3.09691 0.47440
vt 0.40000 0.90490
vn -0.5877 0.0184 0.8089
v 1.47836 2.84167 0.48381
vt 0.40000 0.75453
vn -0.5877 0.0396 0.8081
v 1.49035 2.84149 0.48382
vt 0.60000 0.75453
vn 0.5877 0.0214 0.8088
v 1.49013 3.09712 0.47439
vt 0.60000 0.90490
vn 0.5877 0.0393 0.8081
v 1.49035 2.84149 0.48382
vt 0.60000 0.75453
vn 0.5877 0.0214 0.8088
v 1.49384 3.09678 0.46299
vt 0.80000 0.90490
vn 0.9509 0.0059 -0.3094
v 1.49013 3.09712 0.47439
vt 0.60000 0.90490
vn 0.5877 0.0393 0.8081
v 1.49035 2.84149 0.48382
vt 0.60000 0.75453
vn 0.5877 0.0214 0.8088
v 1.49405 2.84100 0.47242
vt 0.80000 0.75453
vn 0.9509 -0.0264 -0.3082
v 1.49384 3.09678 0.46299
vt 0.80000 0.90490
vn 0.9509 0.0059 -0.3094
v 1.49405 2.84100 0.47242
vt 0.80000 0.75453
vn 0.9509 -0.0264 -0.3082
v 1.48414 3.09636 0.45595
vt 1.00000 0.90490
vn 0.0000 -0.0357 -0.9994
v 1.49384 3.09678 0.46299
vt 0.80000 0.90490
vn 0.9509 0.0059 -0.3094
v 1.49405 2.84100 0.47242
vt 0.80000 0.75453
vn 0.9509 -0.0264 -0.3082
v 1.48435 2.84088 0.46537
vt 1.00000 0.75453
vn 0.0000 -0.0377 -0.9993
v 1.48414 3.09636 0.45595
vt 1.00000 0.90490
vn 0.0000 -0.0357 -0.9994
v 1.48414 3.09636 0.45595
vt 0.00000 0.84955
vn 0.0000 -0.0357 -0.9994
v 1.46554 3.35158 0.45419
vt 0.20000 1.00000
vn -0.9498 -0.0589 -0.3072
v 1.47523 3.35184 0.44713
vt 0.00000 1.00000
vn 0.0000 -0.0330 -0.9995
v 1.48414 3.09636 0.45595
vt 0.00000 0.84955
vn 0.0000 -0.0357 -0.9994
v 1.47444 3.09644 0.46300
vt 0.20000 0.84955
vn -0.9509 -0.0280 -0.3082
v 1.46554 3.35158 0.45419
vt 0.20000 1.00000
vn -0.9498 -0.0589 -0.3072
v 1.47444 3.09644 0.46300
vt 0.20000 0.84955
vn -0.9509 -0.0280 -0.3082
v 1.46924 3.35214 0.46559
vt 0.40000 1.00000
vn -0.5870 -0.0034 0.8096
v 1.46554 3.35158 0.45419
vt 0.20000 1.00000
vn -0.9498 -0.0589 -0.3072
v 1.47444 3.09644 0.46300
vt 0.20000 0.84955
vn -0.9509 -0.0280 -0.3082
v 1.47814 3.09691 0.47440
vt 0.40000 0.84955
vn -0.5877 0.0184 0.8089
v 1.46924 3.35214 0.46559
vt 0.40000 1.00000
vn -0.5870 -0.0034 0.8096
v 1.47814 3.09691 0.47440
vt 0.40000 0.84955
vn -0.5877 0.0184 0.8089
v 1.48122 3.35276 0.46557
vt 0.60000 1.00000
vn 0.5870 0.0568 0.8076
v 1.46924 3.35214 0.46559
vt 0.40000 1.00000
vn -0.5870 -0.0034 0.8096
v 1.47814 3.09691 0.47440
vt 0.40000 0.84955
vn -0.5877 0.0184 0.8089
v 1.49013 3.09712 0.47439
vt 0.60000 0.84955
vn 0.5877 0.0393 0.8081
v 1.48122 3.35276 0.46557
vt 0.60000 1.00000
vn 0.5870 0.0568 0.8076
v 1.49013 3.09712 0.47439
vt 0.60000 0.84955
vn 0.5877 0.0393 0.8081
v 1.48492 3.35257 0.45416
vt 0.80000 1.00000
vn 0.9498 0.0385 -0.3105
v 1.48122 3.35276 0.46557
vt 0.60000 1.00000
vn 0.5870 0.0568 0.8076
v 1.49013 3.09712 0.47439
vt 0.60000 0.84955
vn 0.5877 0.0393 0.8081
v 1.49384 3.09678 0.46299
vt 0.80000 0.84955
vn 0.9509 0.0059 -0.3094
v 1.48492 3.35257 0.45416
vt 0.80000 1.00000
vn 0.9498 0.0385 -0.3105
v 1.49384 3.09678 0.46299
vt 0.80000 0.84955
vn 0.9509 0.0059 -0.3094
v 1.47523 3.35184 0.44713
vt 1.00000 1.00000
vn 0.0000 -0.0330 -0.9995
v 1.48492 3.35257 0.45416
vt 0.80000 1.00000
vn 0.9498 0.0385 -0.3105
v 1.49384 3.09678 0.46299
vt 0.80000 0.84955
vn 0.9509 0.0059 -0.3094
v 1.48414 3.09636 0.45595
vt 1.00000 0.84955
vn 0.0000 -0.0357 -0.9994
v 1.47523 3.35184 0.44713
vt 1.00000 1.00000
vn 0.0000 -0.0330 -0.9995
v 1.47523 3.35184 0.44713
vt 0.00000 0.05535
vn 0.0000 -0.0330 -0.9995
v 1.44826 3.60674 0.44614
vt 0.20000 0.20604
vn -0.9478 -0.0873 -0.3066
v 1.45793 3.60733 0.43907
vt 0.00000 0.20604
vn 0.0000 -0.0298 -0.9996
v 1.47523 3.35184 0.44713
vt 0.00000 0.05535
vn 0.0000 -0.0330 -0.9995
v 1.46554 3.35158 0.45419
vt 0.20000 0.05535
vn -0.9498 -0.0589 -0.3072
v 1.44826 3.60674 0.44614
vt 0.20000 0.20604
vn -0.9478 -0.0873 -0.3066
v 1.46554 3.35158 0.45419
vt 0.20000 0.05535
vn -0.9498 -0.0589 -0.3072
v 1.45196 3.60738 0.45753
vt 0.40000 0.20604
vn -0.5858 -0.0242 0.8101
v 1.44826 3.60674 0.44614
vt 0.20000 0.20604
vn -0.9478 -0.0873 -0.3066
v 1.46554 3.35158 0.45419
vt 0.20000 0.05535
vn -0.9498 -0.0589 -0.3072
v 1.46924 3.35214 0.46559
vt 0.40000 0.05535
vn -0.5870 -0.0034 0.8096
v 1.45196 3.60738 0.45753
vt 0.40000 0.20604
vn -0.5858 -0.0242 0.8101
v 1.46924 3.35214 0.46559
vt 0.40000 0.05535
vn -0.5870 -0.0034 0.8096
v 1.46391 3.60837 0.45750
vt 0.60000 0.20604
vn 0.5858 0.0723 0.8072
v 1.45196 3.60738 0.45753
vt 0.40000 0.20604
vn -0.5858 -0.0242 0.8101
v 1.46924 3.35214 0.46559
vt 0.40000 0.05535
vn -0.5870 -0.0034 0.8096
v 1.48122 3.35276 0.46557
vt 0.60000 0.05535
vn 0.5870 0.0568 0.8076
v 1.46391 3.60837 0.45750
vt 0.60000 0.20604
vn 0.5858 0.0723 0.8072
v 1.48122 3.35276 0.46557
vt 0.60000 0.05535
vn 0.5870 0.0568 0.8076
v 1.46760 3.60833 0.44609
vt 0.80000 0.20604
vn 0.9478 0.0689 -0.3112
v 1.46391 3.60837 0.45750
vt 0.60000 0.20604
vn 0.5858 0.0723 0.8072
v 1.48122 3.35276 0.46557
vt 0.60000 0.05535
vn 0.5870 0.0568 0.8076
v 1.48492 3.35257 0.45416
vt 0.80000 0.05535
vn 0.9498 0.0385 -0.3105
v 1.46760 3.60833 0.44609
vt 0.80000 0.20604
vn 0.9478 0.0689 -0.3112
v 1.48492 3.35257 0.45416
vt 0.80000 0.05535
vn 0.9498 0.0385 -0.3105
v 1.45793 3.60733 0.43907
vt 1.00000 0.20604
vn 0.0000 -0.0298 -0.9996
v 1.46760 3.60833 0.44609
vt 0.80000 0.20604
vn 0.9478 0.0689 -0.3112
v 1.48492 3.35257 0.45416
vt 0.80000 0.05535
vn 0.9498 0.0385 -0.3105
v 1.47523 3.35184 0.44713
vt 1.00000 0.05535
vn 0.0000 -0.0330 -0.9995
v 1.45793 3.60733 0.43907
vt 1.00000 0.20604
vn 0.0000 -0.0298 -0.9996
v 1.45793 3.60733 0.43907
vt 0.00000 0.20604
vn 0.0000 -0.0298 -0.9996
v 1.42347 3.86195 0.43898
vt 0.20000 0.35707
vn -0.9454 -0.1112 -0.3062
v 1.43311 3.86282 0.43191
vt 0.00000 0.35707
vn 0.0000 -0.0260 -0.9997
v 1.45793 3.60733 0.43907
vt 0.00000 0.20604
vn 0.0000 -0.0298 -0.9996
v 1.44826 3.60674 0.44614
vt 0.20000 0.20604
vn -0.9478 -0.0873 -0.3066
v 1.42347 3.86195 0.43898
vt 0.20000 0.35707
vn -0.9454 -0.1112 -0.3062
v 1.44826 3.60674 0.44614
vt 0.20000 0.20604
vn -0.9478 -0.0873 -0.3066
v 1.42715 3.86265 0.45037
vt 0.40000 0.35707
vn -0.5843 -0.0427 0.8104
v 1.42347 3.86195 0.43898
vt 0.20000 0.35707
vn -0.9454 -0.1112 -0.3062
v 1.44826 3.60674 0.44614
vt 0.20000 0.20604
vn -0.9478 -0.0873 -0.3066
v 1.45196 3.60738 0.45753
vt 0.40000 0.20604
vn -0.5858 -0.0242 0.8101
v 1.42715 3.86265 0.45037
vt 0.40000 0.35707
vn -0.5843 -0.0427 0.8104
v 1.45196 3.60738 0.45753
vt 0.40000 0.20604
vn -0.5858 -0.0242 0.8101
v 1.43907 3.86395 0.45034
vt 0.60000 0.35707
vn 0.5843 0.0848 0.8071
v 1.42715 3.86265 0.45037
vt 0.40000 0.35707
vn -0.5843 -0.0427 0.8104
v 1.45196 3.60738 0.45753
vt 0.40000 0.20604
vn -0.5858 -0.0242 0.8101
v 1.46391 3.60837 0.45750
vt 0.60000 0.20604
vn 0.5858 0.0723 0.8072
v 1.43907 3.86395 0.45034
vt 0.60000 0.35707
vn 0.5843 0.0848 0.8071
v 1.46391 3.60837 0.45750
vt 0.60000 0.20604
vn 0.5858 0.0723 0.8072
v 1.44275 3.86405 0.43893
vt 0.80000 0.35707
vn 0.9454 0.0951 -0.3116
v 1.43907 3.86395 0.45034
vt 0.60000 0.35707
vn 0.5843 0.0848 0.8071
v 1.46391 3.60837 0.45750
vt 0.60000 0.20604
vn 0.5858 0.0723 0.8072
v 1.46760 3.60833 0.44609
vt 0.80000 0.20604
vn 0.9478 0.0689 -0.3112
v 1.44275 3.86405 0.43893
vt 0.80000 0.35707
vn 0.9454 0.0951 -0.3116
v 1.46760 3.60833 0.44609
vt 0.80000 0.20604
vn 0.9478 0.0689 -0.3112
v 1.43311 3.86282 0.43191
vt 1.00000 0.35707
vn 0.0000 -0.0260 -0.9997
v 1.44275 3.86405 0.43893
vt 0.80000 0.35707
vn 0.9454 0.0951 -0.3116
v 1.46760 3.60833 0.44609
vt 0.80000 0.20604
vn 0.9478 0.0689 -0.3112
v 1.45793 3.60733 0.43907
vt 1.00000 0.20604
vn 0.0000 -0.0298 -0.9996
v 1.43311 3.86282 0.43191
vt 1.00000 0.35707
vn 0.0000 -0.0260 -0.9997
v 1.43311 3.86282 0.43191
vt 0.00000 0.35707
vn 0.0000 -0.0260 -0.9997
v 1.39252 4.11722 0.43285
vt 0.20000 0.50848
vn -0.9432 -0.1290 -0.3063
v 1.40214 4.11832 0.42577
vt 0.00000 0.50848
vn 0.0000 -0.0218 -0.9998
v 1.43311 3.86282 0.43191
vt 0.00000 0.35707
vn 0.0000 -0.0260 -0.9997
v 1.42347 3.86195 0.43898
vt 0.20000 0.35707
vn -0.9454 -0.1112 -0.3062
v 1.39252 4.11722 0.43285
vt 0.20000 0.50848
vn -0.9432 -0.1290 -0.3063
v 1.42347 3.86195 0.43898
vt 0.20000 0.35707
vn -0.9454 -0.1112 -0.3062
v 1.39620 4.11795 0.44424
vt 0.40000 0.50848
vn -0.5829 -0.0580 0.8105
v 1.39252 4.11722 0.43285
vt 0.20000 0.50848
vn -0.9432 -0.1290 -0.3063
v 1.42347 3.86195 0.43898
vt 0.20000 0.35707
vn -0.9454 -0.1112 -0.3062
v 1.42715 3.86265 0.45037
vt 0.40000 0.35707
vn -0.5843 -0.0427 0.8104
v 1.39620 4.11795 0.44424
vt 0.40000 0.50848
vn -0.5829 -0.0580 0.8105
v 1.42715 3.86265 0.45037
vt 0.40000 0.35707
vn -0.5843 -0.0427 0.8104
v 1.40809 4.11949 0.44420
vt 0.60000 0.50848
vn 0.5829 0.0932 0.8072
v 1.39620 4.11795 0.44424
vt 0.40000 0.50848
vn -0.5829 -0.0580 0.8105
v 1.42715 3.86265 0.45037
vt 0.40000 0.35707
vn -0.5843 -0.0427 0.8104
v 1.43907 3.86395 0.45034
vt 0.60000 0.35707
vn 0.5843 0.0848 0.8071
v 1.40809 4.11949 0.44420
vt 0.60000 0.50848
vn 0.5829 0.0932 0.8072
v 1.43907 3.86395 0.45034
vt 0.60000 0.35707
vn 0.5843 0.0848 0.8071
v 1.41176 4.11972 0.43279
vt 0.80000 0.50848
vn 0.9432 0.1156 -0.3116
v 1.40809 4.11949 0.44420
vt 0.60000 0.50848
vn 0.5829 0.0932 0.8072
v 1.43907 3.86395 0.45034
vt 0.60000 0.35707
vn 0.5843 0.0848 0.8071
v 1.44275 3.86405 0.43893
vt 0.80000 0.35707
vn 0.9454 0.0951 -0.3116
v 1.41176 4.11972 0.43279
vt 0.80000 0.50848
vn 0.9432 0.1156 -0.3116
v 1.44275 3.86405 0.43893
vt 0.80000 0.35707
vn 0.9454 0.0951 -0.3116
v 1.40214 4.11832 0.42577
vt 1.00000 0.50848
vn 0.0000 -0.0218 -0.9998
v 1.41176 4.11972 0.43279
vt 0.80000 0.50848
vn 0.9432 0.1156 -0.3116
v 1.44275 3.86405 0.43893
vt 0.80000 0.35707
vn 0.9454 0.0951 -0.3116
v 1.43311 3.86282 0.43191
vt 1.00000 0.35707
vn 0.0000 -0.0260 -0.9997
v 1.40214 4.11832 0.42577
vt 1.00000 0.50848
vn 0.0000 -0.0218 -0.9998
v 1.40214 4.11832 0.42577
vt 0.00000 0.50848
vn 0.0000 -0.0218 -0.9998
v 1.35723 4.37257 0.42785
vt 0.20000 0.66020
vn -0.9415 -0.1396 -0.3067
v 1.36683 4.37382 0.42078
vt 0.00000 0.66020
vn 0.0000 -0.0172 -0.9999
v 1.40214 4.11832 0.42577
vt 0.00000 0.50848
vn 0.0000 -0.0218 -0.9998
v 1.39252 4.11722 0.43285
vt 0.20000 0.50848
vn -0.9432 -0.1290 -0.3063
v 1.35723 4.37257 0.42785
vt 0.20000 0.66020
vn -0.9415 -0.1396 -0.3067
v 1.39252 4.11722 0.43285
vt 0.20000 0.50848
vn -0.9432 -0.1290 -0.3063
v 1.36090 4.37329 0.43924
vt 0.40000 0.66020
vn -0.5819 -0.0691 0.8103
v 1.35723 4.37257 0.42785
vt 0.20000 0.66020
vn -0.9415 -0.1396 -0.3067
v 1.39252 4.11722 0.43285
vt 0.20000 0.50848
vn -0.9432 -0.1290 -0.3063
v 1.39620 4.11795 0.44424
vt 0.40000 0.50848
vn -0.5829 -0.0580 0.8105
v 1.36090 4.37329 0.43924
vt 0.40000 0.66020
vn -0.5819 -0.0691 0.8103
v 1.39620 4.11795 0.44424
vt 0.40000 0.50848
vn -0.5829 -0.0580 0.8105
v 1.37277 4.37498 0.43921
vt 0.60000 0.66020
vn 0.5819 0.0969 0.8075
v 1.36090 4.37329 0.43924
vt 0.40000 0.66020
vn -0.5819 -0.0691 0.8103
v 1.39620 4.11795 0.44424
vt 0.40000 0.50848
vn -0.5829 -0.0580 0.8105
v 1.40809 4.11949 0.44420
vt 0.60000 0.50848
vn 0.5829 0.0932 0.8072
v 1.37277 4.37498 0.43921
vt 0.60000 0.66020
vn 0.5819 0.0969 0.8075
v 1.40809 4.11949 0.44420
vt 0.60000 0.50848
vn 0.5829 0.0932 0.8072
v 1.37644 4.37531 0.42780
vt 0.80000 0.66020
vn 0.9415 0.1289 -0.3113
v 1.37277 4.37498 0.43921
vt 0.60000 0.66020
vn 0.5819 0.0969 0.8075
v 1.40809 4.11949 0.44420
vt 0.60000 0.50848
vn 0.5829 0.0932 0.8072
v 1.41176 4.11972 0.43279
vt 0.80000 0.50848
vn 0.9432 0.1156 -0.3116
v 1.37644 4.37531 0.42780
vt 0.80000 0.66020
vn 0.9415 0.1289 -0.3113
v 1.41176 4.11972 0.43279
vt 0.80000 0.50848
vn 0.9432 0.1156 -0.3116
v 1.36683 4.37382 0.42078
vt 1.00000 0.66020
vn 0.0000 -0.0172 -0.9999
v 1.37644 4.37531 0.42780
vt 0.80000 0.66020
vn 0.9415 0.1289 -0.3113
v 1.41176 4.11972 0.43279
vt 0.80000 0.50848
vn 0.9432 0.1156 -0.3116
v 1.40214 4.11832 0.42577
vt 1.00000 0.50848
vn 0.0000 -0.0218 -0.9998
v 1.36683 4.37382 0.42078
vt 1.00000 0.66020
vn 0.0000 -0.0172 -0.9999
v 1.36683 4.37382 0.42078
vt 0.00000 0.66020
vn 0.0000 -0.0172 -0.9999
v 1.31967 4.62799 0.42407
vt 0.20000 0.81210
vn -0.9409 -0.1429 -0.3069
v 1.32927 4.62930 0.41700
vt 0.00000 0.81210
vn 0.0000 -0.0148 -0.9999
v 1.36683 4.37382 0.42078
vt 0.00000 0.66020
vn 0.0000 -0.0172 -0.9999
v 1.35723 4.37257 0.42785
vt 0.20000 0.66020
vn -0.9415 -0.1396 -0.3067
v 1.31967 4.62799 0.42407
vt 0.20000 0.81210
vn -0.9409 -0.1429 -0.3069
v 1.35723 4.37257 0.42785
vt 0.20000 0.66020
vn -0.9415 -0.1396 -0.3067
v 1.32334 4.62870 0.43547
vt 0.40000 0.81210
vn -0.5815 -0.0735 0.8102
v 1.31967 4.62799 0.42407
vt 0.20000 0.81210
vn -0.9409 -0.1429 -0.3069
v 1.35723 4.37257 0.42785
vt 0.20000 0.66020
vn -0.9415 -0.1396 -0.3067
v 1.36090 4.37329 0.43924
vt 0.40000 0.66020
vn -0.5819 -0.0691 0.8103
v 1.32334 4.62870 0.43547
vt 0.40000 0.81210
vn -0.5815 -0.0735 0.8102
v 1.36090 4.37329 0.43924
vt 0.40000 0.66020
vn -0.5819 -0.0691 0.8103
v 1.33520 4.63044 0.43544
vt 0.60000 0.81210
vn 0.5815 0.0974 0.8077
v 1.32334 4.62870 0.43547
vt 0.40000 0.81210
vn -0.5815 -0.0735 0.8102
v 1.36090 4.37329 0.43924
vt 0.40000 0.66020
vn -0.5819 -0.0691 0.8103
v 1.37277 4.37498 0.43921
vt 0.60000 0.66020
vn 0.5819 0.0969 0.8075
v 1.33520 4.63044 0.43544
vt 0.60000 0.81210
vn 0.5815 0.0974 0.8077
v 1.37277 4.37498 0.43921
vt 0.60000 0.66020
vn 0.5819 0.0969 0.8075
v 1.33887 4.63081 0.42403
vt 0.80000 0.81210
vn 0.9409 0.1338 -0.3110
v 1.33520 4.63044 0.43544
vt 0.60000 0.81210
vn 0.5815 0.0974 0.8077
v 1.37277 4.37498 0.43921
vt 0.60000 0.66020
vn 0.5819 0.0969 0.8075
v 1.37644 4.37531 0.42780
vt 0.80000 0.66020
vn 0.9415 0.1289 -0.3113
v 1.33887 4.63081 0.42403
vt 0.80000 0.81210
vn 0.9409 0.1338 -0.3110
v 1.37644 4.37531 0.42780
vt 0.80000 0.66020
vn 0.9415 0.1289 -0.3113
v 1.32927 4.62930 0.41700
vt 1.00000 0.81210
vn 0.0000 -0.0148 -0.9999
v 1.33887 4.63081 0.42403
vt 0.80000 0.81210
vn 0.9409 0.1338 -0.3110
v 1.37644 4.37531 0.42780
vt 0.80000 0.66020
vn 0.9415 0.1289 -0.3113
v 1.36683 4.37382 0.42078
vt 1.00000 0.66020
vn 0.0000 -0.0172 -0.9999
v 1.32927 4.62930 0.41700
vt 1.00000 0.81210
vn 0.0000 -0.0148 -0.9999
v 0.49940 1.39400 0.51018
vt 0.00000 0.00000
vn -0.0584 0.0000 0.9983
v 0.62787 1.40876 0.51067
vt 0.20000 0.07577
vn 0.1550 -0.9340 0.3218
v 0.62551 1.41829 0.51756
vt 0.00000 0.07577
vn -0.0763 0.0000 0.9971
v 0.49940 1.39400 0.51018
vt 0.00000 0.00000
vn -0.0584 0.0000 0.9983
v 0.50164 1.38447 0.50325
vt 0.20000 0.00000
vn 0.1609 -0.9340 0.3190
v 0.62787 1.40876 0.51067
vt 0.20000 0.07577
vn 0.1550 -0.9340 0.3218
v 0.50164 1.38447 0.50325
vt 0.20000 0.00000
vn 0.1609 -0.9340 0.3190
v 0.62804 1.41240 0.49925
vt 0.40000 0.07577
vn 0.1721 -0.5773 -0.7982
v 0.62787 1.40876 0.51067
vt 0.20000 0.07577
vn 0.1550 -0.9340 0.3218
v 0.50164 1.38447 0.50325
vt 0.20000 0.00000
vn 0.1609 -0.9340 0.3190
v 0.50161 1.38811 0.49183
vt 0.40000 0.00000
vn 0.1579 -0.5772 -0.8012
v 0.62804 1.41240 0.49925
vt 0.40000 0.07577
vn 0.1721 -0.5773 -0.7982
v 0.50161 1.38811 0.49183
vt 0.40000 0.00000
vn 0.1579 -0.5772 -0.8012
v 0.62579 1.42417 0.49908
vt 0.60000 0.07577
vn -0.0486 0.5773 -0.8151
v 0.62804 1.41240 0.49925
vt 0.40000 0.07577
vn 0.1721 -0.5773 -0.7982
v 0.50161 1.38811 0.49183
vt 0.40000 0.00000
vn 0.1579 -0.5772 -0.8012
v 0.49935 1.39989 0.49170
vt 0.60000 0.00000
vn -0.0634 0.5772 -0.8141
v 0.62579 1.42417 0.49908
vt 0.60000 0.07577
vn -0.0486 0.5773 -0.8151
v 0.49935 1.39989 0.49170
vt 0.60000 0.00000
vn -0.0634 0.5772 -0.8141
v 0.62422 1.42781 0.51040
vt 0.80000 0.07577
vn -0.2022 0.9340 0.2944
v 0.62579 1.42417 0.49908
vt 0.60000 0.07577
vn -0.0486 0.5773 -0.8151
v 0.49935 1.39989 0.49170
vt 0.60000 0.00000
vn -0.0634 0.5772 -0.8141
v 0.49799 1.40353 0.50304
vt 0.80000 0.00000
vn -0.1971 0.9340 0.2980
v 0.62422 1.42781 0.51040
vt 0.80000 0.07577
vn -0.2022 0.9340 0.2944
v 0.49799 1.40353 0.50304
vt 0.80000 0.00000
vn -0.1971 0.9340 0.2980
v 0.62551 1.41829 0.51756
vt 1.00000 0.07577
vn -0.0763 0.0000 0.9971
v 0.62422 1.42781 0.51040
vt 0.80000 0.07577
vn -0.2022 0.9340 0.2944
v 0.49799 1.40353 0.50304
vt 0.80000 0.00000
vn -0.1971 0.9340 0.2980
v 0.49940 1.39400 0.51018
vt 1.00000 0.00000
vn -0.0584 0.0000 0.9983
v 0.62551 1.41829 0.51756
vt 1.00000 0.07577
vn -0.0763 0.0000 0.9971
v 0.62551 1.41829 0.51756
vt 0.00000 0.07577
vn -0.0763 0.0000 0.9971
v 0.75407 1.43304 0.52265
vt 0.20000 0.15174
vn 0.1474 -0.9341 0.3252
v 0.75156 1.44257 0.52949
vt 0.00000 0.15174
vn -0.0987 0.0000 0.9951
v 0.62551 1.41829 0.51756
vt 0.00000 0.07577
vn -0.0763 0.0000 0.9971
v 0.62787 1.40876 0.51067
vt 0.20000 0.07577
vn 0.1550 -0.9340 0.3218
v 0.75407 1.43304 0.52265
vt 0.20000 0.15174
vn 0.1474 -0.9341 0.3252
v 0.62787 1.40876 0.51067
vt 0.20000 0.07577
vn 0.1550 -0.9340 0.3218
v 0.75451 1.43668 0.51124
vt 0.40000 0.15174
vn 0.1898 -0.5773 -0.7942
v 0.75407 1.43304 0.52265
vt 0.20000 0.15174
vn 0.1474 -0.9341 0.3252
v 0.62787 1.40876 0.51067
vt 0.20000 0.07577
vn 0.1550 -0.9340 0.3218
v 0.62804 1.41240 0.49925
vt 0.40000 0.07577
vn 0.1721 -0.5773 -0.7982
v 0.75451 1.43668 0.51124
vt 0.40000 0.15174
vn 0.1898 -0.5773 -0.7942
v 0.62804 1.41240 0.49925
vt 0.40000 0.07577
vn 0.1721 -0.5773 -0.7982
v 0.75226 1.44846 0.51101
vt 0.60000 0.15174
vn -0.0301 0.5773 -0.8160
v 0.75451 1.43668 0.51124
vt 0.40000 0.15174
vn 0.1898 -0.5773 -0.7942
v 0.62804 1.41240 0.49925
vt 0.40000 0.07577
vn 0.1721 -0.5773 -0.7982
v 0.62579 1.42417 0.49908
vt 0.60000 0.07577
vn -0.0486 0.5773 -0.8151
v 0.75226 1.44846 0.51101
vt 0.60000 0.15174
vn -0.0301 0.5773 -0.8160
v 0.62579 1.42417 0.49908
vt 0.60000 0.07577
vn -0.0486 0.5773 -0.8151
v 0.75045 1.45210 0.52229
vt 0.80000 0.15174
vn -0.2084 0.9341 0.2899
v 0.75226 1.44846 0.51101
vt 0.60000 0.15174
vn -0.0301 0.5773 -0.8160
v 0.62579 1.42417 0.49908
vt 0.60000 0.07577
vn -0.0486 0.5773 -0.8151
v 0.62422 1.42781 0.51040
vt 0.80000 0.07577
vn -0.2022 0.9340 0.2944
v 0.75045 1.45210 0.52229
vt 0.80000 0.15174
vn -0.2084 0.9341 0.2899
v 0.62422 1.42781 0.51040
vt 0.80000 0.07577
vn -0.2022 0.9340 0.2944
v 0.75156 1.44257 0.52949
vt 1.00000 0.15174
vn -0.0987 0.0000 0.9951
v 0.75045 1.45210 0.52229
vt 0.80000 0.15174
vn -0.2084 0.9341 0.2899
v 0.62422 1.42781 0.51040
vt 0.80000 0.07577
vn -0.2022 0.9340 0.2944
v 0.62551 1.41829 0.51756
vt 1.00000 0.07577
vn -0.0763 0.0000 0.9971
v 0.75156 1.44257 0.52949
vt 1.00000 0.15174
vn -0.0987 0.0000 0.9951
v 0.75156 1.44257 0.52949
vt 0.00000 0.15174
vn -0.0987 0.0000 0.9951
v 0.88038 1.45733 0.53576
vt 0.20000 0.22778
vn 0.1495 -0.9341 0.3243
v 0.87791 1.46686 0.54261
vt 0.00000 0.22778
vn -0.0926 0.0000 0.9957
v 0.75156 1.44257 0.52949
vt 0.00000 0.15174
vn -0.0987 0.0000 0.9951
v 0.75407 1.43304 0.52265
vt 0.20000 0.15174
vn 0.1474 -0.9341 0.3252
v 0.88038 1.45733 0.53576
vt 0.20000 0.22778
vn 0.1495 -0.9341 0.3243
v 0.75407 1.43304 0.52265
vt 0.20000 0.15174
vn 0.1474 -0.9341 0.3252
v 0.88074 1.46097 0.52434
vt 0.40000 0.22778
vn 0.1850 -0.5773 -0.7953
v 0.88038 1.45733 0.53576
vt 0.20000 0.22778
vn 0.1495 -0.9341 0.3243
v 0.75407 1.43304 0.52265
vt 0.20000 0.15174
vn 0.1474 -0.9341 0.3252
v 0.75451 1.43668 0.51124
vt 0.40000 0.15174
vn 0.1898 -0.5773 -0.7942
v 0.88074 1.46097 0.52434
vt 0.40000 0.22778
vn 0.1850 -0.5773 -0.7953
v 0.75451 1.43668 0.51124
vt 0.40000 0.15174
vn 0.1898 -0.5773 -0.7942
v 0.87850 1.47275 0.52413
vt 0.60000 0.22778
vn -0.0351 0.5773 -0.8158
v 0.88074 1.46097 0.52434
vt 0.40000 0.22778
vn 0.1850 -0.5773 -0.7953
v 0.75451 1.43668 0.51124
vt 0.40000 0.15174
vn 0.1898 -0.5773 -0.7942
v 0.75226 1.44846 0.51101
vt 0.60000 0.15174
vn -0.0301 0.5773 -0.8160
v 0.87850 1.47275 0.52413
vt 0.60000 0.22778
vn -0.0351 0.5773 -0.8158
v 0.75226 1.44846 0.51101
vt 0.60000 0.15174
vn -0.0301 0.5773 -0.8160
v 0.87675 1.47638 0.53542
vt 0.80000 0.22778
vn -0.2067 0.9341 0.2911
v 0.87850 1.47275 0.52413
vt 0.60000 0.22778
vn -0.0351 0.5773 -0.8158
v 0.75226 1.44846 0.51101
vt 0.60000 0.15174
vn -0.0301 0.5773 -0.8160
v 0.75045 1.45210 0.52229
vt 0.80000 0.15174
vn -0.2084 0.9341 0.2899
v 0.87675 1.47638 0.53542
vt 0.80000 0.22778
vn -0.2067 0.9341 0.2911
v 0.75045 1.45210 0.52229
vt 0.80000 0.15174
vn -0.2084 0.9341 0.2899
v 0.87791 1.46686 0.54261
vt 1.00000 0.22778
vn -0.0926 0.0000 0.9957
v 0.87675 1.47638 0.53542
vt 0.80000 0.22778
vn -0.2067 0.9341 0.2911
v 0.75045 1.45210 0.52229
vt 0.80000 0.15174
vn -0.2084 0.9341 0.2899
v 0.75156 1.44257 0.52949
vt 1.00000 0.15174
vn -0.0987 0.0000 0.9951
v 0.87791 1.46686 0.54261
vt 1.00000 0.22778
vn -0.0926 0.0000 0.9957
v 0.87791 1.46686 0.54261
vt 0.00000 0.22778
vn -0.0926 0.0000 0.9957
v 1.00679 1.48162 0.54609
vt 0.20000 0.30368
vn 0.1616 -0.9340 0.3187
v 1.00457 1.49114 0.55302
vt 0.00000 0.30368
vn -0.0566 0.0000 0.9984
v 0.87791 1.46686 0.54261
vt 0.00000 0.22778
vn -0.0926 0.0000 0.9957
v 0.88038 1.45733 0.53576
vt 0.20000 0.22778
vn 0.1495 -0.9341 0.3243
v 1.00679 1.48162 0.54609
vt 0.20000 0.30368
vn 0.1616 -0.9340 0.3187
v 0.88038 1.45733 0.53576
vt 0.20000 0.22778
vn 0.1495 -0.9341 0.3243
v 1.00674 1.48525 0.53466
vt 0.40000 0.30368
vn 0.1564 -0.5772 -0.8014
v 1.00679 1.48162 0.54609
vt 0.20000 0.30368
vn 0.1616 -0.9340 0.3187
v 0.88038 1.45733 0.53576
vt 0.20000 0.22778
vn 0.1495 -0.9341 0.3243
v 0.88074 1.46097 0.52434
vt 0.40000 0.22778
vn 0.1850 -0.5773 -0.7953
v 1.00674 1.48525 0.53466
vt 0.40000 0.30368
vn 0.1564 -0.5772 -0.8014
v 0.88074 1.46097 0.52434
vt 0.40000 0.22778
vn 0.1850 -0.5773 -0.7953
v 1.00448 1.49703 0.53453
vt 0.60000 0.30368
vn -0.0649 0.5772 -0.8140
v 1.00674 1.48525 0.53466
vt 0.40000 0.30368
vn 0.1564 -0.5772 -0.8014
v 0.88074 1.46097 0.52434
vt 0.40000 0.22778
vn 0.1850 -0.5773 -0.7953
v 0.87850 1.47275 0.52413
vt 0.60000 0.22778
vn -0.0351 0.5773 -0.8158
v 1.00448 1.49703 0.53453
vt 0.60000 0.30368
vn -0.0649 0.5772 -0.8140
v 0.87850 1.47275 0.52413
vt 0.60000 0.22778
vn -0.0351 0.5773 -0.8158
v 1.00314 1.50067 0.54588
vt 0.80000 0.30368
vn -0.1965 0.9340 0.2984
v 1.00448 1.49703 0.53453
vt 0.60000 0.30368
vn -0.0649 0.5772 -0.8140
v 0.87850 1.47275 0.52413
vt 0.60000 0.22778
vn -0.0351 0.5773 -0.8158
v 0.87675 1.47638 0.53542
vt 0.80000 0.22778
vn -0.2067 0.9341 0.2911
v 1.00314 1.50067 0.54588
vt 0.80000 0.30368
vn -0.1965 0.9340 0.2984
v 0.87675 1.47638 0.53542
vt 0.80000 0.22778
vn -0.2067 0.9341 0.2911
v 1.00457 1.49114 0.55302
vt 1.00000 0.30368
vn -0.0566 0.0000 0.9984
v 1.00314 1.50067 0.54588
vt 0.80000 0.30368
vn -0.1965 0.9340 0.2984
v 0.87675 1.47638 0.53542
vt 0.80000 0.22778
vn -0.2067 0.9341 0.2911
v 0.87791 1.46686 0.54261
vt 1.00000 0.22778
vn -0.0926 0.0000 0.9957
v 1.00457 1.49114 0.55302
vt 1.00000 0.30368
vn -0.0566 0.0000 0.9984
v 1.00457 1.49114 0.55302
vt 0.00000 0.30368
vn -0.0566 0.0000 0.9984
v 1.13328 1.50590 0.54991
vt 0.20000 0.37936
vn 0.1813 -0.9339 0.3080
v 1.13148 1.51543 0.55697
vt 0.00000 0.37936
vn 0.0055 -0.0000 1.0000
v 1.00457 1.49114 0.55302
vt 0.00000 0.30368
vn -0.0566 0.0000 0.9984
v 1.00679 1.48162 0.54609
vt 0.20000 0.30368
vn 0.1616 -0.9340 0.3187
v 1.13328 1.50590 0.54991
vt 0.20000 0.37936
vn 0.1813 -0.9339 0.3080
v 1.00679 1.48162 0.54609
vt 0.20000 0.30368
vn 0.1616 -0.9340 0.3187
v 1.13252 1.50954 0.53851
vt 0.40000 0.37936
vn 0.1066 -0.5772 -0.8096
v 1.13328 1.50590 0.54991
vt 0.20000 0.37936
vn 0.1813 -0.9339 0.3080
v 1.00679 1.48162 0.54609
vt 0.20000 0.30368
vn 0.1616 -0.9340 0.3187
v 1.00674 1.48525 0.53466
vt 0.40000 0.30368
vn 0.1564 -0.5772 -0.8014
v 1.13252 1.50954 0.53851
vt 0.40000 0.37936
vn 0.1066 -0.5772 -0.8096
v 1.00674 1.48525 0.53466
vt 0.40000 0.30368
vn 0.1564 -0.5772 -0.8014
v 1.13025 1.52132 0.53852
vt 0.60000 0.37936
vn -0.1154 0.5772 -0.8084
v 1.13252 1.50954 0.53851
vt 0.40000 0.37936
vn 0.1066 -0.5772 -0.8096
v 1.00674 1.48525 0.53466
vt 0.40000 0.30368
vn 0.1564 -0.5772 -0.8014
v 1.00448 1.49703 0.53453
vt 0.60000 0.30368
vn -0.0649 0.5772 -0.8140
v 1.13025 1.52132 0.53852
vt 0.60000 0.37936
vn -0.1154 0.5772 -0.8084
v 1.00448 1.49703 0.53453
vt 0.60000 0.30368
vn -0.0649 0.5772 -0.8140
v 1.12961 1.52495 0.54993
vt 0.80000 0.37936
vn -0.1779 0.9339 0.3100
v 1.13025 1.52132 0.53852
vt 0.60000 0.37936
vn -0.1154 0.5772 -0.8084
v 1.00448 1.49703 0.53453
vt 0.60000 0.30368
vn -0.0649 0.5772 -0.8140
v 1.00314 1.50067 0.54588
vt 0.80000 0.30368
vn -0.1965 0.9340 0.2984
v 1.12961 1.52495 0.54993
vt 0.80000 0.37936
vn -0.1779 0.9339 0.3100
v 1.00314 1.50067 0.54588
vt 0.80000 0.30368
vn -0.1965 0.9340 0.2984
v 1.13148 1.51543 0.55697
vt 1.00000 0.37936
vn 0.0055 0.0000 1.0000
v 1.12961 1.52495 0.54993
vt 0.80000 0.37936
vn -0.1779 0.9339 0.3100
v 1.00314 1.50067 0.54588
vt 0.80000 0.30368
vn -0.1965 0.9340 0.2984
v 1.00457 1.49114 0.55302
vt 1.00000 0.30368
vn -0.0566 0.0000 0.9984
v 1.13148 1.51543 0.55697
vt 1.00000 0.37936
vn 0.0055 0.0000 1.0000
v 1.13148 1.51543 0.55697
vt 0.00000 0.37936
vn 0.0055 -0.0000 1.0000
v 1.25980 1.53019 0.54445
vt 0.20000 0.45507
vn 0.2042 -0.9341 0.2930
v 1.25857 1.53971 0.55162
vt 0.00000 0.45507
vn 0.0834 -0.0000 0.9965
v 1.13148 1.51543 0.55697
vt 0.00000 0.37936
vn 0.0055 -0.0000 1.0000
v 1.13328 1.50590 0.54991
vt 0.20000 0.37936
vn 0.1813 -0.9339 0.3080
v 1.25980 1.53019 0.54445
vt 0.20000 0.45507
vn 0.2042 -0.9341 0.2930
v 1.13328 1.50590 0.54991
vt 0.20000 0.37936
vn 0.1813 -0.9339 0.3080
v 1.25815 1.53383 0.53314
vt 0.40000 0.45507
vn 0.0428 -0.5773 -0.8154
v 1.25980 1.53019 0.54445
vt 0.20000 0.45507
vn 0.2042 -0.9341 0.2930
v 1.13328 1.50590 0.54991
vt 0.20000 0.37936
vn 0.1813 -0.9339 0.3080
v 1.13252 1.50954 0.53851
vt 0.40000 0.37936
vn 0.1066 -0.5772 -0.8096
v 1.25815 1.53383 0.53314
vt 0.40000 0.45507
vn 0.0428 -0.5773 -0.8154
v 1.13252 1.50954 0.53851
vt 0.40000 0.37936
vn 0.1066 -0.5772 -0.8096
v 1.25590 1.54560 0.53333
vt 0.60000 0.45507
vn -0.1777 0.5773 -0.7970
v 1.25815 1.53383 0.53314
vt 0.40000 0.45507
vn 0.0428 -0.5773 -0.8154
v 1.13252 1.50954 0.53851
vt 0.40000 0.37936
vn 0.1066 -0.5772 -0.8096
v 1.13025 1.52132 0.53852
vt 0.60000 0.37936
vn -0.1154 0.5772 -0.8084
v 1.25590 1.54560 0.53333
vt 0.60000 0.45507
vn -0.1777 0.5773 -0.7970
v 1.13025 1.52132 0.53852
vt 0.60000 0.37936
vn -0.1154 0.5772 -0.8084
v 1.25616 1.54924 0.54475
vt 0.80000 0.45507
vn -0.1526 0.9341 0.3229
v 1.25590 1.54560 0.53333
vt 0.60000 0.45507
vn -0.1777 0.5773 -0.7970
v 1.13025 1.52132 0.53852
vt 0.60000 0.37936
vn -0.1154 0.5772 -0.8084
v 1.12961 1.52495 0.54993
vt 0.80000 0.37936
vn -0.1779 0.9339 0.3100
v 1.25616 1.54924 0.54475
vt 0.80000 0.45507
vn -0.1526 0.9341 0.3229
v 1.12961 1.52495 0.54993
vt 0.80000 0.37936
vn -0.1779 0.9339 0.3100
v 1.25857 1.53971 0.55162
vt 1.00000 0.45507
vn 0.0834 0.0000 0.9965
v 1.25616 1.54924 0.54475
vt 0.80000 0.45507
vn -0.1526 0.9341 0.3229
v 1.12961 1.52495 0.54993
vt 0.80000 0.37936
vn -0.1779 0.9339 0.3100
v 1.13148 1.51543 0.55697
vt 1.00000 0.37936
vn 0.0055 0.0000 1.0000
v 1.25857 1.53971 0.55162
vt 1.00000 0.45507
vn 0.0834 0.0000 0.9965
v 1.25857 1.53971 0.55162
vt 0.00000 0.45507
vn 0.0834 -0.0000 0.9965
v 1.38620 1.55447 0.52853
vt 0.20000 0.53129
vn 0.2153 -0.9342 0.2844
v 1.38527 1.56400 0.53575
vt 0.00000 0.53129
vn 0.1244 -0.0000 0.9922
v 1.25857 1.53971 0.55162
vt 0.00000 0.45507
vn 0.0834 -0.0000 0.9965
v 1.25980 1.53019 0.54445
vt 0.20000 0.45507
vn 0.2042 -0.9341 0.2930
v 1.38620 1.55447 0.52853
vt 0.20000 0.53129
vn 0.2153 -0.9342 0.2844
v 1.25980 1.53019 0.54445
vt 0.20000 0.45507
vn 0.2042 -0.9341 0.2930
v 1.38409 1.55811 0.51730
vt 0.40000 0.53129
vn 0.0087 -0.5774 -0.8164
v 1.38620 1.55447 0.52853
vt 0.20000 0.53129
vn 0.2153 -0.9342 0.2844
v 1.25980 1.53019 0.54445
vt 0.20000 0.45507
vn 0.2042 -0.9341 0.2930
v 1.25815 1.53383 0.53314
vt 0.40000 0.45507
vn 0.0428 -0.5773 -0.8154
v 1.38409 1.55811 0.51730
vt 0.40000 0.53129
vn 0.0087 -0.5774 -0.8164
v 1.25815 1.53383 0.53314
vt 0.40000 0.45507
vn 0.0428 -0.5773 -0.8154
v 1.38186 1.56989 0.51758
vt 0.60000 0.53129
vn -0.2099 0.5774 -0.7890
v 1.38409 1.55811 0.51730
vt 0.40000 0.53129
vn 0.0087 -0.5774 -0.8164
v 1.25815 1.53383 0.53314
vt 0.40000 0.45507
vn 0.0428 -0.5773 -0.8154
v 1.25590 1.54560 0.53333
vt 0.60000 0.45507
vn -0.1777 0.5773 -0.7970
v 1.38186 1.56989 0.51758
vt 0.60000 0.53129
vn -0.2099 0.5774 -0.7890
v 1.25590 1.54560 0.53333
vt 0.60000 0.45507
vn -0.1777 0.5773 -0.7970
v 1.38259 1.57353 0.52898
vt 0.80000 0.53129
vn -0.1384 0.9342 0.3288
v 1.38186 1.56989 0.51758
vt 0.60000 0.53129
vn -0.2099 0.5774 -0.7890
v 1.25590 1.54560 0.53333
vt 0.60000 0.45507
vn -0.1777 0.5773 -0.7970
v 1.25616 1.54924 0.54475
vt 0.80000 0.45507
vn -0.1526 0.9341 0.3229
v 1.38259 1.57353 0.52898
vt 0.80000 0.53129
vn -0.1384 0.9342 0.3288
v 1.25616 1.54924 0.54475
vt 0.80000 0.45507
vn -0.1526 0.9341 0.3229
v 1.38527 1.56400 0.53575
vt 1.00000 0.53129
vn 0.1244 0.0000 0.9922
v 1.38259 1.57353 0.52898
vt 0.80000 0.53129
vn -0.1384 0.9342 0.3288
v 1.25616 1.54924 0.54475
vt 0.80000 0.45507
vn -0.1526 0.9341 0.3229
v 1.25857 1.53971 0.55162
vt 1.00000 0.45507
vn 0.0834 0.0000 0.9965
v 1.38527 1.56400 0.53575
vt 1.00000 0.53129
vn 0.1244 0.0000 0.9922
usemtl black
f 1/1/1 2/2/2 3/3/3
f 4/4/4 5/5/5 6/6/6
f 7/7/7 8/8/8 9/9/9
f 10/10/10 11/11/11 12/12/12
f 13/13/13 14/14/14 15/15/15
f 16/16/16 17/17/17 18/18/18
f 19/19/19 20/20/20 21/21/21
f 22/22/22 23/23/23 24/24/24
f 25/25/25 26/26/26 27/27/27
f 28/28/28 29/29/29 30/30/30
f 31/31/31 32/32/32 33/33/33
f 34/34/34 35/35/35 36/36/36
f 37/37/37 38/38/38 39/39/39
f 40/40/40 41/41/41 42/42/42
f 43/43/43 44/44/44 45/45/45
f 46/46/46 47/47/47 48/48/48
f 49/49/49 50/50/50 51/51/51
f 52/52/52 53/53/53 54/54/54
f 55/55/55 56/56/56 57/57/57
f 58/58/58 59/59/59 60/60/60
f 61/61/61 62/62/62 63/63/63
f 64/64/64 65/65/65 66/66/66
f 67/67/67 68/68/68 69/69/69
f 70/70/70 71/71/71 72/72/72
f 73/73/73 74/74/74 75/75/75
f 76/76/76 77/77/77 78/78/78
f 79/79/79 80/80/80 81/81/81
f 82/82/82 83/83/83 84/84/84
f 85/85/85 86/86/86 87/87/87
f 88/88/88 89/89/89 90/90/90
f 91/91/91 92/92/92 93/93/93
f 94/94/94 95/95/95 96/96/96
f 97/97/97 98/98/98 99/99/99
f 100/100/100 101/101/101 102/102/102
f 103/103/103 104/104/104 105/105/105
f 106/106/106 107/107/107 108/108/108
f 109/109/109 110/110/110 111/111/111
f 112/112/112 113/113/113 114/114/114
f 115/115/115 116/116/116 117/117/117
f 118/118/118 119/119/119 120/120/120
f 121/121/121 122/122/122 123/123/123
f 124/124/124 125/125/125 126/126/126
f 127/127/127 128/128/128 129/129/129
f 130/130/130 131/131/131 132/132/132
f 133/133/133 134/134/134 135/135/135
f 136/136/136 137/137/137 138/138/138
f 139/139/139 140/140/140 141/141/141
f 142/142/142 143/143/143 144/144/144
f 145/145/145 146/146/146 147/147/147
f 148/148/148 149/149/149 150/150/150
f 151/151/151 152/152/152 153/153/153
f 154/154/154 155/155/155 156/156/156
f 157/157/157 158/158/158 159/159/159
f 160/160/160 161/161/161 162/162/162
f 163/163/163 164/164/164 165/165/165
f 166/166/166 167/167/167 168/168/168
f 169/169/169 170/170/170 171/171/171
f 172/172/172 173/173/173 174/174/174
f 175/175/175 176/176/176 177/177/177
f 178/178/178 179/179/179 180/180/180
f 181/181/181 182/182/182 183/183/183
f 184/184/184 185/185/185 186/186/186
f 187/187/187 188/188/188 189/189/189
f 190/190/190 191/191/191 192/192/192
f 193/193/193 194/194/194 195/195/195
f 196/196/196 197/197/197 198/198/198
f 199/199/199 200/200/200 201/201/201
f 202/202/202 203/203/203 204/204/204
f 205/205/205 206/206/206 207/207/207
f 208/208/208 209/209/209 210/210/210
f 211/211/211 212/212/212 213/213/213
f 214/214/214 215/215/215 216/216/216
f 217/217/217 218/218/218 219/219/219
f 220/220/220 221/221/221 222/222/222
f 223/223/223 224/224/224 225/225/225
f 226/226/226 227/227/227 228/228/228
f 229/229/229 230/230/230 231/231/231
f 232/232/232 233/233/233 234/234/234
f 235/235/235 236/236/236 237/237/237
f 238/238/238 239/239/239 240/240/240
f 241/241/241 242/242/242 243/243/243
f 244/244/244 245/245/245 246/246/246
f 247/247/247 248/248/248 249/249/249
f 250/250/250 251/251/251 252/252/252
f 253/253/253 254/254/254 255/255/255
f 256/256/256 257/257/257 258/258/258
f 259/259/259 260/260/260 261/261/261
f 262/262/262 263/263/263 264/264/264
f 265/265/265 266/266/266 267/267/267
f 268/268/268 269/269/269 270/270/270
f 271/271/271 272/272/272 273/273/273
f 274/274/274 275/275/275 276/276/276
f 277/277/277 278/278/278 279/279/279
f 280/280/280 281/281/281 282/282/282
f 283/283/283 284/284/284 285/285/285
f 286/286/286 287/287/287 288/288/288
f 289/289/289 290/290/290 291/291/291
f 292/292/292 293/293/293 294/294/294
f 295/295/295 296/296/296 297/297/297
f 298/298/298 299/299/299 300/300/300
f 301/301/301 302/302/302 303/303/303
f 304/304/304 305/305/305 306/306/306
f 307/307/307 308/308/308 309/309/309
f 310/310/310 311/311/311 312/312/312
f 313/313/313 314/314/314 315/315/315
f 316/316/316 317/317/317 318/318/318
f 319/319/319 320/320/320 321/321/321
f 322/322/322 323/323/323 324/324/324
f 325/325/325 326/326/326 327/327/327
f 328/328/328 329/329/329 330/330/330
f 331/331/331 332/332/332 333/333/333
f 334/334/334 335/335/335 336/336/336
f 337/337/337 338/338/338 339/339/339
f 340/340/340 341/341/341 342/342/342
f 343/343/343 344/344/344 345/345/345
f 346/346/346 347/347/347 348/348/348
f 349/349/349 350/350/350 351/351/351
f 352/352/352 353/353/353 354/354/354
f 355/355/355 356/356/356 357/357/357
f 358/358/358 359/359/359 360/360/360
f 361/361/361 362/362/362 363/363/363
f 364/364/364 365/365/365 366/366/366
f 367/367/367 368/368/368 369/369/369
f 370/370/370 371/371/371 372/372/372
f 373/373/373 374/374/374 375/375/375
f 376/376/376 377/377/377 378/378/378
f 379/379/379 380/380/380 381/381/381
f 382/382/382 383/383/383 384/384/384
f 385/385/385 386/386/386 387/387/387
f 388/388/388 389/389/389 390/390/390
f 391/391/391 392/392/392 393/393/393
f 394/394/394 395/395/395 396/396/396
f 397/397/397 398/398/398 399/399/399
f 400/400/400 401/401/401 402/402/402
f 403/403/403 404/404/404 405/405/405
f 406/406/406 407/407/407 408/408/408
f 409/409/409 410/410/410 411/411/411
f 412/412/412 413/413/413 414/414/414
f 415/415/415 416/416/416 417/417/417
f 418/418/418 419/419/419 420/420/420
f 421/421/421 422/422/422 423/423/423
f 424/424/424 425/425/425 426/426/426
f 427/427/427 428/428/428 429/429/429
f 430/430/430 431/431/431 432/432/432
f 433/433/433 434/434/434 435/435/435
f 436/436/436 437/437/437 438/438/438
f 439/439/439 440/440/440 441/441/441
f 442/442/442 443/443/443 444/444/444
f 445/445/445 446/446/446 447/447/447
f 448/448/448 449/449/449 450/450/450
f 451/451/451 452/452/452 453/453/453
f 454/454/454 455/455/455 456/456/456
f 457/457/457 458/458/458 459/459/459
f 460/460/460 461/461/461 462/462/462
f 463/463/463 464/464/464 465/465/465
f 466/466/466 467/467/467 468/468/468
f 469/469/469 470/470/470 471/471/471
f 472/472/472 473/473/473 474/474/474
f 475/475/475 476/476/476 477/477/477
f 478/478/478 479/479/479 480/480/480
f 481/481/481 482/482/482 483/483/483
f 484/484/484 485/485/485 486/486/486
f 487/487/487 488/488/488 489/489/489
f 490/490/490 491/491/491 492/492/492
f 493/493/493 494/494/494 495/495/495
f 496/496/496 497/497/497 498/498/498
f 499/499/499 500/500/500 501/501/501
f 502/502/502 503/503/503 504/504/504
f 505/505/505 506/506/506 507/507/507
f 508/508/508 509/509/509 510/510/510
f 511/511/511 512/512/512 513/513/513
f 514/514/514 515/515/515 516/516/516
f 517/517/517 518/518/518 519/519/519
f 520/520/520 521/521/521 522/522/522
f 523/523/523 524/524/524 525/525/525
f 526/526/526 527/527/527 528/528/528
f 529/529/529 530/530/530 531/531/531
f 532/532/532 533/533/533 534/534/534
f 535/535/535 536/536/536 537/537/537
f 538/538/538 539/539/539 540/540/540
f 541/541/541 542/542/542 543/543/543
f 544/544/544 545/545/545 546/546/546
f 547/547/547 548/548/548 549/549/549
f 550/550/550 551/551/551 552/552/552
f 553/553/553 554/554/554 555/555/555
f 556/556/556 557/557/557 558/558/558
f 559/559/559 560/560/560 561/561/561
f 562/562/562 563/563/563 564/564/564
f 565/565/565 566/566/566 567/567/567
f 568/568/568 569/569/569 570/570/570
f 571/571/571 572/572/572 573/573/573
f 574/574/574 575/575/575 576/576/576
f 577/577/577 578/578/578 579/579/579
f 580/580/580 581/581/581 582/582/582
f 583/583/583 584/584/584 585/585/585
f 586/586/586 587/587/587 588/588/588
f 589/589/589 590/590/590 591/591/591
f 592/592/592 593/593/593 594/594/594
f 595/595/595 596/596/596 597/597/597
f 598/598/598 599/599/599 600/600/600
f 601/601/601 602/602/602 603/603/603
f 604/604/604 605/605/605 606/606/606
f 607/607/607 608/608/608 609/609/609
f 610/610/610 611/611/611 612/612/612
f 613/613/613 614/614/614 615/615/615
f 616/616/616 617/617/617 618/618/618
f 619/619/619 620/620/620 621/621/621
f 622/622/622 623/623/623 624/624/624
f 625/625/625 626/626/626 627/627/627
f 628/628/628 629/629/629 630/630/630
f 631/631/631 632/632/632 633/633/633
f 634/634/634 635/635/635 636/636/636
f 637/637/637 638/638/638 639/639/639
f 640/640/640 641/641/641 642/642/642
f 643/643/643 644/644/644 645/645/645
f 646/646/646 647/647/647 648/648/648
f 649/649/649 650/650/650 651/651/651
f 652/652/652 653/653/653 654/654/654
f 655/655/655 656/656/656 657/657/657
f 658/658/658 659/659/659 660/660/660
f 661/661/661 662/662/662 663/663/663
f 664/664/664 665/665/665 666/666/666
f 667/667/667 668/668/668 669/669/669
f 670/670/670 671/671/671 672/672/672
f 673/673/673 674/674/674 675/675/675
f 676/676/676 677/677/677 678/678/678
f 679/679/679 680/680/680 681/681/681
f 682/682/682 683/683/683 684/684/684
f 685/685/685 686/686/686 687/687/687
f 688/688/688 689/689/689 690/690/690
f 691/691/691 692/692/692 693/693/693
f 694/694/694 695/695/695 696/696/696
f 697/697/697 698/698/698 699/699/699
f 700/700/700 701/701/701 702/702/702
f 703/703/703 704/704/704 705/705/705
f 706/706/706 707/707/707 708/708/708
f 709/709/709 710/710/710 711/711/711
f 712/712/712 713/713/713 714/714/714
f 715/715/715 716/716/716 717/717/717
f 718/718/718 719/719/719 720/720/720
f 721/721/721 722/722/722 723/723/723
f 724/724/724 725/725/725 726/726/726
f 727/727/727 728/728/728 729/729/729
f 730/730/730 731/731/731 732/732/732
f 733/733/733 734/734/734 735/735/735
f 736/736/736 737/737/737 738/738/738
f 739/739/739 740/740/740 741/741/741
f 742/742/742 743/743/743 744/744/744
f 745/745/745 746/746/746 747/747/747
f 748/748/748 749/749/749 750/750/750
f 751/751/751 752/752/752 753/753/753
f 754/754/754 755/755/755 756/756/756
f 757/757/757 758/758/758 759/759/759
f 760/760/760 761/761/761 762/762/762
f 763/763/763 764/764/764 765/765/765
f 766/766/766 767/767/767 768/768/768
f 769/769/769 770/770/770 771/771/771
f 772/772/772 773/773/773 774/774/774
f 775/775/775 776/776/776 777/777/777
f 778/778/778 779/779/779 780/780/780
usemtl rubber
f 781/781/781 782/782/782 783/783/783
f 784/784/784 785/785/785 786/786/786
f 787/787/787 788/788/788 789/789/789
f 790/790/790 791/791/791 792/792/792
f 793/793/793 794/794/794 795/795/795
f 796/796/796 797/797/797 798/798/798
f 799/799/799 800/800/800 801/801/801
f 802/802/802 803/803/803 804/804/804
f 805/805/805 806/806/806 807/807/807
f 808/808/808 809/809/809 810/810/810
f 811/811/811 812/812/812 813/813/813
f 814/814/814 815/815/815 816/816/816
f 817/817/817 818/818/818 819/819/819
f 820/820/820 821/821/821 822/822/822
f 823/823/823 824/824/824 825/825/825
f 826/826/826 827/827/827 828/828/828
f 829/829/829 830/830/830 831/831/831
f 832/832/832 833/833/833 834/834/834
f 835/835/835 836/836/836 837/837/837
f 838/838/838 839/839/839 840/840/840
f 841/841/841 842/842/842 843/843/843
f 844/844/844 845/845/845 846/846/846
f 847/847/847 848/848/848 849/849/849
f 850/850/850 851/851/851 852/852/852
f 853/853/853 854/854/854 855/855/855
f 856/856/856 857/857/857 858/858/858
f 859/859/859 860/860/860 861/861/861
f 862/862/862 863/863/863 864/864/864
f 865/865/865 866/866/866 867/867/867
f 868/868/868 869/869/869 870/870/870
f 871/871/871 872/872/872 873/873/873
f 874/874/874 875/875/875 876/876/876
f 877/877/877 878/878/878 879/879/879
f 880/880/880 881/881/881 882/882/882
f 883/883/883 884/884/884 885/885/885
f 886/886/886 887/887/887 888/888/888
f 889/889/889 890/890/890 891/891/891
f 892/892/892 893/893/893 894/894/894
f 895/895/895 896/896/896 897/897/897
f 898/898/898 899/899/899 900/900/900
f 901/901/901 902/902/902 903/903/903
f 904/904/904 905/905/905 906/906/906
f 907/907/907 908/908/908 909/909/909
f 910/910/910 911/911/911 912/912/912
f 913/913/913 914/914/914 915/915/915
f 916/916/916 917/917/917 918/918/918
f 919/919/919 920/920/920 921/921/921
f 922/922/922 923/923/923 924/924/924
f 925/925/925 926/926/926 927/927/927
f 928/928/928 929/929/929 930/930/930
f 931/931/931 932/932/932 933/933/933
f 934/934/934 935/935/935 936/936/936
f 937/937/937 938/938/938 939/939/939
f 940/940/940 941/941/941 942/942/942
f 943/943/943 944/944/944 945/945/945
f 946/946/946 947/947/947 948/948/948
f 949/949/949 950/950/950 951/951/951
f 952/952/952 953/953/953 954/954/954
f 955/955/955 956/956/956 957/957/957
f 958/958/958 959/959/959 960/960/960
f 961/961/961 962/962/962 963/963/963
f 964/964/964 965/965/965 966/966/966
f 967/967/967 968/968/968 969/969/969
f 970/970/970 971/971/971 972/972/972
f 973/973/973 974/974/974 975/975/975
f 976/976/976 977/977/977 978/978/978
f 979/979/979 980/980/980 981/981/981
f 982/982/982 983/983/983 984/984/984
f 985/985/985 986/986/986 987/987/987
f 988/988/988 989/989/989 990/990/990
f 991/991/991 992/992/992 993/993/993
f 994/994/994 995/995/995 996/996/996
f 997/997/997 998/998/998 999/999/999
f 1000/1000/1000 1001/1001/1001 1002/1002/1002
f 1003/1003/1003 1004/1004/1004 1005/1005/1005
f 1006/1006/1006 1007/1007/1007 1008/1008/1008
f 1009/1009/1009 1010/1010/1010 1011/1011/1011
f 1012/1012/1012 1013/1013/1013 1014/1014/1014
f 1015/1015/1015 1016/1016/1016 1017/1017/1017
f 1018/1018/1018 1019/1019/1019 1020/1020/1020
f 1021/1021/1021 1022/1022/1022 1023/1023/1023
f 1024/1024/1024 1025/1025/1025 1026/1026/1026
f 1027/1027/1027 1028/1028/1028 1029/1029/1029
f 1030/1030/1030 1031/1031/1031 1032/1032/1032
f 1033/1033/1033 1034/1034/1034 1035/1035/1035
f 1036/1036/1036 1037/1037/1037 1038/1038/1038
f 1039/1039/1039 1040/1040/1040 1041/1041/1041
f 1042/1042/1042 1043/1043/1043 1044/1044/1044
f 1045/1045/1045 1046/1046/1046 1047/1047/1047
f 1048/1048/1048 1049/1049/1049 1050/1050/1050
f 1051/1051/1051 1052/1052/1052 1053/1053/1053
f 1054/1054/1054 1055/1055/1055 1056/1056/1056
f 1057/1057/1057 1058/1058/1058 1059/1059/1059
f 1060/1060/1060 1061/1061/1061 1062/1062/1062
f 1063/1063/1063 1064/1064/1064 1065/1065/1065
f 1066/1066/1066 1067/1067/1067 1068/1068/1068
f 1069/1069/1069 1070/1070/1070 1071/1071/1071
f 1072/1072/1072 1073/1073/1073 1074/1074/1074
f 1075/1075/1075 1076/1076/1076 1077/1077/1077
f 1078/1078/1078 1079/1079/1079 1080/1080/1080
f 1081/1081/1081 1082/1082/1082 1083/1083/1083
f 1084/1084/1084 1085/1085/1085 1086/1086/1086
f 1087/1087/1087 1088/1088/1088 1089/1089/1089
f 1090/1090/1090 1091/1091/1091 1092/1092/1092
f 1093/1093/1093 1094/1094/1094 1095/1095/1095
f 1096/1096/1096 1097/1097/1097 1098/1098/1098
f 1099/1099/1099 1100/1100/1100 1101/1101/1101
f 1102/1102/1102 1103/1103/1103 1104/1104/1104
f 1105/1105/1105 1106/1106/1106 1107/1107/1107
f 1108/1108/1108 1109/1109/1109 1110/1110/1110
f 1111/1111/1111 1112/1112/1112 1113/1113/1113
f 1114/1114/1114 1115/1115/1115 1116/1116/1116
f 1117/1117/1117 1118/1118/1118 1119/1119/1119
f 1120/1120/1120 1121/1121/1121 1122/1122/1122
f 1123/1123/1123 1124/1124/1124 1125/1125/1125
f 1126/1126/1126 1127/1127/1127 1128/1128/1128
f 1129/1129/1129 1130/1130/1130 1131/1131/1131
f 1132/1132/1132 1133/1133/1133 1134/1134/1134
f 1135/1135/1135 1136/1136/1136 1137/1137/1137
f 1138/1138/1138 1139/1139/1139 1140/1140/1140
f 1141/1141/1141 1142/1142/1142 1143/1143/1143
f 1144/1144/1144 1145/1145/1145 1146/1146/1146
f 1147/1147/1147 1148/1148/1148 1149/1149/1149
f 1150/1150/1150 1151/1151/1151 1152/1152/1152
f 1153/1153/1153 1154/1154/1154 1155/1155/1155
f 1156/1156/1156 1157/1157/1157 1158/1158/1158
f 1159/1159/1159 1160/1160/1160 1161/1161/1161
f 1162/1162/1162 1163/1163/1163 1164/1164/1164
f 1165/1165/1165 1166/1166/1166 1167/1167/1167
f 1168/1168/1168 1169/1169/1169 1170/1170/1170
f 1171/1171/1171 1172/1172/1172 1173/1173/1173
f 1174/1174/1174 1175/1175/1175 1176/1176/1176
f 1177/1177/1177 1178/1178/1178 1179/1179/1179
f 1180/1180/1180 1181/1181/1181 1182/1182/1182
f 1183/1183/1183 1184/1184/1184 1185/1185/1185
f 1186/1186/1186 1187/1187/1187 1188/1188/1188
f 1189/1189/1189 1190/1190/1190 1191/1191/1191
f 1192/1192/1192 1193/1193/1193 1194/1194/1194
f 1195/1195/1195 1196/1196/1196 1197/1197/1197
f 1198/1198/1198 1199/1199/1199 1200/1200/1200
f 1201/1201/1201 1202/1202/1202 1203/1203/1203
f 1204/1204/1204 1205/1205/1205 1206/1206/1206
f 1207/1207/1207 1208/1208/1208 1209/1209/1209
f 1210/1210/1210 1211/1211/1211 1212/1212/1212
f 1213/1213/1213 1214/1214/1214 1215/1215/1215
f 1216/1216/1216 1217/1217/1217 1218/1218/1218
f 1219/1219/1219 1220/1220/1220 1221/1221/1221
f 1222/1222/1222 1223/1223/1223 1224/1224/1224
f 1225/1225/1225 1226/1226/1226 1227/1227/1227
f 1228/1228/1228 1229/1229/1229 1230/1230/1230
f 1231/1231/1231 1232/1232/1232 1233/1233/1233
f 1234/1234/1234 1235/1235/1235 1236/1236/1236
f 1237/1237/1237 1238/1238/1238 1239/1239/1239
f 1240/1240/1240 1241/1241/1241 1242/1242/1242
f 1243/1243/1243 1244/1244/1244 1245/1245/1245
f 1246/1246/1246 1247/1247/1247 1248/1248/1248
f 1249/1249/1249 1250/1250/1250 1251/1251/1251
f 1252/1252/1252 1253/1253/1253 1254/1254/1254
f 1255/1255/1255 1256/1256/1256 1257/1257/1257
f 1258/1258/1258 1259/1259/1259 1260/1260/1260
usemtl chrome
f 1261/1261/1261 1262/1262/1262 1263/1263/1263
f 1264/1264/1264 1265/1265/1265 1266/1266/1266
f 1267/1267/1267 1268/1268/1268 1269/1269/1269
f 1270/1270/1270 1271/1271/1271 1272/1272/1272
f 1273/1273/1273 1274/1274/1274 1275/1275/1275
f 1276/1276/1276 1277/1277/1277 1278/1278/1278
f 1279/1279/1279 1280/1280/1280 1281/1281/1281
f 1282/1282/1282 1283/1283/1283 1284/1284/1284
f 1285/1285/1285 1286/1286/1286 1287/1287/1287
f 1288/1288/1288 1289/1289/1289 1290/1290/1290
f 1291/1291/1291 1292/1292/1292 1293/1293/1293
f 1294/1294/1294 1295/1295/1295 1296/1296/1296
f 1297/1297/1297 1298/1298/1298 1299/1299/1299
f 1300/1300/1300 1301/1301/1301 1302/1302/1302
f 1303/1303/1303 1304/1304/1304 1305/1305/1305
f 1306/1306/1306 1307/1307/1307 1308/1308/1308
f 1309/1309/1309 1310/1310/1310 1311/1311/1311
f 1312/1312/1312 1313/1313/1313 1314/1314/1314
f 1315/1315/1315 1316/1316/1316 1317/1317/1317
f 1318/1318/1318 1319/1319/1319 1320/1320/1320
f 1321/1321/1321 1322/1322/1322 1323/1323/1323
f 1324/1324/1324 1325/1325/1325 1326/1326/1326
f 1327/1327/1327 1328/1328/1328 1329/1329/1329
f 1330/1330/1330 1331/1331/1331 1332/1332/1332
f 1333/1333/1333 1334/1334/1334 1335/1335/1335
f 1336/1336/1336 1337/1337/1337 1338/1338/1338
f 1339/1339/1339 1340/1340/1340 1341/1341/1341
f 1342/1342/1342 1343/1343/1343 1344/1344/1344
f 1345/1345/1345 1346/1346/1346 1347/1347/1347
f 1348/1348/1348 1349/1349/1349 1350/1350/1350
f 1351/1351/1351 1352/1352/1352 1353/1353/1353
f 1354/1354/1354 1355/1355/1355 1356/1356/1356
f 1357/1357/1357 1358/1358/1358 1359/1359/1359
f 1360/1360/1360 1361/1361/1361 1362/1362/1362
f 1363/1363/1363 1364/1364/1364 1365/1365/1365
f 1366/1366/1366 1367/1367/1367 1368/1368/1368
f 1369/1369/1369 1370/1370/1370 1371/1371/1371
f 1372/1372/1372 1373/1373/1373 1374/1374/1374
f 1375/1375/1375 1376/1376/1376 1377/1377/1377
f 1378/1378/1378 1379/1379/1379 1380/1380/1380
f 1381/1381/1381 1382/1382/1382 1383/1383/1383
f 1384/1384/1384 1385/1385/1385 1386/1386/1386
f 1387/1387/1387 1388/1388/1388 1389/1389/1389
f 1390/1390/1390 1391/1391/1391 1392/1392/1392
f 1393/1393/1393 1394/1394/1394 1395/1395/1395
f 1396/1396/1396 1397/1397/1397 1398/1398/1398
f 1399/1399/1399 1400/1400/1400 1401/1401/1401
f 1402/1402/1402 1403/1403/1403 1404/1404/1404
f 1405/1405/1405 1406/1406/1406 1407/1407/1407
f 1408/1408/1408 1409/1409/1409 1410/1410/1410
f 1411/1411/1411 1412/1412/1412 1413/1413/1413
f 1414/1414/1414 1415/1415/1415 1416/1416/1416
f 1417/1417/1417 1418/1418/1418 1419/1419/1419
f 1420/1420/1420 1421/1421/1421 1422/1422/1422
f 1423/1423/1423 1424/1424/1424 1425/1425/1425
f 1426/1426/1426 1427/1427/1427 1428/1428/1428
f 1429/1429/1429 1430/1430/1430 1431/1431/1431
f 1432/1432/1432 1433/1433/1433 1434/1434/1434
f 1435/1435/1435 1436/1436/1436 1437/1437/1437
f 1438/1438/1438 1439/1439/1439 1440/1440/1440
f 1441/1441/1441 1442/1442/1442 1443/1443/1443
f 1444/1444/1444 1445/1445/1445 1446/1446/1446
f 1447/1447/1447 1448/1448/1448 1449/1449/1449
f 1450/1450/1450 1451/1451/1451 1452/1452/1452
f 1453/1453/1453 1454/1454/1454 1455/1455/1455
f 1456/1456/1456 1457/1457/1457 1458/1458/1458
f 1459/1459/1459 1460/1460/1460 1461/1461/1461
f 1462/1462/1462 1463/1463/1463 1464/1464/1464
f 1465/1465/1465 1466/1466/1466 1467/1467/1467
f 1468/1468/1468 1469/1469/1469 1470/1470/1470
f 1471/1471/1471 1472/1472/1472 1473/1473/1473
f 1474/1474/1474 1475/1475/1475 1476/1476/1476
f 1477/1477/1477 1478/1478/1478 1479/1479/1479
f 1480/1480/1480 1481/1481/1481 1482/1482/1482
f 1483/1483/1483 1484/1484/1484 1485/1485/1485
f 1486/1486/1486 1487/1487/1487 1488/1488/1488
f 1489/1489/1489 1490/1490/1490 1491/1491/1491
f 1492/1492/1492 1493/1493/1493 1494/1494/1494
f 1495/1495/1495 1496/1496/1496 1497/1497/1497
f 1498/1498/1498 1499/1499/1499 1500/1500/1500
f 1501/1501/1501 1502/1502/1502 1503/1503/1503
f 1504/1504/1504 1505/1505/1505 1506/1506/1506
f 1507/1507/1507 1508/1508/1508 1509/1509/1509
f 1510/1510/1510 1511/1511/1511 1512/1512/1512
f 1513/1513/1513 1514/1514/1514 1515/1515/1515
f 1516/1516/1516 1517/1517/1517 1518/1518/1518
f 1519/1519/1519 1520/1520/1520 1521/1521/1521
f 1522/1522/1522 1523/1523/1523 1524/1524/1524
f 1525/1525/1525 1526/1526/1526 1527/1527/1527
f 1528/1528/1528 1529/1529/1529 1530/1530/1530
f 1531/1531/1531 1532/1532/1532 1533/1533/1533
f 1534/1534/1534 1535/1535/1535 1536/1536/1536
f 1537/1537/1537 1538/1538/1538 1539/1539/1539
f 1540/1540/1540 1541/1541/1541 1542/1542/1542
f 1543/1543/1543 1544/1544/1544 1545/1545/1545
f 1546/1546/1546 1547/1547/1547 1548/1548/1548
f 1549/1549/1549 1550/1550/1550 1551/1551/1551
f 1552/1552/1552 1553/1553/1553 1554/1554/1554
f 1555/1555/1555 1556/1556/1556 1557/1557/1557
f 1558/1558/1558 1559/1559/1559 1560/1560/1560
f 1561/1561/1561 1562/1562/1562 1563/1563/1563
f 1564/1564/1564 1565/1565/1565 1566/1566/1566
f 1567/1567/1567 1568/1568/1568 1569/1569/1569
f 1570/1570/1570 1571/1571/1571 1572/1572/1572
f 1573/1573/1573 1574/1574/1574 1575/1575/1575
f 1576/1576/1576 1577/1577/1577 1578/1578/1578
f 1579/1579/1579 1580/1580/1580 1581/1581/1581
f 1582/1582/1582 1583/1583/1583 1584/1584/1584
f 1585/1585/1585 1586/1586/1586 1587/1587/1587
f 1588/1588/1588 1589/1589/1589 1590/1590/1590
f 1591/1591/1591 1592/1592/1592 1593/1593/1593
f 1594/1594/1594 1595/1595/1595 1596/1596/1596
f 1597/1597/1597 1598/1598/1598 1599/1599/1599
f 1600/1600/1600 1601/1601/1601 1602/1602/1602
f 1603/1603/1603 1604/1604/1604 1605/1605/1605
f 1606/1606/1606 1607/1607/1607 1608/1608/1608
f 1609/1609/1609 1610/1610/1610 1611/1611/1611
f 1612/1612/1612 1613/1613/1613 1614/1614/1614
f 1615/1615/1615 1616/1616/1616 1617/1617/1617
f 1618/1618/1618 1619/1619/1619 1620/1620/1620
f 1621/1621/1621 1622/1622/1622 1623/1623/1623
f 1624/1624/1624 1625/1625/1625 1626/1626/1626
f 1627/1627/1627 1628/1628/1628 1629/1629/1629
f 1630/1630/1630 1631/1631/1631 1632/1632/1632
f 1633/1633/1633 1634/1634/1634 1635/1635/1635
f 1636/1636/1636 1637/1637/1637 1638/1638/1638
f 1639/1639/1639 1640/1640/1640 1641/1641/1641
f 1642/1642/1642 1643/1643/1643 1644/1644/1644
f 1645/1645/1645 1646/1646/1646 1647/1647/1647
f 1648/1648/1648 1649/1649/1649 1650/1650/1650
f 1651/1651/1651 1652/1652/1652 1653/1653/1653
f 1654/1654/1654 1655/1655/1655 1656/1656/1656
f 1657/1657/1657 1658/1658/1658 1659/1659/1659
f 1660/1660/1660 1661/1661/1661 1662/1662/1662
f 1663/1663/1663 1664/1664/1664 1665/1665/1665
f 1666/1666/1666 1667/1667/1667 1668/1668/1668
f 1669/1669/1669 1670/1670/1670 1671/1671/1671
f 1672/1672/1672 1673/1673/1673 1674/1674/1674
f 1675/1675/1675 1676/1676/1676 1677/1677/1677
f 1678/1678/1678 1679/1679/1679 1680/1680/1680
f 1681/1681/1681 1682/1682/1682 1683/1683/1683
f 1684/1684/1684 1685/1685/1685 1686/1686/1686
f 1687/1687/1687 1688/1688/1688 1689/1689/1689
f 1690/1690/1690 1691/1691/1691 1692/1692/1692
usemtl cloth
f 1693/1693/1693 1694/1694/1694 1695/1695/1695
f 1696/1696/1696 1697/1697/1697 1698/1698/1698
f 1699/1699/1699 1700/1700/1700 1701/1701/1701
f 1702/1702/1702 1703/1703/1703 1704/1704/1704
f 1705/1705/1705 1706/1706/1706 1707/1707/1707
f 1708/1708/1708 1709/1709/1709 1710/1710/1710
f 1711/1711/1711 1712/1712/1712 1713/1713/1713
f 1714/1714/1714 1715/1715/1715 1716/1716/1716
f 1717/1717/1717 1718/1718/1718 1719/1719/1719
f 1720/1720/1720 1721/1721/1721 1722/1722/1722
f 1723/1723/1723 1724/1724/1724 1725/1725/1725
f 1726/1726/1726 1727/1727/1727 1728/1728/1728
f 1729/1729/1729 1730/1730/1730 1731/1731/1731
f 1732/1732/1732 1733/1733/1733 1734/1734/1734
f 1735/1735/1735 1736/1736/1736 1737/1737/1737
f 1738/1738/1738 1739/1739/1739 1740/1740/1740
f 1741/1741/1741 1742/1742/1742 1743/1743/1743
f 1744/1744/1744 1745/1745/1745 1746/1746/1746
f 1747/1747/1747 1748/1748/1748 1749/1749/1749
f 1750/1750/1750 1751/1751/1751 1752/1752/1752
f 1753/1753/1753 1754/1754/1754 1755/1755/1755
f 1756/1756/1756 1757/1757/1757 1758/1758/1758
f 1759/1759/1759 1760/1760/1760 1761/1761/1761
f 1762/1762/1762 1763/1763/1763 1764/1764/1764
f 1765/1765/1765 1766/1766/1766 1767/1767/1767
f 1768/1768/1768 1769/1769/1769 1770/1770/1770
f 1771/1771/1771 1772/1772/1772 1773/1773/1773
f 1774/1774/1774 1775/1775/1775 1776/1776/1776
f 1777/1777/1777 1778/1778/1778 1779/1779/1779
f 1780/1780/1780 1781/1781/1781 1782/1782/1782
f 1783/1783/1783 1784/1784/1784 1785/1785/1785
f 1786/1786/1786 1787/1787/1787 1788/1788/1788
f 1789/1789/1789 1790/1790/1790 1791/1791/1791
f 1792/1792/1792 1793/1793/1793 1794/1794/1794
f 1795/1795/1795 1796/1796/1796 1797/1797/1797
f 1798/1798/1798 1799/1799/1799 1800/1800/1800
f 1801/1801/1801 1802/1802/1802 1803/1803/1803
f 1804/1804/1804 1805/1805/1805 1806/1806/1806
f 1807/1807/1807 1808/1808/1808 1809/1809/1809
f 1810/1810/1810 1811/1811/1811 1812/1812/1812
f 1813/1813/1813 1814/1814/1814 1815/1815/1815
f 1816/1816/1816 1817/1817/1817 1818/1818/1818
f 1819/1819/1819 1820/1820/1820 1821/1821/1821
f 1822/1822/1822 1823/1823/1823 1824/1824/1824
f 1825/1825/1825 1826/1826/1826 1827/1827/1827
f 1828/1828/1828 1829/1829/1829 1830/1830/1830
f 1831/1831/1831 1832/1832/1832 1833/1833/1833
f 1834/1834/1834 1835/1835/1835 1836/1836/1836
f 1837/1837/1837 1838/1838/1838 1839/1839/1839
f 1840/1840/1840 1841/1841/1841 1842/1842/1842
f 1843/1843/1843 1844/1844/1844 1845/1845/1845
f 1846/1846/1846 1847/1847/1847 1848/1848/1848
f 1849/1849/1849 1850/1850/1850 1851/1851/1851
f 1852/1852/1852 1853/1853/1853 1854/1854/1854
f 1855/1855/1855 1856/1856/1856 1857/1857/1857
f 1858/1858/1858 1859/1859/1859 1860/1860/1860
f 1861/1861/1861 1862/1862/1862 1863/1863/1863
f 1864/1864/1864 1865/1865/1865 1866/1866/1866
f 1867/1867/1867 1868/1868/1868 1869/1869/1869
f 1870/1870/1870 1871/1871/1871 1872/1872/1872
f 1873/1873/1873 1874/1874/1874 1875/1875/1875
f 1876/1876/1876 1877/1877/1877 1878/1878/1878
f 1879/1879/1879 1880/1880/1880 1881/1881/1881
f 1882/1882/1882 1883/1883/1883 1884/1884/1884
f 1885/1885/1885 1886/1886/1886 1887/1887/1887
f 1888/1888/1888 1889/1889/1889 1890/1890/1890
f 1891/1891/1891 1892/1892/1892 1893/1893/1893
f 1894/1894/1894 1895/1895/1895 1896/1896/1896
f 1897/1897/1897 1898/1898/1898 1899/1899/1899
f 1900/1900/1900 1901/1901/1901 1902/1902/1902
f 1903/1903/1903 1904/1904/1904 1905/1905/1905
f 1906/1906/1906 1907/1907/1907 1908/1908/1908
f 1909/1909/1909 1910/1910/1910 1911/1911/1911
f 1912/1912/1912 1913/1913/1913 1914/1914/1914
f 1915/1915/1915 1916/1916/1916 1917/1917/1917
f 1918/1918/1918 1919/1919/1919 1920/1920/1920
f 1921/1921/1921 1922/1922/1922 1923/1923/1923
f 1924/1924/1924 1925/1925/1925 1926/1926/1926
f 1927/1927/1927 1928/1928/1928 1929/1929/1929
f 1930/1930/1930 1931/1931/1931 1932/1932/1932
f 1933/1933/1933 1934/1934/1934 1935/1935/1935
f 1936/1936/1936 1937/1937/1937 1938/1938/1938
f 1939/1939/1939 1940/1940/1940 1941/1941/1941
f 1942/1942/1942 1943/1943/1943 1944/1944/1944
f 1945/1945/1945 1946/1946/1946 1947/1947/1947
f 1948/1948/1948 1949/1949/1949 1950/1950/1950
f 1951/1951/1951 1952/1952/1952 1953/1953/1953
f 1954/1954/1954 1955/1955/1955 1956/1956/1956
f 1957/1957/1957 1958/1958/1958 1959/1959/1959
f 1960/1960/1960 1961/1961/1961 1962/1962/1962
f 1963/1963/1963 1964/1964/1964 1965/1965/1965
f 1966/1966/1966 1967/1967/1967 1968/1968/1968
f 1969/1969/1969 1970/1970/1970 1971/1971/1971
f 1972/1972/1972 1973/1973/1973 1974/1974/1974
f 1975/1975/1975 1976/1976/1976 1977/1977/1977
f 1978/1978/1978 1979/1979/1979 1980/1980/1980
f 1981/1981/1981 1982/1982/1982 1983/1983/1983
f 1984/1984/1984 1985/1985/1985 1986/1986/1986
f 1987/1987/1987 1988/1988/1988 1989/1989/1989
f 1990/1990/1990 1991/1991/1991 1992/1992/1992
f 1993/1993/1993 1994/1994/1994 1995/1995/1995
f 1996/1996/1996 1997/1997/1997 1998/1998/1998
f 1999/1999/1999 2000/2000/2000 2001/2001/2001
f 2002/2002/2002 2003/2003/2003 2004/2004/2004
f 2005/2005/2005 2006/2006/2006 2007/2007/2007
f 2008/2008/2008 2009/2009/2009 2010/2010/2010
f 2011/2011/2011 2012/2012/2012 2013/2013/2013
f 2014/2014/2014 2015/2015/2015 2016/2016/2016
f 2017/2017/2017 2018/2018/2018 2019/2019/2019
f 2020/2020/2020 2021/2021/2021 2022/2022/2022
f 2023/2023/2023 2024/2024/2024 2025/2025/2025
f 2026/2026/2026 2027/2027/2027 2028/2028/2028
f 2029/2029/2029 2030/2030/2030 2031/2031/2031
f 2032/2032/2032 2033/2033/2033 2034/2034/2034
f 2035/2035/2035 2036/2036/2036 2037/2037/2037
f 2038/2038/2038 2039/2039/2039 2040/2040/2040
f 2041/2041/2041 2042/2042/2042 2043/2043/2043
f 2044/2044/2044 2045/2045/2045 2046/2046/2046
f 2047/2047/2047 2048/2048/2048 2049/2049/2049
f 2050/2050/2050 2051/2051/2051 2052/2052/2052
f 2053/2053/2053 2054/2054/2054 2055/2055/2055
f 2056/2056/2056 2057/2057/2057 2058/2058/2058
f 2059/2059/2059 2060/2060/2060 2061/2061/2061
f 2062/2062/2062 2063/2063/2063 2064/2064/2064
f 2065/2065/2065 2066/2066/2066 2067/2067/2067
f 2068/2068/2068 2069/2069/2069 2070/2070/2070
f 2071/2071/2071 2072/2072/2072 2073/2073/2073
f 2074/2074/2074 2075/2075/2075 2076/2076/2076
f 2077/2077/2077 2078/2078/2078 2079/2079/2079
f 2080/2080/2080 2081/2081/2081 2082/2082/2082
f 2083/2083/2083 2084/2084/2084 2085/2085/2085
f 2086/2086/2086 2087/2087/2087 2088/2088/2088
f 2089/2089/2089 2090/2090/2090 2091/2091/2091
f 2092/2092/2092 2093/2093/2093 2094/2094/2094
f 2095/2095/2095 2096/2096/2096 2097/2097/2097
f 2098/2098/2098 2099/2099/2099 2100/2100/2100
f 2101/2101/2101 2102/2102/2102 2103/2103/2103
f 2104/2104/2104 2105/2105/2105 2106/2106/2106
f 2107/2107/2107 2108/2108/2108 2109/2109/2109
f 2110/2110/2110 2111/2111/2111 2112/2112/2112
f 2113/2113/2113 2114/2114/2114 2115/2115/2115
f 2116/2116/2116 2117/2117/2117 2118/2118/2118
f 2119/2119/2119 2120/2120/2120 2121/2121/2121
f 2122/2122/2122 2123/2123/2123 2124/2124/2124
f 2125/2125/2125 2126/2126/2126 2127/2127/2127
f 2128/2128/2128 2129/2129/2129 2130/2130/2130
f 2131/2131/2131 2132/2132/2132 2133/2133/2133
f 2134/2134/2134 2135/2135/2135 2136/2136/2136
f 2137/2137/2137 2138/2138/2138 2139/2139/2139
f 2140/2140/2140 2141/2141/2141 2142/2142/2142
f 2143/2143/2143 2144/2144/2144 2145/2145/2145
f 2146/2146/2146 2147/2147/2147 2148/2148/2148
f 2149/2149/2149 2150/2150/2150 2151/2151/2151
f 2152/2152/2152 2153/2153/2153 2154/2154/2154
f 2155/2155/2155 2156/2156/2156 2157/2157/2157
f 2158/2158/2158 2159/2159/2159 2160/2160/2160
f 2161/2161/2161 2162/2162/2162 2163/2163/2163
f 2164/2164/2164 2165/2165/2165 2166/2166/2166
f 2167/2167/2167 2168/2168/2168 2169/2169/2169
f 2170/2170/2170 2171/2171/2171 2172/2172/2172
f 2173/2173/2173 2174/2174/2174 2175/2175/2175
f 2176/2176/2176 2177/2177/2177 2178/2178/2178
f 2179/2179/2179 2180/2180/2180 2181/2181/2181
f 2182/2182/2182 2183/2183/2183 2184/2184/2184
f 2185/2185/2185 2186/2186/2186 2187/2187/2187
f 2188/2188/2188 2189/2189/2189 2190/2190/2190
f 2191/2191/2191 2192/2192/2192 2193/2193/2193
f 2194/2194/2194 2195/2195/2195 2196/2196/2196
f 2197/2197/2197 2198/2198/2198 2199/2199/2199
f 2200/2200/2200 2201/2201/2201 2202/2202/2202
f 2203/2203/2203 2204/2204/2204 2205/2205/2205
f 2206/2206/2206 2207/2207/2207 2208/2208/2208
f 2209/2209/2209 2210/2210/2210 2211/2211/2211
f 2212/2212/2212 2213/2213/2213 2214/2214/2214
f 2215/2215/2215 2216/2216/2216 2217/2217/2217
f 2218/2218/2218 2219/2219/2219 2220/2220/2220
f 2221/2221/2221 2222/2222/2222 2223/2223/2223
f 2224/2224/2224 2225/2225/2225 2226/2226/2226
f 2227/2227/2227 2228/2228/2228 2229/2229/2229
f 2230/2230/2230 2231/2231/2231 2232/2232/2232
f 2233/2233/2233 2234/2234/2234 2235/2235/2235
f 2236/2236/2236 2237/2237/2237 2238/2238/2238
f 2239/2239/2239 2240/2240/2240 2241/2241/2241
f 2242/2242/2242 2243/2243/2243 2244/2244/2244
f 2245/2245/2245 2246/2246/2246 2247/2247/2247
f 2248/2248/2248 2249/2249/2249 2250/2250/2250
f 2251/2251/2251 2252/2252/2252 2253/2253/2253
f 2254/2254/2254 2255/2255/2255 2256/2256/2256
f 2257/2257/2257 2258/2258/2258 2259/2259/2259
f 2260/2260/2260 2261/2261/2261 2262/2262/2262
f 2263/2263/2263 2264/2264/2264 2265/2265/2265
f 2266/2266/2266 2267/2267/2267 2268/2268/2268
f 2269/2269/2269 2270/2270/2270 2271/2271/2271
f 2272/2272/2272 2273/2273/2273 2274/2274/2274
f 2275/2275/2275 2276/2276/2276 2277/2277/2277
f 2278/2278/2278 2279/2279/2279 2280/2280/2280
f 2281/2281/2281 2282/2282/2282 2283/2283/2283
f 2284/2284/2284 2285/2285/2285 2286/2286/2286
f 2287/2287/2287 2288/2288/2288 2289/2289/2289
f 2290/2290/2290 2291/2291/2291 2292/2292/2292
f 2293/2293/2293 2294/2294/2294 2295/2295/2295
f 2296/2296/2296 2297/2297/2297 2298/2298/2298
f 2299/2299/2299 2300/2300/2300 2301/2301/2301
f 2302/2302/2302 2303/2303/2303 2304/2304/2304
f 2305/2305/2305 2306/2306/2306 2307/2307/2307
f 2308/2308/2308 2309/2309/2309 2310/2310/2310
f 2311/2311/2311 2312/2312/2312 2313/2313/2313
f 2314/2314/2314 2315/2315/2315 2316/2316/2316
f 2317/2317/2317 2318/2318/2318 2319/2319/2319
f 2320/2320/2320 2321/2321/2321 2322/2322/2322
f 2323/2323/2323 2324/2324/2324 2325/2325/2325
f 2326/2326/2326 2327/2327/2327 2328/2328/2328
f 2329/2329/2329 2330/2330/2330 2331/2331/2331
f 2332/2332/2332 2333/2333/2333 2334/2334/2334
f 2335/2335/2335 2336/2336/2336 2337/2337/2337
f 2338/2338/2338 2339/2339/2339 2340/2340/2340
f 2341/2341/2341 2342/2342/2342 2343/2343/2343
f 2344/2344/2344 2345/2345/2345 2346/2346/2346
f 2347/2347/2347 2348/2348/2348 2349/2349/2349
f 2350/2350/2350 2351/2351/2351 2352/2352/2352
f 2353/2353/2353 2354/2354/2354 2355/2355/2355
f 2356/2356/2356 2357/2357/2357 2358/2358/2358
f 2359/2359/2359 2360/2360/2360 2361/2361/2361
f 2362/2362/2362 2363/2363/2363 2364/2364/2364
f 2365/2365/2365 2366/2366/2366 2367/2367/2367
f 2368/2368/2368 2369/2369/2369 2370/2370/2370
f 2371/2371/2371 2372/2372/2372 2373/2373/2373
f 2374/2374/2374 2375/2375/2375 2376/2376/2376
f 2377/2377/2377 2378/2378/2378 2379/2379/2379
f 2380/2380/2380 2381/2381/2381 2382/2382/2382
f 2383/2383/2383 2384/2384/2384 2385/2385/2385
f 2386/2386/2386 2387/2387/2387 2388/2388/2388
f 2389/2389/2389 2390/2390/2390 2391/2391/2391
f 2392/2392/2392 2393/2393/2393 2394/2394/2394
f 2395/2395/2395 2396/2396/2396 2397/2397/2397
f 2398/2398/2398 2399/2399/2399 2400/2400/2400
f 2401/2401/2401 2402/2402/2402 2403/2403/2403
f 2404/2404/2404 2405/2405/2405 2406/2406/2406
f 2407/2407/2407 2408/2408/2408 2409/2409/2409
f 2410/2410/2410 2411/2411/2411 2412/2412/2412
f 2413/2413/2413 2414/2414/2414 2415/2415/2415
f 2416/2416/2416 2417/2417/2417 2418/2418/2418
f 2419/2419/2419 2420/2420/2420 2421/2421/2421
f 2422/2422/2422 2423/2423/2423 2424/2424/2424
f 2425/2425/2425 2426/2426/2426 2427/2427/2427
f 2428/2428/2428 2429/2429/2429 2430/2430/2430
f 2431/2431/2431 2432/2432/2432 2433/2433/2433
f 2434/2434/2434 2435/2435/2435 2436/2436/2436
f 2437/2437/2437 2438/2438/2438 2439/2439/2439
f 2440/2440/2440 2441/2441/2441 2442/2442/2442
f 2443/2443/2443 2444/2444/2444 2445/2445/2445
f 2446/2446/2446 2447/2447/2447 2448/2448/2448
f 2449/2449/2449 2450/2450/2450 2451/2451/2451
f 2452/2452/2452 2453/2453/2453 2454/2454/2454
f 2455/2455/2455 2456/2456/2456 2457/2457/2457
f 2458/2458/2458 2459/2459/2459 2460/2460/2460
f 2461/2461/2461 2462/2462/2462 2463/2463/2463
f 2464/2464/2464 2465/2465/2465 2466/2466/2466
f 2467/2467/2467 2468/2468/2468 2469/2469/2469
f 2470/2470/2470 2471/2471/2471 2472/2472/2472
f 2473/2473/2473 2474/2474/2474 2475/2475/2475
f 2476/2476/2476 2477/2477/2477 2478/2478/2478
f 2479/2479/2479 2480/2480/2480 2481/2481/2481
f 2482/2482/2482 2483/2483/2483 2484/2484/2484
f 2485/2485/2485 2486/2486/2486 2487/2487/2487
f 2488/2488/2488 2489/2489/2489 2490/2490/2490
f 2491/2491/2491 2492/2492/2492 2493/2493/2493
f 2494/2494/2494 2495/2495/2495 2496/2496/2496
f 2497/2497/2497 2498/2498/2498 2499/2499/2499
f 2500/2500/2500 2501/2501/2501 2502/2502/2502
f 2503/2503/2503 2504/2504/2504 2505/2505/2505
f 2506/2506/2506 2507/2507/2507 2508/2508/2508
f 2509/2509/2509 2510/2510/2510 2511/2511/2511
f 2512/2512/2512 2513/2513/2513 2514/2514/2514
f 2515/2515/2515 2516/2516/2516 2517/2517/2517
f 2518/2518/2518 2519/2519/2519 2520/2520/2520
f 2521/2521/2521 2522/2522/2522 2523/2523/2523
f 2524/2524/2524 2525/2525/2525 2526/2526/2526
f 2527/2527/2527 2528/2528/2528 2529/2529/2529
f 2530/2530/2530 2531/2531/2531 2532/2532/2532
f 2533/2533/2533 2534/2534/2534 2535/2535/2535
f 2536/2536/2536 2537/2537/2537 2538/2538/2538
f 2539/2539/2539 2540/2540/2540 2541/2541/2541
f 2542/2542/2542 2543/2543/2543 2544/2544/2544
f 2545/2545/2545 2546/2546/2546 2547/2547/2547
f 2548/2548/2548 2549/2549/2549 2550/2550/2550
f 2551/2551/2551 2552/2552/2552 2553/2553/2553
f 2554/2554/2554 2555/2555/2555 2556/2556/2556
f 2557/2557/2557 2558/2558/2558 2559/2559/2559
f 2560/2560/2560 2561/2561/2561 2562/2562/2562
f 2563/2563/2563 2564/2564/2564 2565/2565/2565
f 2566/2566/2566 2567/2567/2567 2568/2568/2568
f 2569/2569/2569 2570/2570/2570 2571/2571/2571
f 2572/2572/2572 2573/2573/2573 2574/2574/2574
f 2575/2575/2575 2576/2576/2576 2577/2577/2577
f 2578/2578/2578 2579/2579/2579 2580/2580/2580
f 2581/2581/2581 2582/2582/2582 2583/2583/2583
f 2584/2584/2584 2585/2585/2585 2586/2586/2586
f 2587/2587/2587 2588/2588/2588 2589/2589/2589
f 2590/2590/2590 2591/2591/2591 2592/2592/2592
f 2593/2593/2593 2594/2594/2594 2595/2595/2595
f 2596/2596/2596 2597/2597/2597 2598/2598/2598
f 2599/2599/2599 2600/2600/2600 2601/2601/2601
f 2602/2602/2602 2603/2603/2603 2604/2604/2604
f 2605/2605/2605 2606/2606/2606 2607/2607/2607
f 2608/2608/2608 2609/2609/2609 2610/2610/2610
f 2611/2611/2611 2612/2612/2612 2613/2613/2613
f 2614/2614/2614 2615/2615/2615 2616/2616/2616
f 2617/2617/2617 2618/2618/2618 2619/2619/2619
f 2620/2620/2620 2621/2621/2621 2622/2622/2622
f 2623/2623/2623 2624/2624/2624 2625/2625/2625
f 2626/2626/2626 2627/2627/2627 2628/2628/2628
f 2629/2629/2629 2630/2630/2630 2631/2631/2631
f 2632/2632/2632 2633/2633/2633 2634/2634/2634
f 2635/2635/2635 2636/2636/2636 2637/2637/2637
f 2638/2638/2638 2639/2639/2639 2640/2640/2640
f 2641/2641/2641 2642/2642/2642 2643/2643/2643
f 2644/2644/2644 2645/2645/2645 2646/2646/2646
f 2647/2647/2647 2648/2648/2648 2649/2649/2649
f 2650/2650/2650 2651/2651/2651 2652/2652/2652
f 2653/2653/2653 2654/2654/2654 2655/2655/2655
f 2656/2656/2656 2657/2657/2657 2658/2658/2658
f 2659/2659/2659 2660/2660/2660 2661/2661/2661
f 2662/2662/2662 2663/2663/2663 2664/2664/2664
f 2665/2665/2665 2666/2666/2666 2667/2667/2667
f 2668/2668/2668 2669/2669/2669 2670/2670/2670
f 2671/2671/2671 2672/2672/2672 2673/2673/2673
f 2674/2674/2674 2675/2675/2675 2676/2676/2676
f 2677/2677/2677 2678/2678/2678 2679/2679/2679
f 2680/2680/2680 2681/2681/2681 2682/2682/2682
f 2683/2683/2683 2684/2684/2684 2685/2685/2685
f 2686/2686/2686 2687/2687/2687 2688/2688/2688
f 2689/2689/2689 2690/2690/2690 2691/2691/2691
f 2692/2692/2692 2693/2693/2693 2694/2694/2694
f 2695/2695/2695 2696/2696/2696 2697/2697/2697
f 2698/2698/2698 2699/2699/2699 2700/2700/2700
f 2701/2701/2701 2702/2702/2702 2703/2703/2703
f 2704/2704/2704 2705/2705/2705 2706/2706/2706
f 2707/2707/2707 2708/2708/2708 2709/2709/2709
f 2710/2710/2710 2711/2711/2711 2712/2712/2712
f 2713/2713/2713 2714/2714/2714 2715/2715/2715
f 2716/2716/2716 2717/2717/2717 2718/2718/2718
f 2719/2719/2719 2720/2720/2720 2721/2721/2721
f 2722/2722/2722 2723/2723/2723 2724/2724/2724
f 2725/2725/2725 2726/2726/2726 2727/2727/2727
f 2728/2728/2728 2729/2729/2729 2730/2730/2730
f 2731/2731/2731 2732/2732/2732 2733/2733/2733
f 2734/2734/2734 2735/2735/2735 2736/2736/2736
f 2737/2737/2737 2738/2738/2738 2739/2739/2739
f 2740/2740/2740 2741/2741/2741 2742/2742/2742
f 2743/2743/2743 2744/2744/2744 2745/2745/2745
f 2746/2746/2746 2747/2747/2747 2748/2748/2748
f 2749/2749/2749 2750/2750/2750 2751/2751/2751
f 2752/2752/2752 2753/2753/2753 2754/2754/2754
f 2755/2755/2755 2756/2756/2756 2757/2757/2757
f 2758/2758/2758 2759/2759/2759 2760/2760/2760
f 2761/2761/2761 2762/2762/2762 2763/2763/2763
f 2764/2764/2764 2765/2765/2765 2766/2766/2766
f 2767/2767/2767 2768/2768/2768 2769/2769/2769
f 2770/2770/2770 2771/2771/2771 2772/2772/2772
f 2773/2773/2773 2774/2774/2774 2775/2775/2775
f 2776/2776/2776 2777/2777/2777 2778/2778/2778
f 2779/2779/2779 2780/2780/2780 2781/2781/2781
f 2782/2782/2782 2783/2783/2783 2784/2784/2784
f 2785/2785/2785 2786/2786/2786 2787/2787/2787
f 2788/2788/2788 2789/2789/2789 2790/2790/2790
f 2791/2791/2791 2792/2792/2792 2793/2793/2793
f 2794/2794/2794 2795/2795/2795 2796/2796/2796
f 2797/2797/2797 2798/2798/2798 2799/2799/2799
f 2800/2800/2800 2801/2801/2801 2802/2802/2802
f 2803/2803/2803 2804/2804/2804 2805/2805/2805
f 2806/2806/2806 2807/2807/2807 2808/2808/2808
f 2809/2809/2809 2810/2810/2810 2811/2811/2811
f 2812/2812/2812 2813/2813/2813 2814/2814/2814
f 2815/2815/2815 2816/2816/2816 2817/2817/2817
f 2818/2818/2818 2819/2819/2819 2820/2820/2820
f 2821/2821/2821 2822/2822/2822 2823/2823/2823
f 2824/2824/2824 2825/2825/2825 2826/2826/2826
f 2827/2827/2827 2828/2828/2828 2829/2829/2829
f 2830/2830/2830 2831/2831/2831 2832/2832/2832
f 2833/2833/2833 2834/2834/2834 2835/2835/2835
f 2836/2836/2836 2837/2837/2837 2838/2838/2838
f 2839/2839/2839 2840/2840/2840 2841/2841/2841
f 2842/2842/2842 2843/2843/2843 2844/2844/2844
f 2845/2845/2845 2846/2846/2846 2847/2847/2847
f 2848/2848/2848 2849/2849/2849 2850/2850/2850
f 2851/2851/2851 2852/2852/2852 2853/2853/2853
f 2854/2854/2854 2855/2855/2855 2856/2856/2856
f 2857/2857/2857 2858/2858/2858 2859/2859/2859
f 2860/2860/2860 2861/2861/2861 2862/2862/2862
f 2863/2863/2863 2864/2864/2864 2865/2865/2865
f 2866/2866/2866 2867/2867/2867 2868/2868/2868
f 2869/2869/2869 2870/2870/2870 2871/2871/2871
f 2872/2872/2872 2873/2873/2873 2874/2874/2874
f 2875/2875/2875 2876/2876/2876 2877/2877/2877
f 2878/2878/2878 2879/2879/2879 2880/2880/2880
f 2881/2881/2881 2882/2882/2882 2883/2883/2883
f 2884/2884/2884 2885/2885/2885 2886/2886/2886
f 2887/2887/2887 2888/2888/2888 2889/2889/2889
f 2890/2890/2890 2891/2891/2891 2892/2892/2892
f 2893/2893/2893 2894/2894/2894 2895/2895/2895
f 2896/2896/2896 2897/2897/2897 2898/2898/2898
f 2899/2899/2899 2900/2900/2900 2901/2901/2901
f 2902/2902/2902 2903/2903/2903 2904/2904/2904
f 2905/2905/2905 2906/2906/2906 2907/2907/2907
f 2908/2908/2908 2909/2909/2909 2910/2910/2910
f 2911/2911/2911 2912/2912/2912 2913/2913/2913
f 2914/2914/2914 2915/2915/2915 2916/2916/2916
f 2917/2917/2917 2918/2918/2918 2919/2919/2919
f 2920/2920/2920 2921/2921/2921 2922/2922/2922
f 2923/2923/2923 2924/2924/2924 2925/2925/2925
f 2926/2926/2926 2927/2927/2927 2928/2928/2928
f 2929/2929/2929 2930/2930/2930 2931/2931/2931
f 2932/2932/2932 2933/2933/2933 2934/2934/2934
f 2935/2935/2935 2936/2936/2936 2937/2937/2937
f 2938/2938/2938 2939/2939/2939 2940/2940/2940
f 2941/2941/2941 2942/2942/2942 2943/2943/2943
f 2944/2944/2944 2945/2945/2945 2946/2946/2946
f 2947/2947/2947 2948/2948/2948 2949/2949/2949
f 2950/2950/2950 2951/2951/2951 2952/2952/2952
f 2953/2953/2953 2954/2954/2954 2955/2955/2955
f 2956/2956/2956 2957/2957/2957 2958/2958/2958
f 2959/2959/2959 2960/2960/2960 2961/2961/2961
f 2962/2962/2962 2963/2963/2963 2964/2964/2964
f 2965/2965/2965 2966/2966/2966 2967/2967/2967
f 2968/2968/2968 2969/2969/2969 2970/2970/2970
f 2971/2971/2971 2972/2972/2972 2973/2973/2973
f 2974/2974/2974 2975/2975/2975 2976/2976/2976
f 2977/2977/2977 2978/2978/2978 2979/2979/2979
f 2980/2980/2980 2981/2981/2981 2982/2982/2982
f 2983/2983/2983 2984/2984/2984 2985/2985/2985
f 2986/2986/2986 2987/2987/2987 2988/2988/2988
f 2989/2989/2989 2990/2990/2990 2991/2991/2991
f 2992/2992/2992 2993/2993/2993 2994/2994/2994
f 2995/2995/2995 2996/2996/2996 2997/2997/2997
f 2998/2998/2998 2999/2999/2999 3000/3000/3000
f 3001/3001/3001 3002/3002/3002 3003/3003/3003
f 3004/3004/3004 3005/3005/3005 3006/3006/3006
f 3007/3007/3007 3008/3008/3008 3009/3009/3009
f 3010/3010/3010 3011/3011/3011 3012/3012/3012
f 3013/3013/3013 3014/3014/3014 3015/3015/3015
f 3016/3016/3016 3017/3017/3017 3018/3018/3018
f 3019/3019/3019 3020/3020/3020 3021/3021/3021
f 3022/3022/3022 3023/3023/3023 3024/3024/3024
f 3025/3025/3025 3026/3026/3026 3027/3027/3027
f 3028/3028/3028 3029/3029/3029 3030/3030/3030
f 3031/3031/3031 3032/3032/3032 3033/3033/3033
f 3034/3034/3034 3035/3035/3035 3036/3036/3036
f 3037/3037/3037 3038/3038/3038 3039/3039/3039
f 3040/3040/3040 3041/3041/3041 3042/3042/3042
f 3043/3043/3043 3044/3044/3044 3045/3045/3045
f 3046/3046/3046 3047/3047/3047 3048/3048/3048
f 3049/3049/3049 3050/3050/3050 3051/3051/3051
f 3052/3052/3052 3053/3053/3053 3054/3054/3054
f 3055/3055/3055 3056/3056/3056 3057/3057/3057
f 3058/3058/3058 3059/3059/3059 3060/3060/3060
f 3061/3061/3061 3062/3062/3062 3063/3063/3063
f 3064/3064/3064 3065/3065/3065 3066/3066/3066
f 3067/3067/3067 3068/3068/3068 3069/3069/3069
f 3070/3070/3070 3071/3071/3071 3072/3072/3072
f 3073/3073/3073 3074/3074/3074 3075/3075/3075
f 3076/3076/3076 3077/3077/3077 3078/3078/3078
f 3079/3079/3079 3080/3080/3080 3081/3081/3081
f 3082/3082/3082 3083/3083/3083 3084/3084/3084
f 3085/3085/3085 3086/3086/3086 3087/3087/3087
f 3088/3088/3088 3089/3089/3089 3090/3090/3090
f 3091/3091/3091 3092/3092/3092 3093/3093/3093
f 3094/3094/3094 3095/3095/3095 3096/3096/3096
f 3097/3097/3097 3098/3098/3098 3099/3099/3099
f 3100/3100/3100 3101/3101/3101 3102/3102/3102
f 3103/3103/3103 3104/3104/3104 3105/3105/3105
f 3106/3106/3106 3107/3107/3107 3108/3108/3108
f 3109/3109/3109 3110/3110/3110 3111/3111/3111
f 3112/3112/3112 3113/3113/3113 3114/3114/3114
f 3115/3115/3115 3116/3116/3116 3117/3117/3117
f 3118/3118/3118 3119/3119/3119 3120/3120/3120
f 3121/3121/3121 3122/3122/3122 3123/3123/3123
f 3124/3124/3124 3125/3125/3125 3126/3126/3126
f 3127/3127/3127 3128/3128/3128 3129/3129/3129
f 3130/3130/3130 3131/3131/3131 3132/3132/3132
f 3133/3133/3133 3134/3134/3134 3135/3135/3135
f 3136/3136/3136 3137/3137/3137 3138/3138/3138
f 3139/3139/3139 3140/3140/3140 3141/3141/3141
f 3142/3142/3142 3143/3143/3143 3144/3144/3144
f 3145/3145/3145 3146/3146/3146 3147/3147/3147
f 3148/3148/3148 3149/3149/3149 3150/3150/3150
f 3151/3151/3151 3152/3152/3152 3153/3153/3153
f 3154/3154/3154 3155/3155/3155 3156/3156/3156
f 3157/3157/3157 3158/3158/3158 3159/3159/3159
f 3160/3160/3160 3161/3161/3161 3162/3162/3162
f 3163/3163/3163 3164/3164/3164 3165/3165/3165
f 3166/3166/3166 3167/3167/3167 3168/3168/3168
f 3169/3169/3169 3170/3170/3170 3171/3171/3171
f 3172/3172/3172 3173/3173/3173 3174/3174/3174
f 3175/3175/3175 3176/3176/3176 3177/3177/3177
f 3178/3178/3178 3179/3179/3179 3180/3180/3180
f 3181/3181/3181 3182/3182/3182 3183/3183/3183
f 3184/3184/3184 3185/3185/3185 3186/3186/3186
f 3187/3187/3187 3188/3188/3188 3189/3189/3189
f 3190/3190/3190 3191/3191/3191 3192/3192/3192
f 3193/3193/3193 3194/3194/3194 3195/3195/3195
f 3196/3196/3196 3197/3197/3197 3198/3198/3198
f 3199/3199/3199 3200/3200/3200 3201/3201/3201
f 3202/3202/3202 3203/3203/3203 3204/3204/3204
f 3205/3205/3205 3206/3206/3206 3207/3207/3207
f 3208/3208/3208 3209/3209/3209 3210/3210/3210
f 3211/3211/3211 3212/3212/3212 3213/3213/3213
f 3214/3214/3214 3215/3215/3215 3216/3216/3216
f 3217/3217/3217 3218/3218/3218 3219/3219/3219
f 3220/3220/3220 3221/3221/3221 3222/3222/3222
f 3223/3223/3223 3224/3224/3224 3225/3225/3225
f 3226/3226/3226 3227/3227/3227 3228/3228/3228
f 3229/3229/3229 3230/3230/3230 3231/3231/3231
f 3232/3232/3232 3233/3233/3233 3234/3234/3234
f 3235/3235/3235 3236/3236/3236 3237/3237/3237
f 3238/3238/3238 3239/3239/3239 3240/3240/3240
f 3241/3241/3241 3242/3242/3242 3243/3243/3243
f 3244/3244/3244 3245/3245/3245 3246/3246/3246
f 3247/3247/3247 3248/3248/3248 3249/3249/3249
f 3250/3250/3250 3251/3251/3251 3252/3252/3252
f 3253/3253/3253 3254/3254/3254 3255/3255/3255
f 3256/3256/3256 3257/3257/3257 3258/3258/3258
f 3259/3259/3259 3260/3260/3260 3261/3261/3261
f 3262/3262/3262 3263/3263/3263 3264/3264/3264
f 3265/3265/3265 3266/3266/3266 3267/3267/3267
f 3268/3268/3268 3269/3269/3269 3270/3270/3270
f 3271/3271/3271 3272/3272/3272 3273/3273/3273
f 3274/3274/3274 3275/3275/3275 3276/3276/3276
f 3277/3277/3277 3278/3278/3278 3279/3279/3279
f 3280/3280/3280 3281/3281/3281 3282/3282/3282
f 3283/3283/3283 3284/3284/3284 3285/3285/3285
f 3286/3286/3286 3287/3287/3287 3288/3288/3288
f 3289/3289/3289 3290/3290/3290 3291/3291/3291
f 3292/3292/3292 3293/3293/3293 3294/3294/3294
f 3295/3295/3295 3296/3296/3296 3297/3297/3297
f 3298/3298/3298 3299/3299/3299 3300/3300/3300
f 3301/3301/3301 3302/3302/3302 3303/3303/3303
f 3304/3304/3304 3305/3305/3305 3306/3306/3306
f 3307/3307/3307 3308/3308/3308 3309/3309/3309
f 3310/3310/3310 3311/3311/3311 3312/3312/3312
f 3313/3313/3313 3314/3314/3314 3315/3315/3315
f 3316/3316/3316 3317/3317/3317 3318/3318/3318
f 3319/3319/3319 3320/3320/3320 3321/3321/3321
f 3322/3322/3322 3323/3323/3323 3324/3324/3324
f 3325/3325/3325 3326/3326/3326 3327/3327/3327
f 3328/3328/3328 3329/3329/3329 3330/3330/3330
f 3331/3331/3331 3332/3332/3332 3333/3333/3333
f 3334/3334/3334 3335/3335/3335 3336/3336/3336
f 3337/3337/3337 3338/3338/3338 3339/3339/3339
f 3340/3340/3340 3341/3341/3341 3342/3342/3342
f 3343/3343/3343 3344/3344/3344 3345/3345/3345
f 3346/3346/3346 3347/3347/3347 3348/3348/3348
f 3349/3349/3349 3350/3350/3350 3351/3351/3351
f 3352/3352/3352 3353/3353/3353 3354/3354/3354
f 3355/3355/3355 3356/3356/3356 3357/3357/3357
f 3358/3358/3358 3359/3359/3359 3360/3360/3360
f 3361/3361/3361 3362/3362/3362 3363/3363/3363
f 3364/3364/3364 3365/3365/3365 3366/3366/3366
f 3367/3367/3367 3368/3368/3368 3369/3369/3369
f 3370/3370/3370 3371/3371/3371 3372/3372/3372
f 3373/3373/3373 3374/3374/3374 3375/3375/3375
f 3376/3376/3376 3377/3377/3377 3378/3378/3378
f 3379/3379/3379 3380/3380/3380 3381/3381/3381
f 3382/3382/3382 3383/3383/3383 3384/3384/3384
f 3385/3385/3385 3386/3386/3386 3387/3387/3387
f 3388/3388/3388 3389/3389/3389 3390/3390/3390
f 3391/3391/3391 3392/3392/3392 3393/3393/3393
f 3394/3394/3394 3395/3395/3395 3396/3396/3396
f 3397/3397/3397 3398/3398/3398 3399/3399/3399
f 3400/3400/3400 3401/3401/3401 3402/3402/3402
f 3403/3403/3403 3404/3404/3404 3405/3405/3405
f 3406/3406/3406 3407/3407/3407 3408/3408/3408
f 3409/3409/3409 3410/3410/3410 3411/3411/3411
f 3412/3412/3412 3413/3413/3413 3414/3414/3414
f 3415/3415/3415 3416/3416/3416 3417/3417/3417
f 3418/3418/3418 3419/3419/3419 3420/3420/3420
f 3421/3421/3421 3422/3422/3422 3423/3423/3423
f 3424/3424/3424 3425/3425/3425 3426/3426/3426
f 3427/3427/3427 3428/3428/3428 3429/3429/3429
f 3430/3430/3430 3431/3431/3431 3432/3432/3432
f 3433/3433/3433 3434/3434/3434 3435/3435/3435
f 3436/3436/3436 3437/3437/3437 3438/3438/3438
f 3439/3439/3439 3440/3440/3440 3441/3441/3441
f 3442/3442/3442 3443/3443/3443 3444/3444/3444
f 3445/3445/3445 3446/3446/3446 3447/3447/3447
f 3448/3448/3448 3449/3449/3449 3450/3450/3450
f 3451/3451/3451 3452/3452/3452 3453/3453/3453
f 3454/3454/3454 3455/3455/3455 3456/3456/3456
f 3457/3457/3457 3458/3458/3458 3459/3459/3459
f 3460/3460/3460 3461/3461/3461 3462/3462/3462
f 3463/3463/3463 3464/3464/3464 3465/3465/3465
f 3466/3466/3466 3467/3467/3467 3468/3468/3468
f 3469/3469/3469 3470/3470/3470 3471/3471/3471
f 3472/3472/3472 3473/3473/3473 3474/3474/3474
f 3475/3475/3475 3476/3476/3476 3477/3477/3477
f 3478/3478/3478 3479/3479/3479 3480/3480/3480
f 3481/3481/3481 3482/3482/3482 3483/3483/3483
f 3484/3484/3484 3485/3485/3485 3486/3486/3486
f 3487/3487/3487 3488/3488/3488 3489/3489/3489
f 3490/3490/3490 3491/3491/3491 3492/3492/3492
f 3493/3493/3493 3494/3494/3494 3495/3495/3495
f 3496/3496/3496 3497/3497/3497 3498/3498/3498
f 3499/3499/3499 3500/3500/3500 3501/3501/3501
f 3502/3502/3502 3503/3503/3503 3504/3504/3504
f 3505/3505/3505 3506/3506/3506 3507/3507/3507
f 3508/3508/3508 3509/3509/3509 3510/3510/3510
f 3511/3511/3511 3512/3512/3512 3513/3513/3513
f 3514/3514/3514 3515/3515/3515 3516/3516/3516
f 3517/3517/3517 3518/3518/3518 3519/3519/3519
f 3520/3520/3520 3521/3521/3521 3522/3522/3522
f 3523/3523/3523 3524/3524/3524 3525/3525/3525
f 3526/3526/3526 3527/3527/3527 3528/3528/3528
f 3529/3529/3529 3530/3530/3530 3531/3531/3531
f 3532/3532/3532 3533/3533/3533 3534/3534/3534
f 3535/3535/3535 3536/3536/3536 3537/3537/3537
f 3538/3538/3538 3539/3539/3539 3540/3540/3540
f 3541/3541/3541 3542/3542/3542 3543/3543/3543
f 3544/3544/3544 3545/3545/3545 3546/3546/3546
f 3547/3547/3547 3548/3548/3548 3549/3549/3549
f 3550/3550/3550 3551/3551/3551 3552/3552/3552
f 3553/3553/3553 3554/3554/3554 3555/3555/3555
f 3556/3556/3556 3557/3557/3557 3558/3558/3558
f 3559/3559/3559 3560/3560/3560 3561/3561/3561
f 3562/3562/3562 3563/3563/3563 3564/3564/3564
f 3565/3565/3565 3566/3566/3566 3567/3567/3567
f 3568/3568/3568 3569/3569/3569 3570/3570/3570
f 3571/3571/3571 3572/3572/3572 3573/3573/3573
f 3574/3574/3574 3575/3575/3575 3576/3576/3576
f 3577/3577/3577 3578/3578/3578 3579/3579/3579
f 3580/3580/3580 3581/3581/3581 3582/3582/3582
f 3583/3583/3583 3584/3584/3584 3585/3585/3585
f 3586/3586/3586 3587/3587/3587 3588/3588/3588
f 3589/3589/3589 3590/3590/3590 3591/3591/3591
f 3592/3592/3592 3593/3593/3593 3594/3594/3594
f 3595/3595/3595 3596/3596/3596 3597/3597/3597
f 3598/3598/3598 3599/3599/3599 3600/3600/3600
f 3601/3601/3601 3602/3602/3602 3603/3603/3603
f 3604/3604/3604 3605/3605/3605 3606/3606/3606
f 3607/3607/3607 3608/3608/3608 3609/3609/3609
f 3610/3610/3610 3611/3611/3611 3612/3612/3612
f 3613/3613/3613 3614/3614/3614 3615/3615/3615
f 3616/3616/3616 3617/3617/3617 3618/3618/3618
f 3619/3619/3619 3620/3620/3620 3621/3621/3621
f 3622/3622/3622 3623/3623/3623 3624/3624/3624
f 3625/3625/3625 3626/3626/3626 3627/3627/3627
f 3628/3628/3628 3629/3629/3629 3630/3630/3630
f 3631/3631/3631 3632/3632/3632 3633/3633/3633
f 3634/3634/3634 3635/3635/3635 3636/3636/3636
f 3637/3637/3637 3638/3638/3638 3639/3639/3639
f 3640/3640/3640 3641/3641/3641 3642/3642/3642
f 3643/3643/3643 3644/3644/3644 3645/3645/3645
f 3646/3646/3646 3647/3647/3647 3648/3648/3648
f 3649/3649/3649 3650/3650/3650 3651/3651/3651
f 3652/3652/3652 3653/3653/3653 3654/3654/3654
f 3655/3655/3655 3656/3656/3656 3657/3657/3657
f 3658/3658/3658 3659/3659/3659 3660/3660/3660
f 3661/3661/3661 3662/3662/3662 3663/3663/3663
f 3664/3664/3664 3665/3665/3665 3666/3666/3666
f 3667/3667/3667 3668/3668/3668 3669/3669/3669
f 3670/3670/3670 3671/3671/3671 3672/3672/3672
f 3673/3673/3673 3674/3674/3674 3675/3675/3675
f 3676/3676/3676 3677/3677/3677 3678/3678/3678
f 3679/3679/3679 3680/3680/3680 3681/3681/3681
f 3682/3682/3682 3683/3683/3683 3684/3684/3684
f 3685/3685/3685 3686/3686/3686 3687/3687/3687
f 3688/3688/3688 3689/3689/3689 3690/3690/3690
f 3691/3691/3691 3692/3692/3692 3693/3693/3693
f 3694/3694/3694 3695/3695/3695 3696/3696/3696
f 3697/3697/3697 3698/3698/3698 3699/3699/3699
f 3700/3700/3700 3701/3701/3701 3702/3702/3702
f 3703/3703/3703 3704/3704/3704 3705/3705/3705
f 3706/3706/3706 3707/3707/3707 3708/3708/3708
f 3709/3709/3709 3710/3710/3710 3711/3711/3711
f 3712/3712/3712 3713/3713/3713 3714/3714/3714
f 3715/3715/3715 3716/3716/3716 3717/3717/3717
f 3718/3718/3718 3719/3719/3719 3720/3720/3720
f 3721/3721/3721 3722/3722/3722 3723/3723/3723
f 3724/3724/3724 3725/3725/3725 3726/3726/3726
f 3727/3727/3727 3728/3728/3728 3729/3729/3729
f 3730/3730/3730 3731/3731/3731 3732/3732/3732
f 3733/3733/3733 3734/3734/3734 3735/3735/3735
f 3736/3736/3736 3737/3737/3737 3738/3738/3738
f 3739/3739/3739 3740/3740/3740 3741/3741/3741
f 3742/3742/3742 3743/3743/3743 3744/3744/3744
f 3745/3745/3745 3746/3746/3746 3747/3747/3747
f 3748/3748/3748 3749/3749/3749 3750/3750/3750
f 3751/3751/3751 3752/3752/3752 3753/3753/3753
f 3754/3754/3754 3755/3755/3755 3756/3756/3756
f 3757/3757/3757 3758/3758/3758 3759/3759/3759
f 3760/3760/3760 3761/3761/3761 3762/3762/3762
f 3763/3763/3763 3764/3764/3764 3765/3765/3765
f 3766/3766/3766 3767/3767/3767 3768/3768/3768
f 3769/3769/3769 3770/3770/3770 3771/3771/3771
f 3772/3772/3772 3773/3773/3773 3774/3774/3774
f 3775/3775/3775 3776/3776/3776 3777/3777/3777
f 3778/3778/3778 3779/3779/3779 3780/3780/3780
f 3781/3781/3781 3782/3782/3782 3783/3783/3783
f 3784/3784/3784 3785/3785/3785 3786/3786/3786
f 3787/3787/3787 3788/3788/3788 3789/3789/3789
f 3790/3790/3790 3791/3791/3791 3792/3792/3792
f 3793/3793/3793 3794/3794/3794 3795/3795/3795
f 3796/3796/3796 3797/3797/3797 3798/3798/3798
f 3799/3799/3799 3800/3800/3800 3801/3801/3801
f 3802/3802/3802 3803/3803/3803 3804/3804/3804
f 3805/3805/3805 3806/3806/3806 3807/3807/3807
f 3808/3808/3808 3809/3809/3809 3810/3810/3810
f 3811/3811/3811 3812/3812/3812 3813/3813/3813
f 3814/3814/3814 3815/3815/3815 3816/3816/3816
f 3817/3817/3817 3818/3818/3818 3819/3819/3819
f 3820/3820/3820 3821/3821/3821 3822/3822/3822
f 3823/3823/3823 3824/3824/3824 3825/3825/3825
f 3826/3826/3826 3827/3827/3827 3828/3828/3828
f 3829/3829/3829 3830/3830/3830 3831/3831/3831
f 3832/3832/3832 3833/3833/3833 3834/3834/3834
f 3835/3835/3835 3836/3836/3836 3837/3837/3837
f 3838/3838/3838 3839/3839/3839 3840/3840/3840
f 3841/3841/3841 3842/3842/3842 3843/3843/3843
f 3844/3844/3844 3845/3845/3845 3846/3846/3846
f 3847/3847/3847 3848/3848/3848 3849/3849/3849
f 3850/3850/3850 3851/3851/3851 3852/3852/3852
f 3853/3853/3853 3854/3854/3854 3855/3855/3855
f 3856/3856/3856 3857/3857/3857 3858/3858/3858
f 3859/3859/3859 3860/3860/3860 3861/3861/3861
f 3862/3862/3862 3863/3863/3863 3864/3864/3864
f 3865/3865/3865 3866/3866/3866 3867/3867/3867
f 3868/3868/3868 3869/3869/3869 3870/3870/3870
f 3871/3871/3871 3872/3872/3872 3873/3873/3873
f 3874/3874/3874 3875/3875/3875 3876/3876/3876
usemtl hem
f 3877/3877/3877 3878/3878/3878 3879/3879/3879
f 3880/3880/3880 3881/3881/3881 3882/3882/3882
f 3883/3883/3883 3884/3884/3884 3885/3885/3885
f 3886/3886/3886 3887/3887/3887 3888/3888/3888
f 3889/3889/3889 3890/3890/3890 3891/3891/3891
f 3892/3892/3892 3893/3893/3893 3894/3894/3894
f 3895/3895/3895 3896/3896/3896 3897/3897/3897
f 3898/3898/3898 3899/3899/3899 3900/3900/3900
f 3901/3901/3901 3902/3902/3902 3903/3903/3903
f 3904/3904/3904 3905/3905/3905 3906/3906/3906
f 3907/3907/3907 3908/3908/3908 3909/3909/3909
f 3910/3910/3910 3911/3911/3911 3912/3912/3912
f 3913/3913/3913 3914/3914/3914 3915/3915/3915
f 3916/3916/3916 3917/3917/3917 3918/3918/3918
f 3919/3919/3919 3920/3920/3920 3921/3921/3921
f 3922/3922/3922 3923/3923/3923 3924/3924/3924
f 3925/3925/3925 3926/3926/3926 3927/3927/3927
f 3928/3928/3928 3929/3929/3929 3930/3930/3930
f 3931/3931/3931 3932/3932/3932 3933/3933/3933
f 3934/3934/3934 3935/3935/3935 3936/3936/3936
f 3937/3937/3937 3938/3938/3938 3939/3939/3939
f 3940/3940/3940 3941/3941/3941 3942/3942/3942
f 3943/3943/3943 3944/3944/3944 3945/3945/3945
f 3946/3946/3946 3947/3947/3947 3948/3948/3948
f 3949/3949/3949 3950/3950/3950 3951/3951/3951
f 3952/3952/3952 3953/3953/3953 3954/3954/3954
f 3955/3955/3955 3956/3956/3956 3957/3957/3957
f 3958/3958/3958 3959/3959/3959 3960/3960/3960
f 3961/3961/3961 3962/3962/3962 3963/3963/3963
f 3964/3964/3964 3965/3965/3965 3966/3966/3966
f 3967/3967/3967 3968/3968/3968 3969/3969/3969
f 3970/3970/3970 3971/3971/3971 3972/3972/3972
f 3973/3973/3973 3974/3974/3974 3975/3975/3975
f 3976/3976/3976 3977/3977/3977 3978/3978/3978
f 3979/3979/3979 3980/3980/3980 3981/3981/3981
f 3982/3982/3982 3983/3983/3983 3984/3984/3984
f 3985/3985/3985 3986/3986/3986 3987/3987/3987
f 3988/3988/3988 3989/3989/3989 3990/3990/3990
f 3991/3991/3991 3992/3992/3992 3993/3993/3993
f 3994/3994/3994 3995/3995/3995 3996/3996/3996
f 3997/3997/3997 3998/3998/3998 3999/3999/3999
f 4000/4000/4000 4001/4001/4001 4002/4002/4002
f 4003/4003/4003 4004/4004/4004 4005/4005/4005
f 4006/4006/4006 4007/4007/4007 4008/4008/4008
f 4009/4009/4009 4010/4010/4010 4011/4011/4011
f 4012/4012/4012 4013/4013/4013 4014/4014/4014
f 4015/4015/4015 4016/4016/4016 4017/4017/4017
f 4018/4018/4018 4019/4019/4019 4020/4020/4020
f 4021/4021/4021 4022/4022/4022 4023/4023/4023
f 4024/4024/4024 4025/4025/4025 4026/4026/4026
f 4027/4027/4027 4028/4028/4028 4029/4029/4029
f 4030/4030/4030 4031/4031/4031 4032/4032/4032
f 4033/4033/4033 4034/4034/4034 4035/4035/4035
f 4036/4036/4036 4037/4037/4037 4038/4038/4038
f 4039/4039/4039 4040/4040/4040 4041/4041/4041
f 4042/4042/4042 4043/4043/4043 4044/4044/4044
f 4045/4045/4045 4046/4046/4046 4047/4047/4047
f 4048/4048/4048 4049/4049/4049 4050/4050/4050
f 4051/4051/4051 4052/4052/4052 4053/4053/4053
f 4054/4054/4054 4055/4055/4055 4056/4056/4056
f 4057/4057/4057 4058/4058/4058 4059/4059/4059
f 4060/4060/4060 4061/4061/4061 4062/4062/4062
f 4063/4063/4063 4064/4064/4064 4065/4065/4065
f 4066/4066/4066 4067/4067/4067 4068/4068/4068
f 4069/4069/4069 4070/4070/4070 4071/4071/4071
f 4072/4072/4072 4073/4073/4073 4074/4074/4074
f 4075/4075/4075 4076/4076/4076 4077/4077/4077
f 4078/4078/4078 4079/4079/4079 4080/4080/4080
f 4081/4081/4081 4082/4082/4082 4083/4083/4083
f 4084/4084/4084 4085/4085/4085 4086/4086/4086
f 4087/4087/4087 4088/4088/4088 4089/4089/4089
f 4090/4090/4090 4091/4091/4091 4092/4092/4092
f 4093/4093/4093 4094/4094/4094 4095/4095/4095
f 4096/4096/4096 4097/4097/4097 4098/4098/4098
f 4099/4099/4099 4100/4100/4100 4101/4101/4101
f 4102/4102/4102 4103/4103/4103 4104/4104/4104
f 4105/4105/4105 4106/4106/4106 4107/4107/4107
f 4108/4108/4108 4109/4109/4109 4110/4110/4110
f 4111/4111/4111 4112/4112/4112 4113/4113/4113
f 4114/4114/4114 4115/4115/4115 4116/4116/4116
f 4117/4117/4117 4118/4118/4118 4119/4119/4119
f 4120/4120/4120 4121/4121/4121 4122/4122/4122
f 4123/4123/4123 4124/4124/4124 4125/4125/4125
f 4126/4126/4126 4127/4127/4127 4128/4128/4128
f 4129/4129/4129 4130/4130/4130 4131/4131/4131
f 4132/4132/4132 4133/4133/4133 4134/4134/4134
f 4135/4135/4135 4136/4136/4136 4137/4137/4137
f 4138/4138/4138 4139/4139/4139 4140/4140/4140
f 4141/4141/4141 4142/4142/4142 4143/4143/4143
f 4144/4144/4144 4145/4145/4145 4146/4146/4146
f 4147/4147/4147 4148/4148/4148 4149/4149/4149
f 4150/4150/4150 4151/4151/4151 4152/4152/4152
f 4153/4153/4153 4154/4154/4154 4155/4155/4155
f 4156/4156/4156 4157/4157/4157 4158/4158/4158
f 4159/4159/4159 4160/4160/4160 4161/4161/4161
f 4162/4162/4162 4163/4163/4163 4164/4164/4164
f 4165/4165/4165 4166/4166/4166 4167/4167/4167
f 4168/4168/4168 4169/4169/4169 4170/4170/4170
f 4171/4171/4171 4172/4172/4172 4173/4173/4173
f 4174/4174/4174 4175/4175/4175 4176/4176/4176
f 4177/4177/4177 4178/4178/4178 4179/4179/4179
f 4180/4180/4180 4181/4181/4181 4182/4182/4182
f 4183/4183/4183 4184/4184/4184 4185/4185/4185
f 4186/4186/4186 4187/4187/4187 4188/4188/4188
f 4189/4189/4189 4190/4190/4190 4191/4191/4191
f 4192/4192/4192 4193/4193/4193 4194/4194/4194
f 4195/4195/4195 4196/4196/4196 4197/4197/4197
f 4198/4198/4198 4199/4199/4199 4200/4200/4200
f 4201/4201/4201 4202/4202/4202 4203/4203/4203
f 4204/4204/4204 4205/4205/4205 4206/4206/4206
f 4207/4207/4207 4208/4208/4208 4209/4209/4209
f 4210/4210/4210 4211/4211/4211 4212/4212/4212
f 4213/4213/4213 4214/4214/4214 4215/4215/4215
f 4216/4216/4216 4217/4217/4217 4218/4218/4218
f 4219/4219/4219 4220/4220/4220 4221/4221/4221
f 4222/4222/4222 4223/4223/4223 4224/4224/4224
f 4225/4225/4225 4226/4226/4226 4227/4227/4227
f 4228/4228/4228 4229/4229/4229 4230/4230/4230
f 4231/4231/4231 4232/4232/4232 4233/4233/4233
f 4234/4234/4234 4235/4235/4235 4236/4236/4236
f 4237/4237/4237 4238/4238/4238 4239/4239/4239
f 4240/4240/4240 4241/4241/4241 4242/4242/4242
f 4243/4243/4243 4244/4244/4244 4245/4245/4245
f 4246/4246/4246 4247/4247/4247 4248/4248/4248
f 4249/4249/4249 4250/4250/4250 4251/4251/4251
f 4252/4252/4252 4253/4253/4253 4254/4254/4254
f 4255/4255/4255 4256/4256/4256 4257/4257/4257
f 4258/4258/4258 4259/4259/4259 4260/4260/4260
f 4261/4261/4261 4262/4262/4262 4263/4263/4263
f 4264/4264/4264 4265/4265/4265 4266/4266/4266
f 4267/4267/4267 4268/4268/4268 4269/4269/4269
f 4270/4270/4270 4271/4271/4271 4272/4272/4272
f 4273/4273/4273 4274/4274/4274 4275/4275/4275
f 4276/4276/4276 4277/4277/4277 4278/4278/4278
f 4279/4279/4279 4280/4280/4280 4281/4281/4281
f 4282/4282/4282 4283/4283/4283 4284/4284/4284
f 4285/4285/4285 4286/4286/4286 4287/4287/4287
f 4288/4288/4288 4289/4289/4289 4290/4290/4290
f 4291/4291/4291 4292/4292/4292 4293/4293/4293
f 4294/4294/4294 4295/4295/4295 4296/4296/4296
f 4297/4297/4297 4298/4298/4298 4299/4299/4299
f 4300/4300/4300 4301/4301/4301 4302/4302/4302
f 4303/4303/4303 4304/4304/4304 4305/4305/4305
f 4306/4306/4306 4307/4307/4307 4308/4308/4308
f 4309/4309/4309 4310/4310/4310 4311/4311/4311
f 4312/4312/4312 4313/4313/4313 4314/4314/4314
f 4315/4315/4315 4316/4316/4316 4317/4317/4317
f 4318/4318/4318 4319/4319/4319 4320/4320/4320
f 4321/4321/4321 4322/4322/4322 4323/4323/4323
f 4324/4324/4324 4325/4325/4325 4326/4326/4326
f 4327/4327/4327 4328/4328/4328 4329/4329/4329
f 4330/4330/4330 4331/4331/4331 4332/4332/4332
f 4333/4333/4333 4334/4334/4334 4335/4335/4335
f 4336/4336/4336 4337/4337/4337 4338/4338/4338
f 4339/4339/4339 4340/4340/4340 4341/4341/4341
f 4342/4342/4342 4343/4343/4343 4344/4344/4344
f 4345/4345/4345 4346/4346/4346 4347/4347/4347
f 4348/4348/4348 4349/4349/4349 4350/4350/4350
f 4351/4351/4351 4352/4352/4352 4353/4353/4353
f 4354/4354/4354 4355/4355/4355 4356/4356/4356
f 4357/4357/4357 4358/4358/4358 4359/4359/4359
f 4360/4360/4360 4361/4361/4361 4362/4362/4362
f 4363/4363/4363 4364/4364/4364 4365/4365/4365
f 4366/4366/4366 4367/4367/4367 4368/4368/4368
f 4369/4369/4369 4370/4370/4370 4371/4371/4371
f 4372/4372/4372 4373/4373/4373 4374/4374/4374
f 4375/4375/4375 4376/4376/4376 4377/4377/4377
f 4378/4378/4378 4379/4379/4379 4380/4380/4380
f 4381/4381/4381 4382/4382/4382 4383/4383/4383
f 4384/4384/4384 4385/4385/4385 4386/4386/4386
f 4387/4387/4387 4388/4388/4388 4389/4389/4389
f 4390/4390/4390 4391/4391/4391 4392/4392/4392
f 4393/4393/4393 4394/4394/4394 4395/4395/4395
f 4396/4396/4396 4397/4397/4397 4398/4398/4398
f 4399/4399/4399 4400/4400/4400 4401/4401/4401
f 4402/4402/4402 4403/4403/4403 4404/4404/4404
f 4405/4405/4405 4406/4406/4406 4407/4407/4407
f 4408/4408/4408 4409/4409/4409 4410/4410/4410
f 4411/4411/4411 4412/4412/4412 4413/4413/4413
f 4414/4414/4414 4415/4415/4415 4416/4416/4416
f 4417/4417/4417 4418/4418/4418 4419/4419/4419
f 4420/4420/4420 4421/4421/4421 4422/4422/4422
f 4423/4423/4423 4424/4424/4424 4425/4425/4425
f 4426/4426/4426 4427/4427/4427 4428/4428/4428
f 4429/4429/4429 4430/4430/4430 4431/4431/4431
f 4432/4432/4432 4433/4433/4433 4434/4434/4434
f 4435/4435/4435 4436/4436/4436 4437/4437/4437
f 4438/4438/4438 4439/4439/4439 4440/4440/4440
f 4441/4441/4441 4442/4442/4442 4443/4443/4443
f 4444/4444/4444 4445/4445/4445 4446/4446/4446
f 4447/4447/4447 4448/4448/4448 4449/4449/4449
f 4450/4450/4450 4451/4451/4451 4452/4452/4452
f 4453/4453/4453 4454/4454/4454 4455/4455/4455
f 4456/4456/4456 4457/4457/4457 4458/4458/4458
f 4459/4459/4459 4460/4460/4460 4461/4461/4461
f 4462/4462/4462 4463/4463/4463 4464/4464/4464
f 4465/4465/4465 4466/4466/4466 4467/4467/4467
f 4468/4468/4468 4469/4469/4469 4470/4470/4470
f 4471/4471/4471 4472/4472/4472 4473/4473/4473
f 4474/4474/4474 4475/4475/4475 4476/4476/4476
f 4477/4477/4477 4478/4478/4478 4479/4479/4479
f 4480/4480/4480 4481/4481/4481 4482/4482/4482
f 4483/4483/4483 4484/4484/4484 4485/4485/4485
f 4486/4486/4486 4487/4487/4487 4488/4488/4488
f 4489/4489/4489 4490/4490/4490 4491/4491/4491
f 4492/4492/4492 4493/4493/4493 4494/4494/4494
f 4495/4495/4495 4496/4496/4496 4497/4497/4497
f 4498/4498/4498 4499/4499/4499 4500/4500/4500
f 4501/4501/4501 4502/4502/4502 4503/4503/4503
f 4504/4504/4504 4505/4505/4505 4506/4506/4506
f 4507/4507/4507 4508/4508/4508 4509/4509/4509
f 4510/4510/4510 4511/4511/4511 4512/4512/4512
f 4513/4513/4513 4514/4514/4514 4515/4515/4515
f 4516/4516/4516 4517/4517/4517 4518/4518/4518
f 4519/4519/4519 4520/4520/4520 4521/4521/4521
f 4522/4522/4522 4523/4523/4523 4524/4524/4524
f 4525/4525/4525 4526/4526/4526 4527/4527/4527
f 4528/4528/4528 4529/4529/4529 4530/4530/4530
f 4531/4531/4531 4532/4532/4532 4533/4533/4533
f 4534/4534/4534 4535/4535/4535 4536/4536/4536
f 4537/4537/4537 4538/4538/4538 4539/4539/4539
f 4540/4540/4540 4541/4541/4541 4542/4542/4542
f 4543/4543/4543 4544/4544/4544 4545/4545/4545
f 4546/4546/4546 4547/4547/4547 4548/4548/4548
f 4549/4549/4549 4550/4550/4550 4551/4551/4551
f 4552/4552/4552 4553/4553/4553 4554/4554/4554
f 4555/4555/4555 4556/4556/4556 4557/4557/4557
f 4558/4558/4558 4559/4559/4559 4560/4560/4560
f 4561/4561/4561 4562/4562/4562 4563/4563/4563
f 4564/4564/4564 4565/4565/4565 4566/4566/4566
f 4567/4567/4567 4568/4568/4568 4569/4569/4569
f 4570/4570/4570 4571/4571/4571 4572/4572/4572
f 4573/4573/4573 4574/4574/4574 4575/4575/4575
f 4576/4576/4576 4577/4577/4577 4578/4578/4578
f 4579/4579/4579 4580/4580/4580 4581/4581/4581
f 4582/4582/4582 4583/4583/4583 4584/4584/4584
f 4585/4585/4585 4586/4586/4586 4587/4587/4587
f 4588/4588/4588 4589/4589/4589 4590/4590/4590
f 4591/4591/4591 4592/4592/4592 4593/4593/4593
f 4594/4594/4594 4595/4595/4595 4596/4596/4596
f 4597/4597/4597 4598/4598/4598 4599/4599/4599
f 4600/4600/4600 4601/4601/4601 4602/4602/4602
f 4603/4603/4603 4604/4604/4604 4605/4605/4605
f 4606/4606/4606 4607/4607/4607 4608/4608/4608
f 4609/4609/4609 4610/4610/4610 4611/4611/4611
f 4612/4612/4612 4613/4613/4613 4614/4614/4614
f 4615/4615/4615 4616/4616/4616 4617/4617/4617
f 4618/4618/4618 4619/4619/4619 4620/4620/4620
f 4621/4621/4621 4622/4622/4622 4623/4623/4623
f 4624/4624/4624 4625/4625/4625 4626/4626/4626
f 4627/4627/4627 4628/4628/4628 4629/4629/4629
f 4630/4630/4630 4631/4631/4631 4632/4632/4632
f 4633/4633/4633 4634/4634/4634 4635/4635/4635
f 4636/4636/4636 4637/4637/4637 4638/4638/4638
f 4639/4639/4639 4640/4640/4640 4641/4641/4641
f 4642/4642/4642 4643/4643/4643 4644/4644/4644
f 4645/4645/4645 4646/4646/4646 4647/4647/4647
f 4648/4648/4648 4649/4649/4649 4650/4650/4650
f 4651/4651/4651 4652/4652/4652 4653/4653/4653
f 4654/4654/4654 4655/4655/4655 4656/4656/4656
f 4657/4657/4657 4658/4658/4658 4659/4659/4659
f 4660/4660/4660 4661/4661/4661 4662/4662/4662
f 4663/4663/4663 4664/4664/4664 4665/4665/4665
f 4666/4666/4666 4667/4667/4667 4668/4668/4668
f 4669/4669/4669 4670/4670/4670 4671/4671/4671
f 4672/4672/4672 4673/4673/4673 4674/4674/4674
f 4675/4675/4675 4676/4676/4676 4677/4677/4677
f 4678/4678/4678 4679/4679/4679 4680/4680/4680
f 4681/4681/4681 4682/4682/4682 4683/4683/4683
f 4684/4684/4684 4685/4685/4685 4686/4686/4686
f 4687/4687/4687 4688/4688/4688 4689/4689/4689
f 4690/4690/4690 4691/4691/4691 4692/4692/4692
f 4693/4693/4693 4694/4694/4694 4695/4695/4695
f 4696/4696/4696 4697/4697/4697 4698/4698/4698
f 4699/4699/4699 4700/4700/4700 4701/4701/4701
f 4702/4702/4702 4703/4703/4703 4704/4704/4704
f 4705/4705/4705 4706/4706/4706 4707/4707/4707
f 4708/4708/4708 4709/4709/4709 4710/4710/4710
f 4711/4711/4711 4712/4712/4712 4713/4713/4713
f 4714/4714/4714 4715/4715/4715 4716/4716/4716
f 4717/4717/4717 4718/4718/4718 4719/4719/4719
f 4720/4720/4720 4721/4721/4721 4722/4722/4722
f 4723/4723/4723 4724/4724/4724 4725/4725/4725
f 4726/4726/4726 4727/4727/4727 4728/4728/4728
f 4729/4729/4729 4730/4730/4730 4731/4731/4731
f 4732/4732/4732 4733/4733/4733 4734/4734/4734
f 4735/4735/4735 4736/4736/4736 4737/4737/4737
f 4738/4738/4738 4739/4739/4739 4740/4740/4740
f 4741/4741/4741 4742/4742/4742 4743/4743/4743
f 4744/4744/4744 4745/4745/4745 4746/4746/4746
f 4747/4747/4747 4748/4748/4748 4749/4749/4749
f 4750/4750/4750 4751/4751/4751 4752/4752/4752
f 4753/4753/4753 4754/4754/4754 4755/4755/4755
f 4756/4756/4756 4757/4757/4757 4758/4758/4758
f 4759/4759/4759 4760/4760/4760 4761/4761/4761
f 4762/4762/4762 4763/4763/4763 4764/4764/4764
f 4765/4765/4765 4766/4766/4766 4767/4767/4767
f 4768/4768/4768 4769/4769/4769 4770/4770/4770
f 4771/4771/4771 4772/4772/4772 4773/4773/4773
f 4774/4774/4774 4775/4775/4775 4776/4776/4776
f 4777/4777/4777 4778/4778/4778 4779/4779/4779
f 4780/4780/4780 4781/4781/4781 4782/4782/4782
f 4783/4783/4783 4784/4784/4784 4785/4785/4785
f 4786/4786/4786 4787/4787/4787 4788/4788/4788
f 4789/4789/4789 4790/4790/4790 4791/4791/4791
f 4792/4792/4792 4793/4793/4793 4794/4794/4794
f 4795/4795/4795 4796/4796/4796 4797/4797/4797
f 4798/4798/4798 4799/4799/4799 4800/4800/4800
f 4801/4801/4801 4802/4802/4802 4803/4803/4803
f 4804/4804/4804 4805/4805/4805 4806/4806/4806
f 4807/4807/4807 4808/4808/4808 4809/4809/4809
f 4810/4810/4810 4811/4811/4811 4812/4812/4812
f 4813/4813/4813 4814/4814/4814 4815/4815/4815
f 4816/4816/4816 4817/4817/4817 4818/4818/4818
f 4819/4819/4819 4820/4820/4820 4821/4821/4821
f 4822/4822/4822 4823/4823/4823 4824/4824/4824
f 4825/4825/4825 4826/4826/4826 4827/4827/4827
f 4828/4828/4828 4829/4829/4829 4830/4830/4830
f 4831/4831/4831 4832/4832/4832 4833/4833/4833
f 4834/4834/4834 4835/4835/4835 4836/4836/4836
f 4837/4837/4837 4838/4838/4838 4839/4839/4839
f 4840/4840/4840 4841/4841/4841 4842/4842/4842
f 4843/4843/4843 4844/4844/4844 4845/4845/4845
f 4846/4846/4846 4847/4847/4847 4848/4848/4848
f 4849/4849/4849 4850/4850/4850 4851/4851/4851
f 4852/4852/4852 4853/4853/4853 4854/4854/4854
f 4855/4855/4855 4856/4856/4856 4857/4857/4857
f 4858/4858/4858 4859/4859/4859 4860/4860/4860
f 4861/4861/4861 4862/4862/4862 4863/4863/4863
f 4864/4864/4864 4865/4865/4865 4866/4866/4866
f 4867/4867/4867 4868/4868/4868 4869/4869/4869
f 4870/4870/4870 4871/4871/4871 4872/4872/4872
f 4873/4873/4873 4874/4874/4874 4875/4875/4875
f 4876/4876/4876 4877/4877/4877 4878/4878/4878
f 4879/4879/4879 4880/4880/4880 4881/4881/4881
f 4882/4882/4882 4883/4883/4883 4884/4884/4884
f 4885/4885/4885 4886/4886/4886 4887/4887/4887
f 4888/4888/4888 4889/4889/4889 4890/4890/4890
f 4891/4891/4891 4892/4892/4892 4893/4893/4893
f 4894/4894/4894 4895/4895/4895 4896/4896/4896
f 4897/4897/4897 4898/4898/4898 4899/4899/4899
f 4900/4900/4900 4901/4901/4901 4902/4902/4902
f 4903/4903/4903 4904/4904/4904 4905/4905/4905
f 4906/4906/4906 4907/4907/4907 4908/4908/4908
f 4909/4909/4909 4910/4910/4910 4911/4911/4911
f 4912/4912/4912 4913/4913/4913 4914/4914/4914
f 4915/4915/4915 4916/4916/4916 4917/4917/4917
f 4918/4918/4918 4919/4919/4919 4920/4920/4920
f 4921/4921/4921 4922/4922/4922 4923/4923/4923
f 4924/4924/4924 4925/4925/4925 4926/4926/4926
f 4927/4927/4927 4928/4928/4928 4929/4929/4929
f 4930/4930/4930 4931/4931/4931 4932/4932/4932
f 4933/4933/4933 4934/4934/4934 4935/4935/4935
f 4936/4936/4936 4937/4937/4937 4938/4938/4938
f 4939/4939/4939 4940/4940/4940 4941/4941/4941
f 4942/4942/4942 4943/4943/4943 4944/4944/4944
f 4945/4945/4945 4946/4946/4946 4947/4947/4947
f 4948/4948/4948 4949/4949/4949 4950/4950/4950
f 4951/4951/4951 4952/4952/4952 4953/4953/4953
f 4954/4954/4954 4955/4955/4955 4956/4956/4956
f 4957/4957/4957 4958/4958/4958 4959/4959/4959
f 4960/4960/4960 4961/4961/4961 4962/4962/4962
f 4963/4963/4963 4964/4964/4964 4965/4965/4965
f 4966/4966/4966 4967/4967/4967 4968/4968/4968
f 4969/4969/4969 4970/4970/4970 4971/4971/4971
f 4972/4972/4972 4973/4973/4973 4974/4974/4974
f 4975/4975/4975 4976/4976/4976 4977/4977/4977
f 4978/4978/4978 4979/4979/4979 4980/4980/4980
f 4981/4981/4981 4982/4982/4982 4983/4983/4983
f 4984/4984/4984 4985/4985/4985 4986/4986/4986
f 4987/4987/4987 4988/4988/4988 4989/4989/4989
f 4990/4990/4990 4991/4991/4991 4992/4992/4992
f 4993/4993/4993 4994/4994/4994 4995/4995/4995
f 4996/4996/4996 4997/4997/4997 4998/4998/4998
f 4999/4999/4999 5000/5000/5000 5001/5001/5001
f 5002/5002/5002 5003/5003/5003 5004/5004/5004
f 5005/5005/5005 5006/5006/5006 5007/5007/5007
f 5008/5008/5008 5009/5009/5009 5010/5010/5010
f 5011/5011/5011 5012/5012/5012 5013/5013/5013
f 5014/5014/5014 5015/5015/5015 5016/5016/5016
f 5017/5017/5017 5018/5018/5018 5019/5019/5019
f 5020/5020/5020 5021/5021/5021 5022/5022/5022
f 5023/5023/5023 5024/5024/5024 5025/5025/5025
f 5026/5026/5026 5027/5027/5027 5028/5028/5028
f 5029/5029/5029 5030/5030/5030 5031/5031/5031
f 5032/5032/5032 5033/5033/5033 5034/5034/5034
f 5035/5035/5035 5036/5036/5036 5037/5037/5037
f 5038/5038/5038 5039/5039/5039 5040/5040/5040
f 5041/5041/5041 5042/5042/5042 5043/5043/5043
f 5044/5044/5044 5045/5045/5045 5046/5046/5046
f 5047/5047/5047 5048/5048/5048 5049/5049/5049
f 5050/5050/5050 5051/5051/5051 5052/5052/5052
f 5053/5053/5053 5054/5054/5054 5055/5055/5055
f 5056/5056/5056 5057/5057/5057 5058/5058/5058
f 5059/5059/5059 5060/5060/5060 5061/5061/5061
f 5062/5062/5062 5063/5063/5063 5064/5064/5064
f 5065/5065/5065 5066/5066/5066 5067/5067/5067
f 5068/5068/5068 5069/5069/5069 5070/5070/5070
f 5071/5071/5071 5072/5072/5072 5073/5073/5073
f 5074/5074/5074 5075/5075/5075 5076/5076/5076
f 5077/5077/5077 5078/5078/5078 5079/5079/5079
f 5080/5080/5080 5081/5081/5081 5082/5082/5082
f 5083/5083/5083 5084/5084/5084 5085/5085/5085
f 5086/5086/5086 5087/5087/5087 5088/5088/5088
f 5089/5089/5089 5090/5090/5090 5091/5091/5091
f 5092/5092/5092 5093/5093/5093 5094/5094/5094
f 5095/5095/5095 5096/5096/5096 5097/5097/5097
f 5098/5098/5098 5099/5099/5099 5100/5100/5100
f 5101/5101/5101 5102/5102/5102 5103/5103/5103
f 5104/5104/5104 5105/5105/5105 5106/5106/5106
f 5107/5107/5107 5108/5108/5108 5109/5109/5109
f 5110/5110/5110 5111/5111/5111 5112/5112/5112
f 5113/5113/5113 5114/5114/5114 5115/5115/5115
f 5116/5116/5116 5117/5117/5117 5118/5118/5118
f 5119/5119/5119 5120/5120/5120 5121/5121/5121
f 5122/5122/5122 5123/5123/5123 5124/5124/5124
f 5125/5125/5125 5126/5126/5126 5127/5127/5127
f 5128/5128/5128 5129/5129/5129 5130/5130/5130
f 5131/5131/5131 5132/5132/5132 5133/5133/5133
f 5134/5134/5134 5135/5135/5135 5136/5136/5136
f 5137/5137/5137 5138/5138/5138 5139/5139/5139
f 5140/5140/5140 5141/5141/5141 5142/5142/5142
f 5143/5143/5143 5144/5144/5144 5145/5145/5145
f 5146/5146/5146 5147/5147/5147 5148/5148/5148
f 5149/5149/5149 5150/5150/5150 5151/5151/5151
f 5152/5152/5152 5153/5153/5153 5154/5154/5154
f 5155/5155/5155 5156/5156/5156 5157/5157/5157
f 5158/5158/5158 5159/5159/5159 5160/5160/5160
f 5161/5161/5161 5162/5162/5162 5163/5163/5163
f 5164/5164/5164 5165/5165/5165 5166/5166/5166
f 5167/5167/5167 5168/5168/5168 5169/5169/5169
f 5170/5170/5170 5171/5171/5171 5172/5172/5172
f 5173/5173/5173 5174/5174/5174 5175/5175/5175
f 5176/5176/5176 5177/5177/5177 5178/5178/5178
f 5179/5179/5179 5180/5180/5180 5181/5181/5181
f 5182/5182/5182 5183/5183/5183 5184/5184/5184
f 5185/5185/5185 5186/5186/5186 5187/5187/5187
f 5188/5188/5188 5189/5189/5189 5190/5190/5190
f 5191/5191/5191 5192/5192/5192 5193/5193/5193
f 5194/5194/5194 5195/5195/5195 5196/5196/5196
f 5197/5197/5197 5198/5198/5198 5199/5199/5199
f 5200/5200/5200 5201/5201/5201 5202/5202/5202
f 5203/5203/5203 5204/5204/5204 5205/5205/5205
f 5206/5206/5206 5207/5207/5207 5208/5208/5208
f 5209/5209/5209 5210/5210/5210 5211/5211/5211
f 5212/5212/5212 5213/5213/5213 5214/5214/5214
f 5215/5215/5215 5216/5216/5216 5217/5217/5217
f 5218/5218/5218 5219/5219/5219 5220/5220/5220
f 5221/5221/5221 5222/5222/5222 5223/5223/5223
f 5224/5224/5224 5225/5225/5225 5226/5226/5226
f 5227/5227/5227 5228/5228/5228 5229/5229/5229
f 5230/5230/5230 5231/5231/5231 5232/5232/5232
f 5233/5233/5233 5234/5234/5234 5235/5235/5235
f 5236/5236/5236 5237/5237/5237 5238/5238/5238
f 5239/5239/5239 5240/5240/5240 5241/5241/5241
f 5242/5242/5242 5243/5243/5243 5244/5244/5244
f 5245/5245/5245 5246/5246/5246 5247/5247/5247
f 5248/5248/5248 5249/5249/5249 5250/5250/5250
f 5251/5251/5251 5252/5252/5252 5253/5253/5253
f 5254/5254/5254 5255/5255/5255 5256/5256/5256
f 5257/5257/5257 5258/5258/5258 5259/5259/5259
f 5260/5260/5260 5261/5261/5261 5262/5262/5262
f 5263/5263/5263 5264/5264/5264 5265/5265/5265
f 5266/5266/5266 5267/5267/5267 5268/5268/5268
f 5269/5269/5269 5270/5270/5270 5271/5271/5271
f 5272/5272/5272 5273/5273/5273 5274/5274/5274
f 5275/5275/5275 5276/5276/5276 5277/5277/5277
f 5278/5278/5278 5279/5279/5279 5280/5280/5280
f 5281/5281/5281 5282/5282/5282 5283/5283/5283
f 5284/5284/5284 5285/5285/5285 5286/5286/5286
f 5287/5287/5287 5288/5288/5288 5289/5289/5289
f 5290/5290/5290 5291/5291/5291 5292/5292/5292
f 5293/5293/5293 5294/5294/5294 5295/5295/5295
f 5296/5296/5296 5297/5297/5297 5298/5298/5298
f 5299/5299/5299 5300/5300/5300 5301/5301/5301
f 5302/5302/5302 5303/5303/5303 5304/5304/5304
f 5305/5305/5305 5306/5306/5306 5307/5307/5307
f 5308/5308/5308 5309/5309/5309 5310/5310/5310
f 5311/5311/5311 5312/5312/5312 5313/5313/5313
f 5314/5314/5314 5315/5315/5315 5316/5316/5316
f 5317/5317/5317 5318/5318/5318 5319/5319/5319
f 5320/5320/5320 5321/5321/5321 5322/5322/5322
f 5323/5323/5323 5324/5324/5324 5325/5325/5325
f 5326/5326/5326 5327/5327/5327 5328/5328/5328
f 5329/5329/5329 5330/5330/5330 5331/5331/5331
f 5332/5332/5332 5333/5333/5333 5334/5334/5334
f 5335/5335/5335 5336/5336/5336 5337/5337/5337
f 5338/5338/5338 5339/5339/5339 5340/5340/5340
f 5341/5341/5341 5342/5342/5342 5343/5343/5343
f 5344/5344/5344 5345/5345/5345 5346/5346/5346
f 5347/5347/5347 5348/5348/5348 5349/5349/5349
f 5350/5350/5350 5351/5351/5351 5352/5352/5352
f 5353/5353/5353 5354/5354/5354 5355/5355/5355
f 5356/5356/5356 5357/5357/5357 5358/5358/5358
f 5359/5359/5359 5360/5360/5360 5361/5361/5361
f 5362/5362/5362 5363/5363/5363 5364/5364/5364
f 5365/5365/5365 5366/5366/5366 5367/5367/5367
f 5368/5368/5368 5369/5369/5369 5370/5370/5370
f 5371/5371/5371 5372/5372/5372 5373/5373/5373
f 5374/5374/5374 5375/5375/5375 5376/5376/5376
f 5377/5377/5377 5378/5378/5378 5379/5379/5379
f 5380/5380/5380 5381/5381/5381 5382/5382/5382
f 5383/5383/5383 5384/5384/5384 5385/5385/5385
f 5386/5386/5386 5387/5387/5387 5388/5388/5388
f 5389/5389/5389 5390/5390/5390 5391/5391/5391
f 5392/5392/5392 5393/5393/5393 5394/5394/5394
f 5395/5395/5395 5396/5396/5396 5397/5397/5397
f 5398/5398/5398 5399/5399/5399 5400/5400/5400
f 5401/5401/5401 5402/5402/5402 5403/5403/5403
f 5404/5404/5404 5405/5405/5405 5406/5406/5406
f 5407/5407/5407 5408/5408/5408 5409/5409/5409
f 5410/5410/5410 5411/5411/5411 5412/5412/5412
f 5413/5413/5413 5414/5414/5414 5415/5415/5415
f 5416/5416/5416 5417/5417/5417 5418/5418/5418
f 5419/5419/5419 5420/5420/5420 5421/5421/5421
f 5422/5422/5422 5423/5423/5423 5424/5424/5424
f 5425/5425/5425 5426/5426/5426 5427/5427/5427
f 5428/5428/5428 5429/5429/5429 5430/5430/5430
f 5431/5431/5431 5432/5432/5432 5433/5433/5433
f 5434/5434/5434 5435/5435/5435 5436/5436/5436
f 5437/5437/5437 5438/5438/5438 5439/5439/5439
f 5440/5440/5440 5441/5441/5441 5442/5442/5442
f 5443/5443/5443 5444/5444/5444 5445/5445/5445
f 5446/5446/5446 5447/5447/5447 5448/5448/5448
f 5449/5449/5449 5450/5450/5450 5451/5451/5451
f 5452/5452/5452 5453/5453/5453 5454/5454/5454
f 5455/5455/5455 5456/5456/5456 5457/5457/5457
f 5458/5458/5458 5459/5459/5459 5460/5460/5460
f 5461/5461/5461 5462/5462/5462 5463/5463/5463
f 5464/5464/5464 5465/5465/5465 5466/5466/5466
f 5467/5467/5467 5468/5468/5468 5469/5469/5469
f 5470/5470/5470 5471/5471/5471 5472/5472/5472
f 5473/5473/5473 5474/5474/5474 5475/5475/5475
f 5476/5476/5476 5477/5477/5477 5478/5478/5478
f 5479/5479/5479 5480/5480/5480 5481/5481/5481
f 5482/5482/5482 5483/5483/5483 5484/5484/5484
f 5485/5485/5485 5486/5486/5486 5487/5487/5487
f 5488/5488/5488 5489/5489/5489 5490/5490/5490
f 5491/5491/5491 5492/5492/5492 5493/5493/5493
f 5494/5494/5494 5495/5495/5495 5496/5496/5496
f 5497/5497/5497 5498/5498/5498 5499/5499/5499
f 5500/5500/5500 5501/5501/5501 5502/5502/5502
f 5503/5503/5503 5504/5504/5504 5505/5505/5505
f 5506/5506/5506 5507/5507/5507 5508/5508/5508
f 5509/5509/5509 5510/5510/5510 5511/5511/5511
f 5512/5512/5512 5513/5513/5513 5514/5514/5514
f 5515/5515/5515 5516/5516/5516 5517/5517/5517
f 5518/5518/5518 5519/5519/5519 5520/5520/5520
f 5521/5521/5521 5522/5522/5522 5523/5523/5523
f 5524/5524/5524 5525/5525/5525 5526/5526/5526
f 5527/5527/5527 5528/5528/5528 5529/5529/5529
f 5530/5530/5530 5531/5531/5531 5532/5532/5532
f 5533/5533/5533 5534/5534/5534 5535/5535/5535
f 5536/5536/5536 5537/5537/5537 5538/5538/5538
f 5539/5539/5539 5540/5540/5540 5541/5541/5541
f 5542/5542/5542 5543/5543/5543 5544/5544/5544
f 5545/5545/5545 5546/5546/5546 5547/5547/5547
f 5548/5548/5548 5549/5549/5549 5550/5550/5550
f 5551/5551/5551 5552/5552/5552 5553/5553/5553
f 5554/5554/5554 5555/5555/5555 5556/5556/5556
f 5557/5557/5557 5558/5558/5558 5559/5559/5559
f 5560/5560/5560 5561/5561/5561 5562/5562/5562
f 5563/5563/5563 5564/5564/5564 5565/5565/5565
f 5566/5566/5566 5567/5567/5567 5568/5568/5568
f 5569/5569/5569 5570/5570/5570 5571/5571/5571
f 5572/5572/5572 5573/5573/5573 5574/5574/5574
f 5575/5575/5575 5576/5576/5576 5577/5577/5577
f 5578/5578/5578 5579/5579/5579 5580/5580/5580
f 5581/5581/5581 5582/5582/5582 5583/5583/5583
f 5584/5584/5584 5585/5585/5585 5586/5586/5586
f 5587/5587/5587 5588/5588/5588 5589/5589/5589
f 5590/5590/5590 5591/5591/5591 5592/5592/5592
f 5593/5593/5593 5594/5594/5594 5595/5595/5595
f 5596/5596/5596 5597/5597/5597 5598/5598/5598
f 5599/5599/5599 5600/5600/5600 5601/5601/5601
f 5602/5602/5602 5603/5603/5603 5604/5604/5604
f 5605/5605/5605 5606/5606/5606 5607/5607/5607
f 5608/5608/5608 5609/5609/5609 5610/5610/5610
f 5611/5611/5611 5612/5612/5612 5613/5613/5613
f 5614/5614/5614 5615/5615/5615 5616/5616/5616
f 5617/5617/5617 5618/5618/5618 5619/5619/5619
f 5620/5620/5620 5621/5621/5621 5622/5622/5622
f 5623/5623/5623 5624/5624/5624 5625/5625/5625
f 5626/5626/5626 5627/5627/5627 5628/5628/5628
f 5629/5629/5629 5630/5630/5630 5631/5631/5631
f 5632/5632/5632 5633/5633/5633 5634/5634/5634
f 5635/5635/5635 5636/5636/5636 5637/5637/5637
f 5638/5638/5638 5639/5639/5639 5640/5640/5640
f 5641/5641/5641 5642/5642/5642 5643/5643/5643
f 5644/5644/5644 5645/5645/5645 5646/5646/5646
f 5647/5647/5647 5648/5648/5648 5649/5649/5649
f 5650/5650/5650 5651/5651/5651 5652/5652/5652
f 5653/5653/5653 5654/5654/5654 5655/5655/5655
f 5656/5656/5656 5657/5657/5657 5658/5658/5658
f 5659/5659/5659 5660/5660/5660 5661/5661/5661
f 5662/5662/5662 5663/5663/5663 5664/5664/5664
f 5665/5665/5665 5666/5666/5666 5667/5667/5667
f 5668/5668/5668 5669/5669/5669 5670/5670/5670
f 5671/5671/5671 5672/5672/5672 5673/5673/5673
f 5674/5674/5674 5675/5675/5675 5676/5676/5676
f 5677/5677/5677 5678/5678/5678 5679/5679/5679
f 5680/5680/5680 5681/5681/5681 5682/5682/5682
f 5683/5683/5683 5684/5684/5684 5685/5685/5685
f 5686/5686/5686 5687/5687/5687 5688/5688/5688
f 5689/5689/5689 5690/5690/5690 5691/5691/5691
f 5692/5692/5692 5693/5693/5693 5694/5694/5694
f 5695/5695/5695 5696/5696/5696 5697/5697/5697
f 5698/5698/5698 5699/5699/5699 5700/5700/5700
f 5701/5701/5701 5702/5702/5702 5703/5703/5703
f 5704/5704/5704 5705/5705/5705 5706/5706/5706
f 5707/5707/5707 5708/5708/5708 5709/5709/5709
f 5710/5710/5710 5711/5711/5711 5712/5712/5712
f 5713/5713/5713 5714/5714/5714 5715/5715/5715
f 5716/5716/5716 5717/5717/5717 5718/5718/5718
f 5719/5719/5719 5720/5720/5720 5721/5721/5721
f 5722/5722/5722 5723/5723/5723 5724/5724/5724
f 5725/5725/5725 5726/5726/5726 5727/5727/5727
f 5728/5728/5728 5729/5729/5729 5730/5730/5730
f 5731/5731/5731 5732/5732/5732 5733/5733/5733
f 5734/5734/5734 5735/5735/5735 5736/5736/5736
f 5737/5737/5737 5738/5738/5738 5739/5739/5739
f 5740/5740/5740 5741/5741/5741 5742/5742/5742
f 5743/5743/5743 5744/5744/5744 5745/5745/5745
f 5746/5746/5746 5747/5747/5747 5748/5748/5748
f 5749/5749/5749 5750/5750/5750 5751/5751/5751
f 5752/5752/5752 5753/5753/5753 5754/5754/5754
f 5755/5755/5755 5756/5756/5756 5757/5757/5757
f 5758/5758/5758 5759/5759/5759 5760/5760/5760
f 5761/5761/5761 5762/5762/5762 5763/5763/5763
f 5764/5764/5764 5765/5765/5765 5766/5766/5766
f 5767/5767/5767 5768/5768/5768 5769/5769/5769
f 5770/5770/5770 5771/5771/5771 5772/5772/5772
f 5773/5773/5773 5774/5774/5774 5775/5775/5775
f 5776/5776/5776 5777/5777/5777 5778/5778/5778
f 5779/5779/5779 5780/5780/5780 5781/5781/5781
f 5782/5782/5782 5783/5783/5783 5784/5784/5784
f 5785/5785/5785 5786/5786/5786 5787/5787/5787
f 5788/5788/5788 5789/5789/5789 5790/5790/5790
f 5791/5791/5791 5792/5792/5792 5793/5793/5793
f 5794/5794/5794 5795/5795/5795 5796/5796/5796
f 5797/5797/5797 5798/5798/5798 5799/5799/5799
f 5800/5800/5800 5801/5801/5801 5802/5802/5802
f 5803/5803/5803 5804/5804/5804 5805/5805/5805
f 5806/5806/5806 5807/5807/5807 5808/5808/5808
f 5809/5809/5809 5810/5810/5810 5811/5811/5811
f 5812/5812/5812 5813/5813/5813 5814/5814/5814
f 5815/5815/5815 5816/5816/5816 5817/5817/5817
f 5818/5818/5818 5819/5819/5819 5820/5820/5820
f 5821/5821/5821 5822/5822/5822 5823/5823/5823
f 5824/5824/5824 5825/5825/5825 5826/5826/5826
f 5827/5827/5827 5828/5828/5828 5829/5829/5829
f 5830/5830/5830 5831/5831/5831 5832/5832/5832
f 5833/5833/5833 5834/5834/5834 5835/5835/5835
f 5836/5836/5836 5837/5837/5837 5838/5838/5838
f 5839/5839/5839 5840/5840/5840 5841/5841/5841
f 5842/5842/5842 5843/5843/5843 5844/5844/5844
f 5845/5845/5845 5846/5846/5846 5847/5847/5847
f 5848/5848/5848 5849/5849/5849 5850/5850/5850
f 5851/5851/5851 5852/5852/5852 5853/5853/5853
f 5854/5854/5854 5855/5855/5855 5856/5856/5856
f 5857/5857/5857 5858/5858/5858 5859/5859/5859
f 5860/5860/5860 5861/5861/5861 5862/5862/5862
f 5863/5863/5863 5864/5864/5864 5865/5865/5865
f 5866/5866/5866 5867/5867/5867 5868/5868/5868
f 5869/5869/5869 5870/5870/5870 5871/5871/5871
f 5872/5872/5872 5873/5873/5873 5874/5874/5874
f 5875/5875/5875 5876/5876/5876 5877/5877/5877
f 5878/5878/5878 5879/5879/5879 5880/5880/5880
f 5881/5881/5881 5882/5882/5882 5883/5883/5883
f 5884/5884/5884 5885/5885/5885 5886/5886/5886
f 5887/5887/5887 5888/5888/5888 5889/5889/5889
f 5890/5890/5890 5891/5891/5891 5892/5892/5892
f 5893/5893/5893 5894/5894/5894 5895/5895/5895
f 5896/5896/5896 5897/5897/5897 5898/5898/5898
f 5899/5899/5899 5900/5900/5900 5901/5901/5901
f 5902/5902/5902 5903/5903/5903 5904/5904/5904
f 5905/5905/5905 5906/5906/5906 5907/5907/5907
f 5908/5908/5908 5909/5909/5909 5910/5910/5910
f 5911/5911/5911 5912/5912/5912 5913/5913/5913
f 5914/5914/5914 5915/5915/5915 5916/5916/5916
f 5917/5917/5917 5918/5918/5918 5919/5919/5919
f 5920/5920/5920 5921/5921/5921 5922/5922/5922
f 5923/5923/5923 5924/5924/5924 5925/5925/5925
f 5926/5926/5926 5927/5927/5927 5928/5928/5928
f 5929/5929/5929 5930/5930/5930 5931/5931/5931
f 5932/5932/5932 5933/5933/5933 5934/5934/5934
f 5935/5935/5935 5936/5936/5936 5937/5937/5937
f 5938/5938/5938 5939/5939/5939 5940/5940/5940
f 5941/5941/5941 5942/5942/5942 5943/5943/5943
f 5944/5944/5944 5945/5945/5945 5946/5946/5946
