# round_table: generated by tools/props
mtllib round_table.mtl
o round_table
v 1.00500 0.00000 0.50000
vt 0.00000 0.00000
vn 0.9514 0.1142 -0.2860
v 1.00200 0.02500 0.50000
vt 0.00000 0.02518
vn 0.9593 0.0384 -0.2799
v 1.01524 0.02500 0.55805
vt 0.03571 0.02518
vn 0.9895 0.0561 0.1335
v 1.00500 0.00000 0.50000
vt 0.00000 0.00000
vn 0.9514 0.1142 -0.2860
v 1.01524 0.02500 0.55805
vt 0.03571 0.02518
vn 0.9895 0.0561 0.1335
v 1.01882 0.00000 0.55846
vt 0.03571 0.00000
vn 0.9808 0.1426 0.1330
v 1.01882 0.00000 0.55846
vt 0.03571 0.00000
vn 0.9808 0.1426 0.1330
v 1.01524 0.02500 0.55805
vt 0.03571 0.02518
vn 0.9895 0.0561 0.1335
v 0.98701 0.02500 0.61116
vt 0.07143 0.02518
vn 0.8737 0.0361 0.4851
v 1.01882 0.00000 0.55846
vt 0.03571 0.00000
vn 0.9808 0.1426 0.1330
v 0.98701 0.02500 0.61116
vt 0.07143 0.02518
vn 0.8737 0.0361 0.4851
v 0.98984 0.00000 0.61180
vt 0.07143 0.00000
vn 0.8650 0.1108 0.4894
v 0.98984 0.00000 0.61180
vt 0.07143 0.00000
vn 0.8650 0.1108 0.4894
v 0.98701 0.02500 0.61116
vt 0.07143 0.02518
vn 0.8737 0.0361 0.4851
v 0.95842 0.02500 0.66041
vt 0.10714 0.02518
vn 0.9566 0.0239 0.2906
v 0.98984 0.00000 0.61180
vt 0.07143 0.00000
vn 0.8650 0.1108 0.4894
v 0.95842 0.02500 0.66041
vt 0.10714 0.02518
vn 0.9566 0.0239 0.2906
v 0.96069 0.00000 0.66120
vt 0.10714 0.00000
vn 0.9528 0.0957 0.2881
v 0.96069 0.00000 0.66120
vt 0.10714 0.00000
vn 0.9528 0.0957 0.2881
v 0.95842 0.02500 0.66041
vt 0.10714 0.02518
vn 0.9566 0.0239 0.2906
v 0.95431 0.02500 0.71879
vt 0.14286 0.02518
vn 0.9854 0.0405 0.1651
v 0.96069 0.00000 0.66120
vt 0.10714 0.00000
vn 0.9528 0.0957 0.2881
v 0.95431 0.02500 0.71879
vt 0.14286 0.02518
vn 0.9854 0.0405 0.1651
v 0.95709 0.00000 0.72012
vt 0.14286 0.00000
vn 0.9807 0.1173 0.1562
v 0.95709 0.00000 0.72012
vt 0.14286 0.00000
vn 0.9807 0.1173 0.1562
v 0.95431 0.02500 0.71879
vt 0.14286 0.02518
vn 0.9854 0.0405 0.1651
v 0.93907 0.02500 0.77589
vt 0.17857 0.02518
vn 0.8451 0.0562 0.5316
v 0.95709 0.00000 0.72012
vt 0.14286 0.00000
vn 0.9807 0.1173 0.1562
v 0.93907 0.02500 0.77589
vt 0.17857 0.02518
vn 0.8451 0.0562 0.5316
v 0.94212 0.00000 0.77781
vt 0.17857 0.00000
vn 0.8378 0.1427 0.5270
v 0.94212 0.00000 0.77781
vt 0.17857 0.00000
vn 0.8378 0.1427 0.5270
v 0.93907 0.02500 0.77589
vt 0.17857 0.02518
vn 0.8451 0.0562 0.5316
v 0.89419 0.02500 0.81436
vt 0.21429 0.02518
vn 0.5820 0.0405 0.8122
v 0.94212 0.00000 0.77781
vt 0.17857 0.00000
vn 0.8378 0.1427 0.5270
v 0.89419 0.02500 0.81436
vt 0.21429 0.02518
vn 0.5820 0.0405 0.8122
v 0.89660 0.00000 0.81628
vt 0.21429 0.00000
vn 0.5720 0.1174 0.8118
v 0.89660 0.00000 0.81628
vt 0.21429 0.00000
vn 0.5720 0.1174 0.8118
v 0.89419 0.02500 0.81436
vt 0.21429 0.02518
vn 0.5820 0.0405 0.8122
v 0.84401 0.02500 0.84401
vt 0.25000 0.02518
vn 0.6274 0.0246 0.7783
v 0.89660 0.00000 0.81628
vt 0.21429 0.00000
vn 0.5720 0.1174 0.8118
v 0.84401 0.02500 0.84401
vt 0.25000 0.02518
vn 0.6274 0.0246 0.7783
v 0.84573 0.00000 0.84573
vt 0.25000 0.00000
vn 0.6222 0.0964 0.7769
v 0.84573 0.00000 0.84573
vt 0.25000 0.00000
vn 0.6222 0.0964 0.7769
v 0.84401 0.02500 0.84401
vt 0.25000 0.02518
vn 0.6274 0.0246 0.7783
v 0.80685 0.02500 0.88477
vt 0.28571 0.02518
vn 0.7792 0.0296 0.6261
v 0.84573 0.00000 0.84573
vt 0.25000 0.00000
vn 0.6222 0.0964 0.7769
v 0.80685 0.02500 0.88477
vt 0.28571 0.02518
vn 0.7792 0.0296 0.6261
v 0.80849 0.00000 0.88684
vt 0.28571 0.00000
vn 0.7795 0.1024 0.6180
v 0.80849 0.00000 0.88684
vt 0.28571 0.00000
vn 0.7795 0.1024 0.6180
v 0.80685 0.02500 0.88477
vt 0.28571 0.02518
vn 0.7792 0.0296 0.6261
v 0.77226 0.02500 0.93330
vt 0.32143 0.02518
vn 0.7041 0.0483 0.7084
v 0.80849 0.00000 0.88684
vt 0.28571 0.00000
vn 0.7795 0.1024 0.6180
v 0.77226 0.02500 0.93330
vt 0.32143 0.02518
vn 0.7041 0.0483 0.7084
v 0.77404 0.00000 0.93614
vt 0.32143 0.00000
vn 0.7035 0.1296 0.6988
v 0.77404 0.00000 0.93614
vt 0.32143 0.00000
vn 0.7035 0.1296 0.6988
v 0.77226 0.02500 0.93330
vt 0.32143 0.02518
vn 0.7041 0.0483 0.7084
v 0.72464 0.02500 0.96648
vt 0.35714 0.02518
vn 0.3529 0.0552 0.9340
v 0.77404 0.00000 0.93614
vt 0.32143 0.00000
vn 0.7035 0.1296 0.6988
v 0.72464 0.02500 0.96648
vt 0.35714 0.02518
vn 0.3529 0.0552 0.9340
v 0.72619 0.00000 0.96970
vt 0.35714 0.00000
vn 0.3475 0.1410 0.9270
v 0.72619 0.00000 0.96970
vt 0.35714 0.00000
vn 0.3475 0.1410 0.9270
v 0.72464 0.02500 0.96648
vt 0.35714 0.02518
vn 0.3529 0.0552 0.9340
v 0.66571 0.02500 0.97356
vt 0.39286 0.02518
vn 0.0622 0.0382 0.9973
v 0.72619 0.00000 0.96970
vt 0.35714 0.00000
vn 0.3475 0.1410 0.9270
v 0.66571 0.02500 0.97356
vt 0.39286 0.02518
vn 0.0622 0.0382 0.9973
v 0.66669 0.00000 0.97638
vt 0.39286 0.00000
vn 0.0540 0.1141 0.9920
v 0.66669 0.00000 0.97638
vt 0.39286 0.00000
vn 0.0540 0.1141 0.9920
v 0.66571 0.02500 0.97356
vt 0.39286 0.02518
vn 0.0622 0.0382 0.9973
v 0.60813 0.02500 0.97374
vt 0.42857 0.02518
vn 0.1616 0.0242 0.9866
v 0.66669 0.00000 0.97638
vt 0.39286 0.00000
vn 0.0540 0.1141 0.9920
v 0.60813 0.02500 0.97374
vt 0.42857 0.02518
vn 0.1616 0.0242 0.9866
v 0.60867 0.00000 0.97610
vt 0.42857 0.00000
vn 0.1590 0.0959 0.9826
v 0.60867 0.00000 0.97610
vt 0.42857 0.00000
vn 0.1590 0.0959 0.9826
v 0.60813 0.02500 0.97374
vt 0.42857 0.02518
vn 0.1616 0.0242 0.9866
v 0.55539 0.02500 0.99162
vt 0.46429 0.02518
vn 0.3614 0.0318 0.9319
v 0.60867 0.00000 0.97610
vt 0.42857 0.00000
vn 0.1590 0.0959 0.9826
v 0.55539 0.02500 0.99162
vt 0.46429 0.02518
vn 0.3614 0.0318 0.9319
v 0.55570 0.00000 0.99434
vt 0.46429 0.00000
vn 0.3665 0.1050 0.9245
v 0.55570 0.00000 0.99434
vt 0.46429 0.00000
vn 0.3665 0.1050 0.9245
v 0.55539 0.02500 0.99162
vt 0.46429 0.02518
vn 0.3614 0.0318 0.9319
v 0.50000 0.02500 1.01567
vt 0.50000 0.02518
vn 0.1536 0.0527 0.9867
v 0.55570 0.00000 0.99434
vt 0.46429 0.00000
vn 0.3665 0.1050 0.9245
v 0.50000 0.02500 1.01567
vt 0.50000 0.02518
vn 0.1536 0.0527 0.9867
v 0.50000 0.00000 1.01917
vt 0.50000 0.00000
vn 0.1569 0.1369 0.9781
v 0.50000 0.00000 1.01917
vt 0.50000 0.00000
vn 0.1569 0.1369 0.9781
v 0.50000 0.02500 1.01567
vt 0.50000 0.02518
vn 0.1536 0.0527 0.9867
v 0.44263 0.02500 1.00918
vt 0.53571 0.02518
vn -0.3344 0.0488 0.9412
v 0.50000 0.00000 1.01917
vt 0.50000 0.00000
vn 0.1569 0.1369 0.9781
v 0.44263 0.02500 1.00918
vt 0.53571 0.02518
vn -0.3344 0.0488 0.9412
v 0.44225 0.00000 1.01253
vt 0.53571 0.00000
vn -0.3382 0.1303 0.9320
v 0.44225 0.00000 1.01253
vt 0.53571 0.00000
vn -0.3382 0.1303 0.9320
v 0.44263 0.02500 1.00918
vt 0.53571 0.02518
vn -0.3344 0.0488 0.9412
v 0.39113 0.02500 0.97699
vt 0.57143 0.02518
vn -0.3926 0.0270 0.9193
v 0.44225 0.00000 1.01253
vt 0.53571 0.00000
vn -0.3382 0.1303 0.9320
v 0.39113 0.02500 0.97699
vt 0.57143 0.02518
vn -0.3926 0.0270 0.9193
v 0.39057 0.00000 0.97947
vt 0.57143 0.00000
vn -0.3957 0.0992 0.9130
v 0.39057 0.00000 0.97947
vt 0.57143 0.00000
vn -0.3957 0.0992 0.9130
v 0.39113 0.02500 0.97699
vt 0.57143 0.02518
vn -0.3926 0.0270 0.9193
v 0.33754 0.02500 0.96429
vt 0.60714 0.02518
vn -0.1059 0.0293 0.9940
v 0.39057 0.00000 0.97947
vt 0.57143 0.00000
vn -0.3957 0.0992 0.9130
v 0.33754 0.02500 0.96429
vt 0.60714 0.02518
vn -0.1059 0.0293 0.9940
v 0.33667 0.00000 0.96678
vt 0.60714 0.00000
vn -0.0987 0.1018 0.9899
v 0.33667 0.00000 0.96678
vt 0.60714 0.00000
vn -0.0987 0.1018 0.9899
v 0.33754 0.02500 0.96429
vt 0.60714 0.02518
vn -0.1059 0.0293 0.9940
v 0.27619 0.02500 0.96475
vt 0.64286 0.02518
vn -0.2866 0.0528 0.9566
v 0.33667 0.00000 0.96678
vt 0.60714 0.00000
vn -0.0987 0.1018 0.9899
v 0.27619 0.02500 0.96475
vt 0.64286 0.02518
vn -0.2866 0.0528 0.9566
v 0.27467 0.00000 0.96791
vt 0.64286 0.00000
vn -0.2798 0.1370 0.9502
v 0.27467 0.00000 0.96791
vt 0.64286 0.00000
vn -0.2798 0.1370 0.9502
v 0.27619 0.02500 0.96475
vt 0.64286 0.02518
vn -0.2866 0.0528 0.9566
v 0.22874 0.02500 0.93170
vt 0.67857 0.02518
vn -0.7251 0.0462 0.6871
v 0.27467 0.00000 0.96791
vt 0.64286 0.00000
vn -0.2798 0.1370 0.9502
v 0.22874 0.02500 0.93170
vt 0.67857 0.02518
vn -0.7251 0.0462 0.6871
v 0.22699 0.00000 0.93449
vt 0.67857 0.00000
vn -0.7251 0.1261 0.6770
v 0.22699 0.00000 0.93449
vt 0.67857 0.00000
vn -0.7251 0.1261 0.6770
v 0.22874 0.02500 0.93170
vt 0.67857 0.02518
vn -0.7251 0.0462 0.6871
v 0.19647 0.02500 0.88062
vt 0.71429 0.02518
vn -0.7126 0.0249 0.7011
v 0.22699 0.00000 0.93449
vt 0.67857 0.00000
vn -0.7251 0.1261 0.6770
v 0.19647 0.02500 0.88062
vt 0.71429 0.02518
vn -0.7126 0.0249 0.7011
v 0.19494 0.00000 0.88253
vt 0.71429 0.00000
vn -0.7120 0.0967 0.6955
v 0.19494 0.00000 0.88253
vt 0.71429 0.00000
vn -0.7120 0.0967 0.6955
v 0.19647 0.02500 0.88062
vt 0.71429 0.02518
vn -0.7126 0.0249 0.7011
v 0.14917 0.02500 0.85083
vt 0.75000 0.02518
vn -0.4971 0.0330 0.8671
v 0.19494 0.00000 0.88253
vt 0.71429 0.00000
vn -0.7120 0.0967 0.6955
v 0.14917 0.02500 0.85083
vt 0.75000 0.02518
vn -0.4971 0.0330 0.8671
v 0.14720 0.00000 0.85280
vt 0.75000 0.00000
vn -0.4879 0.1067 0.8664
v 0.14720 0.00000 0.85280
vt 0.75000 0.00000
vn -0.4879 0.1067 0.8664
v 0.14917 0.02500 0.85083
vt 0.75000 0.02518
vn -0.4971 0.0330 0.8671
v 0.09539 0.02500 0.82267
vt 0.78571 0.02518
vn -0.7076 0.0548 0.7045
v 0.14720 0.00000 0.85280
vt 0.75000 0.00000
vn -0.4879 0.1067 0.8664
v 0.09539 0.02500 0.82267
vt 0.78571 0.02518
vn -0.7076 0.0548 0.7045
v 0.09260 0.00000 0.82489
vt 0.78571 0.00000
vn -0.6993 0.1403 0.7009
v 0.09260 0.00000 0.82489
vt 0.78571 0.00000
vn -0.6993 0.1403 0.7009
v 0.09539 0.02500 0.82267
vt 0.78571 0.02518
vn -0.7076 0.0548 0.7045
v 0.06931 0.02500 0.77062
vt 0.82143 0.02518
vn -0.9531 0.0450 0.2991
v 0.09260 0.00000 0.82489
vt 0.78571 0.00000
vn -0.6993 0.1403 0.7009
v 0.06931 0.02500 0.77062
vt 0.82143 0.02518
vn -0.9531 0.0450 0.2991
v 0.06656 0.00000 0.77235
vt 0.82143 0.00000
vn -0.9489 0.1242 0.2901
v 0.06656 0.00000 0.77235
vt 0.82143 0.00000
vn -0.9489 0.1242 0.2901
v 0.06931 0.02500 0.77062
vt 0.82143 0.02518
vn -0.9531 0.0450 0.2991
v 0.06054 0.02500 0.71163
vt 0.85714 0.02518
vn -0.9570 0.0257 0.2890
v 0.06656 0.00000 0.77235
vt 0.82143 0.00000
vn -0.9489 0.1242 0.2901
v 0.06054 0.02500 0.71163
vt 0.85714 0.02518
vn -0.9570 0.0257 0.2890
v 0.05830 0.00000 0.71271
vt 0.85714 0.00000
vn -0.9541 0.0975 0.2833
v 0.05830 0.00000 0.71271
vt 0.85714 0.00000
vn -0.9541 0.0975 0.2833
v 0.06054 0.02500 0.71163
vt 0.85714 0.02518
vn -0.9570 0.0257 0.2890
v 0.03655 0.02500 0.66217
vt 0.89286 0.02518
vn -0.8558 0.0286 0.5165
v 0.05830 0.00000 0.71271
vt 0.85714 0.00000
vn -0.9541 0.0975 0.2833
v 0.03655 0.02500 0.66217
vt 0.89286 0.02518
vn -0.8558 0.0286 0.5165
v 0.03410 0.00000 0.66303
vt 0.89286 0.00000
vn -0.8486 0.1011 0.5192
v 0.03410 0.00000 0.66303
vt 0.89286 0.00000
vn -0.8486 0.1011 0.5192
v 0.03655 0.02500 0.66217
vt 0.89286 0.02518
vn -0.8558 0.0286 0.5165
v 0.00149 0.02500 0.61378
vt 0.92857 0.02518
vn -0.8969 0.0478 0.4396
v 0.03410 0.00000 0.66303
vt 0.89286 0.00000
vn -0.8486 0.1011 0.5192
v 0.00149 0.02500 0.61378
vt 0.92857 0.02518
vn -0.8969 0.0478 0.4396
v -0.00177 0.00000 0.61453
vt 0.92857 0.00000
vn -0.8875 0.1288 0.4424
v -0.00177 0.00000 0.61453
vt 0.92857 0.00000
vn -0.8875 0.1288 0.4424
v 0.00149 0.02500 0.61378
vt 0.92857 0.02518
vn -0.8969 0.0478 0.4396
v -0.01452 0.02500 0.55797
vt 0.96429 0.02518
vn -0.9980 0.0552 0.0306
v -0.00177 0.00000 0.61453
vt 0.92857 0.00000
vn -0.8875 0.1288 0.4424
v -0.01452 0.02500 0.55797
vt 0.96429 0.02518
vn -0.9980 0.0552 0.0306
v -0.01807 0.00000 0.55837
vt 0.96429 0.00000
vn -0.9896 0.1411 0.0279
v -0.01807 0.00000 0.55837
vt 0.96429 0.00000
vn -0.9896 0.1411 0.0279
v -0.01452 0.02500 0.55797
vt 0.96429 0.02518
vn -0.9980 0.0552 0.0306
v -0.00200 0.02500 0.50000
vt 1.00000 0.02518
vn -0.9625 0.0385 -0.2684
v -0.01807 0.00000 0.55837
vt 0.96429 0.00000
vn -0.9896 0.1411 0.0279
v -0.00200 0.02500 0.50000
vt 1.00000 0.02518
vn -0.9625 0.0385 -0.2684
v -0.00500 0.00000 0.50000
vt 1.00000 0.00000
vn -0.9548 0.1146 -0.2743
v -0.00500 0.00000 0.50000
vt 0.00000 0.00000
vn -0.9548 0.1146 -0.2743
v -0.00200 0.02500 0.50000
vt 0.00000 0.02518
vn -0.9625 0.0385 -0.2684
v 0.01683 0.02500 0.44556
vt 0.03571 0.02518
vn -0.9807 0.0244 -0.1940
v -0.00500 0.00000 0.50000
vt 0.00000 0.00000
vn -0.9548 0.1146 -0.2743
v 0.01683 0.02500 0.44556
vt 0.03571 0.02518
vn -0.9807 0.0244 -0.1940
v 0.01442 0.00000 0.44529
vt 0.03571 0.00000
vn -0.9760 0.0962 -0.1956
v 0.01442 0.00000 0.44529
vt 0.03571 0.00000
vn -0.9760 0.0962 -0.1956
v 0.01683 0.02500 0.44556
vt 0.03571 0.02518
vn -0.9807 0.0244 -0.1940
v 0.01969 0.02500 0.39037
vt 0.07143 0.02518
vn -0.9995 0.0300 0.0091
v 0.01442 0.00000 0.44529
vt 0.03571 0.00000
vn -0.9760 0.0962 -0.1956
v 0.01969 0.02500 0.39037
vt 0.07143 0.02518
vn -0.9995 0.0300 0.0091
v 0.01709 0.00000 0.38978
vt 0.07143 0.00000
vn -0.9946 0.1028 0.0158
v 0.01709 0.00000 0.38978
vt 0.07143 0.00000
vn -0.9946 0.1028 0.0158
v 0.01969 0.02500 0.39037
vt 0.07143 0.02518
vn -0.9995 0.0300 0.0091
v 0.01579 0.02500 0.33057
vt 0.10714 0.02518
vn -0.9901 0.0497 -0.1316
v 0.01709 0.00000 0.38978
vt 0.07143 0.00000
vn -0.9946 0.1028 0.0158
v 0.01579 0.02500 0.33057
vt 0.10714 0.02518
vn -0.9901 0.0497 -0.1316
v 0.01258 0.00000 0.32944
vt 0.10714 0.00000
vn -0.9834 0.1319 -0.1248
v 0.01258 0.00000 0.32944
vt 0.10714 0.00000
vn -0.9834 0.1319 -0.1248
v 0.01579 0.02500 0.33057
vt 0.10714 0.02518
vn -0.9901 0.0497 -0.1316
v 0.03489 0.02500 0.27601
vt 0.14286 0.02518
vn -0.8225 0.0533 -0.5663
v 0.01258 0.00000 0.32944
vt 0.10714 0.00000
vn -0.9834 0.1319 -0.1248
v 0.03489 0.02500 0.27601
vt 0.14286 0.02518
vn -0.8225 0.0533 -0.5663
v 0.03172 0.00000 0.27449
vt 0.14286 0.00000
vn -0.8132 0.1377 -0.5654
v 0.03172 0.00000 0.27449
vt 0.14286 0.00000
vn -0.8132 0.1377 -0.5654
v 0.03489 0.02500 0.27601
vt 0.14286 0.02518
vn -0.8225 0.0533 -0.5663
v 0.08058 0.02500 0.23646
vt 0.17857 0.02518
vn -0.6829 0.0323 -0.7298
v 0.03172 0.00000 0.27449
vt 0.14286 0.00000
vn -0.8132 0.1377 -0.5654
v 0.08058 0.02500 0.23646
vt 0.17857 0.02518
vn -0.6829 0.0323 -0.7298
v 0.07825 0.00000 0.23499
vt 0.17857 0.00000
vn -0.6740 0.1058 -0.7311
v 0.07825 0.00000 0.23499
vt 0.17857 0.00000
vn -0.6740 0.1058 -0.7311
v 0.08058 0.02500 0.23646
vt 0.17857 0.02518
vn -0.6829 0.0323 -0.7298
v 0.11966 0.02500 0.19669
vt 0.21429 0.02518
vn -0.8454 0.0246 -0.5335
v 0.07825 0.00000 0.23499
vt 0.17857 0.00000
vn -0.6740 0.1058 -0.7311
v 0.11966 0.02500 0.19669
vt 0.21429 0.02518
vn -0.8454 0.0246 -0.5335
v 0.11775 0.00000 0.19517
vt 0.21429 0.00000
vn -0.8435 0.0963 -0.5284
v 0.11775 0.00000 0.19517
vt 0.21429 0.00000
vn -0.8435 0.0963 -0.5284
v 0.11966 0.02500 0.19669
vt 0.21429 0.02518
vn -0.8454 0.0246 -0.5335
v 0.14089 0.02500 0.14089
vt 0.25000 0.02518
vn -0.8668 0.0441 -0.4967
v 0.11775 0.00000 0.19517
vt 0.21429 0.00000
vn -0.8435 0.0963 -0.5284
v 0.14089 0.02500 0.14089
vt 0.25000 0.02518
vn -0.8668 0.0441 -0.4967
v 0.13862 0.00000 0.13862
vt 0.25000 0.00000
vn -0.8648 0.1228 -0.4868
v 0.13862 0.00000 0.13862
vt 0.25000 0.00000
vn -0.8648 0.1228 -0.4868
v 0.14089 0.02500 0.14089
vt 0.25000 0.02518
vn -0.8668 0.0441 -0.4967
v 0.17755 0.02500 0.09566
vt 0.28571 0.02518
vn -0.5239 0.0544 -0.8500
v 0.13862 0.00000 0.13862
vt 0.25000 0.00000
vn -0.8648 0.1228 -0.4868
v 0.17755 0.02500 0.09566
vt 0.28571 0.02518
vn -0.5239 0.0544 -0.8500
v 0.17533 0.00000 0.09288
vt 0.28571 0.00000
vn -0.5165 0.1396 -0.8448
v 0.17533 0.00000 0.09288
vt 0.28571 0.00000
vn -0.5165 0.1396 -0.8448
v 0.17755 0.02500 0.09566
vt 0.28571 0.02518
vn -0.5239 0.0544 -0.8500
v 0.23710 0.02500 0.08159
vt 0.32143 0.02518
vn -0.3052 0.0313 -0.9518
v 0.17533 0.00000 0.09288
vt 0.28571 0.00000
vn -0.5165 0.1396 -0.8448
v 0.23710 0.02500 0.08159
vt 0.32143 0.02518
vn -0.3052 0.0313 -0.9518
v 0.23565 0.00000 0.07930
vt 0.32143 0.00000
vn -0.2968 0.1044 -0.9492
v 0.23565 0.00000 0.07930
vt 0.32143 0.00000
vn -0.2968 0.1044 -0.9492
v 0.23710 0.02500 0.08159
vt 0.32143 0.02518
vn -0.3052 0.0313 -0.9518
v 0.28819 0.02500 0.06018
vt 0.35714 0.02518
vn -0.5693 0.0261 -0.8217
v 0.23565 0.00000 0.07930
vt 0.32143 0.00000
vn -0.2968 0.1044 -0.9492
v 0.28819 0.02500 0.06018
vt 0.35714 0.02518
vn -0.5693 0.0261 -0.8217
v 0.28711 0.00000 0.05793
vt 0.35714 0.00000
vn -0.5705 0.0980 -0.8154
v 0.28711 0.00000 0.05793
vt 0.35714 0.00000
vn -0.5705 0.0980 -0.8154
v 0.28819 0.02500 0.06018
vt 0.35714 0.02518
vn -0.5693 0.0261 -0.8217
v 0.33086 0.02500 0.01664
vt 0.39286 0.02518
vn -0.5370 0.0485 -0.8422
v 0.28711 0.00000 0.05793
vt 0.35714 0.00000
vn -0.5705 0.0980 -0.8154
v 0.33086 0.02500 0.01664
vt 0.39286 0.02518
vn -0.5370 0.0485 -0.8422
v 0.32975 0.00000 0.01346
vt 0.39286 0.00000
vn -0.5387 0.1298 -0.8324
v 0.32975 0.00000 0.01346
vt 0.39286 0.00000
vn -0.5387 0.1298 -0.8324
v 0.33086 0.02500 0.01664
vt 0.39286 0.02518
vn -0.5370 0.0485 -0.8422
v 0.38546 0.02500 -0.00183
vt 0.42857 0.02518
vn -0.0450 0.0516 -0.9977
v 0.32975 0.00000 0.01346
vt 0.39286 0.00000
vn -0.5387 0.1298 -0.8324
v 0.38546 0.02500 -0.00183
vt 0.42857 0.02518
vn -0.0450 0.0516 -0.9977
v 0.38469 0.00000 -0.00521
vt 0.42857 0.00000
vn -0.0394 0.1350 -0.9901
v 0.38469 0.00000 -0.00521
vt 0.42857 0.00000
vn -0.0394 0.1350 -0.9901
v 0.38546 0.02500 -0.00183
vt 0.42857 0.02518
vn -0.0450 0.0516 -0.9977
v 0.44496 0.02500 0.01149
vt 0.46429 0.02518
vn 0.1171 0.0290 -0.9927
v 0.38469 0.00000 -0.00521
vt 0.42857 0.00000
vn -0.0394 0.1350 -0.9901
v 0.44496 0.02500 0.01149
vt 0.46429 0.02518
vn 0.1171 0.0290 -0.9927
v 0.44466 0.00000 0.00888
vt 0.46429 0.00000
vn 0.1231 0.1014 -0.9872
v 0.44466 0.00000 0.00888
vt 0.46429 0.00000
vn 0.1231 0.1014 -0.9872
v 0.44496 0.02500 0.01149
vt 0.46429 0.02518
vn 0.1171 0.0290 -0.9927
v 0.50000 0.02500 0.01167
vt 0.50000 0.02518
vn -0.1547 0.0262 -0.9876
v 0.44466 0.00000 0.00888
vt 0.46429 0.00000
vn 0.1231 0.1014 -0.9872
v 0.50000 0.02500 0.01167
vt 0.50000 0.02518
vn -0.1547 0.0262 -0.9876
v 0.50000 0.00000 0.00917
vt 0.50000 0.00000
vn -0.1586 0.0983 -0.9824
v 0.50000 0.00000 0.00917
vt 0.50000 0.00000
vn -0.1586 0.0983 -0.9824
v 0.50000 0.02500 0.01167
vt 0.50000 0.02518
vn -0.1547 0.0262 -0.9876
v 0.55702 0.02500 -0.00607
vt 0.53571 0.02518
vn -0.1437 0.0455 -0.9886
v 0.50000 0.00000 0.00917
vt 0.50000 0.00000
vn -0.1586 0.0983 -0.9824
v 0.55702 0.02500 -0.00607
vt 0.53571 0.02518
vn -0.1437 0.0455 -0.9886
v 0.55739 0.00000 -0.00931
vt 0.53571 0.00000
vn -0.1500 0.1251 -0.9807
v 0.55739 0.00000 -0.00931
vt 0.53571 0.00000
vn -0.1500 0.1251 -0.9807
v 0.55702 0.02500 -0.00607
vt 0.53571 0.02518
vn -0.1437 0.0455 -0.9886
v 0.61528 0.02500 -0.00508
vt 0.57143 0.02518
vn 0.2813 0.0556 -0.9580
v 0.55739 0.00000 -0.00931
vt 0.53571 0.00000
vn -0.1500 0.1251 -0.9807
v 0.61528 0.02500 -0.00508
vt 0.57143 0.02518
vn 0.2813 0.0556 -0.9580
v 0.61608 0.00000 -0.00858
vt 0.57143 0.00000
vn 0.2806 0.1417 -0.9493
v 0.61608 0.00000 -0.00858
vt 0.57143 0.00000
vn 0.2806 0.1417 -0.9493
v 0.61528 0.02500 -0.00508
vt 0.57143 0.02518
vn 0.2813 0.0556 -0.9580
v 0.66590 0.02500 0.02590
vt 0.60714 0.02518
vn 0.5730 0.0387 -0.8186
v 0.61608 0.00000 -0.00858
vt 0.57143 0.00000
vn 0.2806 0.1417 -0.9493
v 0.66590 0.02500 0.02590
vt 0.60714 0.02518
vn 0.5730 0.0387 -0.8186
v 0.66689 0.00000 0.02306
vt 0.60714 0.00000
vn 0.5761 0.1149 -0.8093
v 0.66689 0.00000 0.02306
vt 0.60714 0.00000
vn 0.5761 0.1149 -0.8093
v 0.66590 0.02500 0.02590
vt 0.60714 0.02518
vn 0.5730 0.0387 -0.8186
v 0.71098 0.02500 0.06190
vt 0.64286 0.02518
vn 0.5123 0.0244 -0.8585
v 0.66689 0.00000 0.02306
vt 0.60714 0.00000
vn 0.5761 0.1149 -0.8093
v 0.71098 0.02500 0.06190
vt 0.64286 0.02518
vn 0.5123 0.0244 -0.8585
v 0.71203 0.00000 0.05972
vt 0.64286 0.00000
vn 0.5124 0.0962 -0.8534
v 0.71203 0.00000 0.05972
vt 0.64286 0.00000
vn 0.5124 0.0962 -0.8534
v 0.71098 0.02500 0.06190
vt 0.64286 0.02518
vn 0.5123 0.0244 -0.8585
v 0.76190 0.02500 0.08319
vt 0.67857 0.02518
vn 0.3306 0.0297 -0.9433
v 0.71203 0.00000 0.05972
vt 0.64286 0.00000
vn 0.5124 0.0962 -0.8534
v 0.76190 0.02500 0.08319
vt 0.67857 0.02518
vn 0.3306 0.0297 -0.9433
v 0.76331 0.00000 0.08095
vt 0.67857 0.00000
vn 0.3228 0.1025 -0.9409
v 0.76331 0.00000 0.08095
vt 0.67857 0.00000
vn 0.3228 0.1025 -0.9409
v 0.76190 0.02500 0.08319
vt 0.67857 0.02518
vn 0.3306 0.0297 -0.9433
v 0.81914 0.02500 0.09981
vt 0.71429 0.02518
vn 0.4389 0.0484 -0.8972
v 0.76331 0.00000 0.08095
vt 0.67857 0.00000
vn 0.3228 0.1025 -0.9409
v 0.81914 0.02500 0.09981
vt 0.71429 0.02518
vn 0.4389 0.0484 -0.8972
v 0.82123 0.00000 0.09719
vt 0.71429 0.00000
vn 0.4300 0.1299 -0.8934
v 0.82123 0.00000 0.09719
vt 0.71429 0.00000
vn 0.4300 0.1299 -0.8934
v 0.81914 0.02500 0.09981
vt 0.71429 0.02518
vn 0.4389 0.0484 -0.8972
v 0.86593 0.02500 0.13407
vt 0.75000 0.02518
vn 0.7763 0.0548 -0.6279
v 0.82123 0.00000 0.09719
vt 0.71429 0.00000
vn 0.4300 0.1299 -0.8934
v 0.86593 0.02500 0.13407
vt 0.75000 0.02518
vn 0.7763 0.0548 -0.6279
v 0.86845 0.00000 0.13155
vt 0.75000 0.00000
vn 0.7718 0.1404 -0.6202
v 0.86845 0.00000 0.13155
vt 0.75000 0.00000
vn 0.7718 0.1404 -0.6202
v 0.86593 0.02500 0.13407
vt 0.75000 0.02518
vn 0.7763 0.0548 -0.6279
v 0.89077 0.02500 0.18837
vt 0.78571 0.02518
vn 0.9217 0.0364 -0.3862
v 0.86845 0.00000 0.13155
vt 0.75000 0.00000
vn 0.7718 0.1404 -0.6202
v 0.89077 0.02500 0.18837
vt 0.78571 0.02518
vn 0.9217 0.0364 -0.3862
v 0.89305 0.00000 0.18655
vt 0.78571 0.00000
vn 0.9196 0.1114 -0.3768
v 0.89305 0.00000 0.18655
vt 0.78571 0.00000
vn 0.9196 0.1114 -0.3768
v 0.89077 0.02500 0.18837
vt 0.78571 0.02518
vn 0.9217 0.0364 -0.3862
v 0.91104 0.02500 0.24173
vt 0.82143 0.02518
vn 0.8468 0.0237 -0.5314
v 0.89305 0.00000 0.18655
vt 0.78571 0.00000
vn 0.9196 0.1114 -0.3768
v 0.91104 0.02500 0.24173
vt 0.82143 0.02518
vn 0.8468 0.0237 -0.5314
v 0.91307 0.00000 0.24045
vt 0.82143 0.00000
vn 0.8431 0.0954 -0.5292
v 0.91307 0.00000 0.24045
vt 0.82143 0.00000
vn 0.8431 0.0954 -0.5292
v 0.91104 0.02500 0.24173
vt 0.82143 0.02518
vn 0.8468 0.0237 -0.5314
v 0.95026 0.02500 0.28317
vt 0.85714 0.02518
vn 0.7435 0.0363 -0.6677
v 0.91307 0.00000 0.24045
vt 0.82143 0.00000
vn 0.8431 0.0954 -0.5292
v 0.95026 0.02500 0.28317
vt 0.85714 0.02518
vn 0.7435 0.0363 -0.6677
v 0.95289 0.00000 0.28190
vt 0.85714 0.00000
vn 0.7340 0.1111 -0.6700
v 0.95289 0.00000 0.28190
vt 0.85714 0.00000
vn 0.7340 0.1111 -0.6700
v 0.95026 0.02500 0.28317
vt 0.85714 0.02518
vn 0.7435 0.0363 -0.6677
v 0.98924 0.02500 0.32881
vt 0.89286 0.02518
vn 0.9278 0.0559 -0.3687
v 0.95289 0.00000 0.28190
vt 0.85714 0.00000
vn 0.7340 0.1111 -0.6700
v 0.98924 0.02500 0.32881
vt 0.89286 0.02518
vn 0.9278 0.0559 -0.3687
v 0.99263 0.00000 0.32762
vt 0.89286 0.00000
vn 0.9194 0.1422 -0.3667
v 0.99263 0.00000 0.32762
vt 0.89286 0.00000
vn 0.9194 0.1422 -0.3667
v 0.98924 0.02500 0.32881
vt 0.89286 0.02518
vn 0.9278 0.0559 -0.3687
v 0.99182 0.02500 0.38774
vt 0.92857 0.02518
vn 0.9975 0.0407 0.0580
v 0.99263 0.00000 0.32762
vt 0.89286 0.00000
vn 0.9194 0.1422 -0.3667
v 0.99182 0.02500 0.38774
vt 0.92857 0.02518
vn 0.9975 0.0407 0.0580
v 0.99484 0.00000 0.38706
vt 0.92857 0.00000
vn 0.9909 0.1176 0.0657
v 0.99484 0.00000 0.38706
vt 0.92857 0.00000
vn 0.9909 0.1176 0.0657
v 0.99182 0.02500 0.38774
vt 0.92857 0.02518
vn 0.9975 0.0407 0.0580
v 0.98244 0.02500 0.44564
vt 0.96429 0.02518
vn 0.9956 0.0238 -0.0903
v 0.99484 0.00000 0.38706
vt 0.92857 0.00000
vn 0.9909 0.1176 0.0657
v 0.98244 0.02500 0.44564
vt 0.96429 0.02518
vn 0.9956 0.0238 -0.0903
v 0.98483 0.00000 0.44537
vt 0.96429 0.00000
vn 0.9914 0.0955 -0.0892
v 0.98483 0.00000 0.44537
vt 0.96429 0.00000
vn 0.9914 0.0955 -0.0892
v 0.98244 0.02500 0.44564
vt 0.96429 0.02518
vn 0.9956 0.0238 -0.0903
v 1.00200 0.02500 0.50000
vt 1.00000 0.02518
vn 0.9593 0.0384 -0.2799
v 0.98483 0.00000 0.44537
vt 0.96429 0.00000
vn 0.9914 0.0955 -0.0892
v 1.00200 0.02500 0.50000
vt 1.00000 0.02518
vn 0.9593 0.0384 -0.2799
v 1.00500 0.00000 0.50000
vt 1.00000 0.00000
vn 0.9514 0.1142 -0.2860
v 1.00200 0.02500 0.50000
vt 0.00000 0.02518
vn 0.9593 0.0384 -0.2799
v 0.99700 0.20000 0.50000
vt 0.00000 0.20025
vn 0.9704 0.0228 -0.2403
v 1.00765 0.20000 0.55720
vt 0.03571 0.20025
vn 0.9906 0.0427 0.1303
v 1.00200 0.02500 0.50000
vt 0.00000 0.02518
vn 0.9593 0.0384 -0.2799
v 1.00765 0.20000 0.55720
vt 0.03571 0.20025
vn 0.9906 0.0427 0.1303
v 1.01524 0.02500 0.55805
vt 0.03571 0.02518
vn 0.9895 0.0561 0.1335
v 1.01524 0.02500 0.55805
vt 0.03571 0.02518
vn 0.9895 0.0561 0.1335
v 1.00765 0.20000 0.55720
vt 0.03571 0.20025
vn 0.9906 0.0427 0.1303
v 0.98252 0.20000 0.61013
vt 0.07143 0.20025
vn 0.8933 0.0200 0.4490
v 1.01524 0.02500 0.55805
vt 0.03571 0.02518
vn 0.9895 0.0561 0.1335
v 0.98252 0.20000 0.61013
vt 0.07143 0.20025
vn 0.8933 0.0200 0.4490
v 0.98701 0.02500 0.61116
vt 0.07143 0.02518
vn 0.8737 0.0361 0.4851
v 0.98701 0.02500 0.61116
vt 0.07143 0.02518
vn 0.8737 0.0361 0.4851
v 0.98252 0.20000 0.61013
vt 0.07143 0.20025
vn 0.8933 0.0200 0.4490
v 0.95617 0.20000 0.65962
vt 0.10714 0.20025
vn 0.9550 0.0045 0.2967
v 0.98701 0.02500 0.61116
vt 0.07143 0.02518
vn 0.8737 0.0361 0.4851
v 0.95617 0.20000 0.65962
vt 0.10714 0.20025
vn 0.9550 0.0045 0.2967
v 0.95842 0.02500 0.66041
vt 0.10714 0.02518
vn 0.9566 0.0239 0.2906
v 0.95842 0.02500 0.66041
vt 0.10714 0.02518
vn 0.9566 0.0239 0.2906
v 0.95617 0.20000 0.65962
vt 0.10714 0.20025
vn 0.9550 0.0045 0.2967
v 0.94948 0.20000 0.71646
vt 0.14286 0.20025
vn 0.9783 0.0254 0.2055
v 0.95842 0.02500 0.66041
vt 0.10714 0.02518
vn 0.9566 0.0239 0.2906
v 0.94948 0.20000 0.71646
vt 0.14286 0.20025
vn 0.9783 0.0254 0.2055
v 0.95431 0.02500 0.71879
vt 0.14286 0.02518
vn 0.9854 0.0405 0.1651
v 0.95431 0.02500 0.71879
vt 0.14286 0.02518
vn 0.9854 0.0405 0.1651
v 0.94948 0.20000 0.71646
vt 0.14286 0.20025
vn 0.9783 0.0254 0.2055
v 0.93260 0.20000 0.77182
vt 0.17857 0.20025
vn 0.8457 0.0428 0.5319
v 0.95431 0.02500 0.71879
vt 0.14286 0.02518
vn 0.9854 0.0405 0.1651
v 0.93260 0.20000 0.77182
vt 0.17857 0.20025
vn 0.8457 0.0428 0.5319
v 0.93907 0.02500 0.77589
vt 0.17857 0.02518
vn 0.8451 0.0562 0.5316
v 0.93907 0.02500 0.77589
vt 0.17857 0.02518
vn 0.8451 0.0562 0.5316
v 0.93260 0.20000 0.77182
vt 0.17857 0.20025
vn 0.8457 0.0428 0.5319
v 0.89001 0.20000 0.81102
vt 0.21429 0.20025
vn 0.6144 0.0254 0.7886
v 0.93907 0.02500 0.77589
vt 0.17857 0.02518
vn 0.8451 0.0562 0.5316
v 0.89001 0.20000 0.81102
vt 0.21429 0.20025
vn 0.6144 0.0254 0.7886
v 0.89419 0.02500 0.81436
vt 0.21429 0.02518
vn 0.5820 0.0405 0.8122
v 0.89419 0.02500 0.81436
vt 0.21429 0.02518
vn 0.5820 0.0405 0.8122
v 0.89001 0.20000 0.81102
vt 0.21429 0.20025
vn 0.6144 0.0254 0.7886
v 0.84223 0.20000 0.84223
vt 0.25000 0.20025
vn 0.6401 0.0055 0.7682
v 0.89419 0.02500 0.81436
vt 0.21429 0.02518
vn 0.5820 0.0405 0.8122
v 0.84223 0.20000 0.84223
vt 0.25000 0.20025
vn 0.6401 0.0055 0.7682
v 0.84401 0.02500 0.84401
vt 0.25000 0.02518
vn 0.6274 0.0246 0.7783
v 0.84401 0.02500 0.84401
vt 0.25000 0.02518
vn 0.6274 0.0246 0.7783
v 0.84223 0.20000 0.84223
vt 0.25000 0.20025
vn 0.6401 0.0055 0.7682
v 0.80471 0.20000 0.88210
vt 0.28571 0.20025
vn 0.7585 0.0118 0.6515
v 0.84401 0.02500 0.84401
vt 0.25000 0.02518
vn 0.6274 0.0246 0.7783
v 0.80471 0.20000 0.88210
vt 0.28571 0.20025
vn 0.7585 0.0118 0.6515
v 0.80685 0.02500 0.88477
vt 0.28571 0.02518
vn 0.7792 0.0296 0.6261
v 0.80685 0.02500 0.88477
vt 0.28571 0.02518
vn 0.7792 0.0296 0.6261
v 0.80471 0.20000 0.88210
vt 0.28571 0.20025
vn 0.7585 0.0118 0.6515
v 0.76877 0.20000 0.92775
vt 0.32143 0.20025
vn 0.6811 0.0342 0.7314
v 0.80685 0.02500 0.88477
vt 0.28571 0.02518
vn 0.7792 0.0296 0.6261
v 0.76877 0.20000 0.92775
vt 0.32143 0.20025
vn 0.6811 0.0342 0.7314
v 0.77226 0.02500 0.93330
vt 0.32143 0.02518
vn 0.7041 0.0483 0.7084
v 0.77226 0.02500 0.93330
vt 0.32143 0.02518
vn 0.7041 0.0483 0.7084
v 0.76877 0.20000 0.92775
vt 0.32143 0.20025
vn 0.6811 0.0342 0.7314
v 0.72138 0.20000 0.95970
vt 0.35714 0.20025
vn 0.3654 0.0417 0.9299
v 0.77226 0.02500 0.93330
vt 0.32143 0.02518
vn 0.7041 0.0483 0.7084
v 0.72138 0.20000 0.95970
vt 0.35714 0.20025
vn 0.3654 0.0417 0.9299
v 0.72464 0.02500 0.96648
vt 0.35714 0.02518
vn 0.3529 0.0552 0.9340
v 0.72464 0.02500 0.96648
vt 0.35714 0.02518
vn 0.3529 0.0552 0.9340
v 0.72138 0.20000 0.95970
vt 0.35714 0.20025
vn 0.3654 0.0417 0.9299
v 0.66407 0.20000 0.96888
vt 0.39286 0.20025
vn 0.1020 0.0226 0.9945
v 0.72464 0.02500 0.96648
vt 0.35714 0.02518
vn 0.3529 0.0552 0.9340
v 0.66407 0.20000 0.96888
vt 0.39286 0.20025
vn 0.1020 0.0226 0.9945
v 0.66571 0.02500 0.97356
vt 0.39286 0.02518
vn 0.0622 0.0382 0.9973
v 0.66571 0.02500 0.97356
vt 0.39286 0.02518
vn 0.0622 0.0382 0.9973
v 0.66407 0.20000 0.96888
vt 0.39286 0.20025
vn 0.1020 0.0226 0.9945
v 0.60759 0.20000 0.97138
vt 0.42857 0.20025
vn 0.1709 0.0048 0.9853
v 0.66571 0.02500 0.97356
vt 0.39286 0.02518
vn 0.0622 0.0382 0.9973
v 0.60759 0.20000 0.97138
vt 0.42857 0.20025
vn 0.1709 0.0048 0.9853
v 0.60813 0.02500 0.97374
vt 0.42857 0.02518
vn 0.1616 0.0242 0.9866
v 0.60813 0.02500 0.97374
vt 0.42857 0.02518
vn 0.1616 0.0242 0.9866
v 0.60759 0.20000 0.97138
vt 0.42857 0.20025
vn 0.1709 0.0048 0.9853
v 0.55496 0.20000 0.98781
vt 0.46429 0.20025
vn 0.3260 0.0147 0.9452
v 0.60813 0.02500 0.97374
vt 0.42857 0.02518
vn 0.1616 0.0242 0.9866
v 0.55496 0.20000 0.98781
vt 0.46429 0.20025
vn 0.3260 0.0147 0.9452
v 0.55539 0.02500 0.99162
vt 0.46429 0.02518
vn 0.3614 0.0318 0.9319
v 0.55539 0.02500 0.99162
vt 0.46429 0.02518
vn 0.3614 0.0318 0.9319
v 0.55496 0.20000 0.98781
vt 0.46429 0.20025
vn 0.3260 0.0147 0.9452
v 0.50000 0.20000 1.00849
vt 0.50000 0.20025
vn 0.1309 0.0391 0.9906
v 0.55539 0.02500 0.99162
vt 0.46429 0.02518
vn 0.3614 0.0318 0.9319
v 0.50000 0.20000 1.00849
vt 0.50000 0.20025
vn 0.1309 0.0391 0.9906
v 0.50000 0.02500 1.01567
vt 0.50000 0.02518
vn 0.1536 0.0527 0.9867
v 0.50000 0.02500 1.01567
vt 0.50000 0.02518
vn 0.1536 0.0527 0.9867
v 0.50000 0.20000 1.00849
vt 0.50000 0.20025
vn 0.1309 0.0391 0.9906
v 0.44338 0.20000 1.00255
vt 0.53571 0.20025
vn -0.3026 0.0349 0.9525
v 0.50000 0.02500 1.01567
vt 0.50000 0.02518
vn 0.1536 0.0527 0.9867
v 0.44338 0.20000 1.00255
vt 0.53571 0.20025
vn -0.3026 0.0349 0.9525
v 0.44263 0.02500 1.00918
vt 0.53571 0.02518
vn -0.3344 0.0488 0.9412
v 0.44263 0.02500 1.00918
vt 0.53571 0.02518
vn -0.3344 0.0488 0.9412
v 0.44338 0.20000 1.00255
vt 0.53571 0.20025
vn -0.3026 0.0349 0.9525
v 0.39179 0.20000 0.97411
vt 0.57143 0.20025
vn -0.3680 0.0086 0.9298
v 0.44263 0.02500 1.00918
vt 0.53571 0.02518
vn -0.3344 0.0488 0.9412
v 0.39179 0.20000 0.97411
vt 0.57143 0.20025
vn -0.3680 0.0086 0.9298
v 0.39113 0.02500 0.97699
vt 0.57143 0.02518
vn -0.3926 0.0270 0.9193
v 0.39113 0.02500 0.97699
vt 0.57143 0.02518
vn -0.3926 0.0270 0.9193
v 0.39179 0.20000 0.97411
vt 0.57143 0.20025
vn -0.3680 0.0086 0.9298
v 0.33865 0.20000 0.96110
vt 0.60714 0.20025
vn -0.1396 0.0115 0.9901
v 0.39113 0.02500 0.97699
vt 0.57143 0.02518
vn -0.3926 0.0270 0.9193
v 0.33865 0.20000 0.96110
vt 0.60714 0.20025
vn -0.1396 0.0115 0.9901
v 0.33754 0.02500 0.96429
vt 0.60714 0.02518
vn -0.1059 0.0293 0.9940
v 0.33754 0.02500 0.96429
vt 0.60714 0.02518
vn -0.1059 0.0293 0.9940
v 0.33865 0.20000 0.96110
vt 0.60714 0.20025
vn -0.1396 0.0115 0.9901
v 0.27932 0.20000 0.95825
vt 0.64286 0.20025
vn -0.3093 0.0393 0.9502
v 0.33754 0.02500 0.96429
vt 0.60714 0.02518
vn -0.1059 0.0293 0.9940
v 0.27932 0.20000 0.95825
vt 0.64286 0.20025
vn -0.3093 0.0393 0.9502
v 0.27619 0.02500 0.96475
vt 0.64286 0.02518
vn -0.2866 0.0528 0.9566
v 0.27619 0.02500 0.96475
vt 0.64286 0.02518
vn -0.2866 0.0528 0.9566
v 0.27932 0.20000 0.95825
vt 0.64286 0.20025
vn -0.3093 0.0393 0.9502
v 0.23207 0.20000 0.92641
vt 0.67857 0.20025
vn -0.6997 0.0319 0.7137
v 0.27619 0.02500 0.96475
vt 0.64286 0.02518
vn -0.2866 0.0528 0.9566
v 0.23207 0.20000 0.92641
vt 0.67857 0.20025
vn -0.6997 0.0319 0.7137
v 0.22874 0.02500 0.93170
vt 0.67857 0.02518
vn -0.7251 0.0462 0.6871
v 0.22874 0.02500 0.93170
vt 0.67857 0.02518
vn -0.7251 0.0462 0.6871
v 0.23207 0.20000 0.92641
vt 0.67857 0.20025
vn -0.6997 0.0319 0.7137
v 0.19807 0.20000 0.87860
vt 0.71429 0.20025
vn -0.7000 0.0058 0.7141
v 0.22874 0.02500 0.93170
vt 0.67857 0.02518
vn -0.7251 0.0462 0.6871
v 0.19807 0.20000 0.87860
vt 0.71429 0.20025
vn -0.7000 0.0058 0.7141
v 0.19647 0.02500 0.88062
vt 0.71429 0.02518
vn -0.7126 0.0249 0.7011
v 0.19647 0.02500 0.88062
vt 0.71429 0.02518
vn -0.7126 0.0249 0.7011
v 0.19807 0.20000 0.87860
vt 0.71429 0.20025
vn -0.7000 0.0058 0.7141
v 0.15204 0.20000 0.84796
vt 0.75000 0.20025
vn -0.5304 0.0163 0.8476
v 0.19647 0.02500 0.88062
vt 0.71429 0.02518
vn -0.7126 0.0249 0.7011
v 0.15204 0.20000 0.84796
vt 0.75000 0.20025
vn -0.5304 0.0163 0.8476
v 0.14917 0.02500 0.85083
vt 0.75000 0.02518
vn -0.4971 0.0330 0.8671
v 0.14917 0.02500 0.85083
vt 0.75000 0.02518
vn -0.4971 0.0330 0.8671
v 0.15204 0.20000 0.84796
vt 0.75000 0.20025
vn -0.5304 0.0163 0.8476
v 0.10124 0.20000 0.81800
vt 0.78571 0.20025
vn -0.7196 0.0414 0.6932
v 0.14917 0.02500 0.85083
vt 0.75000 0.02518
vn -0.4971 0.0330 0.8671
v 0.10124 0.20000 0.81800
vt 0.78571 0.20025
vn -0.7196 0.0414 0.6932
v 0.09539 0.02500 0.82267
vt 0.78571 0.02518
vn -0.7076 0.0548 0.7045
v 0.09539 0.02500 0.82267
vt 0.78571 0.02518
vn -0.7076 0.0548 0.7045
v 0.10124 0.20000 0.81800
vt 0.78571 0.20025
vn -0.7196 0.0414 0.6932
v 0.07444 0.20000 0.76740
vt 0.82143 0.20025
vn -0.9418 0.0305 0.3349
v 0.09539 0.02500 0.82267
vt 0.78571 0.02518
vn -0.7076 0.0548 0.7045
v 0.07444 0.20000 0.76740
vt 0.82143 0.20025
vn -0.9418 0.0305 0.3349
v 0.06931 0.02500 0.77062
vt 0.82143 0.02518
vn -0.9531 0.0450 0.2991
v 0.06931 0.02500 0.77062
vt 0.82143 0.02518
vn -0.9531 0.0450 0.2991
v 0.07444 0.20000 0.76740
vt 0.82143 0.20025
vn -0.9418 0.0305 0.3349
v 0.06299 0.20000 0.71045
vt 0.85714 0.20025
vn -0.9503 0.0069 0.3114
v 0.06931 0.02500 0.77062
vt 0.82143 0.02518
vn -0.9531 0.0450 0.2991
v 0.06299 0.20000 0.71045
vt 0.85714 0.20025
vn -0.9503 0.0069 0.3114
v 0.06054 0.02500 0.71163
vt 0.85714 0.02518
vn -0.9570 0.0257 0.2890
v 0.06054 0.02500 0.71163
vt 0.85714 0.02518
vn -0.9570 0.0257 0.2890
v 0.06299 0.20000 0.71045
vt 0.85714 0.20025
vn -0.9503 0.0069 0.3114
v 0.03961 0.20000 0.66110
vt 0.89286 0.20025
vn -0.8716 0.0105 0.4901
v 0.06054 0.02500 0.71163
vt 0.85714 0.02518
vn -0.9570 0.0257 0.2890
v 0.03961 0.20000 0.66110
vt 0.89286 0.20025
vn -0.8716 0.0105 0.4901
v 0.03655 0.02500 0.66217
vt 0.89286 0.02518
vn -0.8558 0.0286 0.5165
v 0.03655 0.02500 0.66217
vt 0.89286 0.02518
vn -0.8558 0.0286 0.5165
v 0.03961 0.20000 0.66110
vt 0.89286 0.20025
vn -0.8716 0.0105 0.4901
v 0.00782 0.20000 0.61234
vt 0.92857 0.20025
vn -0.9118 0.0337 0.4092
v 0.03655 0.02500 0.66217
vt 0.89286 0.02518
vn -0.8558 0.0286 0.5165
v 0.00782 0.20000 0.61234
vt 0.92857 0.20025
vn -0.9118 0.0337 0.4092
v 0.00149 0.02500 0.61378
vt 0.92857 0.02518
vn -0.8969 0.0478 0.4396
v 0.00149 0.02500 0.61378
vt 0.92857 0.02518
vn -0.8969 0.0478 0.4396
v 0.00782 0.20000 0.61234
vt 0.92857 0.20025
vn -0.9118 0.0337 0.4092
v -0.00704 0.20000 0.55713
vt 0.96429 0.20025
vn -0.9982 0.0418 0.0428
v 0.00149 0.02500 0.61378
vt 0.92857 0.02518
vn -0.8969 0.0478 0.4396
v -0.00704 0.20000 0.55713
vt 0.96429 0.20025
vn -0.9982 0.0418 0.0428
v -0.01452 0.02500 0.55797
vt 0.96429 0.02518
vn -0.9980 0.0552 0.0306
v -0.01452 0.02500 0.55797
vt 0.96429 0.02518
vn -0.9980 0.0552 0.0306
v -0.00704 0.20000 0.55713
vt 0.96429 0.20025
vn -0.9982 0.0418 0.0428
v 0.00300 0.20000 0.50000
vt 1.00000 0.20025
vn -0.9729 0.0229 -0.2302
v -0.01452 0.02500 0.55797
vt 0.96429 0.02518
vn -0.9980 0.0552 0.0306
v 0.00300 0.20000 0.50000
vt 1.00000 0.20025
vn -0.9729 0.0229 -0.2302
v -0.00200 0.02500 0.50000
vt 1.00000 0.02518
vn -0.9625 0.0385 -0.2684
v -0.00200 0.02500 0.50000
vt 0.00000 0.02518
vn -0.9625 0.0385 -0.2684
v 0.00300 0.20000 0.50000
vt 0.00000 0.20025
vn -0.9729 0.0229 -0.2302
v 0.01929 0.20000 0.44584
vt 0.03571 0.20025
vn -0.9834 0.0051 -0.1816
v -0.00200 0.02500 0.50000
vt 0.00000 0.02518
vn -0.9625 0.0385 -0.2684
v 0.01929 0.20000 0.44584
vt 0.03571 0.20025
vn -0.9834 0.0051 -0.1816
v 0.01683 0.02500 0.44556
vt 0.03571 0.02518
vn -0.9807 0.0244 -0.1940
v 0.01683 0.02500 0.44556
vt 0.03571 0.02518
vn -0.9807 0.0244 -0.1940
v 0.01929 0.20000 0.44584
vt 0.03571 0.20025
vn -0.9834 0.0051 -0.1816
v 0.02310 0.20000 0.39115
vt 0.07143 0.20025
vn -0.9996 0.0124 -0.0254
v 0.01683 0.02500 0.44556
vt 0.03571 0.02518
vn -0.9807 0.0244 -0.1940
v 0.02310 0.20000 0.39115
vt 0.07143 0.20025
vn -0.9996 0.0124 -0.0254
v 0.01969 0.02500 0.39037
vt 0.07143 0.02518
vn -0.9995 0.0300 0.0091
v 0.01969 0.02500 0.39037
vt 0.07143 0.02518
vn -0.9995 0.0300 0.0091
v 0.02310 0.20000 0.39115
vt 0.07143 0.20025
vn -0.9996 0.0124 -0.0254
v 0.02217 0.20000 0.33280
vt 0.10714 0.20025
vn -0.9862 0.0358 -0.1615
v 0.01969 0.02500 0.39037
vt 0.07143 0.02518
vn -0.9995 0.0300 0.0091
v 0.02217 0.20000 0.33280
vt 0.10714 0.20025
vn -0.9862 0.0358 -0.1615
v 0.01579 0.02500 0.33057
vt 0.10714 0.02518
vn -0.9901 0.0497 -0.1316
v 0.01579 0.02500 0.33057
vt 0.10714 0.02518
vn -0.9901 0.0497 -0.1316
v 0.02217 0.20000 0.33280
vt 0.10714 0.20025
vn -0.9862 0.0358 -0.1615
v 0.04145 0.20000 0.27917
vt 0.14286 0.20025
vn -0.8358 0.0397 -0.5476
v 0.01579 0.02500 0.33057
vt 0.10714 0.02518
vn -0.9901 0.0497 -0.1316
v 0.04145 0.20000 0.27917
vt 0.14286 0.20025
vn -0.8358 0.0397 -0.5476
v 0.03489 0.02500 0.27601
vt 0.14286 0.02518
vn -0.8225 0.0533 -0.5663
v 0.03489 0.02500 0.27601
vt 0.14286 0.02518
vn -0.8225 0.0533 -0.5663
v 0.04145 0.20000 0.27917
vt 0.14286 0.20025
vn -0.8358 0.0397 -0.5476
v 0.08391 0.20000 0.23856
vt 0.17857 0.20025
vn -0.7103 0.0154 -0.7038
v 0.03489 0.02500 0.27601
vt 0.14286 0.02518
vn -0.8225 0.0533 -0.5663
v 0.08391 0.20000 0.23856
vt 0.17857 0.20025
vn -0.7103 0.0154 -0.7038
v 0.08058 0.02500 0.23646
vt 0.17857 0.02518
vn -0.6829 0.0323 -0.7298
v 0.08058 0.02500 0.23646
vt 0.17857 0.02518
vn -0.6829 0.0323 -0.7298
v 0.08391 0.20000 0.23856
vt 0.17857 0.20025
vn -0.7103 0.0154 -0.7038
v 0.12162 0.20000 0.19825
vt 0.21429 0.20025
vn -0.8367 0.0054 -0.5477
v 0.08058 0.02500 0.23646
vt 0.17857 0.02518
vn -0.6829 0.0323 -0.7298
v 0.12162 0.20000 0.19825
vt 0.21429 0.20025
vn -0.8367 0.0054 -0.5477
v 0.11966 0.02500 0.19669
vt 0.21429 0.02518
vn -0.8454 0.0246 -0.5335
v 0.11966 0.02500 0.19669
vt 0.21429 0.02518
vn -0.8454 0.0246 -0.5335
v 0.12162 0.20000 0.19825
vt 0.21429 0.20025
vn -0.8367 0.0054 -0.5477
v 0.14509 0.20000 0.14509
vt 0.25000 0.20025
vn -0.8474 0.0296 -0.5301
v 0.11966 0.02500 0.19669
vt 0.21429 0.02518
vn -0.8454 0.0246 -0.5335
v 0.14509 0.20000 0.14509
vt 0.25000 0.20025
vn -0.8474 0.0296 -0.5301
v 0.14089 0.02500 0.14089
vt 0.25000 0.02518
vn -0.8668 0.0441 -0.4967
v 0.14089 0.02500 0.14089
vt 0.25000 0.02518
vn -0.8668 0.0441 -0.4967
v 0.14509 0.20000 0.14509
vt 0.25000 0.20025
vn -0.8474 0.0296 -0.5301
v 0.18218 0.20000 0.10146
vt 0.28571 0.20025
vn -0.5397 0.0410 -0.8409
v 0.14089 0.02500 0.14089
vt 0.25000 0.02518
vn -0.8668 0.0441 -0.4967
v 0.18218 0.20000 0.10146
vt 0.28571 0.20025
vn -0.5397 0.0410 -0.8409
v 0.17755 0.02500 0.09566
vt 0.28571 0.02518
vn -0.5239 0.0544 -0.8500
v 0.17755 0.02500 0.09566
vt 0.28571 0.02518
vn -0.5239 0.0544 -0.8500
v 0.18218 0.20000 0.10146
vt 0.28571 0.20025
vn -0.5397 0.0410 -0.8409
v 0.23909 0.20000 0.08476
vt 0.32143 0.20025
vn -0.3400 0.0141 -0.9403
v 0.17755 0.02500 0.09566
vt 0.28571 0.02518
vn -0.5239 0.0544 -0.8500
v 0.23909 0.20000 0.08476
vt 0.32143 0.20025
vn -0.3400 0.0141 -0.9403
v 0.23710 0.02500 0.08159
vt 0.32143 0.02518
vn -0.3052 0.0313 -0.9518
v 0.23710 0.02500 0.08159
vt 0.32143 0.02518
vn -0.3052 0.0313 -0.9518
v 0.23909 0.20000 0.08476
vt 0.32143 0.20025
vn -0.3400 0.0141 -0.9403
v 0.28940 0.20000 0.06269
vt 0.35714 0.20025
vn -0.5500 0.0073 -0.8351
v 0.23710 0.02500 0.08159
vt 0.32143 0.02518
vn -0.3052 0.0313 -0.9518
v 0.28940 0.20000 0.06269
vt 0.35714 0.20025
vn -0.5500 0.0073 -0.8351
v 0.28819 0.02500 0.06018
vt 0.35714 0.02518
vn -0.5693 0.0261 -0.8217
v 0.28819 0.02500 0.06018
vt 0.35714 0.02518
vn -0.5693 0.0261 -0.8217
v 0.28940 0.20000 0.06269
vt 0.35714 0.20025
vn -0.5500 0.0073 -0.8351
v 0.33305 0.20000 0.02288
vt 0.39286 0.20025
vn -0.5083 0.0346 -0.8605
v 0.28819 0.02500 0.06018
vt 0.35714 0.02518
vn -0.5693 0.0261 -0.8217
v 0.33305 0.20000 0.02288
vt 0.39286 0.20025
vn -0.5083 0.0346 -0.8605
v 0.33086 0.02500 0.01664
vt 0.39286 0.02518
vn -0.5370 0.0485 -0.8422
v 0.33086 0.02500 0.01664
vt 0.39286 0.02518
vn -0.5370 0.0485 -0.8422
v 0.33305 0.20000 0.02288
vt 0.39286 0.20025
vn -0.5083 0.0346 -0.8605
v 0.38703 0.20000 0.00503
vt 0.42857 0.20025
vn -0.0717 0.0379 -0.9967
v 0.33086 0.02500 0.01664
vt 0.39286 0.02518
vn -0.5370 0.0485 -0.8422
v 0.38703 0.20000 0.00503
vt 0.42857 0.20025
vn -0.0717 0.0379 -0.9967
v 0.38546 0.02500 -0.00183
vt 0.42857 0.02518
vn -0.0450 0.0516 -0.9977
v 0.38546 0.02500 -0.00183
vt 0.42857 0.02518
vn -0.0450 0.0516 -0.9977
v 0.38703 0.20000 0.00503
vt 0.42857 0.20025
vn -0.0717 0.0379 -0.9967
v 0.44533 0.20000 0.01480
vt 0.46429 0.20025
vn 0.0834 0.0112 -0.9965
v 0.38546 0.02500 -0.00183
vt 0.42857 0.02518
vn -0.0450 0.0516 -0.9977
v 0.44533 0.20000 0.01480
vt 0.46429 0.20025
vn 0.0834 0.0112 -0.9965
v 0.44496 0.02500 0.01149
vt 0.46429 0.02518
vn 0.1171 0.0290 -0.9927
v 0.44496 0.02500 0.01149
vt 0.46429 0.02518
vn 0.1171 0.0290 -0.9927
v 0.44533 0.20000 0.01480
vt 0.46429 0.20025
vn 0.0834 0.0112 -0.9965
v 0.50000 0.20000 0.01449
vt 0.50000 0.20025
vn -0.1317 0.0075 -0.9913
v 0.44496 0.02500 0.01149
vt 0.46429 0.02518
vn 0.1171 0.0290 -0.9927
v 0.50000 0.20000 0.01449
vt 0.50000 0.20025
vn -0.1317 0.0075 -0.9913
v 0.50000 0.02500 0.01167
vt 0.50000 0.02518
vn -0.1547 0.0262 -0.9876
v 0.50000 0.02500 0.01167
vt 0.50000 0.02518
vn -0.1547 0.0262 -0.9876
v 0.50000 0.20000 0.01449
vt 0.50000 0.20025
vn -0.1317 0.0075 -0.9913
v 0.55633 0.20000 0.00006
vt 0.53571 0.20025
vn -0.1066 0.0312 -0.9938
v 0.50000 0.02500 0.01167
vt 0.50000 0.02518
vn -0.1547 0.0262 -0.9876
v 0.55633 0.20000 0.00006
vt 0.53571 0.20025
vn -0.1066 0.0312 -0.9938
v 0.55702 0.02500 -0.00607
vt 0.53571 0.02518
vn -0.1437 0.0455 -0.9886
v 0.55702 0.02500 -0.00607
vt 0.53571 0.02518
vn -0.1437 0.0455 -0.9886
v 0.55633 0.20000 0.00006
vt 0.53571 0.20025
vn -0.1066 0.0312 -0.9938
v 0.61360 0.20000 0.00230
vt 0.57143 0.20025
vn 0.2726 0.0422 -0.9612
v 0.55702 0.02500 -0.00607
vt 0.53571 0.02518
vn -0.1437 0.0455 -0.9886
v 0.61360 0.20000 0.00230
vt 0.57143 0.20025
vn 0.2726 0.0422 -0.9612
v 0.61528 0.02500 -0.00508
vt 0.57143 0.02518
vn 0.2813 0.0556 -0.9580
v 0.61528 0.02500 -0.00508
vt 0.57143 0.02518
vn 0.2813 0.0556 -0.9580
v 0.61360 0.20000 0.00230
vt 0.57143 0.20025
vn 0.2726 0.0422 -0.9612
v 0.66423 0.20000 0.03066
vt 0.60714 0.20025
vn 0.5402 0.0232 -0.8412
v 0.61528 0.02500 -0.00508
vt 0.57143 0.02518
vn 0.2813 0.0556 -0.9580
v 0.66423 0.20000 0.03066
vt 0.60714 0.20025
vn 0.5402 0.0232 -0.8412
v 0.66590 0.02500 0.02590
vt 0.60714 0.02518
vn 0.5730 0.0387 -0.8186
v 0.66590 0.02500 0.02590
vt 0.60714 0.02518
vn 0.5730 0.0387 -0.8186
v 0.66423 0.20000 0.03066
vt 0.60714 0.20025
vn 0.5402 0.0232 -0.8412
v 0.70990 0.20000 0.06414
vt 0.64286 0.20025
vn 0.5007 0.0052 -0.8656
v 0.66590 0.02500 0.02590
vt 0.60714 0.02518
vn 0.5730 0.0387 -0.8186
v 0.70990 0.20000 0.06414
vt 0.64286 0.20025
vn 0.5007 0.0052 -0.8656
v 0.71098 0.02500 0.06190
vt 0.64286 0.02518
vn 0.5123 0.0244 -0.8585
v 0.71098 0.02500 0.06190
vt 0.64286 0.02518
vn 0.5123 0.0244 -0.8585
v 0.70990 0.20000 0.06414
vt 0.64286 0.20025
vn 0.5007 0.0052 -0.8656
v 0.76007 0.20000 0.08610
vt 0.67857 0.20025
vn 0.3619 0.0120 -0.9321
v 0.71098 0.02500 0.06190
vt 0.64286 0.02518
vn 0.5123 0.0244 -0.8585
v 0.76007 0.20000 0.08610
vt 0.67857 0.20025
vn 0.3619 0.0120 -0.9321
v 0.76190 0.02500 0.08319
vt 0.67857 0.02518
vn 0.3306 0.0297 -0.9433
v 0.76190 0.02500 0.08319
vt 0.67857 0.02518
vn 0.3306 0.0297 -0.9433
v 0.76007 0.20000 0.08610
vt 0.67857 0.20025
vn 0.3619 0.0120 -0.9321
v 0.81504 0.20000 0.10496
vt 0.71429 0.20025
vn 0.4677 0.0344 -0.8832
v 0.76190 0.02500 0.08319
vt 0.67857 0.02518
vn 0.3306 0.0297 -0.9433
v 0.81504 0.20000 0.10496
vt 0.71429 0.20025
vn 0.4677 0.0344 -0.8832
v 0.81914 0.02500 0.09981
vt 0.71429 0.02518
vn 0.4389 0.0484 -0.8972
v 0.81914 0.02500 0.09981
vt 0.71429 0.02518
vn 0.4389 0.0484 -0.8972
v 0.81504 0.20000 0.10496
vt 0.71429 0.20025
vn 0.4677 0.0344 -0.8832
v 0.86064 0.20000 0.13936
vt 0.75000 0.20025
vn 0.7668 0.0414 -0.6405
v 0.81914 0.02500 0.09981
vt 0.71429 0.02518
vn 0.4389 0.0484 -0.8972
v 0.86064 0.20000 0.13936
vt 0.75000 0.20025
vn 0.7668 0.0414 -0.6405
v 0.86593 0.02500 0.13407
vt 0.75000 0.02518
vn 0.7763 0.0548 -0.6279
v 0.86593 0.02500 0.13407
vt 0.75000 0.02518
vn 0.7763 0.0548 -0.6279
v 0.86064 0.20000 0.13936
vt 0.75000 0.20025
vn 0.7668 0.0414 -0.6405
v 0.88713 0.20000 0.19127
vt 0.78571 0.20025
vn 0.9058 0.0204 -0.4232
v 0.86593 0.02500 0.13407
vt 0.75000 0.02518
vn 0.7763 0.0548 -0.6279
v 0.88713 0.20000 0.19127
vt 0.78571 0.20025
vn 0.9058 0.0204 -0.4232
v 0.89077 0.02500 0.18837
vt 0.78571 0.02518
vn 0.9217 0.0364 -0.3862
v 0.89077 0.02500 0.18837
vt 0.78571 0.02518
vn 0.9217 0.0364 -0.3862
v 0.88713 0.20000 0.19127
vt 0.78571 0.20025
vn 0.9058 0.0204 -0.4232
v 0.90905 0.20000 0.24298
vt 0.82143 0.20025
vn 0.8469 0.0042 -0.5317
v 0.89077 0.02500 0.18837
vt 0.78571 0.02518
vn 0.9217 0.0364 -0.3862
v 0.90905 0.20000 0.24298
vt 0.82143 0.20025
vn 0.8469 0.0042 -0.5317
v 0.91104 0.02500 0.24173
vt 0.82143 0.02518
vn 0.8468 0.0237 -0.5314
v 0.91104 0.02500 0.24173
vt 0.82143 0.02518
vn 0.8468 0.0237 -0.5314
v 0.90905 0.20000 0.24298
vt 0.82143 0.20025
vn 0.8469 0.0042 -0.5317
v 0.94608 0.20000 0.28518
vt 0.85714 0.20025
vn 0.7707 0.0203 -0.6369
v 0.91104 0.02500 0.24173
vt 0.82143 0.02518
vn 0.8468 0.0237 -0.5314
v 0.94608 0.20000 0.28518
vt 0.85714 0.20025
vn 0.7707 0.0203 -0.6369
v 0.95026 0.02500 0.28317
vt 0.85714 0.02518
vn 0.7435 0.0363 -0.6677
v 0.95026 0.02500 0.28317
vt 0.85714 0.02518
vn 0.7435 0.0363 -0.6677
v 0.94608 0.20000 0.28518
vt 0.85714 0.20025
vn 0.7707 0.0203 -0.6369
v 0.98205 0.20000 0.33132
vt 0.89286 0.20025
vn 0.9308 0.0425 -0.3631
v 0.95026 0.02500 0.28317
vt 0.85714 0.02518
vn 0.7435 0.0363 -0.6677
v 0.98205 0.20000 0.33132
vt 0.89286 0.20025
vn 0.9308 0.0425 -0.3631
v 0.98924 0.02500 0.32881
vt 0.89286 0.02518
vn 0.9278 0.0559 -0.3687
v 0.98924 0.02500 0.32881
vt 0.89286 0.02518
vn 0.9278 0.0559 -0.3687
v 0.98205 0.20000 0.33132
vt 0.89286 0.20025
vn 0.9308 0.0425 -0.3631
v 0.98656 0.20000 0.38895
vt 0.92857 0.20025
vn 0.9995 0.0256 0.0171
v 0.98924 0.02500 0.32881
vt 0.89286 0.02518
vn 0.9278 0.0559 -0.3687
v 0.98656 0.20000 0.38895
vt 0.92857 0.20025
vn 0.9995 0.0256 0.0171
v 0.99182 0.02500 0.38774
vt 0.92857 0.02518
vn 0.9975 0.0407 0.0580
v 0.99182 0.02500 0.38774
vt 0.92857 0.02518
vn 0.9975 0.0407 0.0580
v 0.98656 0.20000 0.38895
vt 0.92857 0.20025
vn 0.9995 0.0256 0.0171
v 0.98010 0.20000 0.44591
vt 0.96429 0.20025
vn 0.9956 0.0043 -0.0936
v 0.99182 0.02500 0.38774
vt 0.92857 0.02518
vn 0.9975 0.0407 0.0580
v 0.98010 0.20000 0.44591
vt 0.96429 0.20025
vn 0.9956 0.0043 -0.0936
v 0.98244 0.02500 0.44564
vt 0.96429 0.02518
vn 0.9956 0.0238 -0.0903
v 0.98244 0.02500 0.44564
vt 0.96429 0.02518
vn 0.9956 0.0238 -0.0903
v 0.98010 0.20000 0.44591
vt 0.96429 0.20025
vn 0.9956 0.0043 -0.0936
v 0.99700 0.20000 0.50000
vt 1.00000 0.20025
vn 0.9704 0.0228 -0.2403
v 0.98244 0.02500 0.44564
vt 0.96429 0.02518
vn 0.9956 0.0238 -0.0903
v 0.99700 0.20000 0.50000
vt 1.00000 0.20025
vn 0.9704 0.0228 -0.2403
v 1.00200 0.02500 0.50000
vt 1.00000 0.02518
vn 0.9593 0.0384 -0.2799
v 0.99700 0.20000 0.50000
vt 0.00000 0.20025
vn 0.9704 0.0228 -0.2403
v 0.99200 0.45000 0.50000
vt 0.00000 0.45030
vn 0.9887 0.0172 -0.1486
v 0.99719 0.45000 0.55602
vt 0.03571 0.45030
vn 0.9915 0.0411 0.1230
v 0.99700 0.20000 0.50000
vt 0.00000 0.20025
vn 0.9704 0.0228 -0.2403
v 0.99719 0.45000 0.55602
vt 0.03571 0.45030
vn 0.9915 0.0411 0.1230
v 1.00765 0.20000 0.55720
vt 0.03571 0.20025
vn 0.9906 0.0427 0.1303
v 1.00765 0.20000 0.55720
vt 0.03571 0.20025
vn 0.9906 0.0427 0.1303
v 0.99719 0.45000 0.55602
vt 0.03571 0.45030
vn 0.9915 0.0411 0.1230
v 0.97845 0.45000 0.60920
vt 0.07143 0.45030
vn 0.9312 0.0137 0.3642
v 1.00765 0.20000 0.55720
vt 0.03571 0.20025
vn 0.9906 0.0427 0.1303
v 0.97845 0.45000 0.60920
vt 0.07143 0.45030
vn 0.9312 0.0137 0.3642
v 0.98252 0.20000 0.61013
vt 0.07143 0.20025
vn 0.8933 0.0200 0.4490
v 0.98252 0.20000 0.61013
vt 0.07143 0.20025
vn 0.8933 0.0200 0.4490
v 0.97845 0.45000 0.60920
vt 0.07143 0.45030
vn 0.9312 0.0137 0.3642
v 0.95661 0.45000 0.65978
vt 0.10714 0.45030
vn 0.9507 -0.0061 0.3099
v 0.98252 0.20000 0.61013
vt 0.07143 0.20025
vn 0.8933 0.0200 0.4490
v 0.95661 0.45000 0.65978
vt 0.10714 0.45030
vn 0.9507 -0.0061 0.3099
v 0.95617 0.20000 0.65962
vt 0.10714 0.20025
vn 0.9550 0.0045 0.2967
v 0.95617 0.20000 0.65962
vt 0.10714 0.20025
vn 0.9550 0.0045 0.2967
v 0.95661 0.45000 0.65978
vt 0.10714 0.45030
vn 0.9507 -0.0061 0.3099
v 0.94430 0.45000 0.71396
vt 0.14286 0.45030
vn 0.9551 0.0204 0.2956
v 0.95617 0.20000 0.65962
vt 0.10714 0.20025
vn 0.9550 0.0045 0.2967
v 0.94430 0.45000 0.71396
vt 0.14286 0.45030
vn 0.9551 0.0204 0.2956
v 0.94948 0.20000 0.71646
vt 0.14286 0.20025
vn 0.9783 0.0254 0.2055
v 0.94948 0.20000 0.71646
vt 0.14286 0.20025
vn 0.9783 0.0254 0.2055
v 0.94430 0.45000 0.71396
vt 0.14286 0.45030
vn 0.9551 0.0204 0.2956
v 0.92367 0.45000 0.76621
vt 0.17857 0.45030
vn 0.8459 0.0412 0.5318
v 0.94948 0.20000 0.71646
vt 0.14286 0.20025
vn 0.9783 0.0254 0.2055
v 0.92367 0.45000 0.76621
vt 0.17857 0.45030
vn 0.8459 0.0412 0.5318
v 0.93260 0.20000 0.77182
vt 0.17857 0.20025
vn 0.8457 0.0428 0.5319
v 0.93260 0.20000 0.77182
vt 0.17857 0.20025
vn 0.8457 0.0428 0.5319
v 0.92367 0.45000 0.76621
vt 0.17857 0.45030
vn 0.8459 0.0412 0.5318
v 0.88553 0.45000 0.80745
vt 0.21429 0.45030
vn 0.6835 0.0203 0.7297
v 0.93260 0.20000 0.77182
vt 0.17857 0.20025
vn 0.8457 0.0428 0.5319
v 0.88553 0.45000 0.80745
vt 0.21429 0.45030
vn 0.6835 0.0203 0.7297
v 0.89001 0.20000 0.81102
vt 0.21429 0.20025
vn 0.6144 0.0254 0.7886
v 0.89001 0.20000 0.81102
vt 0.21429 0.20025
vn 0.6144 0.0254 0.7886
v 0.88553 0.45000 0.80745
vt 0.21429 0.45030
vn 0.6835 0.0203 0.7297
v 0.84236 0.45000 0.84236
vt 0.25000 0.45030
vn 0.6671 -0.0049 0.7449
v 0.89001 0.20000 0.81102
vt 0.21429 0.20025
vn 0.6144 0.0254 0.7886
v 0.84236 0.45000 0.84236
vt 0.25000 0.45030
vn 0.6671 -0.0049 0.7449
v 0.84223 0.20000 0.84223
vt 0.25000 0.20025
vn 0.6401 0.0055 0.7682
v 0.84223 0.20000 0.84223
vt 0.25000 0.20025
vn 0.6401 0.0055 0.7682
v 0.84236 0.45000 0.84236
vt 0.25000 0.45030
vn 0.6671 -0.0049 0.7449
v 0.80365 0.45000 0.88077
vt 0.28571 0.45030
vn 0.7089 0.0032 0.7053
v 0.84223 0.20000 0.84223
vt 0.25000 0.20025
vn 0.6401 0.0055 0.7682
v 0.80365 0.45000 0.88077
vt 0.28571 0.45030
vn 0.7089 0.0032 0.7053
v 0.80471 0.20000 0.88210
vt 0.28571 0.20025
vn 0.7585 0.0118 0.6515
v 0.80471 0.20000 0.88210
vt 0.28571 0.20025
vn 0.7585 0.0118 0.6515
v 0.80365 0.45000 0.88077
vt 0.28571 0.45030
vn 0.7089 0.0032 0.7053
v 0.76437 0.45000 0.92075
vt 0.32143 0.45030
vn 0.6259 0.0312 0.7792
v 0.80471 0.20000 0.88210
vt 0.28571 0.20025
vn 0.7585 0.0118 0.6515
v 0.76437 0.45000 0.92075
vt 0.32143 0.45030
vn 0.6259 0.0312 0.7792
v 0.76877 0.20000 0.92775
vt 0.32143 0.20025
vn 0.6811 0.0342 0.7314
v 0.76877 0.20000 0.92775
vt 0.32143 0.20025
vn 0.6811 0.0342 0.7314
v 0.76437 0.45000 0.92075
vt 0.32143 0.45030
vn 0.6259 0.0312 0.7792
v 0.71692 0.45000 0.95044
vt 0.35714 0.45030
vn 0.3922 0.0400 0.9190
v 0.76877 0.20000 0.92775
vt 0.32143 0.20025
vn 0.6811 0.0342 0.7314
v 0.71692 0.45000 0.95044
vt 0.35714 0.45030
vn 0.3922 0.0400 0.9190
v 0.72138 0.20000 0.95970
vt 0.35714 0.20025
vn 0.3654 0.0417 0.9299
v 0.72138 0.20000 0.95970
vt 0.35714 0.20025
vn 0.3654 0.0417 0.9299
v 0.71692 0.45000 0.95044
vt 0.35714 0.45030
vn 0.3922 0.0400 0.9190
v 0.66245 0.45000 0.96425
vt 0.39286 0.45030
vn 0.1914 0.0168 0.9814
v 0.72138 0.20000 0.95970
vt 0.35714 0.20025
vn 0.3654 0.0417 0.9299
v 0.66245 0.45000 0.96425
vt 0.39286 0.45030
vn 0.1914 0.0168 0.9814
v 0.66407 0.20000 0.96888
vt 0.39286 0.20025
vn 0.1020 0.0226 0.9945
v 0.66407 0.20000 0.96888
vt 0.39286 0.20025
vn 0.1020 0.0226 0.9945
v 0.66245 0.45000 0.96425
vt 0.39286 0.45030
vn 0.1914 0.0168 0.9814
v 0.60767 0.45000 0.97175
vt 0.42857 0.45030
vn 0.1913 -0.0058 0.9815
v 0.66407 0.20000 0.96888
vt 0.39286 0.20025
vn 0.1020 0.0226 0.9945
v 0.60767 0.45000 0.97175
vt 0.42857 0.45030
vn 0.1913 -0.0058 0.9815
v 0.60759 0.20000 0.97138
vt 0.42857 0.20025
vn 0.1709 0.0048 0.9853
v 0.60759 0.20000 0.97138
vt 0.42857 0.20025
vn 0.1709 0.0048 0.9853
v 0.60767 0.45000 0.97175
vt 0.42857 0.45030
vn 0.1913 -0.0058 0.9815
v 0.55468 0.45000 0.98526
vt 0.46429 0.45030
vn 0.2445 0.0069 0.9696
v 0.60759 0.20000 0.97138
vt 0.42857 0.20025
vn 0.1709 0.0048 0.9853
v 0.55468 0.45000 0.98526
vt 0.46429 0.45030
vn 0.2445 0.0069 0.9696
v 0.55496 0.20000 0.98781
vt 0.46429 0.20025
vn 0.3260 0.0147 0.9452
v 0.55496 0.20000 0.98781
vt 0.46429 0.20025
vn 0.3260 0.0147 0.9452
v 0.55468 0.45000 0.98526
vt 0.46429 0.45030
vn 0.2445 0.0069 0.9696
v 0.50000 0.45000 0.99890
vt 0.50000 0.45030
vn 0.0800 0.0370 0.9961
v 0.55496 0.20000 0.98781
vt 0.46429 0.20025
vn 0.3260 0.0147 0.9452
v 0.50000 0.45000 0.99890
vt 0.50000 0.45030
vn 0.0800 0.0370 0.9961
v 0.50000 0.20000 1.00849
vt 0.50000 0.20025
vn 0.1309 0.0391 0.9906
v 0.50000 0.20000 1.00849
vt 0.50000 0.20025
vn 0.1309 0.0391 0.9906
v 0.50000 0.45000 0.99890
vt 0.50000 0.45030
vn 0.0800 0.0370 0.9961
v 0.44433 0.45000 0.99412
vt 0.53571 0.45030
vn -0.2297 0.0321 0.9727
v 0.50000 0.20000 1.00849
vt 0.50000 0.20025
vn 0.1309 0.0391 0.9906
v 0.44433 0.45000 0.99412
vt 0.53571 0.45030
vn -0.2297 0.0321 0.9727
v 0.44338 0.20000 1.00255
vt 0.53571 0.20025
vn -0.3026 0.0349 0.9525
v 0.44338 0.20000 1.00255
vt 0.53571 0.20025
vn -0.3026 0.0349 0.9525
v 0.44433 0.45000 0.99412
vt 0.53571 0.45030
vn -0.2297 0.0321 0.9727
v 0.39195 0.45000 0.97339
vt 0.57143 0.45030
vn -0.3122 -0.0010 0.9500
v 0.44338 0.20000 1.00255
vt 0.53571 0.20025
vn -0.3026 0.0349 0.9525
v 0.39195 0.45000 0.97339
vt 0.57143 0.45030
vn -0.3122 -0.0010 0.9500
v 0.39179 0.20000 0.97411
vt 0.57143 0.20025
vn -0.3680 0.0086 0.9298
v 0.39179 0.20000 0.97411
vt 0.57143 0.20025
vn -0.3680 0.0086 0.9298
v 0.39195 0.45000 0.97339
vt 0.57143 0.45030
vn -0.3122 -0.0010 0.9500
v 0.33919 0.45000 0.95958
vt 0.60714 0.45030
vn -0.2145 0.0028 0.9767
v 0.39179 0.20000 0.97411
vt 0.57143 0.20025
vn -0.3680 0.0086 0.9298
v 0.33919 0.45000 0.95958
vt 0.60714 0.45030
vn -0.2145 0.0028 0.9767
v 0.33865 0.20000 0.96110
vt 0.60714 0.20025
vn -0.1396 0.0115 0.9901
v 0.33865 0.20000 0.96110
vt 0.60714 0.20025
vn -0.1396 0.0115 0.9901
v 0.33919 0.45000 0.95958
vt 0.60714 0.45030
vn -0.2145 0.0028 0.9767
v 0.28350 0.45000 0.94957
vt 0.64286 0.45030
vn -0.3587 0.0372 0.9327
v 0.33865 0.20000 0.96110
vt 0.60714 0.20025
vn -0.1396 0.0115 0.9901
v 0.28350 0.45000 0.94957
vt 0.64286 0.45030
vn -0.3587 0.0372 0.9327
v 0.27932 0.20000 0.95825
vt 0.64286 0.20025
vn -0.3093 0.0393 0.9502
v 0.27932 0.20000 0.95825
vt 0.64286 0.20025
vn -0.3093 0.0393 0.9502
v 0.28350 0.45000 0.94957
vt 0.64286 0.45030
vn -0.3587 0.0372 0.9327
v 0.23613 0.45000 0.91995
vt 0.67857 0.45030
vn -0.6382 0.0284 0.7694
v 0.27932 0.20000 0.95825
vt 0.64286 0.20025
vn -0.3093 0.0393 0.9502
v 0.23613 0.45000 0.91995
vt 0.67857 0.45030
vn -0.6382 0.0284 0.7694
v 0.23207 0.20000 0.92641
vt 0.67857 0.20025
vn -0.6997 0.0319 0.7137
v 0.23207 0.20000 0.92641
vt 0.67857 0.20025
vn -0.6997 0.0319 0.7137
v 0.23613 0.45000 0.91995
vt 0.67857 0.45030
vn -0.6382 0.0284 0.7694
v 0.19802 0.45000 0.87867
vt 0.71429 0.45030
vn -0.6709 -0.0045 0.7415
v 0.23207 0.20000 0.92641
vt 0.67857 0.20025
vn -0.6997 0.0319 0.7137
v 0.19802 0.45000 0.87867
vt 0.71429 0.45030
vn -0.6709 -0.0045 0.7415
v 0.19807 0.20000 0.87860
vt 0.71429 0.20025
vn -0.7000 0.0058 0.7141
v 0.19807 0.20000 0.87860
vt 0.71429 0.20025
vn -0.7000 0.0058 0.7141
v 0.19802 0.45000 0.87867
vt 0.71429 0.45030
vn -0.6709 -0.0045 0.7415
v 0.15419 0.45000 0.84581
vt 0.75000 0.45030
vn -0.6024 0.0089 0.7981
v 0.19807 0.20000 0.87860
vt 0.71429 0.20025
vn -0.7000 0.0058 0.7141
v 0.15419 0.45000 0.84581
vt 0.75000 0.45030
vn -0.6024 0.0089 0.7981
v 0.15204 0.20000 0.84796
vt 0.75000 0.20025
vn -0.5304 0.0163 0.8476
v 0.15204 0.20000 0.84796
vt 0.75000 0.20025
vn -0.5304 0.0163 0.8476
v 0.15419 0.45000 0.84581
vt 0.75000 0.45030
vn -0.6024 0.0089 0.7981
v 0.10921 0.45000 0.81164
vt 0.78571 0.45030
vn -0.7445 0.0397 0.6664
v 0.15204 0.20000 0.84796
vt 0.75000 0.20025
vn -0.5304 0.0163 0.8476
v 0.10921 0.45000 0.81164
vt 0.78571 0.45030
vn -0.7445 0.0397 0.6664
v 0.10124 0.20000 0.81800
vt 0.78571 0.20025
vn -0.7196 0.0414 0.6932
v 0.10124 0.20000 0.81800
vt 0.78571 0.20025
vn -0.7196 0.0414 0.6932
v 0.10921 0.45000 0.81164
vt 0.78571 0.45030
vn -0.7445 0.0397 0.6664
v 0.08057 0.45000 0.76355
vt 0.82143 0.45030
vn -0.9101 0.0267 0.4135
v 0.10124 0.20000 0.81800
vt 0.78571 0.20025
vn -0.7196 0.0414 0.6932
v 0.08057 0.45000 0.76355
vt 0.82143 0.45030
vn -0.9101 0.0267 0.4135
v 0.07444 0.20000 0.76740
vt 0.82143 0.20025
vn -0.9418 0.0305 0.3349
v 0.07444 0.20000 0.76740
vt 0.82143 0.20025
vn -0.9418 0.0305 0.3349
v 0.08057 0.45000 0.76355
vt 0.82143 0.45030
vn -0.9101 0.0267 0.4135
v 0.06320 0.45000 0.71035
vt 0.85714 0.45030
vn -0.9329 -0.0031 0.3601
v 0.07444 0.20000 0.76740
vt 0.82143 0.20025
vn -0.9418 0.0305 0.3349
v 0.06320 0.45000 0.71035
vt 0.85714 0.45030
vn -0.9329 -0.0031 0.3601
v 0.06299 0.20000 0.71045
vt 0.85714 0.20025
vn -0.9503 0.0069 0.3114
v 0.06299 0.20000 0.71045
vt 0.85714 0.20025
vn -0.9503 0.0069 0.3114
v 0.06320 0.45000 0.71035
vt 0.85714 0.45030
vn -0.9329 -0.0031 0.3601
v 0.04085 0.45000 0.66066
vt 0.89286 0.45030
vn -0.9031 0.0015 0.4294
v 0.06299 0.20000 0.71045
vt 0.85714 0.20025
vn -0.9503 0.0069 0.3114
v 0.04085 0.45000 0.66066
vt 0.89286 0.45030
vn -0.9031 0.0015 0.4294
v 0.03961 0.20000 0.66110
vt 0.89286 0.20025
vn -0.8716 0.0105 0.4901
v 0.03961 0.20000 0.66110
vt 0.89286 0.20025
vn -0.8716 0.0105 0.4901
v 0.04085 0.45000 0.66066
vt 0.89286 0.45030
vn -0.9031 0.0015 0.4294
v 0.01574 0.45000 0.61053
vt 0.92857 0.45030
vn -0.9405 0.0306 0.3384
v 0.03961 0.20000 0.66110
vt 0.89286 0.20025
vn -0.8716 0.0105 0.4901
v 0.01574 0.45000 0.61053
vt 0.92857 0.45030
vn -0.9405 0.0306 0.3384
v 0.00782 0.20000 0.61234
vt 0.92857 0.20025
vn -0.9118 0.0337 0.4092
v 0.00782 0.20000 0.61234
vt 0.92857 0.20025
vn -0.9118 0.0337 0.4092
v 0.01574 0.45000 0.61053
vt 0.92857 0.45030
vn -0.9405 0.0306 0.3384
v 0.00318 0.45000 0.55598
vt 0.96429 0.45030
vn -0.9968 0.0401 0.0698
v 0.00782 0.20000 0.61234
vt 0.92857 0.20025
vn -0.9118 0.0337 0.4092
v 0.00318 0.45000 0.55598
vt 0.96429 0.45030
vn -0.9968 0.0401 0.0698
v -0.00704 0.20000 0.55713
vt 0.96429 0.20025
vn -0.9982 0.0418 0.0428
v -0.00704 0.20000 0.55713
vt 0.96429 0.20025
vn -0.9982 0.0418 0.0428
v 0.00318 0.45000 0.55598
vt 0.96429 0.45030
vn -0.9968 0.0401 0.0698
v 0.00800 0.45000 0.50000
vt 1.00000 0.45030
vn -0.9897 0.0172 -0.1422
v -0.00704 0.20000 0.55713
vt 0.96429 0.20025
vn -0.9982 0.0418 0.0428
v 0.00800 0.45000 0.50000
vt 1.00000 0.45030
vn -0.9897 0.0172 -0.1422
v 0.00300 0.20000 0.50000
vt 1.00000 0.20025
vn -0.9729 0.0229 -0.2302
v 0.00300 0.20000 0.50000
vt 0.00000 0.20025
vn -0.9729 0.0229 -0.2302
v 0.00800 0.45000 0.50000
vt 0.00000 0.45030
vn -0.9897 0.0172 -0.1422
v 0.01901 0.45000 0.44581
vt 0.03571 0.45030
vn -0.9880 -0.0053 -0.1543
v 0.00300 0.20000 0.50000
vt 0.00000 0.20025
vn -0.9729 0.0229 -0.2302
v 0.01901 0.45000 0.44581
vt 0.03571 0.45030
vn -0.9880 -0.0053 -0.1543
v 0.01929 0.20000 0.44584
vt 0.03571 0.20025
vn -0.9834 0.0051 -0.1816
v 0.01929 0.20000 0.44584
vt 0.03571 0.20025
vn -0.9834 0.0051 -0.1816
v 0.01901 0.45000 0.44581
vt 0.03571 0.45030
vn -0.9880 -0.0053 -0.1543
v 0.02493 0.45000 0.39157
vt 0.07143 0.45030
vn -0.9947 0.0039 -0.1026
v 0.01929 0.20000 0.44584
vt 0.03571 0.20025
vn -0.9834 0.0051 -0.1816
v 0.02493 0.45000 0.39157
vt 0.07143 0.45030
vn -0.9947 0.0039 -0.1026
v 0.02310 0.20000 0.39115
vt 0.07143 0.20025
vn -0.9996 0.0124 -0.0254
v 0.02310 0.20000 0.39115
vt 0.07143 0.20025
vn -0.9996 0.0124 -0.0254
v 0.02493 0.45000 0.39157
vt 0.07143 0.45030
vn -0.9947 0.0039 -0.1026
v 0.03037 0.45000 0.33567
vt 0.10714 0.45030
vn -0.9731 0.0330 -0.2278
v 0.02310 0.20000 0.39115
vt 0.07143 0.20025
vn -0.9996 0.0124 -0.0254
v 0.03037 0.45000 0.33567
vt 0.10714 0.45030
vn -0.9731 0.0330 -0.2278
v 0.02217 0.20000 0.33280
vt 0.10714 0.20025
vn -0.9862 0.0358 -0.1615
v 0.02217 0.20000 0.33280
vt 0.10714 0.20025
vn -0.9862 0.0358 -0.1615
v 0.03037 0.45000 0.33567
vt 0.10714 0.45030
vn -0.9731 0.0330 -0.2278
v 0.05025 0.45000 0.28341
vt 0.14286 0.45030
vn -0.8628 0.0378 -0.5042
v 0.02217 0.20000 0.33280
vt 0.10714 0.20025
vn -0.9862 0.0358 -0.1615
v 0.05025 0.45000 0.28341
vt 0.14286 0.45030
vn -0.8628 0.0378 -0.5042
v 0.04145 0.20000 0.27917
vt 0.14286 0.20025
vn -0.8358 0.0397 -0.5476
v 0.04145 0.20000 0.27917
vt 0.14286 0.20025
vn -0.8358 0.0397 -0.5476
v 0.05025 0.45000 0.28341
vt 0.14286 0.45030
vn -0.8628 0.0378 -0.5042
v 0.08626 0.45000 0.24003
vt 0.17857 0.45030
vn -0.7675 0.0077 -0.6410
v 0.04145 0.20000 0.27917
vt 0.14286 0.20025
vn -0.8358 0.0397 -0.5476
v 0.08626 0.45000 0.24003
vt 0.17857 0.45030
vn -0.7675 0.0077 -0.6410
v 0.08391 0.20000 0.23856
vt 0.17857 0.20025
vn -0.7103 0.0154 -0.7038
v 0.08391 0.20000 0.23856
vt 0.17857 0.20025
vn -0.7103 0.0154 -0.7038
v 0.08626 0.45000 0.24003
vt 0.17857 0.45030
vn -0.7675 0.0077 -0.6410
v 0.12147 0.45000 0.19813
vt 0.21429 0.45030
vn -0.8160 -0.0050 -0.5780
v 0.08391 0.20000 0.23856
vt 0.17857 0.20025
vn -0.7103 0.0154 -0.7038
v 0.12147 0.45000 0.19813
vt 0.21429 0.45030
vn -0.8160 -0.0050 -0.5780
v 0.12162 0.20000 0.19825
vt 0.21429 0.20025
vn -0.8367 0.0054 -0.5477
v 0.12162 0.20000 0.19825
vt 0.21429 0.20025
vn -0.8367 0.0054 -0.5477
v 0.12147 0.45000 0.19813
vt 0.21429 0.45030
vn -0.8160 -0.0050 -0.5780
v 0.15001 0.45000 0.15001
vt 0.25000 0.45030
vn -0.7979 0.0256 -0.6022
v 0.12162 0.20000 0.19825
vt 0.21429 0.20025
vn -0.8367 0.0054 -0.5477
v 0.15001 0.45000 0.15001
vt 0.25000 0.45030
vn -0.7979 0.0256 -0.6022
v 0.14509 0.20000 0.14509
vt 0.25000 0.20025
vn -0.8474 0.0296 -0.5301
v 0.14509 0.20000 0.14509
vt 0.25000 0.20025
vn -0.8474 0.0296 -0.5301
v 0.15001 0.45000 0.15001
vt 0.25000 0.45030
vn -0.7979 0.0256 -0.6022
v 0.18847 0.45000 0.10935
vt 0.28571 0.45030
vn -0.5731 0.0392 -0.8186
v 0.14509 0.20000 0.14509
vt 0.25000 0.20025
vn -0.8474 0.0296 -0.5301
v 0.18847 0.45000 0.10935
vt 0.28571 0.45030
vn -0.5731 0.0392 -0.8186
v 0.18218 0.20000 0.10146
vt 0.28571 0.20025
vn -0.5397 0.0410 -0.8409
v 0.18218 0.20000 0.10146
vt 0.28571 0.20025
vn -0.5397 0.0410 -0.8409
v 0.18847 0.45000 0.10935
vt 0.28571 0.45030
vn -0.5731 0.0392 -0.8186
v 0.24035 0.45000 0.08677
vt 0.32143 0.45030
vn -0.4166 0.0060 -0.9091
v 0.18218 0.20000 0.10146
vt 0.28571 0.20025
vn -0.5397 0.0410 -0.8409
v 0.24035 0.45000 0.08677
vt 0.32143 0.45030
vn -0.4166 0.0060 -0.9091
v 0.23909 0.20000 0.08476
vt 0.32143 0.20025
vn -0.3400 0.0141 -0.9403
v 0.23909 0.20000 0.08476
vt 0.32143 0.20025
vn -0.3400 0.0141 -0.9403
v 0.24035 0.45000 0.08677
vt 0.32143 0.45030
vn -0.4166 0.0060 -0.9091
v 0.28956 0.45000 0.06302
vt 0.35714 0.45030
vn -0.5058 -0.0025 -0.8627
v 0.23909 0.20000 0.08476
vt 0.32143 0.20025
vn -0.3400 0.0141 -0.9403
v 0.28956 0.45000 0.06302
vt 0.35714 0.45030
vn -0.5058 -0.0025 -0.8627
v 0.28940 0.20000 0.06269
vt 0.35714 0.20025
vn -0.5500 0.0073 -0.8351
v 0.28940 0.20000 0.06269
vt 0.35714 0.20025
vn -0.5500 0.0073 -0.8351
v 0.28956 0.45000 0.06302
vt 0.35714 0.45030
vn -0.5058 -0.0025 -0.8627
v 0.33582 0.45000 0.03080
vt 0.39286 0.45030
vn -0.4411 0.0317 -0.8969
v 0.28940 0.20000 0.06269
vt 0.35714 0.20025
vn -0.5500 0.0073 -0.8351
v 0.33582 0.45000 0.03080
vt 0.39286 0.45030
vn -0.4411 0.0317 -0.8969
v 0.33305 0.20000 0.02288
vt 0.39286 0.20025
vn -0.5083 0.0346 -0.8605
v 0.33305 0.20000 0.02288
vt 0.39286 0.20025
vn -0.5083 0.0346 -0.8605
v 0.33582 0.45000 0.03080
vt 0.39286 0.45030
vn -0.4411 0.0317 -0.8969
v 0.38909 0.45000 0.01406
vt 0.42857 0.45030
vn -0.1308 0.0356 -0.9908
v 0.33305 0.20000 0.02288
vt 0.39286 0.20025
vn -0.5083 0.0346 -0.8605
v 0.38909 0.45000 0.01406
vt 0.42857 0.45030
vn -0.1308 0.0356 -0.9908
v 0.38703 0.20000 0.00503
vt 0.42857 0.20025
vn -0.0717 0.0379 -0.9967
v 0.38703 0.20000 0.00503
vt 0.42857 0.20025
vn -0.0717 0.0379 -0.9967
v 0.38909 0.45000 0.01406
vt 0.42857 0.45030
vn -0.1308 0.0356 -0.9908
v 0.44550 0.45000 0.01631
vt 0.46429 0.45030
vn 0.0076 0.0024 -1.0000
v 0.38703 0.20000 0.00503
vt 0.42857 0.20025
vn -0.0717 0.0379 -0.9967
v 0.44550 0.45000 0.01631
vt 0.46429 0.45030
vn 0.0076 0.0024 -1.0000
v 0.44533 0.20000 0.01480
vt 0.46429 0.20025
vn 0.0834 0.0112 -0.9965
v 0.44533 0.20000 0.01480
vt 0.46429 0.20025
vn 0.0834 0.0112 -0.9965
v 0.44550 0.45000 0.01631
vt 0.46429 0.45030
vn 0.0076 0.0024 -1.0000
v 0.50000 0.45000 0.01490
vt 0.50000 0.45030
vn -0.0803 -0.0023 -0.9968
v 0.44533 0.20000 0.01480
vt 0.46429 0.20025
vn 0.0834 0.0112 -0.9965
v 0.50000 0.45000 0.01490
vt 0.50000 0.45030
vn -0.0803 -0.0023 -0.9968
v 0.50000 0.20000 0.01449
vt 0.50000 0.20025
vn -0.1317 0.0075 -0.9913
v 0.50000 0.20000 0.01449
vt 0.50000 0.20025
vn -0.1317 0.0075 -0.9913
v 0.50000 0.45000 0.01490
vt 0.50000 0.45030
vn -0.0803 -0.0023 -0.9968
v 0.55550 0.45000 0.00745
vt 0.53571 0.45030
vn -0.0223 0.0276 -0.9994
v 0.50000 0.20000 0.01449
vt 0.50000 0.20025
vn -0.1317 0.0075 -0.9913
v 0.55550 0.45000 0.00745
vt 0.53571 0.45030
vn -0.0223 0.0276 -0.9994
v 0.55633 0.20000 0.00006
vt 0.53571 0.20025
vn -0.1066 0.0312 -0.9938
v 0.55633 0.20000 0.00006
vt 0.53571 0.20025
vn -0.1066 0.0312 -0.9938
v 0.55550 0.45000 0.00745
vt 0.53571 0.45030
vn -0.0223 0.0276 -0.9994
v 0.61129 0.45000 0.01242
vt 0.57143 0.45030
vn 0.2531 0.0405 -0.9666
v 0.55633 0.20000 0.00006
vt 0.53571 0.20025
vn -0.1066 0.0312 -0.9938
v 0.61129 0.45000 0.01242
vt 0.57143 0.45030
vn 0.2531 0.0405 -0.9666
v 0.61360 0.20000 0.00230
vt 0.57143 0.20025
vn 0.2726 0.0422 -0.9612
v 0.61360 0.20000 0.00230
vt 0.57143 0.20025
vn 0.2726 0.0422 -0.9612
v 0.61129 0.45000 0.01242
vt 0.57143 0.45030
vn 0.2531 0.0405 -0.9666
v 0.66255 0.45000 0.03547
vt 0.60714 0.45030
vn 0.4621 0.0176 -0.8866
v 0.61360 0.20000 0.00230
vt 0.57143 0.20025
vn 0.2726 0.0422 -0.9612
v 0.66255 0.45000 0.03547
vt 0.60714 0.45030
vn 0.4621 0.0176 -0.8866
v 0.66423 0.20000 0.03066
vt 0.60714 0.20025
vn 0.5402 0.0232 -0.8412
v 0.66423 0.20000 0.03066
vt 0.60714 0.20025
vn 0.5402 0.0232 -0.8412
v 0.66255 0.45000 0.03547
vt 0.60714 0.45030
vn 0.4621 0.0176 -0.8866
v 0.71002 0.45000 0.06389
vt 0.64286 0.45030
vn 0.4747 -0.0053 -0.8801
v 0.66423 0.20000 0.03066
vt 0.60714 0.20025
vn 0.5402 0.0232 -0.8412
v 0.71002 0.45000 0.06389
vt 0.64286 0.45030
vn 0.4747 -0.0053 -0.8801
v 0.70990 0.20000 0.06414
vt 0.64286 0.20025
vn 0.5007 0.0052 -0.8656
v 0.70990 0.20000 0.06414
vt 0.64286 0.20025
vn 0.5007 0.0052 -0.8656
v 0.71002 0.45000 0.06389
vt 0.64286 0.45030
vn 0.4747 -0.0053 -0.8801
v 0.75914 0.45000 0.08757
vt 0.67857 0.45030
vn 0.4301 0.0033 -0.9028
v 0.70990 0.20000 0.06414
vt 0.64286 0.20025
vn 0.5007 0.0052 -0.8656
v 0.75914 0.45000 0.08757
vt 0.67857 0.45030
vn 0.4301 0.0033 -0.9028
v 0.76007 0.20000 0.08610
vt 0.67857 0.20025
vn 0.3619 0.0120 -0.9321
v 0.76007 0.20000 0.08610
vt 0.67857 0.20025
vn 0.3619 0.0120 -0.9321
v 0.75914 0.45000 0.08757
vt 0.67857 0.45030
vn 0.4301 0.0033 -0.9028
v 0.80986 0.45000 0.11145
vt 0.71429 0.45030
vn 0.5302 0.0314 -0.8473
v 0.76007 0.20000 0.08610
vt 0.67857 0.20025
vn 0.3619 0.0120 -0.9321
v 0.80986 0.45000 0.11145
vt 0.71429 0.45030
vn 0.5302 0.0314 -0.8473
v 0.81504 0.20000 0.10496
vt 0.71429 0.20025
vn 0.4677 0.0344 -0.8832
v 0.81504 0.20000 0.10496
vt 0.71429 0.20025
vn 0.4677 0.0344 -0.8832
v 0.80986 0.45000 0.11145
vt 0.71429 0.45030
vn 0.5302 0.0314 -0.8473
v 0.85343 0.45000 0.14657
vt 0.75000 0.45030
vn 0.7441 0.0396 -0.6669
v 0.81504 0.20000 0.10496
vt 0.71429 0.20025
vn 0.4677 0.0344 -0.8832
v 0.85343 0.45000 0.14657
vt 0.75000 0.45030
vn 0.7441 0.0396 -0.6669
v 0.86064 0.20000 0.13936
vt 0.75000 0.20025
vn 0.7668 0.0414 -0.6405
v 0.86064 0.20000 0.13936
vt 0.75000 0.20025
vn 0.7668 0.0414 -0.6405
v 0.85343 0.45000 0.14657
vt 0.75000 0.45030
vn 0.7441 0.0396 -0.6669
v 0.88380 0.45000 0.19393
vt 0.78571 0.45030
vn 0.8636 0.0141 -0.5039
v 0.86064 0.20000 0.13936
vt 0.75000 0.20025
vn 0.7668 0.0414 -0.6405
v 0.88380 0.45000 0.19393
vt 0.78571 0.45030
vn 0.8636 0.0141 -0.5039
v 0.88713 0.20000 0.19127
vt 0.78571 0.20025
vn 0.9058 0.0204 -0.4232
v 0.88713 0.20000 0.19127
vt 0.78571 0.20025
vn 0.9058 0.0204 -0.4232
v 0.88380 0.45000 0.19393
vt 0.78571 0.45030
vn 0.8636 0.0141 -0.5039
v 0.90951 0.45000 0.24269
vt 0.82143 0.45030
vn 0.8468 -0.0065 -0.5318
v 0.88713 0.20000 0.19127
vt 0.78571 0.20025
vn 0.9058 0.0204 -0.4232
v 0.90951 0.45000 0.24269
vt 0.82143 0.45030
vn 0.8468 -0.0065 -0.5318
v 0.90905 0.20000 0.24298
vt 0.82143 0.20025
vn 0.8469 0.0042 -0.5317
v 0.90905 0.20000 0.24298
vt 0.82143 0.20025
vn 0.8469 0.0042 -0.5317
v 0.90951 0.45000 0.24269
vt 0.82143 0.45030
vn 0.8468 -0.0065 -0.5318
v 0.94225 0.45000 0.28702
vt 0.85714 0.45030
vn 0.8267 0.0140 -0.5625
v 0.90905 0.20000 0.24298
vt 0.82143 0.20025
vn 0.8469 0.0042 -0.5317
v 0.94225 0.45000 0.28702
vt 0.85714 0.45030
vn 0.8267 0.0140 -0.5625
v 0.94608 0.20000 0.28518
vt 0.85714 0.20025
vn 0.7707 0.0203 -0.6369
v 0.94608 0.20000 0.28518
vt 0.85714 0.20025
vn 0.7707 0.0203 -0.6369
v 0.94225 0.45000 0.28702
vt 0.85714 0.45030
vn 0.8267 0.0140 -0.5625
v 0.97217 0.45000 0.33478
vt 0.89286 0.45030
vn 0.9358 0.0409 -0.3502
v 0.94608 0.20000 0.28518
vt 0.85714 0.20025
vn 0.7707 0.0203 -0.6369
v 0.97217 0.45000 0.33478
vt 0.89286 0.45030
vn 0.9358 0.0409 -0.3502
v 0.98205 0.20000 0.33132
vt 0.89286 0.20025
vn 0.9308 0.0425 -0.3631
v 0.98205 0.20000 0.33132
vt 0.89286 0.20025
vn 0.9308 0.0425 -0.3631
v 0.97217 0.45000 0.33478
vt 0.89286 0.45030
vn 0.9358 0.0409 -0.3502
v 0.98088 0.45000 0.39024
vt 0.92857 0.45030
vn 0.9969 0.0207 -0.0759
v 0.98205 0.20000 0.33132
vt 0.89286 0.20025
vn 0.9308 0.0425 -0.3631
v 0.98088 0.45000 0.39024
vt 0.92857 0.45030
vn 0.9969 0.0207 -0.0759
v 0.98656 0.20000 0.38895
vt 0.92857 0.20025
vn 0.9995 0.0256 0.0171
v 0.98656 0.20000 0.38895
vt 0.92857 0.20025
vn 0.9995 0.0256 0.0171
v 0.98088 0.45000 0.39024
vt 0.92857 0.45030
vn 0.9969 0.0207 -0.0759
v 0.98063 0.45000 0.44585
vt 0.96429 0.45030
vn 0.9949 -0.0064 -0.1008
v 0.98656 0.20000 0.38895
vt 0.92857 0.20025
vn 0.9995 0.0256 0.0171
v 0.98063 0.45000 0.44585
vt 0.96429 0.45030
vn 0.9949 -0.0064 -0.1008
v 0.98010 0.20000 0.44591
vt 0.96429 0.20025
vn 0.9956 0.0043 -0.0936
v 0.98010 0.20000 0.44591
vt 0.96429 0.20025
vn 0.9956 0.0043 -0.0936
v 0.98063 0.45000 0.44585
vt 0.96429 0.45030
vn 0.9949 -0.0064 -0.1008
v 0.99200 0.45000 0.50000
vt 1.00000 0.45030
vn 0.9887 0.0172 -0.1486
v 0.98010 0.20000 0.44591
vt 0.96429 0.20025
vn 0.9956 0.0043 -0.0936
v 0.99200 0.45000 0.50000
vt 1.00000 0.45030
vn 0.9887 0.0172 -0.1486
v 0.99700 0.20000 0.50000
vt 1.00000 0.20025
vn 0.9704 0.0228 -0.2403
v 0.99200 0.45000 0.50000
vt 0.00000 0.45030
vn 0.9887 0.0172 -0.1486
v 0.98900 0.66000 0.50000
vt 0.00000 0.66032
vn 0.9984 0.0192 -0.0530
v 0.98883 0.66000 0.55508
vt 0.03571 0.66032
vn 0.9921 0.0475 0.1158
v 0.99200 0.45000 0.50000
vt 0.00000 0.45030
vn 0.9887 0.0172 -0.1486
v 0.98883 0.66000 0.55508
vt 0.03571 0.66032
vn 0.9921 0.0475 0.1158
v 0.99719 0.45000 0.55602
vt 0.03571 0.45030
vn 0.9915 0.0411 0.1230
v 0.99719 0.45000 0.55602
vt 0.03571 0.45030
vn 0.9915 0.0411 0.1230
v 0.98883 0.66000 0.55508
vt 0.03571 0.66032
vn 0.9921 0.0475 0.1158
v 0.97631 0.66000 0.60872
vt 0.07143 0.66032
vn 0.9617 0.0150 0.2735
v 0.99719 0.45000 0.55602
vt 0.03571 0.45030
vn 0.9915 0.0411 0.1230
v 0.97631 0.66000 0.60872
vt 0.07143 0.66032
vn 0.9617 0.0150 0.2735
v 0.97845 0.45000 0.60920
vt 0.07143 0.45030
vn 0.9312 0.0137 0.3642
v 0.97845 0.45000 0.60920
vt 0.07143 0.45030
vn 0.9312 0.0137 0.3642
v 0.97631 0.66000 0.60872
vt 0.07143 0.66032
vn 0.9617 0.0150 0.2735
v 0.95883 0.66000 0.66055
vt 0.10714 0.66032
vn 0.9463 -0.0088 0.3231
v 0.97845 0.45000 0.60920
vt 0.07143 0.45030
vn 0.9312 0.0137 0.3642
v 0.95883 0.66000 0.66055
vt 0.10714 0.66032
vn 0.9463 -0.0088 0.3231
v 0.95661 0.45000 0.65978
vt 0.10714 0.45030
vn 0.9507 -0.0061 0.3099
v 0.95661 0.45000 0.65978
vt 0.10714 0.45030
vn 0.9507 -0.0061 0.3099
v 0.95883 0.66000 0.66055
vt 0.10714 0.66032
vn 0.9463 -0.0088 0.3231
v 0.94093 0.66000 0.71234
vt 0.14286 0.66032
vn 0.9224 0.0231 0.3856
v 0.95661 0.45000 0.65978
vt 0.10714 0.45030
vn 0.9507 -0.0061 0.3099
v 0.94093 0.66000 0.71234
vt 0.14286 0.66032
vn 0.9224 0.0231 0.3856
v 0.94430 0.45000 0.71396
vt 0.14286 0.45030
vn 0.9551 0.0204 0.2956
v 0.94430 0.45000 0.71396
vt 0.14286 0.45030
vn 0.9551 0.0204 0.2956
v 0.94093 0.66000 0.71234
vt 0.14286 0.66032
vn 0.9224 0.0231 0.3856
v 0.91653 0.66000 0.76172
vt 0.17857 0.66032
vn 0.8457 0.0476 0.5315
v 0.94430 0.45000 0.71396
vt 0.14286 0.45030
vn 0.9551 0.0204 0.2956
v 0.91653 0.66000 0.76172
vt 0.17857 0.66032
vn 0.8457 0.0476 0.5315
v 0.92367 0.45000 0.76621
vt 0.17857 0.45030
vn 0.8459 0.0412 0.5318
v 0.92367 0.45000 0.76621
vt 0.17857 0.45030
vn 0.8459 0.0412 0.5318
v 0.91653 0.66000 0.76172
vt 0.17857 0.66032
vn 0.8457 0.0476 0.5315
v 0.88262 0.66000 0.80513
vt 0.21429 0.66032
vn 0.7485 0.0230 0.6627
v 0.92367 0.45000 0.76621
vt 0.17857 0.45030
vn 0.8459 0.0412 0.5318
v 0.88262 0.66000 0.80513
vt 0.21429 0.66032
vn 0.7485 0.0230 0.6627
v 0.88553 0.45000 0.80745
vt 0.21429 0.45030
vn 0.6835 0.0203 0.7297
v 0.88553 0.45000 0.80745
vt 0.21429 0.45030
vn 0.6835 0.0203 0.7297
v 0.88262 0.66000 0.80513
vt 0.21429 0.66032
vn 0.7485 0.0230 0.6627
v 0.84383 0.66000 0.84383
vt 0.25000 0.66032
vn 0.6932 -0.0074 0.7207
v 0.88553 0.45000 0.80745
vt 0.21429 0.45030
vn 0.6835 0.0203 0.7297
v 0.84383 0.66000 0.84383
vt 0.25000 0.66032
vn 0.6932 -0.0074 0.7207
v 0.84236 0.45000 0.84236
vt 0.25000 0.45030
vn 0.6671 -0.0049 0.7449
v 0.84236 0.45000 0.84236
vt 0.25000 0.45030
vn 0.6671 -0.0049 0.7449
v 0.84383 0.66000 0.84383
vt 0.25000 0.66032
vn 0.6932 -0.0074 0.7207
v 0.80380 0.66000 0.88095
vt 0.28571 0.66032
vn 0.6547 0.0023 0.7559
v 0.84236 0.45000 0.84236
vt 0.25000 0.45030
vn 0.6671 -0.0049 0.7449
v 0.80380 0.66000 0.88095
vt 0.28571 0.66032
vn 0.6547 0.0023 0.7559
v 0.80365 0.45000 0.88077
vt 0.28571 0.45030
vn 0.7089 0.0032 0.7053
v 0.80365 0.45000 0.88077
vt 0.28571 0.45030
vn 0.7089 0.0032 0.7053
v 0.80380 0.66000 0.88095
vt 0.28571 0.66032
vn 0.6547 0.0023 0.7559
v 0.76108 0.66000 0.91551
vt 0.32143 0.66032
vn 0.5660 0.0359 0.8236
v 0.80365 0.45000 0.88077
vt 0.28571 0.45030
vn 0.7089 0.0032 0.7053
v 0.76108 0.66000 0.91551
vt 0.32143 0.66032
vn 0.5660 0.0359 0.8236
v 0.76437 0.45000 0.92075
vt 0.32143 0.45030
vn 0.6259 0.0312 0.7792
v 0.76437 0.45000 0.92075
vt 0.32143 0.45030
vn 0.6259 0.0312 0.7792
v 0.76108 0.66000 0.91551
vt 0.32143 0.66032
vn 0.5660 0.0359 0.8236
v 0.71338 0.66000 0.94309
vt 0.35714 0.66032
vn 0.4189 0.0462 0.9069
v 0.76437 0.45000 0.92075
vt 0.32143 0.45030
vn 0.6259 0.0312 0.7792
v 0.71338 0.66000 0.94309
vt 0.35714 0.66032
vn 0.4189 0.0462 0.9069
v 0.71692 0.45000 0.95044
vt 0.35714 0.45030
vn 0.3922 0.0400 0.9190
v 0.71692 0.45000 0.95044
vt 0.35714 0.45030
vn 0.3922 0.0400 0.9190
v 0.71338 0.66000 0.94309
vt 0.35714 0.66032
vn 0.4189 0.0462 0.9069
v 0.66149 0.66000 0.96151
vt 0.39286 0.66032
vn 0.2816 0.0187 0.9594
v 0.71692 0.45000 0.95044
vt 0.35714 0.45030
vn 0.3922 0.0400 0.9190
v 0.66149 0.66000 0.96151
vt 0.39286 0.66032
vn 0.2816 0.0187 0.9594
v 0.66245 0.45000 0.96425
vt 0.39286 0.45030
vn 0.1914 0.0168 0.9814
v 0.66245 0.45000 0.96425
vt 0.39286 0.45030
vn 0.1914 0.0168 0.9814
v 0.66149 0.66000 0.96151
vt 0.39286 0.66032
vn 0.2816 0.0187 0.9594
v 0.60818 0.66000 0.97396
vt 0.42857 0.66032
vn 0.2115 -0.0083 0.9773
v 0.66245 0.45000 0.96425
vt 0.39286 0.45030
vn 0.1914 0.0168 0.9814
v 0.60818 0.66000 0.97396
vt 0.42857 0.66032
vn 0.2115 -0.0083 0.9773
v 0.60767 0.45000 0.97175
vt 0.42857 0.45030
vn 0.1913 -0.0058 0.9815
v 0.60767 0.45000 0.97175
vt 0.42857 0.45030
vn 0.1913 -0.0058 0.9815
v 0.60818 0.66000 0.97396
vt 0.42857 0.66032
vn 0.2115 -0.0083 0.9773
v 0.55461 0.66000 0.98465
vt 0.46429 0.66032
vn 0.1593 0.0068 0.9872
v 0.60767 0.45000 0.97175
vt 0.42857 0.45030
vn 0.1913 -0.0058 0.9815
v 0.55461 0.66000 0.98465
vt 0.46429 0.66032
vn 0.1593 0.0068 0.9872
v 0.55468 0.45000 0.98526
vt 0.46429 0.45030
vn 0.2445 0.0069 0.9696
v 0.55468 0.45000 0.98526
vt 0.46429 0.45030
vn 0.2445 0.0069 0.9696
v 0.55461 0.66000 0.98465
vt 0.46429 0.66032
vn 0.1593 0.0068 0.9872
v 0.50000 0.66000 0.99142
vt 0.50000 0.66032
vn 0.0283 0.0426 0.9987
v 0.55468 0.45000 0.98526
vt 0.46429 0.45030
vn 0.2445 0.0069 0.9696
v 0.50000 0.66000 0.99142
vt 0.50000 0.66032
vn 0.0283 0.0426 0.9987
v 0.50000 0.45000 0.99890
vt 0.50000 0.45030
vn 0.0800 0.0370 0.9961
v 0.50000 0.45000 0.99890
vt 0.50000 0.45030
vn 0.0800 0.0370 0.9961
v 0.50000 0.66000 0.99142
vt 0.50000 0.66032
vn 0.0283 0.0426 0.9987
v 0.44504 0.66000 0.98776
vt 0.53571 0.66032
vn -0.1539 0.0370 0.9874
v 0.50000 0.45000 0.99890
vt 0.50000 0.45030
vn 0.0800 0.0370 0.9961
v 0.44504 0.66000 0.98776
vt 0.53571 0.66032
vn -0.1539 0.0370 0.9874
v 0.44433 0.45000 0.99412
vt 0.53571 0.45030
vn -0.2297 0.0321 0.9727
v 0.44433 0.45000 0.99412
vt 0.53571 0.45030
vn -0.2297 0.0321 0.9727
v 0.44504 0.66000 0.98776
vt 0.53571 0.66032
vn -0.1539 0.0370 0.9874
v 0.39169 0.66000 0.97454
vt 0.57143 0.66032
vn -0.2545 -0.0026 0.9671
v 0.44433 0.45000 0.99412
vt 0.53571 0.45030
vn -0.2297 0.0321 0.9727
v 0.39169 0.66000 0.97454
vt 0.57143 0.66032
vn -0.2545 -0.0026 0.9671
v 0.39195 0.45000 0.97339
vt 0.57143 0.45030
vn -0.3122 -0.0010 0.9500
v 0.39195 0.45000 0.97339
vt 0.57143 0.45030
vn -0.3122 -0.0010 0.9500
v 0.39169 0.66000 0.97454
vt 0.57143 0.66032
vn -0.2545 -0.0026 0.9671
v 0.33908 0.66000 0.95987
vt 0.60714 0.66032
vn -0.2897 0.0019 0.9571
v 0.39195 0.45000 0.97339
vt 0.57143 0.45030
vn -0.3122 -0.0010 0.9500
v 0.33908 0.66000 0.95987
vt 0.60714 0.66032
vn -0.2897 0.0019 0.9571
v 0.33919 0.45000 0.95958
vt 0.60714 0.45030
vn -0.2145 0.0028 0.9767
v 0.33919 0.45000 0.95958
vt 0.60714 0.45030
vn -0.2145 0.0028 0.9767
v 0.33908 0.66000 0.95987
vt 0.60714 0.66032
vn -0.2897 0.0019 0.9571
v 0.28677 0.66000 0.94278
vt 0.64286 0.66032
vn -0.4073 0.0429 0.9123
v 0.33919 0.45000 0.95958
vt 0.60714 0.45030
vn -0.2145 0.0028 0.9767
v 0.28677 0.66000 0.94278
vt 0.64286 0.66032
vn -0.4073 0.0429 0.9123
v 0.28350 0.45000 0.94957
vt 0.64286 0.45030
vn -0.3587 0.0372 0.9327
v 0.28350 0.45000 0.94957
vt 0.64286 0.45030
vn -0.3587 0.0372 0.9327
v 0.28677 0.66000 0.94278
vt 0.64286 0.66032
vn -0.4073 0.0429 0.9123
v 0.23910 0.66000 0.91523
vt 0.67857 0.66032
vn -0.5706 0.0327 0.8206
v 0.28350 0.45000 0.94957
vt 0.64286 0.45030
vn -0.3587 0.0372 0.9327
v 0.23910 0.66000 0.91523
vt 0.67857 0.66032
vn -0.5706 0.0327 0.8206
v 0.23613 0.45000 0.91995
vt 0.67857 0.45030
vn -0.6382 0.0284 0.7694
v 0.23613 0.45000 0.91995
vt 0.67857 0.45030
vn -0.6382 0.0284 0.7694
v 0.23910 0.66000 0.91523
vt 0.67857 0.66032
vn -0.5706 0.0327 0.8206
v 0.19679 0.66000 0.88021
vt 0.71429 0.66032
vn -0.6405 -0.0068 0.7679
v 0.23613 0.45000 0.91995
vt 0.67857 0.45030
vn -0.6382 0.0284 0.7694
v 0.19679 0.66000 0.88021
vt 0.71429 0.66032
vn -0.6405 -0.0068 0.7679
v 0.19802 0.45000 0.87867
vt 0.71429 0.45030
vn -0.6709 -0.0045 0.7415
v 0.19802 0.45000 0.87867
vt 0.71429 0.45030
vn -0.6709 -0.0045 0.7415
v 0.19679 0.66000 0.88021
vt 0.71429 0.66032
vn -0.6405 -0.0068 0.7679
v 0.15496 0.66000 0.84504
vt 0.75000 0.66032
vn -0.6714 0.0092 0.7411
v 0.19802 0.45000 0.87867
vt 0.71429 0.45030
vn -0.6709 -0.0045 0.7415
v 0.15496 0.66000 0.84504
vt 0.75000 0.66032
vn -0.6714 0.0092 0.7411
v 0.15419 0.45000 0.84581
vt 0.75000 0.45030
vn -0.6024 0.0089 0.7981
v 0.15419 0.45000 0.84581
vt 0.75000 0.45030
vn -0.6024 0.0089 0.7981
v 0.15496 0.66000 0.84504
vt 0.75000 0.66032
vn -0.6714 0.0092 0.7411
v 0.11554 0.66000 0.80660
vt 0.78571 0.66032
vn -0.7683 0.0458 0.6384
v 0.15419 0.45000 0.84581
vt 0.75000 0.45030
vn -0.6024 0.0089 0.7981
v 0.11554 0.66000 0.80660
vt 0.78571 0.66032
vn -0.7683 0.0458 0.6384
v 0.10921 0.45000 0.81164
vt 0.78571 0.45030
vn -0.7445 0.0397 0.6664
v 0.10921 0.45000 0.81164
vt 0.78571 0.45030
vn -0.7445 0.0397 0.6664
v 0.11554 0.66000 0.80660
vt 0.78571 0.66032
vn -0.7683 0.0458 0.6384
v 0.08495 0.66000 0.76079
vt 0.82143 0.66032
vn -0.8708 0.0306 0.4908
v 0.10921 0.45000 0.81164
vt 0.78571 0.45030
vn -0.7445 0.0397 0.6664
v 0.08495 0.66000 0.76079
vt 0.82143 0.66032
vn -0.8708 0.0306 0.4908
v 0.08057 0.45000 0.76355
vt 0.82143 0.45030
vn -0.9101 0.0267 0.4135
v 0.08057 0.45000 0.76355
vt 0.82143 0.45030
vn -0.9101 0.0267 0.4135
v 0.08495 0.66000 0.76079
vt 0.82143 0.66032
vn -0.8708 0.0306 0.4908
v 0.06170 0.66000 0.71108
vt 0.85714 0.66032
vn -0.9129 -0.0052 0.4081
v 0.08057 0.45000 0.76355
vt 0.82143 0.45030
vn -0.9101 0.0267 0.4135
v 0.06170 0.66000 0.71108
vt 0.85714 0.66032
vn -0.9129 -0.0052 0.4081
v 0.06320 0.45000 0.71035
vt 0.85714 0.45030
vn -0.9329 -0.0031 0.3601
v 0.06320 0.45000 0.71035
vt 0.85714 0.45030
vn -0.9329 -0.0031 0.3601
v 0.06170 0.66000 0.71108
vt 0.85714 0.66032
vn -0.9129 -0.0052 0.4081
v 0.04028 0.66000 0.66086
vt 0.89286 0.66032
vn -0.9307 0.0004 0.3658
v 0.06320 0.45000 0.71035
vt 0.85714 0.45030
vn -0.9329 -0.0031 0.3601
v 0.04028 0.66000 0.66086
vt 0.89286 0.66032
vn -0.9307 0.0004 0.3658
v 0.04085 0.45000 0.66066
vt 0.89286 0.45030
vn -0.9031 0.0015 0.4294
v 0.04085 0.45000 0.66066
vt 0.89286 0.45030
vn -0.9031 0.0015 0.4294
v 0.04028 0.66000 0.66086
vt 0.89286 0.66032
vn -0.9307 0.0004 0.3658
v 0.02165 0.66000 0.60918
vt 0.92857 0.66032
vn -0.9639 0.0352 0.2640
v 0.04085 0.45000 0.66066
vt 0.89286 0.45030
vn -0.9031 0.0015 0.4294
v 0.02165 0.66000 0.60918
vt 0.92857 0.66032
vn -0.9639 0.0352 0.2640
v 0.01574 0.45000 0.61053
vt 0.92857 0.45030
vn -0.9405 0.0306 0.3384
v 0.01574 0.45000 0.61053
vt 0.92857 0.45030
vn -0.9405 0.0306 0.3384
v 0.02165 0.66000 0.60918
vt 0.92857 0.66032
vn -0.9639 0.0352 0.2640
v 0.01130 0.66000 0.55506
vt 0.96429 0.66032
vn -0.9942 0.0462 0.0970
v 0.01574 0.45000 0.61053
vt 0.92857 0.45030
vn -0.9405 0.0306 0.3384
v 0.01130 0.66000 0.55506
vt 0.96429 0.66032
vn -0.9942 0.0462 0.0970
v 0.00318 0.45000 0.55598
vt 0.96429 0.45030
vn -0.9968 0.0401 0.0698
v 0.00318 0.45000 0.55598
vt 0.96429 0.45030
vn -0.9968 0.0401 0.0698
v 0.01130 0.66000 0.55506
vt 0.96429 0.66032
vn -0.9942 0.0462 0.0970
v 0.01100 0.66000 0.50000
vt 1.00000 0.66032
vn -0.9985 0.0192 -0.0506
v 0.00318 0.45000 0.55598
vt 0.96429 0.45030
vn -0.9968 0.0401 0.0698
v 0.01100 0.66000 0.50000
vt 1.00000 0.66032
vn -0.9985 0.0192 -0.0506
v 0.00800 0.45000 0.50000
vt 1.00000 0.45030
vn -0.9897 0.0172 -0.1422
v 0.00800 0.45000 0.50000
vt 0.00000 0.45030
vn -0.9897 0.0172 -0.1422
v 0.01100 0.66000 0.50000
vt 0.00000 0.66032
vn -0.9985 0.0192 -0.0506
v 0.01685 0.66000 0.44556
vt 0.03571 0.66032
vn -0.9919 -0.0078 -0.1269
v 0.00800 0.45000 0.50000
vt 0.00000 0.45030
vn -0.9897 0.0172 -0.1422
v 0.01685 0.66000 0.44556
vt 0.03571 0.66032
vn -0.9919 -0.0078 -0.1269
v 0.01901 0.45000 0.44581
vt 0.03571 0.45030
vn -0.9880 -0.0053 -0.1543
v 0.01901 0.45000 0.44581
vt 0.03571 0.45030
vn -0.9880 -0.0053 -0.1543
v 0.01685 0.66000 0.44556
vt 0.03571 0.66032
vn -0.9919 -0.0078 -0.1269
v 0.02487 0.66000 0.39156
vt 0.07143 0.66032
vn -0.9836 0.0032 -0.1804
v 0.01901 0.45000 0.44581
vt 0.03571 0.45030
vn -0.9880 -0.0053 -0.1543
v 0.02487 0.66000 0.39156
vt 0.07143 0.66032
vn -0.9836 0.0032 -0.1804
v 0.02493 0.45000 0.39157
vt 0.07143 0.45030
vn -0.9947 0.0039 -0.1026
v 0.02493 0.45000 0.39157
vt 0.07143 0.45030
vn -0.9947 0.0039 -0.1026
v 0.02487 0.66000 0.39156
vt 0.07143 0.66032
vn -0.9836 0.0032 -0.1804
v 0.03660 0.66000 0.33785
vt 0.10714 0.66032
vn -0.9550 0.0380 -0.2941
v 0.02493 0.45000 0.39157
vt 0.07143 0.45030
vn -0.9947 0.0039 -0.1026
v 0.03660 0.66000 0.33785
vt 0.10714 0.66032
vn -0.9550 0.0380 -0.2941
v 0.03037 0.45000 0.33567
vt 0.10714 0.45030
vn -0.9731 0.0330 -0.2278
v 0.03037 0.45000 0.33567
vt 0.10714 0.45030
vn -0.9731 0.0330 -0.2278
v 0.03660 0.66000 0.33785
vt 0.10714 0.66032
vn -0.9550 0.0380 -0.2941
v 0.05715 0.66000 0.28674
vt 0.14286 0.66032
vn -0.8875 0.0436 -0.4588
v 0.03037 0.45000 0.33567
vt 0.10714 0.45030
vn -0.9731 0.0330 -0.2278
v 0.05715 0.66000 0.28674
vt 0.14286 0.66032
vn -0.8875 0.0436 -0.4588
v 0.05025 0.45000 0.28341
vt 0.14286 0.45030
vn -0.8628 0.0378 -0.5042
v 0.05025 0.45000 0.28341
vt 0.14286 0.45030
vn -0.8628 0.0378 -0.5042
v 0.05715 0.66000 0.28674
vt 0.14286 0.66032
vn -0.8875 0.0436 -0.4588
v 0.08695 0.66000 0.24046
vt 0.17857 0.66032
vn -0.8203 0.0078 -0.5719
v 0.05025 0.45000 0.28341
vt 0.14286 0.45030
vn -0.8628 0.0378 -0.5042
v 0.08695 0.66000 0.24046
vt 0.17857 0.66032
vn -0.8203 0.0078 -0.5719
v 0.08626 0.45000 0.24003
vt 0.17857 0.45030
vn -0.7675 0.0077 -0.6410
v 0.08626 0.45000 0.24003
vt 0.17857 0.45030
vn -0.7675 0.0077 -0.6410
v 0.08695 0.66000 0.24046
vt 0.17857 0.66032
vn -0.8203 0.0078 -0.5719
v 0.11983 0.66000 0.19683
vt 0.21429 0.66032
vn -0.7942 -0.0074 -0.6076
v 0.08626 0.45000 0.24003
vt 0.17857 0.45030
vn -0.7675 0.0077 -0.6410
v 0.11983 0.66000 0.19683
vt 0.21429 0.66032
vn -0.7942 -0.0074 -0.6076
v 0.12147 0.45000 0.19813
vt 0.21429 0.45030
vn -0.8160 -0.0050 -0.5780
v 0.12147 0.45000 0.19813
vt 0.21429 0.45030
vn -0.8160 -0.0050 -0.5780
v 0.11983 0.66000 0.19683
vt 0.21429 0.66032
vn -0.7942 -0.0074 -0.6076
v 0.15349 0.66000 0.15349
vt 0.25000 0.66032
vn -0.7408 0.0292 -0.6711
v 0.12147 0.45000 0.19813
vt 0.21429 0.45030
vn -0.8160 -0.0050 -0.5780
v 0.15349 0.66000 0.15349
vt 0.25000 0.66032
vn -0.7408 0.0292 -0.6711
v 0.15001 0.45000 0.15001
vt 0.25000 0.45030
vn -0.7979 0.0256 -0.6022
v 0.15001 0.45000 0.15001
vt 0.25000 0.45030
vn -0.7979 0.0256 -0.6022
v 0.15349 0.66000 0.15349
vt 0.25000 0.66032
vn -0.7408 0.0292 -0.6711
v 0.19344 0.66000 0.11558
vt 0.28571 0.66032
vn -0.6055 0.0452 -0.7946
v 0.15001 0.45000 0.15001
vt 0.25000 0.45030
vn -0.7979 0.0256 -0.6022
v 0.19344 0.66000 0.11558
vt 0.28571 0.66032
vn -0.6055 0.0452 -0.7946
v 0.18847 0.45000 0.10935
vt 0.28571 0.45030
vn -0.5731 0.0392 -0.8186
v 0.18847 0.45000 0.10935
vt 0.28571 0.45030
vn -0.5731 0.0392 -0.8186
v 0.19344 0.66000 0.11558
vt 0.28571 0.66032
vn -0.6055 0.0452 -0.7946
v 0.24058 0.66000 0.08713
vt 0.32143 0.66032
vn -0.4920 0.0058 -0.8706
v 0.18847 0.45000 0.10935
vt 0.28571 0.45030
vn -0.5731 0.0392 -0.8186
v 0.24058 0.66000 0.08713
vt 0.32143 0.66032
vn -0.4920 0.0058 -0.8706
v 0.24035 0.45000 0.08677
vt 0.32143 0.45030
vn -0.4166 0.0060 -0.9091
v 0.24035 0.45000 0.08677
vt 0.32143 0.45030
vn -0.4166 0.0060 -0.9091
v 0.24058 0.66000 0.08713
vt 0.32143 0.66032
vn -0.4920 0.0058 -0.8706
v 0.28889 0.66000 0.06163
vt 0.35714 0.66032
vn -0.4597 -0.0045 -0.8881
v 0.24035 0.45000 0.08677
vt 0.32143 0.45030
vn -0.4166 0.0060 -0.9091
v 0.28889 0.66000 0.06163
vt 0.35714 0.66032
vn -0.4597 -0.0045 -0.8881
v 0.28956 0.45000 0.06302
vt 0.35714 0.45030
vn -0.5058 -0.0025 -0.8627
v 0.28956 0.45000 0.06302
vt 0.35714 0.45030
vn -0.5058 -0.0025 -0.8627
v 0.28889 0.66000 0.06163
vt 0.35714 0.66032
vn -0.4597 -0.0045 -0.8881
v 0.33790 0.66000 0.03675
vt 0.39286 0.66032
vn -0.3700 0.0365 -0.9283
v 0.28956 0.45000 0.06302
vt 0.35714 0.45030
vn -0.5058 -0.0025 -0.8627
v 0.33790 0.66000 0.03675
vt 0.39286 0.66032
vn -0.3700 0.0365 -0.9283
v 0.33582 0.45000 0.03080
vt 0.39286 0.45030
vn -0.4411 0.0317 -0.8969
v 0.33582 0.45000 0.03080
vt 0.39286 0.45030
vn -0.4411 0.0317 -0.8969
v 0.33790 0.66000 0.03675
vt 0.39286 0.66032
vn -0.3700 0.0365 -0.9283
v 0.39069 0.66000 0.02106
vt 0.42857 0.66032
vn -0.1901 0.0410 -0.9809
v 0.33582 0.45000 0.03080
vt 0.39286 0.45030
vn -0.4411 0.0317 -0.8969
v 0.39069 0.66000 0.02106
vt 0.42857 0.66032
vn -0.1901 0.0410 -0.9809
v 0.38909 0.45000 0.01406
vt 0.42857 0.45030
vn -0.1308 0.0356 -0.9908
v 0.38909 0.45000 0.01406
vt 0.42857 0.45030
vn -0.1308 0.0356 -0.9908
v 0.39069 0.66000 0.02106
vt 0.42857 0.66032
vn -0.1901 0.0410 -0.9809
v 0.44546 0.66000 0.01590
vt 0.46429 0.66032
vn -0.0697 0.0014 -0.9976
v 0.38909 0.45000 0.01406
vt 0.42857 0.45030
vn -0.1308 0.0356 -0.9908
v 0.44546 0.66000 0.01590
vt 0.46429 0.66032
vn -0.0697 0.0014 -0.9976
v 0.44550 0.45000 0.01631
vt 0.46429 0.45030
vn 0.0076 0.0024 -1.0000
v 0.44550 0.45000 0.01631
vt 0.46429 0.45030
vn 0.0076 0.0024 -1.0000
v 0.44546 0.66000 0.01590
vt 0.46429 0.66032
vn -0.0697 0.0014 -0.9976
v 0.50000 0.66000 0.01342
vt 0.50000 0.66032
vn -0.0284 -0.0042 -0.9996
v 0.44550 0.45000 0.01631
vt 0.46429 0.45030
vn 0.0076 0.0024 -1.0000
v 0.50000 0.66000 0.01342
vt 0.50000 0.66032
vn -0.0284 -0.0042 -0.9996
v 0.50000 0.45000 0.01490
vt 0.50000 0.45030
vn -0.0803 -0.0023 -0.9968
v 0.50000 0.45000 0.01490
vt 0.50000 0.45030
vn -0.0803 -0.0023 -0.9968
v 0.50000 0.66000 0.01342
vt 0.50000 0.66032
vn -0.0284 -0.0042 -0.9996
v 0.55489 0.66000 0.01280
vt 0.53571 0.66032
vn 0.0644 0.0316 -0.9974
v 0.50000 0.45000 0.01490
vt 0.50000 0.45030
vn -0.0803 -0.0023 -0.9968
v 0.55489 0.66000 0.01280
vt 0.53571 0.66032
vn 0.0644 0.0316 -0.9974
v 0.55550 0.45000 0.00745
vt 0.53571 0.45030
vn -0.0223 0.0276 -0.9994
v 0.55550 0.45000 0.00745
vt 0.53571 0.45030
vn -0.0223 0.0276 -0.9994
v 0.55489 0.66000 0.01280
vt 0.53571 0.66032
vn 0.0644 0.0316 -0.9974
v 0.60945 0.66000 0.02049
vt 0.57143 0.66032
vn 0.2332 0.0468 -0.9713
v 0.55550 0.45000 0.00745
vt 0.53571 0.45030
vn -0.0223 0.0276 -0.9994
v 0.60945 0.66000 0.02049
vt 0.57143 0.66032
vn 0.2332 0.0468 -0.9713
v 0.61129 0.45000 0.01242
vt 0.57143 0.45030
vn 0.2531 0.0405 -0.9666
v 0.61129 0.45000 0.01242
vt 0.57143 0.45030
vn 0.2531 0.0405 -0.9666
v 0.60945 0.66000 0.02049
vt 0.57143 0.66032
vn 0.2332 0.0468 -0.9713
v 0.66152 0.66000 0.03839
vt 0.60714 0.66032
vn 0.3780 0.0197 -0.9256
v 0.61129 0.45000 0.01242
vt 0.57143 0.45030
vn 0.2531 0.0405 -0.9666
v 0.66152 0.66000 0.03839
vt 0.60714 0.66032
vn 0.3780 0.0197 -0.9256
v 0.66255 0.45000 0.03547
vt 0.60714 0.45030
vn 0.4621 0.0176 -0.8866
v 0.66255 0.45000 0.03547
vt 0.60714 0.45030
vn 0.4621 0.0176 -0.8866
v 0.66152 0.66000 0.03839
vt 0.60714 0.66032
vn 0.3780 0.0197 -0.9256
v 0.71096 0.66000 0.06194
vt 0.64286 0.66032
vn 0.4484 -0.0078 -0.8938
v 0.66255 0.45000 0.03547
vt 0.60714 0.45030
vn 0.4621 0.0176 -0.8866
v 0.71096 0.66000 0.06194
vt 0.64286 0.66032
vn 0.4484 -0.0078 -0.8938
v 0.71002 0.45000 0.06389
vt 0.64286 0.45030
vn 0.4747 -0.0053 -0.8801
v 0.71002 0.45000 0.06389
vt 0.64286 0.45030
vn 0.4747 -0.0053 -0.8801
v 0.71096 0.66000 0.06194
vt 0.64286 0.66032
vn 0.4484 -0.0078 -0.8938
v 0.75925 0.66000 0.08741
vt 0.67857 0.66032
vn 0.4967 0.0025 -0.8679
v 0.71002 0.45000 0.06389
vt 0.64286 0.45030
vn 0.4747 -0.0053 -0.8801
v 0.75925 0.66000 0.08741
vt 0.67857 0.66032
vn 0.4967 0.0025 -0.8679
v 0.75914 0.45000 0.08757
vt 0.67857 0.45030
vn 0.4301 0.0033 -0.9028
v 0.75914 0.45000 0.08757
vt 0.67857 0.45030
vn 0.4301 0.0033 -0.9028
v 0.75925 0.66000 0.08741
vt 0.67857 0.66032
vn 0.4967 0.0025 -0.8679
v 0.80597 0.66000 0.11632
vt 0.71429 0.66032
vn 0.5909 0.0361 -0.8059
v 0.75914 0.45000 0.08757
vt 0.67857 0.45030
vn 0.4301 0.0033 -0.9028
v 0.80597 0.66000 0.11632
vt 0.71429 0.66032
vn 0.5909 0.0361 -0.8059
v 0.80986 0.45000 0.11145
vt 0.71429 0.45030
vn 0.5302 0.0314 -0.8473
v 0.80986 0.45000 0.11145
vt 0.71429 0.45030
vn 0.5302 0.0314 -0.8473
v 0.80597 0.66000 0.11632
vt 0.71429 0.66032
vn 0.5909 0.0361 -0.8059
v 0.84772 0.66000 0.15228
vt 0.75000 0.66032
vn 0.7199 0.0458 -0.6926
v 0.80986 0.45000 0.11145
vt 0.71429 0.45030
vn 0.5302 0.0314 -0.8473
v 0.84772 0.66000 0.15228
vt 0.75000 0.66032
vn 0.7199 0.0458 -0.6926
v 0.85343 0.45000 0.14657
vt 0.75000 0.45030
vn 0.7441 0.0396 -0.6669
v 0.85343 0.45000 0.14657
vt 0.75000 0.45030
vn 0.7441 0.0396 -0.6669
v 0.84772 0.66000 0.15228
vt 0.75000 0.66032
vn 0.7199 0.0458 -0.6926
v 0.88201 0.66000 0.19536
vt 0.78571 0.66032
vn 0.8128 0.0155 -0.5824
v 0.85343 0.45000 0.14657
vt 0.75000 0.45030
vn 0.7441 0.0396 -0.6669
v 0.88201 0.66000 0.19536
vt 0.78571 0.66032
vn 0.8128 0.0155 -0.5824
v 0.88380 0.45000 0.19393
vt 0.78571 0.45030
vn 0.8636 0.0141 -0.5039
v 0.88380 0.45000 0.19393
vt 0.78571 0.45030
vn 0.8636 0.0141 -0.5039
v 0.88201 0.66000 0.19536
vt 0.78571 0.66032
vn 0.8128 0.0155 -0.5824
v 0.91157 0.66000 0.24140
vt 0.82143 0.66032
vn 0.8467 -0.0092 -0.5319
v 0.88380 0.45000 0.19393
vt 0.78571 0.45030
vn 0.8636 0.0141 -0.5039
v 0.91157 0.66000 0.24140
vt 0.82143 0.66032
vn 0.8467 -0.0092 -0.5319
v 0.90951 0.45000 0.24269
vt 0.82143 0.45030
vn 0.8468 -0.0065 -0.5318
v 0.90951 0.45000 0.24269
vt 0.82143 0.45030
vn 0.8468 -0.0065 -0.5318
v 0.91157 0.66000 0.24140
vt 0.82143 0.66032
vn 0.8467 -0.0092 -0.5319
v 0.94021 0.66000 0.28800
vt 0.85714 0.66032
vn 0.8767 0.0153 -0.4808
v 0.90951 0.45000 0.24269
vt 0.82143 0.45030
vn 0.8468 -0.0065 -0.5318
v 0.94021 0.66000 0.28800
vt 0.85714 0.66032
vn 0.8767 0.0153 -0.4808
v 0.94225 0.45000 0.28702
vt 0.85714 0.45030
vn 0.8267 0.0140 -0.5625
v 0.94225 0.45000 0.28702
vt 0.85714 0.45030
vn 0.8267 0.0140 -0.5625
v 0.94021 0.66000 0.28800
vt 0.85714 0.66032
vn 0.8767 0.0153 -0.4808
v 0.96429 0.66000 0.33754
vt 0.89286 0.66032
vn 0.9403 0.0472 -0.3371
v 0.94225 0.45000 0.28702
vt 0.85714 0.45030
vn 0.8267 0.0140 -0.5625
v 0.96429 0.66000 0.33754
vt 0.89286 0.66032
vn 0.9403 0.0472 -0.3371
v 0.97217 0.45000 0.33478
vt 0.89286 0.45030
vn 0.9358 0.0409 -0.3502
v 0.97217 0.45000 0.33478
vt 0.89286 0.45030
vn 0.9358 0.0409 -0.3502
v 0.96429 0.66000 0.33754
vt 0.89286 0.66032
vn 0.9403 0.0472 -0.3371
v 0.97717 0.66000 0.39109
vt 0.92857 0.66032
vn 0.9850 0.0234 -0.1708
v 0.97217 0.45000 0.33478
vt 0.89286 0.45030
vn 0.9358 0.0409 -0.3502
v 0.97717 0.66000 0.39109
vt 0.92857 0.66032
vn 0.9850 0.0234 -0.1708
v 0.98088 0.45000 0.39024
vt 0.92857 0.45030
vn 0.9969 0.0207 -0.0759
v 0.98088 0.45000 0.39024
vt 0.92857 0.45030
vn 0.9969 0.0207 -0.0759
v 0.97717 0.66000 0.39109
vt 0.92857 0.66032
vn 0.9850 0.0234 -0.1708
v 0.98302 0.66000 0.44558
vt 0.96429 0.66032
vn 0.9941 -0.0091 -0.1080
v 0.98088 0.45000 0.39024
vt 0.92857 0.45030
vn 0.9969 0.0207 -0.0759
v 0.98302 0.66000 0.44558
vt 0.96429 0.66032
vn 0.9941 -0.0091 -0.1080
v 0.98063 0.45000 0.44585
vt 0.96429 0.45030
vn 0.9949 -0.0064 -0.1008
v 0.98063 0.45000 0.44585
vt 0.96429 0.45030
vn 0.9949 -0.0064 -0.1008
v 0.98302 0.66000 0.44558
vt 0.96429 0.66032
vn 0.9941 -0.0091 -0.1080
v 0.98900 0.66000 0.50000
vt 1.00000 0.66032
vn 0.9984 0.0192 -0.0530
v 0.98063 0.45000 0.44585
vt 0.96429 0.45030
vn 0.9949 -0.0064 -0.1008
v 0.98900 0.66000 0.50000
vt 1.00000 0.66032
vn 0.9984 0.0192 -0.0530
v 0.99200 0.45000 0.50000
vt 1.00000 0.45030
vn 0.9887 0.0172 -0.1486
v 0.98900 0.66000 0.50000
vt 0.00000 0.66032
vn 0.9984 0.0192 -0.0530
v 0.98700 0.71000 0.50000
vt 0.00000 0.71036
vn 0.9946 0.1020 -0.0176
v 0.98490 0.71000 0.55464
vt 0.03571 0.71036
vn 0.9840 0.1387 0.1122
v 0.98900 0.66000 0.50000
vt 0.00000 0.66032
vn 0.9984 0.0192 -0.0530
v 0.98490 0.71000 0.55464
vt 0.03571 0.71036
vn 0.9840 0.1387 0.1122
v 0.98883 0.66000 0.55508
vt 0.03571 0.66032
vn 0.9921 0.0475 0.1158
v 0.98883 0.66000 0.55508
vt 0.03571 0.66032
vn 0.9921 0.0475 0.1158
v 0.98490 0.71000 0.55464
vt 0.03571 0.71036
vn 0.9840 0.1387 0.1122
v 0.97465 0.71000 0.60834
vt 0.07143 0.71036
vn 0.9663 0.0965 0.2385
v 0.98883 0.66000 0.55508
vt 0.03571 0.66032
vn 0.9921 0.0475 0.1158
v 0.97465 0.71000 0.60834
vt 0.07143 0.71036
vn 0.9663 0.0965 0.2385
v 0.97631 0.66000 0.60872
vt 0.07143 0.66032
vn 0.9617 0.0150 0.2735
v 0.97631 0.66000 0.60872
vt 0.07143 0.66032
vn 0.9617 0.0150 0.2735
v 0.97465 0.71000 0.60834
vt 0.07143 0.71036
vn 0.9663 0.0965 0.2385
v 0.95877 0.71000 0.66053
vt 0.10714 0.71036
vn 0.9427 0.0654 0.3272
v 0.97631 0.66000 0.60872
vt 0.07143 0.66032
vn 0.9617 0.0150 0.2735
v 0.95877 0.71000 0.66053
vt 0.10714 0.71036
vn 0.9427 0.0654 0.3272
v 0.95883 0.66000 0.66055
vt 0.10714 0.66032
vn 0.9463 -0.0088 0.3231
v 0.95883 0.66000 0.66055
vt 0.10714 0.66032
vn 0.9463 -0.0088 0.3231
v 0.95877 0.71000 0.66053
vt 0.10714 0.71036
vn 0.9427 0.0654 0.3272
v 0.93889 0.71000 0.71136
vt 0.14286 0.71036
vn 0.9033 0.1070 0.4155
v 0.95883 0.66000 0.66055
vt 0.10714 0.66032
vn 0.9463 -0.0088 0.3231
v 0.93889 0.71000 0.71136
vt 0.14286 0.71036
vn 0.9033 0.1070 0.4155
v 0.94093 0.66000 0.71234
vt 0.14286 0.66032
vn 0.9224 0.0231 0.3856
v 0.94093 0.66000 0.71234
vt 0.14286 0.66032
vn 0.9224 0.0231 0.3856
v 0.93889 0.71000 0.71136
vt 0.14286 0.71036
vn 0.9033 0.1070 0.4155
v 0.91318 0.71000 0.75962
vt 0.17857 0.71036
vn 0.8385 0.1388 0.5269
v 0.94093 0.66000 0.71234
vt 0.14286 0.66032
vn 0.9224 0.0231 0.3856
v 0.91318 0.71000 0.75962
vt 0.17857 0.71036
vn 0.8385 0.1388 0.5269
v 0.91653 0.66000 0.76172
vt 0.17857 0.66032
vn 0.8457 0.0476 0.5315
v 0.91653 0.66000 0.76172
vt 0.17857 0.66032
vn 0.8457 0.0476 0.5315
v 0.91318 0.71000 0.75962
vt 0.17857 0.71036
vn 0.8385 0.1388 0.5269
v 0.88085 0.71000 0.80372
vt 0.21429 0.71036
vn 0.7666 0.1069 0.6332
v 0.91653 0.66000 0.76172
vt 0.17857 0.66032
vn 0.8457 0.0476 0.5315
v 0.88085 0.71000 0.80372
vt 0.21429 0.71036
vn 0.7666 0.1069 0.6332
v 0.88262 0.66000 0.80513
vt 0.21429 0.66032
vn 0.7485 0.0230 0.6627
v 0.88262 0.66000 0.80513
vt 0.21429 0.66032
vn 0.7485 0.0230 0.6627
v 0.88085 0.71000 0.80372
vt 0.21429 0.71036
vn 0.7666 0.1069 0.6332
v 0.84372 0.71000 0.84372
vt 0.25000 0.71036
vn 0.7009 0.0672 0.7100
v 0.88262 0.66000 0.80513
vt 0.21429 0.66032
vn 0.7485 0.0230 0.6627
v 0.84372 0.71000 0.84372
vt 0.25000 0.71036
vn 0.7009 0.0672 0.7100
v 0.84383 0.66000 0.84383
vt 0.25000 0.66032
vn 0.6932 -0.0074 0.7207
v 0.84383 0.66000 0.84383
vt 0.25000 0.66032
vn 0.6932 -0.0074 0.7207
v 0.84372 0.71000 0.84372
vt 0.25000 0.71036
vn 0.7009 0.0672 0.7100
v 0.80328 0.71000 0.88030
vt 0.28571 0.71036
vn 0.6320 0.0799 0.7709
v 0.84383 0.66000 0.84383
vt 0.25000 0.66032
vn 0.6932 -0.0074 0.7207
v 0.80328 0.71000 0.88030
vt 0.28571 0.71036
vn 0.6320 0.0799 0.7709
v 0.80380 0.66000 0.88095
vt 0.28571 0.66032
vn 0.6547 0.0023 0.7559
v 0.80380 0.66000 0.88095
vt 0.28571 0.66032
vn 0.6547 0.0023 0.7559
v 0.80328 0.71000 0.88030
vt 0.28571 0.71036
vn 0.6320 0.0799 0.7709
v 0.75940 0.71000 0.91284
vt 0.32143 0.71036
vn 0.5394 0.1237 0.8329
v 0.80380 0.66000 0.88095
vt 0.28571 0.66032
vn 0.6547 0.0023 0.7559
v 0.75940 0.71000 0.91284
vt 0.32143 0.71036
vn 0.5394 0.1237 0.8329
v 0.76108 0.66000 0.91551
vt 0.32143 0.66032
vn 0.5660 0.0359 0.8236
v 0.76108 0.66000 0.91551
vt 0.32143 0.66032
vn 0.5660 0.0359 0.8236
v 0.75940 0.71000 0.91284
vt 0.32143 0.71036
vn 0.5394 0.1237 0.8329
v 0.71170 0.71000 0.93961
vt 0.35714 0.71036
vn 0.4250 0.1370 0.8948
v 0.76108 0.66000 0.91551
vt 0.32143 0.66032
vn 0.5660 0.0359 0.8236
v 0.71170 0.71000 0.93961
vt 0.35714 0.71036
vn 0.4250 0.1370 0.8948
v 0.71338 0.66000 0.94309
vt 0.35714 0.66032
vn 0.4189 0.0462 0.9069
v 0.71338 0.66000 0.94309
vt 0.35714 0.66032
vn 0.4189 0.0462 0.9069
v 0.71170 0.71000 0.93961
vt 0.35714 0.71036
vn 0.4250 0.1370 0.8948
v 0.66084 0.71000 0.95966
vt 0.39286 0.71036
vn 0.3125 0.1014 0.9445
v 0.71338 0.66000 0.94309
vt 0.35714 0.66032
vn 0.4189 0.0462 0.9069
v 0.66084 0.71000 0.95966
vt 0.39286 0.71036
vn 0.3125 0.1014 0.9445
v 0.66149 0.66000 0.96151
vt 0.39286 0.66032
vn 0.2816 0.0187 0.9594
v 0.66149 0.66000 0.96151
vt 0.39286 0.66032
vn 0.2816 0.0187 0.9594
v 0.66084 0.71000 0.95966
vt 0.39286 0.71036
vn 0.3125 0.1014 0.9445
v 0.60816 0.71000 0.97387
vt 0.42857 0.71036
vn 0.2184 0.0659 0.9736
v 0.66149 0.66000 0.96151
vt 0.39286 0.66032
vn 0.2816 0.0187 0.9594
v 0.60816 0.71000 0.97387
vt 0.42857 0.71036
vn 0.2184 0.0659 0.9736
v 0.60818 0.66000 0.97396
vt 0.42857 0.66032
vn 0.2115 -0.0083 0.9773
v 0.60818 0.66000 0.97396
vt 0.42857 0.66032
vn 0.2115 -0.0083 0.9773
v 0.60816 0.71000 0.97387
vt 0.42857 0.71036
vn 0.2184 0.0659 0.9736
v 0.55448 0.71000 0.98351
vt 0.46429 0.71036
vn 0.1273 0.0857 0.9881
v 0.60818 0.66000 0.97396
vt 0.42857 0.66032
vn 0.2115 -0.0083 0.9773
v 0.55448 0.71000 0.98351
vt 0.46429 0.71036
vn 0.1273 0.0857 0.9881
v 0.55461 0.66000 0.98465
vt 0.46429 0.66032
vn 0.1593 0.0068 0.9872
v 0.55461 0.66000 0.98465
vt 0.46429 0.66032
vn 0.1593 0.0068 0.9872
v 0.55448 0.71000 0.98351
vt 0.46429 0.71036
vn 0.1273 0.0857 0.9881
v 0.50000 0.71000 0.98780
vt 0.50000 0.71036
vn 0.0094 0.1324 0.9911
v 0.55461 0.66000 0.98465
vt 0.46429 0.66032
vn 0.1593 0.0068 0.9872
v 0.50000 0.71000 0.98780
vt 0.50000 0.71036
vn 0.0094 0.1324 0.9911
v 0.50000 0.66000 0.99142
vt 0.50000 0.66032
vn 0.0283 0.0426 0.9987
v 0.50000 0.66000 0.99142
vt 0.50000 0.66032
vn 0.0283 0.0426 0.9987
v 0.50000 0.71000 0.98780
vt 0.50000 0.71036
vn 0.0094 0.1324 0.9911
v 0.44540 0.71000 0.98455
vt 0.53571 0.71036
vn -0.1250 0.1252 0.9842
v 0.50000 0.66000 0.99142
vt 0.50000 0.66032
vn 0.0283 0.0426 0.9987
v 0.44540 0.71000 0.98455
vt 0.53571 0.71036
vn -0.1250 0.1252 0.9842
v 0.44504 0.66000 0.98776
vt 0.53571 0.66032
vn -0.1539 0.0370 0.9874
v 0.44504 0.66000 0.98776
vt 0.53571 0.66032
vn -0.1539 0.0370 0.9874
v 0.44540 0.71000 0.98455
vt 0.53571 0.71036
vn -0.1250 0.1252 0.9842
v 0.39180 0.71000 0.97406
vt 0.57143 0.71036
vn -0.2326 0.0734 0.9698
v 0.44504 0.66000 0.98776
vt 0.53571 0.66032
vn -0.1539 0.0370 0.9874
v 0.39180 0.71000 0.97406
vt 0.57143 0.71036
vn -0.2326 0.0734 0.9698
v 0.39169 0.66000 0.97454
vt 0.57143 0.66032
vn -0.2545 -0.0026 0.9671
v 0.39169 0.66000 0.97454
vt 0.57143 0.66032
vn -0.2545 -0.0026 0.9671
v 0.39180 0.71000 0.97406
vt 0.57143 0.71036
vn -0.2326 0.0734 0.9698
v 0.33935 0.71000 0.95911
vt 0.60714 0.71036
vn -0.3158 0.0794 0.9455
v 0.39169 0.66000 0.97454
vt 0.57143 0.66032
vn -0.2545 -0.0026 0.9671
v 0.33935 0.71000 0.95911
vt 0.60714 0.71036
vn -0.3158 0.0794 0.9455
v 0.33908 0.66000 0.95987
vt 0.60714 0.66032
vn -0.2897 0.0019 0.9571
v 0.33908 0.66000 0.95987
vt 0.60714 0.66032
vn -0.2897 0.0019 0.9571
v 0.33935 0.71000 0.95911
vt 0.60714 0.71036
vn -0.3158 0.0794 0.9455
v 0.28835 0.71000 0.93950
vt 0.64286 0.71036
vn -0.4214 0.1328 0.8971
v 0.33908 0.66000 0.95987
vt 0.60714 0.66032
vn -0.2897 0.0019 0.9571
v 0.28835 0.71000 0.93950
vt 0.64286 0.71036
vn -0.4214 0.1328 0.8971
v 0.28677 0.66000 0.94278
vt 0.64286 0.66032
vn -0.4073 0.0429 0.9123
v 0.28677 0.66000 0.94278
vt 0.64286 0.66032
vn -0.4073 0.0429 0.9123
v 0.28835 0.71000 0.93950
vt 0.64286 0.71036
vn -0.4214 0.1328 0.8971
v 0.24065 0.71000 0.91275
vt 0.67857 0.71036
vn -0.5412 0.1195 0.8323
v 0.28677 0.66000 0.94278
vt 0.64286 0.66032
vn -0.4073 0.0429 0.9123
v 0.24065 0.71000 0.91275
vt 0.67857 0.71036
vn -0.5412 0.1195 0.8323
v 0.23910 0.66000 0.91523
vt 0.67857 0.66032
vn -0.5706 0.0327 0.8206
v 0.23910 0.66000 0.91523
vt 0.67857 0.66032
vn -0.5706 0.0327 0.8206
v 0.24065 0.71000 0.91275
vt 0.67857 0.71036
vn -0.5412 0.1195 0.8323
v 0.19692 0.71000 0.88005
vt 0.71429 0.71036
vn -0.6278 0.0680 0.7754
v 0.23910 0.66000 0.91523
vt 0.67857 0.66032
vn -0.5706 0.0327 0.8206
v 0.19692 0.71000 0.88005
vt 0.71429 0.71036
vn -0.6278 0.0680 0.7754
v 0.19679 0.66000 0.88021
vt 0.71429 0.66032
vn -0.6405 -0.0068 0.7679
v 0.19679 0.66000 0.88021
vt 0.71429 0.66032
vn -0.6405 -0.0068 0.7679
v 0.19692 0.71000 0.88005
vt 0.71429 0.71036
vn -0.6278 0.0680 0.7754
v 0.15588 0.71000 0.84412
vt 0.75000 0.71036
vn -0.6926 0.0889 0.7158
v 0.19679 0.66000 0.88021
vt 0.71429 0.66032
vn -0.6405 -0.0068 0.7679
v 0.15588 0.71000 0.84412
vt 0.75000 0.71036
vn -0.6926 0.0889 0.7158
v 0.15496 0.66000 0.84504
vt 0.75000 0.66032
vn -0.6714 0.0092 0.7411
v 0.15496 0.66000 0.84504
vt 0.75000 0.66032
vn -0.6714 0.0092 0.7411
v 0.15588 0.71000 0.84412
vt 0.75000 0.71036
vn -0.6926 0.0889 0.7158
v 0.11853 0.71000 0.80421
vt 0.78571 0.71036
vn -0.7704 0.1365 0.6228
v 0.15496 0.66000 0.84504
vt 0.75000 0.66032
vn -0.6714 0.0092 0.7411
v 0.11853 0.71000 0.80421
vt 0.78571 0.71036
vn -0.7704 0.1365 0.6228
v 0.11554 0.66000 0.80660
vt 0.78571 0.66032
vn -0.7683 0.0458 0.6384
v 0.11554 0.66000 0.80660
vt 0.78571 0.66032
vn -0.7683 0.0458 0.6384
v 0.11853 0.71000 0.80421
vt 0.78571 0.71036
vn -0.7704 0.1365 0.6228
v 0.08731 0.71000 0.75931
vt 0.82143 0.71036
vn -0.8492 0.1169 0.5149
v 0.11554 0.66000 0.80660
vt 0.78571 0.66032
vn -0.7683 0.0458 0.6384
v 0.08731 0.71000 0.75931
vt 0.82143 0.71036
vn -0.8492 0.1169 0.5149
v 0.08495 0.66000 0.76079
vt 0.82143 0.66032
vn -0.8708 0.0306 0.4908
v 0.08495 0.66000 0.76079
vt 0.82143 0.66032
vn -0.8708 0.0306 0.4908
v 0.08731 0.71000 0.75931
vt 0.82143 0.71036
vn -0.8492 0.1169 0.5149
v 0.06198 0.71000 0.71094
vt 0.85714 0.71036
vn -0.9028 0.0701 0.4243
v 0.08495 0.66000 0.76079
vt 0.82143 0.66032
vn -0.8708 0.0306 0.4908
v 0.06198 0.71000 0.71094
vt 0.85714 0.71036
vn -0.9028 0.0701 0.4243
v 0.06170 0.66000 0.71108
vt 0.85714 0.66032
vn -0.9129 -0.0052 0.4081
v 0.06170 0.66000 0.71108
vt 0.85714 0.66032
vn -0.9129 -0.0052 0.4081
v 0.06198 0.71000 0.71094
vt 0.85714 0.71036
vn -0.9028 0.0701 0.4243
v 0.04094 0.71000 0.66063
vt 0.89286 0.71036
vn -0.9368 0.0773 0.3411
v 0.06170 0.66000 0.71108
vt 0.85714 0.66032
vn -0.9129 -0.0052 0.4081
v 0.04094 0.71000 0.66063
vt 0.89286 0.71036
vn -0.9368 0.0773 0.3411
v 0.04028 0.66000 0.66086
vt 0.89286 0.66032
vn -0.9307 0.0004 0.3658
v 0.04028 0.66000 0.66086
vt 0.89286 0.66032
vn -0.9307 0.0004 0.3658
v 0.04094 0.71000 0.66063
vt 0.89286 0.71036
vn -0.9368 0.0773 0.3411
v 0.02468 0.71000 0.60849
vt 0.92857 0.71036
vn -0.9643 0.1228 0.2347
v 0.04028 0.66000 0.66086
vt 0.89286 0.66032
vn -0.9307 0.0004 0.3658
v 0.02468 0.71000 0.60849
vt 0.92857 0.71036
vn -0.9643 0.1228 0.2347
v 0.02165 0.66000 0.60918
vt 0.92857 0.66032
vn -0.9639 0.0352 0.2640
v 0.02165 0.66000 0.60918
vt 0.92857 0.66032
vn -0.9639 0.0352 0.2640
v 0.02468 0.71000 0.60849
vt 0.92857 0.71036
vn -0.9643 0.1228 0.2347
v 0.01514 0.71000 0.55463
vt 0.96429 0.71036
vn -0.9849 0.1371 0.1060
v 0.02165 0.66000 0.60918
vt 0.92857 0.66032
vn -0.9639 0.0352 0.2640
v 0.01514 0.71000 0.55463
vt 0.96429 0.71036
vn -0.9849 0.1371 0.1060
v 0.01130 0.66000 0.55506
vt 0.96429 0.66032
vn -0.9942 0.0462 0.0970
v 0.01130 0.66000 0.55506
vt 0.96429 0.66032
vn -0.9942 0.0462 0.0970
v 0.01514 0.71000 0.55463
vt 0.96429 0.71036
vn -0.9849 0.1371 0.1060
v 0.01300 0.71000 0.50000
vt 1.00000 0.71036
vn -0.9946 0.1020 -0.0168
v 0.01130 0.66000 0.55506
vt 0.96429 0.66032
vn -0.9942 0.0462 0.0970
v 0.01300 0.71000 0.50000
vt 1.00000 0.71036
vn -0.9946 0.1020 -0.0168
v 0.01100 0.66000 0.50000
vt 1.00000 0.66032
vn -0.9985 0.0192 -0.0506
v 0.01100 0.66000 0.50000
vt 0.00000 0.66032
vn -0.9985 0.0192 -0.0506
v 0.01300 0.71000 0.50000
vt 0.00000 0.71036
vn -0.9946 0.1020 -0.0168
v 0.01698 0.71000 0.44558
vt 0.03571 0.71036
vn -0.9909 0.0666 -0.1167
v 0.01100 0.66000 0.50000
vt 0.00000 0.66032
vn -0.9985 0.0192 -0.0506
v 0.01698 0.71000 0.44558
vt 0.03571 0.71036
vn -0.9909 0.0666 -0.1167
v 0.01685 0.66000 0.44556
vt 0.03571 0.66032
vn -0.9919 -0.0078 -0.1269
v 0.01685 0.66000 0.44556
vt 0.03571 0.66032
vn -0.9919 -0.0078 -0.1269
v 0.01698 0.71000 0.44558
vt 0.03571 0.71036
vn -0.9909 0.0666 -0.1167
v 0.02575 0.71000 0.39175
vt 0.07143 0.71036
vn -0.9748 0.0811 -0.2078
v 0.01685 0.66000 0.44556
vt 0.03571 0.66032
vn -0.9919 -0.0078 -0.1269
v 0.02575 0.71000 0.39175
vt 0.07143 0.71036
vn -0.9748 0.0811 -0.2078
v 0.02487 0.66000 0.39156
vt 0.07143 0.66032
vn -0.9836 0.0032 -0.1804
v 0.02487 0.66000 0.39156
vt 0.07143 0.66032
vn -0.9836 0.0032 -0.1804
v 0.02575 0.71000 0.39175
vt 0.07143 0.71036
vn -0.9748 0.0811 -0.2078
v 0.03972 0.71000 0.33894
vt 0.10714 0.71036
vn -0.9404 0.1265 -0.3158
v 0.02487 0.66000 0.39156
vt 0.07143 0.66032
vn -0.9836 0.0032 -0.1804
v 0.03972 0.71000 0.33894
vt 0.10714 0.71036
vn -0.9404 0.1265 -0.3158
v 0.03660 0.66000 0.33785
vt 0.10714 0.66032
vn -0.9550 0.0380 -0.2941
v 0.03660 0.66000 0.33785
vt 0.10714 0.66032
vn -0.9550 0.0380 -0.2941
v 0.03972 0.71000 0.33894
vt 0.10714 0.71036
vn -0.9404 0.1265 -0.3158
v 0.06047 0.71000 0.28834
vt 0.14286 0.71036
vn -0.8888 0.1337 -0.4384
v 0.03660 0.66000 0.33785
vt 0.10714 0.66032
vn -0.9550 0.0380 -0.2941
v 0.06047 0.71000 0.28834
vt 0.14286 0.71036
vn -0.8888 0.1337 -0.4384
v 0.05715 0.66000 0.28674
vt 0.14286 0.66032
vn -0.8875 0.0436 -0.4588
v 0.05715 0.66000 0.28674
vt 0.14286 0.66032
vn -0.8875 0.0436 -0.4588
v 0.06047 0.71000 0.28834
vt 0.14286 0.71036
vn -0.8888 0.1337 -0.4384
v 0.08798 0.71000 0.24111
vt 0.17857 0.71036
vn -0.8350 0.0871 -0.5434
v 0.05715 0.66000 0.28674
vt 0.14286 0.66032
vn -0.8875 0.0436 -0.4588
v 0.08798 0.71000 0.24111
vt 0.17857 0.71036
vn -0.8350 0.0871 -0.5434
v 0.08695 0.66000 0.24046
vt 0.17857 0.66032
vn -0.8203 0.0078 -0.5719
v 0.08695 0.66000 0.24046
vt 0.17857 0.66032
vn -0.8203 0.0078 -0.5719
v 0.08798 0.71000 0.24111
vt 0.17857 0.71036
vn -0.8350 0.0871 -0.5434
v 0.11996 0.71000 0.19693
vt 0.21429 0.71036
vn -0.7842 0.0672 -0.6168
v 0.08695 0.66000 0.24046
vt 0.17857 0.66032
vn -0.8203 0.0078 -0.5719
v 0.11996 0.71000 0.19693
vt 0.21429 0.71036
vn -0.7842 0.0672 -0.6168
v 0.11983 0.66000 0.19683
vt 0.21429 0.66032
vn -0.7942 -0.0074 -0.6076
v 0.11983 0.66000 0.19683
vt 0.21429 0.66032
vn -0.7942 -0.0074 -0.6076
v 0.11996 0.71000 0.19693
vt 0.21429 0.71036
vn -0.7842 0.0672 -0.6168
v 0.15540 0.71000 0.15540
vt 0.25000 0.71036
vn -0.7139 0.1151 -0.6908
v 0.11983 0.66000 0.19683
vt 0.21429 0.66032
vn -0.7942 -0.0074 -0.6076
v 0.15540 0.71000 0.15540
vt 0.25000 0.71036
vn -0.7139 0.1151 -0.6908
v 0.15349 0.66000 0.15349
vt 0.25000 0.66032
vn -0.7408 0.0292 -0.6711
v 0.15349 0.66000 0.15349
vt 0.25000 0.66032
vn -0.7408 0.0292 -0.6711
v 0.15540 0.71000 0.15540
vt 0.25000 0.71036
vn -0.7139 0.1151 -0.6908
v 0.19580 0.71000 0.11855
vt 0.28571 0.71036
vn -0.6120 0.1357 -0.7791
v 0.15349 0.66000 0.15349
vt 0.25000 0.66032
vn -0.7408 0.0292 -0.6711
v 0.19580 0.71000 0.11855
vt 0.28571 0.71036
vn -0.6120 0.1357 -0.7791
v 0.19344 0.66000 0.11558
vt 0.28571 0.66032
vn -0.6055 0.0452 -0.7946
v 0.19344 0.66000 0.11558
vt 0.28571 0.66032
vn -0.6055 0.0452 -0.7946
v 0.19580 0.71000 0.11855
vt 0.28571 0.71036
vn -0.6120 0.1357 -0.7791
v 0.24115 0.71000 0.08804
vt 0.32143 0.71036
vn -0.5170 0.0844 -0.8518
v 0.19344 0.66000 0.11558
vt 0.28571 0.66032
vn -0.6055 0.0452 -0.7946
v 0.24115 0.71000 0.08804
vt 0.32143 0.71036
vn -0.5170 0.0844 -0.8518
v 0.24058 0.66000 0.08713
vt 0.32143 0.66032
vn -0.4920 0.0058 -0.8706
v 0.24058 0.66000 0.08713
vt 0.32143 0.66032
vn -0.4920 0.0058 -0.8706
v 0.24115 0.71000 0.08804
vt 0.32143 0.71036
vn -0.5170 0.0844 -0.8518
v 0.28905 0.71000 0.06196
vt 0.35714 0.71036
vn -0.4414 0.0710 -0.8945
v 0.24058 0.66000 0.08713
vt 0.32143 0.66032
vn -0.4920 0.0058 -0.8706
v 0.28905 0.71000 0.06196
vt 0.35714 0.71036
vn -0.4414 0.0710 -0.8945
v 0.28889 0.66000 0.06163
vt 0.35714 0.66032
vn -0.4597 -0.0045 -0.8881
v 0.28889 0.66000 0.06163
vt 0.35714 0.66032
vn -0.4597 -0.0045 -0.8881
v 0.28905 0.71000 0.06196
vt 0.35714 0.71036
vn -0.4414 0.0710 -0.8945
v 0.33896 0.71000 0.03977
vt 0.39286 0.71036
vn -0.3410 0.1245 -0.9318
v 0.28889 0.66000 0.06163
vt 0.35714 0.66032
vn -0.4597 -0.0045 -0.8881
v 0.33896 0.71000 0.03977
vt 0.39286 0.71036
vn -0.3410 0.1245 -0.9318
v 0.33790 0.66000 0.03675
vt 0.39286 0.66032
vn -0.3700 0.0365 -0.9283
v 0.33790 0.66000 0.03675
vt 0.39286 0.66032
vn -0.3700 0.0365 -0.9283
v 0.33896 0.71000 0.03977
vt 0.39286 0.71036
vn -0.3410 0.1245 -0.9318
v 0.39147 0.71000 0.02448
vt 0.42857 0.71036
vn -0.2100 0.1304 -0.9690
v 0.33790 0.66000 0.03675
vt 0.39286 0.66032
vn -0.3700 0.0365 -0.9283
v 0.39147 0.71000 0.02448
vt 0.42857 0.71036
vn -0.2100 0.1304 -0.9690
v 0.39069 0.66000 0.02106
vt 0.42857 0.66032
vn -0.1901 0.0410 -0.9809
v 0.39069 0.66000 0.02106
vt 0.42857 0.66032
vn -0.1901 0.0410 -0.9809
v 0.39147 0.71000 0.02448
vt 0.42857 0.71036
vn -0.2100 0.1304 -0.9690
v 0.44554 0.71000 0.01667
vt 0.46429 0.71036
vn -0.0976 0.0787 -0.9921
v 0.39069 0.66000 0.02106
vt 0.42857 0.66032
vn -0.1901 0.0410 -0.9809
v 0.44554 0.71000 0.01667
vt 0.46429 0.71036
vn -0.0976 0.0787 -0.9921
v 0.44546 0.66000 0.01590
vt 0.46429 0.66032
vn -0.0697 0.0014 -0.9976
v 0.44546 0.66000 0.01590
vt 0.46429 0.66032
vn -0.0697 0.0014 -0.9976
v 0.44554 0.71000 0.01667
vt 0.46429 0.71036
vn -0.0976 0.0787 -0.9921
v 0.50000 0.71000 0.01380
vt 0.50000 0.71036
vn -0.0094 0.0713 -0.9974
v 0.44546 0.66000 0.01590
vt 0.46429 0.66032
vn -0.0697 0.0014 -0.9976
v 0.50000 0.71000 0.01380
vt 0.50000 0.71036
vn -0.0094 0.0713 -0.9974
v 0.50000 0.66000 0.01342
vt 0.50000 0.66032
vn -0.0284 -0.0042 -0.9996
v 0.50000 0.66000 0.01342
vt 0.50000 0.66032
vn -0.0284 -0.0042 -0.9996
v 0.50000 0.71000 0.01380
vt 0.50000 0.71036
vn -0.0094 0.0713 -0.9974
v 0.55457 0.71000 0.01564
vt 0.53571 0.71036
vn 0.0954 0.1182 -0.9884
v 0.50000 0.66000 0.01342
vt 0.50000 0.66032
vn -0.0284 -0.0042 -0.9996
v 0.55457 0.71000 0.01564
vt 0.53571 0.71036
vn 0.0954 0.1182 -0.9884
v 0.55489 0.66000 0.01280
vt 0.53571 0.66032
vn 0.0644 0.0316 -0.9974
v 0.55489 0.66000 0.01280
vt 0.53571 0.66032
vn 0.0644 0.0316 -0.9974
v 0.55457 0.71000 0.01564
vt 0.53571 0.71036
vn 0.0954 0.1182 -0.9884
v 0.60858 0.71000 0.02429
vt 0.57143 0.71036
vn 0.2240 0.1377 -0.9648
v 0.55489 0.66000 0.01280
vt 0.53571 0.66032
vn 0.0644 0.0316 -0.9974
v 0.60858 0.71000 0.02429
vt 0.57143 0.71036
vn 0.2240 0.1377 -0.9648
v 0.60945 0.66000 0.02049
vt 0.57143 0.66032
vn 0.2332 0.0468 -0.9713
v 0.60945 0.66000 0.02049
vt 0.57143 0.66032
vn 0.2332 0.0468 -0.9713
v 0.60858 0.71000 0.02429
vt 0.57143 0.71036
vn 0.2240 0.1377 -0.9648
v 0.66085 0.71000 0.04031
vt 0.60714 0.71036
vn 0.3445 0.1027 -0.9332
v 0.60945 0.66000 0.02049
vt 0.57143 0.66032
vn 0.2332 0.0468 -0.9713
v 0.66085 0.71000 0.04031
vt 0.60714 0.71036
vn 0.3445 0.1027 -0.9332
v 0.66152 0.66000 0.03839
vt 0.60714 0.66032
vn 0.3780 0.0197 -0.9256
v 0.66152 0.66000 0.03839
vt 0.60714 0.66032
vn 0.3780 0.0197 -0.9256
v 0.66085 0.71000 0.04031
vt 0.60714 0.71036
vn 0.3445 0.1027 -0.9332
v 0.71090 0.71000 0.06206
vt 0.64286 0.71036
vn 0.4377 0.0667 -0.8966
v 0.66152 0.66000 0.03839
vt 0.60714 0.66032
vn 0.3780 0.0197 -0.9256
v 0.71090 0.71000 0.06206
vt 0.64286 0.71036
vn 0.4377 0.0667 -0.8966
v 0.71096 0.66000 0.06194
vt 0.64286 0.66032
vn 0.4484 -0.0078 -0.8938
v 0.71096 0.66000 0.06194
vt 0.64286 0.66032
vn 0.4484 -0.0078 -0.8938
v 0.71090 0.71000 0.06206
vt 0.64286 0.71036
vn 0.4377 0.0667 -0.8966
v 0.75880 0.71000 0.08813
vt 0.67857 0.71036
vn 0.5187 0.0802 -0.8512
v 0.71096 0.66000 0.06194
vt 0.64286 0.66032
vn 0.4484 -0.0078 -0.8938
v 0.75880 0.71000 0.08813
vt 0.67857 0.71036
vn 0.5187 0.0802 -0.8512
v 0.75925 0.66000 0.08741
vt 0.67857 0.66032
vn 0.4967 0.0025 -0.8679
v 0.75925 0.66000 0.08741
vt 0.67857 0.66032
vn 0.4967 0.0025 -0.8679
v 0.75880 0.71000 0.08813
vt 0.67857 0.71036
vn 0.5187 0.0802 -0.8512
v 0.80400 0.71000 0.11879
vt 0.71429 0.71036
vn 0.6081 0.1240 -0.7841
v 0.75925 0.66000 0.08741
vt 0.67857 0.66032
vn 0.4967 0.0025 -0.8679
v 0.80400 0.71000 0.11879
vt 0.71429 0.71036
vn 0.6081 0.1240 -0.7841
v 0.80597 0.66000 0.11632
vt 0.71429 0.66032
vn 0.5909 0.0361 -0.8059
v 0.80597 0.66000 0.11632
vt 0.71429 0.66032
vn 0.5909 0.0361 -0.8059
v 0.80400 0.71000 0.11879
vt 0.71429 0.71036
vn 0.6081 0.1240 -0.7841
v 0.84501 0.71000 0.15499
vt 0.75000 0.71036
vn 0.7050 0.1365 -0.6960
v 0.80597 0.66000 0.11632
vt 0.71429 0.66032
vn 0.5909 0.0361 -0.8059
v 0.84501 0.71000 0.15499
vt 0.75000 0.71036
vn 0.7050 0.1365 -0.6960
v 0.84772 0.66000 0.15228
vt 0.75000 0.66032
vn 0.7199 0.0458 -0.6926
v 0.84772 0.66000 0.15228
vt 0.75000 0.66032
vn 0.7199 0.0458 -0.6926
v 0.84501 0.71000 0.15499
vt 0.75000 0.71036
vn 0.7050 0.1365 -0.6960
v 0.88065 0.71000 0.19644
vt 0.78571 0.71036
vn 0.7887 0.0971 -0.6071
v 0.84772 0.66000 0.15228
vt 0.75000 0.66032
vn 0.7199 0.0458 -0.6926
v 0.88065 0.71000 0.19644
vt 0.78571 0.71036
vn 0.7887 0.0971 -0.6071
v 0.88201 0.66000 0.19536
vt 0.78571 0.66032
vn 0.8128 0.0155 -0.5824
v 0.88201 0.66000 0.19536
vt 0.78571 0.66032
vn 0.8128 0.0155 -0.5824
v 0.88065 0.71000 0.19644
vt 0.78571 0.71036
vn 0.7887 0.0971 -0.6071
v 0.91153 0.71000 0.24142
vt 0.82143 0.71036
vn 0.8450 0.0648 -0.5309
v 0.88201 0.66000 0.19536
vt 0.78571 0.66032
vn 0.8128 0.0155 -0.5824
v 0.91153 0.71000 0.24142
vt 0.82143 0.71036
vn 0.8450 0.0648 -0.5309
v 0.91157 0.66000 0.24140
vt 0.82143 0.66032
vn 0.8467 -0.0092 -0.5319
v 0.91157 0.66000 0.24140
vt 0.82143 0.66032
vn 0.8467 -0.0092 -0.5319
v 0.91153 0.71000 0.24142
vt 0.82143 0.71036
vn 0.8450 0.0648 -0.5309
v 0.93865 0.71000 0.28876
vt 0.85714 0.71036
vn 0.8890 0.0970 -0.4476
v 0.91157 0.66000 0.24140
vt 0.82143 0.66032
vn 0.8467 -0.0092 -0.5319
v 0.93865 0.71000 0.28876
vt 0.85714 0.71036
vn 0.8890 0.0970 -0.4476
v 0.94021 0.66000 0.28800
vt 0.85714 0.66032
vn 0.8767 0.0153 -0.4808
v 0.94021 0.66000 0.28800
vt 0.85714 0.66032
vn 0.8767 0.0153 -0.4808
v 0.93865 0.71000 0.28876
vt 0.85714 0.71036
vn 0.8890 0.0970 -0.4476
v 0.96058 0.71000 0.33884
vt 0.89286 0.71036
vn 0.9340 0.1383 -0.3295
v 0.94021 0.66000 0.28800
vt 0.85714 0.66032
vn 0.8767 0.0153 -0.4808
v 0.96058 0.71000 0.33884
vt 0.89286 0.71036
vn 0.9340 0.1383 -0.3295
v 0.96429 0.66000 0.33754
vt 0.89286 0.66032
vn 0.9403 0.0472 -0.3371
v 0.96429 0.66000 0.33754
vt 0.89286 0.66032
vn 0.9403 0.0472 -0.3371
v 0.96058 0.71000 0.33884
vt 0.89286 0.71036
vn 0.9340 0.1383 -0.3295
v 0.97493 0.71000 0.39160
vt 0.92857 0.71036
vn 0.9730 0.1075 -0.2042
v 0.96429 0.66000 0.33754
vt 0.89286 0.66032
vn 0.9403 0.0472 -0.3371
v 0.97493 0.71000 0.39160
vt 0.92857 0.71036
vn 0.9730 0.1075 -0.2042
v 0.97717 0.66000 0.39109
vt 0.92857 0.66032
vn 0.9850 0.0234 -0.1708
v 0.97717 0.66000 0.39109
vt 0.92857 0.66032
vn 0.9850 0.0234 -0.1708
v 0.97493 0.71000 0.39160
vt 0.92857 0.71036
vn 0.9730 0.1075 -0.2042
v 0.98297 0.71000 0.44558
vt 0.96429 0.71036
vn 0.9918 0.0650 -0.1104
v 0.97717 0.66000 0.39109
vt 0.92857 0.66032
vn 0.9850 0.0234 -0.1708
v 0.98297 0.71000 0.44558
vt 0.96429 0.71036
vn 0.9918 0.0650 -0.1104
v 0.98302 0.66000 0.44558
vt 0.96429 0.66032
vn 0.9941 -0.0091 -0.1080
v 0.98302 0.66000 0.44558
vt 0.96429 0.66032
vn 0.9941 -0.0091 -0.1080
v 0.98297 0.71000 0.44558
vt 0.96429 0.71036
vn 0.9918 0.0650 -0.1104
v 0.98700 0.71000 0.50000
vt 1.00000 0.71036
vn 0.9946 0.1020 -0.0176
v 0.98302 0.66000 0.44558
vt 0.96429 0.66032
vn 0.9941 -0.0091 -0.1080
v 0.98700 0.71000 0.50000
vt 1.00000 0.71036
vn 0.9946 0.1020 -0.0176
v 0.98900 0.66000 0.50000
vt 1.00000 0.66032
vn 0.9984 0.0192 -0.0530
v 0.98700 0.71000 0.50000
vt 0.00000 0.71036
vn 0.9946 0.1020 -0.0176
v 0.98100 0.73800 0.50000
vt 0.00000 0.73900
vn 0.9111 0.4122 -0.0000
v 0.97798 0.73800 0.55385
vt 0.03571 0.73900
vn 0.8974 0.4294 0.1011
v 0.98700 0.71000 0.50000
vt 0.00000 0.71036
vn 0.9946 0.1020 -0.0176
v 0.97798 0.73800 0.55385
vt 0.03571 0.73900
vn 0.8974 0.4294 0.1011
v 0.98490 0.71000 0.55464
vt 0.03571 0.71036
vn 0.9840 0.1387 0.1122
v 0.98490 0.71000 0.55464
vt 0.03571 0.71036
vn 0.9840 0.1387 0.1122
v 0.97798 0.73800 0.55385
vt 0.03571 0.73900
vn 0.8974 0.4294 0.1011
v 0.96894 0.73800 0.60703
vt 0.07143 0.73900
vn 0.8894 0.4095 0.2030
v 0.98490 0.71000 0.55464
vt 0.03571 0.71036
vn 0.9840 0.1387 0.1122
v 0.96894 0.73800 0.60703
vt 0.07143 0.73900
vn 0.8894 0.4095 0.2030
v 0.97465 0.71000 0.60834
vt 0.07143 0.71036
vn 0.9663 0.0965 0.2385
v 0.97465 0.71000 0.60834
vt 0.07143 0.71036
vn 0.9663 0.0965 0.2385
v 0.96894 0.73800 0.60703
vt 0.07143 0.73900
vn 0.8894 0.4095 0.2030
v 0.95401 0.73800 0.65886
vt 0.10714 0.73900
vn 0.8673 0.3947 0.3035
v 0.97465 0.71000 0.60834
vt 0.07143 0.71036
vn 0.9663 0.0965 0.2385
v 0.95401 0.73800 0.65886
vt 0.10714 0.73900
vn 0.8673 0.3947 0.3035
v 0.95877 0.71000 0.66053
vt 0.10714 0.71036
vn 0.9427 0.0654 0.3272
v 0.95877 0.71000 0.66053
vt 0.10714 0.71036
vn 0.9427 0.0654 0.3272
v 0.95401 0.73800 0.65886
vt 0.10714 0.73900
vn 0.8673 0.3947 0.3035
v 0.93337 0.73800 0.70870
vt 0.14286 0.73900
vn 0.8199 0.4145 0.3948
v 0.95877 0.71000 0.66053
vt 0.10714 0.71036
vn 0.9427 0.0654 0.3272
v 0.93337 0.73800 0.70870
vt 0.14286 0.73900
vn 0.8199 0.4145 0.3948
v 0.93889 0.71000 0.71136
vt 0.14286 0.71036
vn 0.9033 0.1070 0.4155
v 0.93889 0.71000 0.71136
vt 0.14286 0.71036
vn 0.9033 0.1070 0.4155
v 0.93337 0.73800 0.70870
vt 0.14286 0.73900
vn 0.8199 0.4145 0.3948
v 0.90727 0.73800 0.75591
vt 0.17857 0.73900
vn 0.7647 0.4295 0.4805
v 0.93889 0.71000 0.71136
vt 0.14286 0.71036
vn 0.9033 0.1070 0.4155
v 0.90727 0.73800 0.75591
vt 0.17857 0.73900
vn 0.7647 0.4295 0.4805
v 0.91318 0.71000 0.75962
vt 0.17857 0.71036
vn 0.8385 0.1388 0.5269
v 0.91318 0.71000 0.75962
vt 0.17857 0.71036
vn 0.8385 0.1388 0.5269
v 0.90727 0.73800 0.75591
vt 0.17857 0.73900
vn 0.7647 0.4295 0.4805
v 0.87606 0.73800 0.79990
vt 0.21429 0.73900
vn 0.7115 0.4145 0.5674
v 0.91318 0.71000 0.75962
vt 0.17857 0.71036
vn 0.8385 0.1388 0.5269
v 0.87606 0.73800 0.79990
vt 0.21429 0.73900
vn 0.7115 0.4145 0.5674
v 0.88085 0.71000 0.80372
vt 0.21429 0.71036
vn 0.7666 0.1069 0.6332
v 0.88085 0.71000 0.80372
vt 0.21429 0.71036
vn 0.7666 0.1069 0.6332
v 0.87606 0.73800 0.79990
vt 0.21429 0.73900
vn 0.7115 0.4145 0.5674
v 0.84012 0.73800 0.84012
vt 0.25000 0.73900
vn 0.6494 0.3956 0.6494
v 0.88085 0.71000 0.80372
vt 0.21429 0.71036
vn 0.7666 0.1069 0.6332
v 0.84012 0.73800 0.84012
vt 0.25000 0.73900
vn 0.6494 0.3956 0.6494
v 0.84372 0.71000 0.84372
vt 0.25000 0.71036
vn 0.7009 0.0672 0.7100
v 0.84372 0.71000 0.84372
vt 0.25000 0.71036
vn 0.7009 0.0672 0.7100
v 0.84012 0.73800 0.84012
vt 0.25000 0.73900
vn 0.6494 0.3956 0.6494
v 0.79990 0.73800 0.87606
vt 0.28571 0.73900
vn 0.5710 0.4017 0.7160
v 0.84372 0.71000 0.84372
vt 0.25000 0.71036
vn 0.7009 0.0672 0.7100
v 0.79990 0.73800 0.87606
vt 0.28571 0.73900
vn 0.5710 0.4017 0.7160
v 0.80328 0.71000 0.88030
vt 0.28571 0.71036
vn 0.6320 0.0799 0.7709
v 0.80328 0.71000 0.88030
vt 0.28571 0.71036
vn 0.6320 0.0799 0.7709
v 0.79990 0.73800 0.87606
vt 0.28571 0.73900
vn 0.5710 0.4017 0.7160
v 0.75591 0.73800 0.90727
vt 0.32143 0.73900
vn 0.4822 0.4224 0.7675
v 0.80328 0.71000 0.88030
vt 0.28571 0.71036
vn 0.6320 0.0799 0.7709
v 0.75591 0.73800 0.90727
vt 0.32143 0.73900
vn 0.4822 0.4224 0.7675
v 0.75940 0.71000 0.91284
vt 0.32143 0.71036
vn 0.5394 0.1237 0.8329
v 0.75940 0.71000 0.91284
vt 0.32143 0.71036
vn 0.5394 0.1237 0.8329
v 0.75591 0.73800 0.90727
vt 0.32143 0.73900
vn 0.4822 0.4224 0.7675
v 0.70870 0.73800 0.93337
vt 0.35714 0.73900
vn 0.3920 0.4286 0.8140
v 0.75940 0.71000 0.91284
vt 0.32143 0.71036
vn 0.5394 0.1237 0.8329
v 0.70870 0.73800 0.93337
vt 0.35714 0.73900
vn 0.3920 0.4286 0.8140
v 0.71170 0.71000 0.93961
vt 0.35714 0.71036
vn 0.4250 0.1370 0.8948
v 0.71170 0.71000 0.93961
vt 0.35714 0.71036
vn 0.4250 0.1370 0.8948
v 0.70870 0.73800 0.93337
vt 0.35714 0.73900
vn 0.3920 0.4286 0.8140
v 0.65886 0.73800 0.95401
vt 0.39286 0.73900
vn 0.3010 0.4119 0.8601
v 0.71170 0.71000 0.93961
vt 0.35714 0.71036
vn 0.4250 0.1370 0.8948
v 0.65886 0.73800 0.95401
vt 0.39286 0.73900
vn 0.3010 0.4119 0.8601
v 0.66084 0.71000 0.95966
vt 0.39286 0.71036
vn 0.3125 0.1014 0.9445
v 0.66084 0.71000 0.95966
vt 0.39286 0.71036
vn 0.3125 0.1014 0.9445
v 0.65886 0.73800 0.95401
vt 0.39286 0.73900
vn 0.3010 0.4119 0.8601
v 0.60703 0.73800 0.96894
vt 0.42857 0.73900
vn 0.2044 0.3949 0.8957
v 0.66084 0.71000 0.95966
vt 0.39286 0.71036
vn 0.3125 0.1014 0.9445
v 0.60703 0.73800 0.96894
vt 0.42857 0.73900
vn 0.2044 0.3949 0.8957
v 0.60816 0.71000 0.97387
vt 0.42857 0.71036
vn 0.2184 0.0659 0.9736
v 0.60816 0.71000 0.97387
vt 0.42857 0.71036
vn 0.2184 0.0659 0.9736
v 0.60703 0.73800 0.96894
vt 0.42857 0.73900
vn 0.2044 0.3949 0.8957
v 0.55385 0.73800 0.97798
vt 0.46429 0.73900
vn 0.1024 0.4044 0.9088
v 0.60816 0.71000 0.97387
vt 0.42857 0.71036
vn 0.2184 0.0659 0.9736
v 0.55385 0.73800 0.97798
vt 0.46429 0.73900
vn 0.1024 0.4044 0.9088
v 0.55448 0.71000 0.98351
vt 0.46429 0.71036
vn 0.1273 0.0857 0.9881
v 0.55448 0.71000 0.98351
vt 0.46429 0.71036
vn 0.1273 0.0857 0.9881
v 0.55385 0.73800 0.97798
vt 0.46429 0.73900
vn 0.1024 0.4044 0.9088
v 0.50000 0.73800 0.98100
vt 0.50000 0.73900
vn 0.0000 0.4265 0.9045
v 0.55448 0.71000 0.98351
vt 0.46429 0.71036
vn 0.1273 0.0857 0.9881
v 0.50000 0.73800 0.98100
vt 0.50000 0.73900
vn 0.0000 0.4265 0.9045
v 0.50000 0.71000 0.98780
vt 0.50000 0.71036
vn 0.0094 0.1324 0.9911
v 0.50000 0.71000 0.98780
vt 0.50000 0.71036
vn 0.0094 0.1324 0.9911
v 0.50000 0.73800 0.98100
vt 0.50000 0.73900
vn 0.0000 0.4265 0.9045
v 0.44615 0.73800 0.97798
vt 0.53571 0.73900
vn -0.1014 0.4231 0.9004
v 0.50000 0.71000 0.98780
vt 0.50000 0.71036
vn 0.0094 0.1324 0.9911
v 0.44615 0.73800 0.97798
vt 0.53571 0.73900
vn -0.1014 0.4231 0.9004
v 0.44540 0.71000 0.98455
vt 0.53571 0.71036
vn -0.1250 0.1252 0.9842
v 0.44540 0.71000 0.98455
vt 0.53571 0.71036
vn -0.1250 0.1252 0.9842
v 0.44615 0.73800 0.97798
vt 0.53571 0.73900
vn -0.1014 0.4231 0.9004
v 0.39297 0.73800 0.96894
vt 0.57143 0.73900
vn -0.2041 0.3985 0.8942
v 0.44540 0.71000 0.98455
vt 0.53571 0.71036
vn -0.1250 0.1252 0.9842
v 0.39297 0.73800 0.96894
vt 0.57143 0.73900
vn -0.2041 0.3985 0.8942
v 0.39180 0.71000 0.97406
vt 0.57143 0.71036
vn -0.2326 0.0734 0.9698
v 0.39180 0.71000 0.97406
vt 0.57143 0.71036
vn -0.2326 0.0734 0.9698
v 0.39297 0.73800 0.96894
vt 0.57143 0.73900
vn -0.2041 0.3985 0.8942
v 0.34114 0.73800 0.95401
vt 0.60714 0.73900
vn -0.3025 0.4014 0.8645
v 0.39180 0.71000 0.97406
vt 0.57143 0.71036
vn -0.2326 0.0734 0.9698
v 0.34114 0.73800 0.95401
vt 0.60714 0.73900
vn -0.3025 0.4014 0.8645
v 0.33935 0.71000 0.95911
vt 0.60714 0.71036
vn -0.3158 0.0794 0.9455
v 0.33935 0.71000 0.95911
vt 0.60714 0.71036
vn -0.3158 0.0794 0.9455
v 0.34114 0.73800 0.95401
vt 0.60714 0.73900
vn -0.3025 0.4014 0.8645
v 0.29130 0.73800 0.93337
vt 0.64286 0.73900
vn -0.3924 0.4267 0.8148
v 0.33935 0.71000 0.95911
vt 0.60714 0.71036
vn -0.3158 0.0794 0.9455
v 0.29130 0.73800 0.93337
vt 0.64286 0.73900
vn -0.3924 0.4267 0.8148
v 0.28835 0.71000 0.93950
vt 0.64286 0.71036
vn -0.4214 0.1328 0.8971
v 0.28835 0.71000 0.93950
vt 0.64286 0.71036
vn -0.4214 0.1328 0.8971
v 0.29130 0.73800 0.93337
vt 0.64286 0.73900
vn -0.3924 0.4267 0.8148
v 0.24409 0.73800 0.90727
vt 0.67857 0.73900
vn -0.4827 0.4204 0.7683
v 0.28835 0.71000 0.93950
vt 0.64286 0.71036
vn -0.4214 0.1328 0.8971
v 0.24409 0.73800 0.90727
vt 0.67857 0.73900
vn -0.4827 0.4204 0.7683
v 0.24065 0.71000 0.91275
vt 0.67857 0.71036
vn -0.5412 0.1195 0.8323
v 0.24065 0.71000 0.91275
vt 0.67857 0.71036
vn -0.5412 0.1195 0.8323
v 0.24409 0.73800 0.90727
vt 0.67857 0.73900
vn -0.4827 0.4204 0.7683
v 0.20010 0.73800 0.87606
vt 0.71429 0.73900
vn -0.5725 0.3959 0.7179
v 0.24065 0.71000 0.91275
vt 0.67857 0.71036
vn -0.5412 0.1195 0.8323
v 0.20010 0.73800 0.87606
vt 0.71429 0.73900
vn -0.5725 0.3959 0.7179
v 0.19692 0.71000 0.88005
vt 0.71429 0.71036
vn -0.6278 0.0680 0.7754
v 0.19692 0.71000 0.88005
vt 0.71429 0.71036
vn -0.6278 0.0680 0.7754
v 0.20010 0.73800 0.87606
vt 0.71429 0.73900
vn -0.5725 0.3959 0.7179
v 0.15988 0.73800 0.84012
vt 0.75000 0.73900
vn -0.6462 0.4059 0.6462
v 0.19692 0.71000 0.88005
vt 0.71429 0.71036
vn -0.6278 0.0680 0.7754
v 0.15988 0.73800 0.84012
vt 0.75000 0.73900
vn -0.6462 0.4059 0.6462
v 0.15588 0.71000 0.84412
vt 0.75000 0.71036
vn -0.6926 0.0889 0.7158
v 0.15588 0.71000 0.84412
vt 0.75000 0.71036
vn -0.6926 0.0889 0.7158
v 0.15988 0.73800 0.84012
vt 0.75000 0.73900
vn -0.6462 0.4059 0.6462
v 0.12394 0.73800 0.79990
vt 0.78571 0.73900
vn -0.7065 0.4284 0.5634
v 0.15588 0.71000 0.84412
vt 0.75000 0.71036
vn -0.6926 0.0889 0.7158
v 0.12394 0.73800 0.79990
vt 0.78571 0.73900
vn -0.7065 0.4284 0.5634
v 0.11853 0.71000 0.80421
vt 0.78571 0.71036
vn -0.7704 0.1365 0.6228
v 0.11853 0.71000 0.80421
vt 0.78571 0.71036
vn -0.7704 0.1365 0.6228
v 0.12394 0.73800 0.79990
vt 0.78571 0.73900
vn -0.7065 0.4284 0.5634
v 0.09273 0.73800 0.75591
vt 0.82143 0.73900
vn -0.7687 0.4192 0.4830
v 0.11853 0.71000 0.80421
vt 0.78571 0.71036
vn -0.7704 0.1365 0.6228
v 0.09273 0.73800 0.75591
vt 0.82143 0.73900
vn -0.7687 0.4192 0.4830
v 0.08731 0.71000 0.75931
vt 0.82143 0.71036
vn -0.8492 0.1169 0.5149
v 0.08731 0.71000 0.75931
vt 0.82143 0.71036
vn -0.8492 0.1169 0.5149
v 0.09273 0.73800 0.75591
vt 0.82143 0.73900
vn -0.7687 0.4192 0.4830
v 0.06663 0.73800 0.70870
vt 0.85714 0.73900
vn -0.8270 0.3969 0.3982
v 0.08731 0.71000 0.75931
vt 0.82143 0.71036
vn -0.8492 0.1169 0.5149
v 0.06663 0.73800 0.70870
vt 0.85714 0.73900
vn -0.8270 0.3969 0.3982
v 0.06198 0.71000 0.71094
vt 0.85714 0.71036
vn -0.9028 0.0701 0.4243
v 0.06198 0.71000 0.71094
vt 0.85714 0.71036
vn -0.9028 0.0701 0.4243
v 0.06663 0.73800 0.70870
vt 0.85714 0.73900
vn -0.8270 0.3969 0.3982
v 0.04599 0.73800 0.65886
vt 0.89286 0.73900
vn -0.8649 0.4004 0.3026
v 0.06198 0.71000 0.71094
vt 0.85714 0.71036
vn -0.9028 0.0701 0.4243
v 0.04599 0.73800 0.65886
vt 0.89286 0.73900
vn -0.8649 0.4004 0.3026
v 0.04094 0.71000 0.66063
vt 0.89286 0.71036
vn -0.9368 0.0773 0.3411
v 0.04094 0.71000 0.66063
vt 0.89286 0.71036
vn -0.9368 0.0773 0.3411
v 0.04599 0.73800 0.65886
vt 0.89286 0.73900
vn -0.8649 0.4004 0.3026
v 0.03106 0.73800 0.60703
vt 0.92857 0.73900
vn -0.8839 0.4220 0.2017
v 0.04094 0.71000 0.66063
vt 0.89286 0.71036
vn -0.9368 0.0773 0.3411
v 0.03106 0.73800 0.60703
vt 0.92857 0.73900
vn -0.8839 0.4220 0.2017
v 0.02468 0.71000 0.60849
vt 0.92857 0.71036
vn -0.9643 0.1228 0.2347
v 0.02468 0.71000 0.60849
vt 0.92857 0.71036
vn -0.9643 0.1228 0.2347
v 0.03106 0.73800 0.60703
vt 0.92857 0.73900
vn -0.8839 0.4220 0.2017
v 0.02202 0.73800 0.55385
vt 0.96429 0.73900
vn -0.8978 0.4287 0.1012
v 0.02468 0.71000 0.60849
vt 0.92857 0.71036
vn -0.9643 0.1228 0.2347
v 0.02202 0.73800 0.55385
vt 0.96429 0.73900
vn -0.8978 0.4287 0.1012
v 0.01514 0.71000 0.55463
vt 0.96429 0.71036
vn -0.9849 0.1371 0.1060
v 0.01514 0.71000 0.55463
vt 0.96429 0.71036
vn -0.9849 0.1371 0.1060
v 0.02202 0.73800 0.55385
vt 0.96429 0.73900
vn -0.8978 0.4287 0.1012
v 0.01900 0.73800 0.50000
vt 1.00000 0.73900
vn -0.9111 0.4122 0.0000
v 0.01514 0.71000 0.55463
vt 0.96429 0.71036
vn -0.9849 0.1371 0.1060
v 0.01900 0.73800 0.50000
vt 1.00000 0.73900
vn -0.9111 0.4122 0.0000
v 0.01300 0.71000 0.50000
vt 1.00000 0.71036
vn -0.9946 0.1020 -0.0168
v 0.01300 0.71000 0.50000
vt 0.00000 0.71036
vn -0.9946 0.1020 -0.0168
v 0.01900 0.73800 0.50000
vt 0.00000 0.73900
vn -0.9111 0.4122 0.0000
v 0.02202 0.73800 0.44615
vt 0.03571 0.73900
vn -0.9128 0.3953 -0.1028
v 0.01300 0.71000 0.50000
vt 0.00000 0.71036
vn -0.9946 0.1020 -0.0168
v 0.02202 0.73800 0.44615
vt 0.03571 0.73900
vn -0.9128 0.3953 -0.1028
v 0.01698 0.71000 0.44558
vt 0.03571 0.71036
vn -0.9909 0.0666 -0.1167
v 0.01698 0.71000 0.44558
vt 0.03571 0.71036
vn -0.9909 0.0666 -0.1167
v 0.02202 0.73800 0.44615
vt 0.03571 0.73900
vn -0.9128 0.3953 -0.1028
v 0.03106 0.73800 0.39297
vt 0.07143 0.73900
vn -0.8926 0.4022 -0.2037
v 0.01698 0.71000 0.44558
vt 0.03571 0.71036
vn -0.9909 0.0666 -0.1167
v 0.03106 0.73800 0.39297
vt 0.07143 0.73900
vn -0.8926 0.4022 -0.2037
v 0.02575 0.71000 0.39175
vt 0.07143 0.71036
vn -0.9748 0.0811 -0.2078
v 0.02575 0.71000 0.39175
vt 0.07143 0.71036
vn -0.9748 0.0811 -0.2078
v 0.03106 0.73800 0.39297
vt 0.07143 0.73900
vn -0.8926 0.4022 -0.2037
v 0.04599 0.73800 0.34114
vt 0.10714 0.73900
vn -0.8550 0.4237 -0.2992
v 0.02575 0.71000 0.39175
vt 0.07143 0.71036
vn -0.9748 0.0811 -0.2078
v 0.04599 0.73800 0.34114
vt 0.10714 0.73900
vn -0.8550 0.4237 -0.2992
v 0.03972 0.71000 0.33894
vt 0.10714 0.71036
vn -0.9404 0.1265 -0.3158
v 0.03972 0.71000 0.33894
vt 0.10714 0.71036
vn -0.9404 0.1265 -0.3158
v 0.04599 0.73800 0.34114
vt 0.10714 0.73900
vn -0.8550 0.4237 -0.2992
v 0.06663 0.73800 0.29130
vt 0.14286 0.73900
vn -0.8147 0.4271 -0.3923
v 0.03972 0.71000 0.33894
vt 0.10714 0.71036
vn -0.9404 0.1265 -0.3158
v 0.06663 0.73800 0.29130
vt 0.14286 0.73900
vn -0.8147 0.4271 -0.3923
v 0.06047 0.71000 0.28834
vt 0.14286 0.71036
vn -0.8888 0.1337 -0.4384
v 0.06047 0.71000 0.28834
vt 0.14286 0.71036
vn -0.8888 0.1337 -0.4384
v 0.06663 0.73800 0.29130
vt 0.14286 0.73900
vn -0.8147 0.4271 -0.3923
v 0.09273 0.73800 0.24409
vt 0.17857 0.73900
vn -0.7741 0.4051 -0.4864
v 0.06047 0.71000 0.28834
vt 0.14286 0.71036
vn -0.8888 0.1337 -0.4384
v 0.09273 0.73800 0.24409
vt 0.17857 0.73900
vn -0.7741 0.4051 -0.4864
v 0.08798 0.71000 0.24111
vt 0.17857 0.71036
vn -0.8350 0.0871 -0.5434
v 0.08798 0.71000 0.24111
vt 0.17857 0.71036
vn -0.8350 0.0871 -0.5434
v 0.09273 0.73800 0.24409
vt 0.17857 0.73900
vn -0.7741 0.4051 -0.4864
v 0.12394 0.73800 0.20010
vt 0.21429 0.73900
vn -0.7181 0.3955 -0.5726
v 0.08798 0.71000 0.24111
vt 0.17857 0.71036
vn -0.8350 0.0871 -0.5434
v 0.12394 0.73800 0.20010
vt 0.21429 0.73900
vn -0.7181 0.3955 -0.5726
v 0.11996 0.71000 0.19693
vt 0.21429 0.71036
vn -0.7842 0.0672 -0.6168
v 0.11996 0.71000 0.19693
vt 0.21429 0.71036
vn -0.7842 0.0672 -0.6168
v 0.12394 0.73800 0.20010
vt 0.21429 0.73900
vn -0.7181 0.3955 -0.5726
v 0.15988 0.73800 0.15988
vt 0.25000 0.73900
vn -0.6423 0.4183 -0.6423
v 0.11996 0.71000 0.19693
vt 0.21429 0.71036
vn -0.7842 0.0672 -0.6168
v 0.15988 0.73800 0.15988
vt 0.25000 0.73900
vn -0.6423 0.4183 -0.6423
v 0.15540 0.71000 0.15540
vt 0.25000 0.71036
vn -0.7139 0.1151 -0.6908
v 0.15540 0.71000 0.15540
vt 0.25000 0.71036
vn -0.7139 0.1151 -0.6908
v 0.15988 0.73800 0.15988
vt 0.25000 0.73900
vn -0.6423 0.4183 -0.6423
v 0.20010 0.73800 0.12394
vt 0.28571 0.73900
vn -0.5635 0.4280 -0.7066
v 0.15540 0.71000 0.15540
vt 0.25000 0.71036
vn -0.7139 0.1151 -0.6908
v 0.20010 0.73800 0.12394
vt 0.28571 0.73900
vn -0.5635 0.4280 -0.7066
v 0.19580 0.71000 0.11855
vt 0.28571 0.71036
vn -0.6120 0.1357 -0.7791
v 0.19580 0.71000 0.11855
vt 0.28571 0.71036
vn -0.6120 0.1357 -0.7791
v 0.20010 0.73800 0.12394
vt 0.28571 0.73900
vn -0.5635 0.4280 -0.7066
v 0.24409 0.73800 0.09273
vt 0.32143 0.73900
vn -0.4867 0.4038 -0.7746
v 0.19580 0.71000 0.11855
vt 0.28571 0.71036
vn -0.6120 0.1357 -0.7791
v 0.24409 0.73800 0.09273
vt 0.32143 0.73900
vn -0.4867 0.4038 -0.7746
v 0.24115 0.71000 0.08804
vt 0.32143 0.71036
vn -0.5170 0.0844 -0.8518
v 0.24115 0.71000 0.08804
vt 0.32143 0.71036
vn -0.5170 0.0844 -0.8518
v 0.24409 0.73800 0.09273
vt 0.32143 0.73900
vn -0.4867 0.4038 -0.7746
v 0.29130 0.73800 0.06663
vt 0.35714 0.73900
vn -0.3982 0.3974 -0.8268
v 0.24115 0.71000 0.08804
vt 0.32143 0.71036
vn -0.5170 0.0844 -0.8518
v 0.29130 0.73800 0.06663
vt 0.35714 0.73900
vn -0.3982 0.3974 -0.8268
v 0.28905 0.71000 0.06196
vt 0.35714 0.71036
vn -0.4414 0.0710 -0.8945
v 0.28905 0.71000 0.06196
vt 0.35714 0.71036
vn -0.4414 0.0710 -0.8945
v 0.29130 0.73800 0.06663
vt 0.35714 0.73900
vn -0.3982 0.3974 -0.8268
v 0.34114 0.73800 0.04599
vt 0.39286 0.73900
vn -0.2993 0.4228 -0.8554
v 0.28905 0.71000 0.06196
vt 0.35714 0.71036
vn -0.4414 0.0710 -0.8945
v 0.34114 0.73800 0.04599
vt 0.39286 0.73900
vn -0.2993 0.4228 -0.8554
v 0.33896 0.71000 0.03977
vt 0.39286 0.71036
vn -0.3410 0.1245 -0.9318
v 0.33896 0.71000 0.03977
vt 0.39286 0.71036
vn -0.3410 0.1245 -0.9318
v 0.34114 0.73800 0.04599
vt 0.39286 0.73900
vn -0.2993 0.4228 -0.8554
v 0.39297 0.73800 0.03106
vt 0.42857 0.73900
vn -0.2014 0.4255 -0.8823
v 0.33896 0.71000 0.03977
vt 0.39286 0.71036
vn -0.3410 0.1245 -0.9318
v 0.39297 0.73800 0.03106
vt 0.42857 0.73900
vn -0.2014 0.4255 -0.8823
v 0.39147 0.71000 0.02448
vt 0.42857 0.71036
vn -0.2100 0.1304 -0.9690
v 0.39147 0.71000 0.02448
vt 0.42857 0.71036
vn -0.2100 0.1304 -0.9690
v 0.39297 0.73800 0.03106
vt 0.42857 0.73900
vn -0.2014 0.4255 -0.8823
v 0.44615 0.73800 0.02202
vt 0.46429 0.73900
vn -0.1026 0.4011 -0.9103
v 0.39147 0.71000 0.02448
vt 0.42857 0.71036
vn -0.2100 0.1304 -0.9690
v 0.44615 0.73800 0.02202
vt 0.46429 0.73900
vn -0.1026 0.4011 -0.9103
v 0.44554 0.71000 0.01667
vt 0.46429 0.71036
vn -0.0976 0.0787 -0.9921
v 0.44554 0.71000 0.01667
vt 0.46429 0.71036
vn -0.0976 0.0787 -0.9921
v 0.44615 0.73800 0.02202
vt 0.46429 0.73900
vn -0.1026 0.4011 -0.9103
v 0.50000 0.73800 0.01900
vt 0.50000 0.73900
vn 0.0000 0.3975 -0.9176
v 0.44554 0.71000 0.01667
vt 0.46429 0.71036
vn -0.0976 0.0787 -0.9921
v 0.50000 0.73800 0.01900
vt 0.50000 0.73900
vn 0.0000 0.3975 -0.9176
v 0.50000 0.71000 0.01380
vt 0.50000 0.71036
vn -0.0094 0.0713 -0.9974
v 0.50000 0.71000 0.01380
vt 0.50000 0.71036
vn -0.0094 0.0713 -0.9974
v 0.50000 0.73800 0.01900
vt 0.50000 0.73900
vn 0.0000 0.3975 -0.9176
v 0.55385 0.73800 0.02202
vt 0.53571 0.73900
vn 0.1016 0.4198 -0.9019
v 0.50000 0.71000 0.01380
vt 0.50000 0.71036
vn -0.0094 0.0713 -0.9974
v 0.55385 0.73800 0.02202
vt 0.53571 0.73900
vn 0.1016 0.4198 -0.9019
v 0.55457 0.71000 0.01564
vt 0.53571 0.71036
vn 0.0954 0.1182 -0.9884
v 0.55457 0.71000 0.01564
vt 0.53571 0.71036
vn 0.0954 0.1182 -0.9884
v 0.55385 0.73800 0.02202
vt 0.53571 0.73900
vn 0.1016 0.4198 -0.9019
v 0.60703 0.73800 0.03106
vt 0.57143 0.73900
vn 0.2010 0.4290 -0.8807
v 0.55457 0.71000 0.01564
vt 0.53571 0.71036
vn 0.0954 0.1182 -0.9884
v 0.60703 0.73800 0.03106
vt 0.57143 0.73900
vn 0.2010 0.4290 -0.8807
v 0.60858 0.71000 0.02429
vt 0.57143 0.71036
vn 0.2240 0.1377 -0.9648
v 0.60858 0.71000 0.02429
vt 0.57143 0.71036
vn 0.2240 0.1377 -0.9648
v 0.60703 0.73800 0.03106
vt 0.57143 0.73900
vn 0.2010 0.4290 -0.8807
v 0.65886 0.73800 0.04599
vt 0.60714 0.73900
vn 0.3009 0.4125 -0.8598
v 0.60858 0.71000 0.02429
vt 0.57143 0.71036
vn 0.2240 0.1377 -0.9648
v 0.65886 0.73800 0.04599
vt 0.60714 0.73900
vn 0.3009 0.4125 -0.8598
v 0.66085 0.71000 0.04031
vt 0.60714 0.71036
vn 0.3445 0.1027 -0.9332
v 0.66085 0.71000 0.04031
vt 0.60714 0.71036
vn 0.3445 0.1027 -0.9332
v 0.65886 0.73800 0.04599
vt 0.60714 0.73900
vn 0.3009 0.4125 -0.8598
v 0.70870 0.73800 0.06663
vt 0.64286 0.73900
vn 0.3985 0.3953 -0.8276
v 0.66085 0.71000 0.04031
vt 0.60714 0.71036
vn 0.3445 0.1027 -0.9332
v 0.70870 0.73800 0.06663
vt 0.64286 0.73900
vn 0.3985 0.3953 -0.8276
v 0.71090 0.71000 0.06206
vt 0.64286 0.71036
vn 0.4377 0.0667 -0.8966
v 0.71090 0.71000 0.06206
vt 0.64286 0.71036
vn 0.4377 0.0667 -0.8966
v 0.70870 0.73800 0.06663
vt 0.64286 0.73900
vn 0.3985 0.3953 -0.8276
v 0.75591 0.73800 0.09273
vt 0.67857 0.73900
vn 0.4872 0.4018 -0.7754
v 0.71090 0.71000 0.06206
vt 0.64286 0.71036
vn 0.4377 0.0667 -0.8966
v 0.75591 0.73800 0.09273
vt 0.67857 0.73900
vn 0.4872 0.4018 -0.7754
v 0.75880 0.71000 0.08813
vt 0.67857 0.71036
vn 0.5187 0.0802 -0.8512
v 0.75880 0.71000 0.08813
vt 0.67857 0.71036
vn 0.5187 0.0802 -0.8512
v 0.75591 0.73800 0.09273
vt 0.67857 0.73900
vn 0.4872 0.4018 -0.7754
v 0.79990 0.73800 0.12394
vt 0.71429 0.73900
vn 0.5651 0.4225 -0.7086
v 0.75880 0.71000 0.08813
vt 0.67857 0.71036
vn 0.5187 0.0802 -0.8512
v 0.79990 0.73800 0.12394
vt 0.71429 0.73900
vn 0.5651 0.4225 -0.7086
v 0.80400 0.71000 0.11879
vt 0.71429 0.71036
vn 0.6081 0.1240 -0.7841
v 0.80400 0.71000 0.11879
vt 0.71429 0.71036
vn 0.6081 0.1240 -0.7841
v 0.79990 0.73800 0.12394
vt 0.71429 0.73900
vn 0.5651 0.4225 -0.7086
v 0.84012 0.73800 0.15988
vt 0.75000 0.73900
vn 0.6389 0.4284 -0.6389
v 0.80400 0.71000 0.11879
vt 0.71429 0.71036
vn 0.6081 0.1240 -0.7841
v 0.84012 0.73800 0.15988
vt 0.75000 0.73900
vn 0.6389 0.4284 -0.6389
v 0.84501 0.71000 0.15499
vt 0.75000 0.71036
vn 0.7050 0.1365 -0.6960
v 0.84501 0.71000 0.15499
vt 0.75000 0.71036
vn 0.7050 0.1365 -0.6960
v 0.84012 0.73800 0.15988
vt 0.75000 0.73900
vn 0.6389 0.4284 -0.6389
v 0.87606 0.73800 0.20010
vt 0.78571 0.73900
vn 0.7132 0.4098 -0.5687
v 0.84501 0.71000 0.15499
vt 0.75000 0.71036
vn 0.7050 0.1365 -0.6960
v 0.87606 0.73800 0.20010
vt 0.78571 0.73900
vn 0.7132 0.4098 -0.5687
v 0.88065 0.71000 0.19644
vt 0.78571 0.71036
vn 0.7887 0.0971 -0.6071
v 0.88065 0.71000 0.19644
vt 0.78571 0.71036
vn 0.7887 0.0971 -0.6071
v 0.87606 0.73800 0.20010
vt 0.78571 0.73900
vn 0.7132 0.4098 -0.5687
v 0.90727 0.73800 0.24409
vt 0.82143 0.73900
vn 0.7781 0.3944 -0.4889
v 0.88065 0.71000 0.19644
vt 0.78571 0.71036
vn 0.7887 0.0971 -0.6071
v 0.90727 0.73800 0.24409
vt 0.82143 0.73900
vn 0.7781 0.3944 -0.4889
v 0.91153 0.71000 0.24142
vt 0.82143 0.71036
vn 0.8450 0.0648 -0.5309
v 0.91153 0.71000 0.24142
vt 0.82143 0.71036
vn 0.8450 0.0648 -0.5309
v 0.90727 0.73800 0.24409
vt 0.82143 0.73900
vn 0.7781 0.3944 -0.4889
v 0.93337 0.73800 0.29130
vt 0.85714 0.73900
vn 0.8218 0.4098 -0.3958
v 0.91153 0.71000 0.24142
vt 0.82143 0.71036
vn 0.8450 0.0648 -0.5309
v 0.93337 0.73800 0.29130
vt 0.85714 0.73900
vn 0.8218 0.4098 -0.3958
v 0.93865 0.71000 0.28876
vt 0.85714 0.71036
vn 0.8890 0.0970 -0.4476
v 0.93865 0.71000 0.28876
vt 0.85714 0.71036
vn 0.8890 0.0970 -0.4476
v 0.93337 0.73800 0.29130
vt 0.85714 0.73900
vn 0.8218 0.4098 -0.3958
v 0.95401 0.73800 0.34114
vt 0.89286 0.73900
vn 0.8525 0.4292 -0.2983
v 0.93865 0.71000 0.28876
vt 0.85714 0.71036
vn 0.8890 0.0970 -0.4476
v 0.95401 0.73800 0.34114
vt 0.89286 0.73900
vn 0.8525 0.4292 -0.2983
v 0.96058 0.71000 0.33884
vt 0.89286 0.71036
vn 0.9340 0.1383 -0.3295
v 0.96058 0.71000 0.33884
vt 0.89286 0.71036
vn 0.9340 0.1383 -0.3295
v 0.95401 0.73800 0.34114
vt 0.89286 0.73900
vn 0.8525 0.4292 -0.2983
v 0.96894 0.73800 0.39297
vt 0.92857 0.73900
vn 0.8871 0.4148 -0.2025
v 0.96058 0.71000 0.33884
vt 0.89286 0.71036
vn 0.9340 0.1383 -0.3295
v 0.96894 0.73800 0.39297
vt 0.92857 0.73900
vn 0.8871 0.4148 -0.2025
v 0.97493 0.71000 0.39160
vt 0.92857 0.71036
vn 0.9730 0.1075 -0.2042
v 0.97493 0.71000 0.39160
vt 0.92857 0.71036
vn 0.9730 0.1075 -0.2042
v 0.96894 0.73800 0.39297
vt 0.92857 0.73900
vn 0.8871 0.4148 -0.2025
v 0.97798 0.73800 0.44615
vt 0.96429 0.73900
vn 0.9131 0.3945 -0.1029
v 0.97493 0.71000 0.39160
vt 0.92857 0.71036
vn 0.9730 0.1075 -0.2042
v 0.97798 0.73800 0.44615
vt 0.96429 0.73900
vn 0.9131 0.3945 -0.1029
v 0.98297 0.71000 0.44558
vt 0.96429 0.71036
vn 0.9918 0.0650 -0.1104
v 0.98297 0.71000 0.44558
vt 0.96429 0.71036
vn 0.9918 0.0650 -0.1104
v 0.97798 0.73800 0.44615
vt 0.96429 0.73900
vn 0.9131 0.3945 -0.1029
v 0.98100 0.73800 0.50000
vt 1.00000 0.73900
vn 0.9111 0.4122 -0.0000
v 0.98297 0.71000 0.44558
vt 0.96429 0.71036
vn 0.9918 0.0650 -0.1104
v 0.98100 0.73800 0.50000
vt 1.00000 0.73900
vn 0.9111 0.4122 -0.0000
v 0.98700 0.71000 0.50000
vt 1.00000 0.71036
vn 0.9946 0.1020 -0.0176
v 0.98100 0.73800 0.50000
vt 0.00000 0.73900
vn 0.9111 0.4122 -0.0000
v 0.96800 0.75200 0.50000
vt 0.00000 0.75810
vn 0.7328 0.6805 -0.0000
v 0.96506 0.75200 0.55240
vt 0.03571 0.75810
vn 0.7282 0.6805 0.0820
v 0.98100 0.73800 0.50000
vt 0.00000 0.73900
vn 0.9111 0.4122 -0.0000
v 0.96506 0.75200 0.55240
vt 0.03571 0.75810
vn 0.7282 0.6805 0.0820
v 0.97798 0.73800 0.55385
vt 0.03571 0.73900
vn 0.8974 0.4294 0.1011
v 0.97798 0.73800 0.55385
vt 0.03571 0.73900
vn 0.8974 0.4294 0.1011
v 0.96506 0.75200 0.55240
vt 0.03571 0.75810
vn 0.7282 0.6805 0.0820
v 0.95627 0.75200 0.60414
vt 0.07143 0.75810
vn 0.7144 0.6805 0.1631
v 0.97798 0.73800 0.55385
vt 0.03571 0.73900
vn 0.8974 0.4294 0.1011
v 0.95627 0.75200 0.60414
vt 0.07143 0.75810
vn 0.7144 0.6805 0.1631
v 0.96894 0.73800 0.60703
vt 0.07143 0.73900
vn 0.8894 0.4095 0.2030
v 0.96894 0.73800 0.60703
vt 0.07143 0.73900
vn 0.8894 0.4095 0.2030
v 0.95627 0.75200 0.60414
vt 0.07143 0.75810
vn 0.7144 0.6805 0.1631
v 0.94174 0.75200 0.65457
vt 0.10714 0.75810
vn 0.6917 0.6805 0.2420
v 0.96894 0.73800 0.60703
vt 0.07143 0.73900
vn 0.8894 0.4095 0.2030
v 0.94174 0.75200 0.65457
vt 0.10714 0.75810
vn 0.6917 0.6805 0.2420
v 0.95401 0.73800 0.65886
vt 0.10714 0.73900
vn 0.8673 0.3947 0.3035
v 0.95401 0.73800 0.65886
vt 0.10714 0.73900
vn 0.8673 0.3947 0.3035
v 0.94174 0.75200 0.65457
vt 0.10714 0.75810
vn 0.6917 0.6805 0.2420
v 0.92165 0.75200 0.70306
vt 0.14286 0.75810
vn 0.6602 0.6805 0.3179
v 0.95401 0.73800 0.65886
vt 0.10714 0.73900
vn 0.8673 0.3947 0.3035
v 0.92165 0.75200 0.70306
vt 0.14286 0.75810
vn 0.6602 0.6805 0.3179
v 0.93337 0.73800 0.70870
vt 0.14286 0.73900
vn 0.8199 0.4145 0.3948
v 0.93337 0.73800 0.70870
vt 0.14286 0.73900
vn 0.8199 0.4145 0.3948
v 0.92165 0.75200 0.70306
vt 0.14286 0.75810
vn 0.6602 0.6805 0.3179
v 0.89627 0.75200 0.74899
vt 0.17857 0.75810
vn 0.6205 0.6805 0.3899
v 0.93337 0.73800 0.70870
vt 0.14286 0.73900
vn 0.8199 0.4145 0.3948
v 0.89627 0.75200 0.74899
vt 0.17857 0.75810
vn 0.6205 0.6805 0.3899
v 0.90727 0.73800 0.75591
vt 0.17857 0.73900
vn 0.7647 0.4295 0.4805
v 0.90727 0.73800 0.75591
vt 0.17857 0.73900
vn 0.7647 0.4295 0.4805
v 0.89627 0.75200 0.74899
vt 0.17857 0.75810
vn 0.6205 0.6805 0.3899
v 0.86590 0.75200 0.79179
vt 0.21429 0.75810
vn 0.5729 0.6805 0.4569
v 0.90727 0.73800 0.75591
vt 0.17857 0.73900
vn 0.7647 0.4295 0.4805
v 0.86590 0.75200 0.79179
vt 0.21429 0.75810
vn 0.5729 0.6805 0.4569
v 0.87606 0.73800 0.79990
vt 0.21429 0.73900
vn 0.7115 0.4145 0.5674
v 0.87606 0.73800 0.79990
vt 0.21429 0.73900
vn 0.7115 0.4145 0.5674
v 0.86590 0.75200 0.79179
vt 0.21429 0.75810
vn 0.5729 0.6805 0.4569
v 0.83093 0.75200 0.83093
vt 0.25000 0.75810
vn 0.5182 0.6805 0.5182
v 0.87606 0.73800 0.79990
vt 0.21429 0.73900
vn 0.7115 0.4145 0.5674
v 0.83093 0.75200 0.83093
vt 0.25000 0.75810
vn 0.5182 0.6805 0.5182
v 0.84012 0.73800 0.84012
vt 0.25000 0.73900
vn 0.6494 0.3956 0.6494
v 0.84012 0.73800 0.84012
vt 0.25000 0.73900
vn 0.6494 0.3956 0.6494
v 0.83093 0.75200 0.83093
vt 0.25000 0.75810
vn 0.5182 0.6805 0.5182
v 0.79179 0.75200 0.86590
vt 0.28571 0.75810
vn 0.4569 0.6805 0.5729
v 0.84012 0.73800 0.84012
vt 0.25000 0.73900
vn 0.6494 0.3956 0.6494
v 0.79179 0.75200 0.86590
vt 0.28571 0.75810
vn 0.4569 0.6805 0.5729
v 0.79990 0.73800 0.87606
vt 0.28571 0.73900
vn 0.5710 0.4017 0.7160
v 0.79990 0.73800 0.87606
vt 0.28571 0.73900
vn 0.5710 0.4017 0.7160
v 0.79179 0.75200 0.86590
vt 0.28571 0.75810
vn 0.4569 0.6805 0.5729
v 0.74899 0.75200 0.89627
vt 0.32143 0.75810
vn 0.3899 0.6805 0.6205
v 0.79990 0.73800 0.87606
vt 0.28571 0.73900
vn 0.5710 0.4017 0.7160
v 0.74899 0.75200 0.89627
vt 0.32143 0.75810
vn 0.3899 0.6805 0.6205
v 0.75591 0.73800 0.90727
vt 0.32143 0.73900
vn 0.4822 0.4224 0.7675
v 0.75591 0.73800 0.90727
vt 0.32143 0.73900
vn 0.4822 0.4224 0.7675
v 0.74899 0.75200 0.89627
vt 0.32143 0.75810
vn 0.3899 0.6805 0.6205
v 0.70306 0.75200 0.92165
vt 0.35714 0.75810
vn 0.3179 0.6805 0.6602
v 0.75591 0.73800 0.90727
vt 0.32143 0.73900
vn 0.4822 0.4224 0.7675
v 0.70306 0.75200 0.92165
vt 0.35714 0.75810
vn 0.3179 0.6805 0.6602
v 0.70870 0.73800 0.93337
vt 0.35714 0.73900
vn 0.3920 0.4286 0.8140
v 0.70870 0.73800 0.93337
vt 0.35714 0.73900
vn 0.3920 0.4286 0.8140
v 0.70306 0.75200 0.92165
vt 0.35714 0.75810
vn 0.3179 0.6805 0.6602
v 0.65457 0.75200 0.94174
vt 0.39286 0.75810
vn 0.2420 0.6805 0.6917
v 0.70870 0.73800 0.93337
vt 0.35714 0.73900
vn 0.3920 0.4286 0.8140
v 0.65457 0.75200 0.94174
vt 0.39286 0.75810
vn 0.2420 0.6805 0.6917
v 0.65886 0.73800 0.95401
vt 0.39286 0.73900
vn 0.3010 0.4119 0.8601
v 0.65886 0.73800 0.95401
vt 0.39286 0.73900
vn 0.3010 0.4119 0.8601
v 0.65457 0.75200 0.94174
vt 0.39286 0.75810
vn 0.2420 0.6805 0.6917
v 0.60414 0.75200 0.95627
vt 0.42857 0.75810
vn 0.1631 0.6805 0.7144
v 0.65886 0.73800 0.95401
vt 0.39286 0.73900
vn 0.3010 0.4119 0.8601
v 0.60414 0.75200 0.95627
vt 0.42857 0.75810
vn 0.1631 0.6805 0.7144
v 0.60703 0.73800 0.96894
vt 0.42857 0.73900
vn 0.2044 0.3949 0.8957
v 0.60703 0.73800 0.96894
vt 0.42857 0.73900
vn 0.2044 0.3949 0.8957
v 0.60414 0.75200 0.95627
vt 0.42857 0.75810
vn 0.1631 0.6805 0.7144
v 0.55240 0.75200 0.96506
vt 0.46429 0.75810
vn 0.0820 0.6805 0.7282
v 0.60703 0.73800 0.96894
vt 0.42857 0.73900
vn 0.2044 0.3949 0.8957
v 0.55240 0.75200 0.96506
vt 0.46429 0.75810
vn 0.0820 0.6805 0.7282
v 0.55385 0.73800 0.97798
vt 0.46429 0.73900
vn 0.1024 0.4044 0.9088
v 0.55385 0.73800 0.97798
vt 0.46429 0.73900
vn 0.1024 0.4044 0.9088
v 0.55240 0.75200 0.96506
vt 0.46429 0.75810
vn 0.0820 0.6805 0.7282
v 0.50000 0.75200 0.96800
vt 0.50000 0.75810
vn 0.0000 0.6805 0.7328
v 0.55385 0.73800 0.97798
vt 0.46429 0.73900
vn 0.1024 0.4044 0.9088
v 0.50000 0.75200 0.96800
vt 0.50000 0.75810
vn 0.0000 0.6805 0.7328
v 0.50000 0.73800 0.98100
vt 0.50000 0.73900
vn 0.0000 0.4265 0.9045
v 0.50000 0.73800 0.98100
vt 0.50000 0.73900
vn 0.0000 0.4265 0.9045
v 0.50000 0.75200 0.96800
vt 0.50000 0.75810
vn 0.0000 0.6805 0.7328
v 0.44760 0.75200 0.96506
vt 0.53571 0.75810
vn -0.0820 0.6805 0.7282
v 0.50000 0.73800 0.98100
vt 0.50000 0.73900
vn 0.0000 0.4265 0.9045
v 0.44760 0.75200 0.96506
vt 0.53571 0.75810
vn -0.0820 0.6805 0.7282
v 0.44615 0.73800 0.97798
vt 0.53571 0.73900
vn -0.1014 0.4231 0.9004
v 0.44615 0.73800 0.97798
vt 0.53571 0.73900
vn -0.1014 0.4231 0.9004
v 0.44760 0.75200 0.96506
vt 0.53571 0.75810
vn -0.0820 0.6805 0.7282
v 0.39586 0.75200 0.95627
vt 0.57143 0.75810
vn -0.1631 0.6805 0.7144
v 0.44615 0.73800 0.97798
vt 0.53571 0.73900
vn -0.1014 0.4231 0.9004
v 0.39586 0.75200 0.95627
vt 0.57143 0.75810
vn -0.1631 0.6805 0.7144
v 0.39297 0.73800 0.96894
vt 0.57143 0.73900
vn -0.2041 0.3985 0.8942
v 0.39297 0.73800 0.96894
vt 0.57143 0.73900
vn -0.2041 0.3985 0.8942
v 0.39586 0.75200 0.95627
vt 0.57143 0.75810
vn -0.1631 0.6805 0.7144
v 0.34543 0.75200 0.94174
vt 0.60714 0.75810
vn -0.2420 0.6805 0.6917
v 0.39297 0.73800 0.96894
vt 0.57143 0.73900
vn -0.2041 0.3985 0.8942
v 0.34543 0.75200 0.94174
vt 0.60714 0.75810
vn -0.2420 0.6805 0.6917
v 0.34114 0.73800 0.95401
vt 0.60714 0.73900
vn -0.3025 0.4014 0.8645
v 0.34114 0.73800 0.95401
vt 0.60714 0.73900
vn -0.3025 0.4014 0.8645
v 0.34543 0.75200 0.94174
vt 0.60714 0.75810
vn -0.2420 0.6805 0.6917
v 0.29694 0.75200 0.92165
vt 0.64286 0.75810
vn -0.3179 0.6805 0.6602
v 0.34114 0.73800 0.95401
vt 0.60714 0.73900
vn -0.3025 0.4014 0.8645
v 0.29694 0.75200 0.92165
vt 0.64286 0.75810
vn -0.3179 0.6805 0.6602
v 0.29130 0.73800 0.93337
vt 0.64286 0.73900
vn -0.3924 0.4267 0.8148
v 0.29130 0.73800 0.93337
vt 0.64286 0.73900
vn -0.3924 0.4267 0.8148
v 0.29694 0.75200 0.92165
vt 0.64286 0.75810
vn -0.3179 0.6805 0.6602
v 0.25101 0.75200 0.89627
vt 0.67857 0.75810
vn -0.3899 0.6805 0.6205
v 0.29130 0.73800 0.93337
vt 0.64286 0.73900
vn -0.3924 0.4267 0.8148
v 0.25101 0.75200 0.89627
vt 0.67857 0.75810
vn -0.3899 0.6805 0.6205
v 0.24409 0.73800 0.90727
vt 0.67857 0.73900
vn -0.4827 0.4204 0.7683
v 0.24409 0.73800 0.90727
vt 0.67857 0.73900
vn -0.4827 0.4204 0.7683
v 0.25101 0.75200 0.89627
vt 0.67857 0.75810
vn -0.3899 0.6805 0.6205
v 0.20821 0.75200 0.86590
vt 0.71429 0.75810
vn -0.4569 0.6805 0.5729
v 0.24409 0.73800 0.90727
vt 0.67857 0.73900
vn -0.4827 0.4204 0.7683
v 0.20821 0.75200 0.86590
vt 0.71429 0.75810
vn -0.4569 0.6805 0.5729
v 0.20010 0.73800 0.87606
vt 0.71429 0.73900
vn -0.5725 0.3959 0.7179
v 0.20010 0.73800 0.87606
vt 0.71429 0.73900
vn -0.5725 0.3959 0.7179
v 0.20821 0.75200 0.86590
vt 0.71429 0.75810
vn -0.4569 0.6805 0.5729
v 0.16907 0.75200 0.83093
vt 0.75000 0.75810
vn -0.5182 0.6805 0.5182
v 0.20010 0.73800 0.87606
vt 0.71429 0.73900
vn -0.5725 0.3959 0.7179
v 0.16907 0.75200 0.83093
vt 0.75000 0.75810
vn -0.5182 0.6805 0.5182
v 0.15988 0.73800 0.84012
vt 0.75000 0.73900
vn -0.6462 0.4059 0.6462
v 0.15988 0.73800 0.84012
vt 0.75000 0.73900
vn -0.6462 0.4059 0.6462
v 0.16907 0.75200 0.83093
vt 0.75000 0.75810
vn -0.5182 0.6805 0.5182
v 0.13410 0.75200 0.79179
vt 0.78571 0.75810
vn -0.5729 0.6805 0.4569
v 0.15988 0.73800 0.84012
vt 0.75000 0.73900
vn -0.6462 0.4059 0.6462
v 0.13410 0.75200 0.79179
vt 0.78571 0.75810
vn -0.5729 0.6805 0.4569
v 0.12394 0.73800 0.79990
vt 0.78571 0.73900
vn -0.7065 0.4284 0.5634
v 0.12394 0.73800 0.79990
vt 0.78571 0.73900
vn -0.7065 0.4284 0.5634
v 0.13410 0.75200 0.79179
vt 0.78571 0.75810
vn -0.5729 0.6805 0.4569
v 0.10373 0.75200 0.74899
vt 0.82143 0.75810
vn -0.6205 0.6805 0.3899
v 0.12394 0.73800 0.79990
vt 0.78571 0.73900
vn -0.7065 0.4284 0.5634
v 0.10373 0.75200 0.74899
vt 0.82143 0.75810
vn -0.6205 0.6805 0.3899
v 0.09273 0.73800 0.75591
vt 0.82143 0.73900
vn -0.7687 0.4192 0.4830
v 0.09273 0.73800 0.75591
vt 0.82143 0.73900
vn -0.7687 0.4192 0.4830
v 0.10373 0.75200 0.74899
vt 0.82143 0.75810
vn -0.6205 0.6805 0.3899
v 0.07835 0.75200 0.70306
vt 0.85714 0.75810
vn -0.6602 0.6805 0.3179
v 0.09273 0.73800 0.75591
vt 0.82143 0.73900
vn -0.7687 0.4192 0.4830
v 0.07835 0.75200 0.70306
vt 0.85714 0.75810
vn -0.6602 0.6805 0.3179
v 0.06663 0.73800 0.70870
vt 0.85714 0.73900
vn -0.8270 0.3969 0.3982
v 0.06663 0.73800 0.70870
vt 0.85714 0.73900
vn -0.8270 0.3969 0.3982
v 0.07835 0.75200 0.70306
vt 0.85714 0.75810
vn -0.6602 0.6805 0.3179
v 0.05826 0.75200 0.65457
vt 0.89286 0.75810
vn -0.6917 0.6805 0.2420
v 0.06663 0.73800 0.70870
vt 0.85714 0.73900
vn -0.8270 0.3969 0.3982
v 0.05826 0.75200 0.65457
vt 0.89286 0.75810
vn -0.6917 0.6805 0.2420
v 0.04599 0.73800 0.65886
vt 0.89286 0.73900
vn -0.8649 0.4004 0.3026
v 0.04599 0.73800 0.65886
vt 0.89286 0.73900
vn -0.8649 0.4004 0.3026
v 0.05826 0.75200 0.65457
vt 0.89286 0.75810
vn -0.6917 0.6805 0.2420
v 0.04373 0.75200 0.60414
vt 0.92857 0.75810
vn -0.7144 0.6805 0.1631
v 0.04599 0.73800 0.65886
vt 0.89286 0.73900
vn -0.8649 0.4004 0.3026
v 0.04373 0.75200 0.60414
vt 0.92857 0.75810
vn -0.7144 0.6805 0.1631
v 0.03106 0.73800 0.60703
vt 0.92857 0.73900
vn -0.8839 0.4220 0.2017
v 0.03106 0.73800 0.60703
vt 0.92857 0.73900
vn -0.8839 0.4220 0.2017
v 0.04373 0.75200 0.60414
vt 0.92857 0.75810
vn -0.7144 0.6805 0.1631
v 0.03494 0.75200 0.55240
vt 0.96429 0.75810
vn -0.7282 0.6805 0.0820
v 0.03106 0.73800 0.60703
vt 0.92857 0.73900
vn -0.8839 0.4220 0.2017
v 0.03494 0.75200 0.55240
vt 0.96429 0.75810
vn -0.7282 0.6805 0.0820
v 0.02202 0.73800 0.55385
vt 0.96429 0.73900
vn -0.8978 0.4287 0.1012
v 0.02202 0.73800 0.55385
vt 0.96429 0.73900
vn -0.8978 0.4287 0.1012
v 0.03494 0.75200 0.55240
vt 0.96429 0.75810
vn -0.7282 0.6805 0.0820
v 0.03200 0.75200 0.50000
vt 1.00000 0.75810
vn -0.7328 0.6805 0.0000
v 0.02202 0.73800 0.55385
vt 0.96429 0.73900
vn -0.8978 0.4287 0.1012
v 0.03200 0.75200 0.50000
vt 1.00000 0.75810
vn -0.7328 0.6805 0.0000
v 0.01900 0.73800 0.50000
vt 1.00000 0.73900
vn -0.9111 0.4122 0.0000
v 0.01900 0.73800 0.50000
vt 0.00000 0.73900
vn -0.9111 0.4122 0.0000
v 0.03200 0.75200 0.50000
vt 0.00000 0.75810
vn -0.7328 0.6805 0.0000
v 0.03494 0.75200 0.44760
vt 0.03571 0.75810
vn -0.7282 0.6805 -0.0820
v 0.01900 0.73800 0.50000
vt 0.00000 0.73900
vn -0.9111 0.4122 0.0000
v 0.03494 0.75200 0.44760
vt 0.03571 0.75810
vn -0.7282 0.6805 -0.0820
v 0.02202 0.73800 0.44615
vt 0.03571 0.73900
vn -0.9128 0.3953 -0.1028
v 0.02202 0.73800 0.44615
vt 0.03571 0.73900
vn -0.9128 0.3953 -0.1028
v 0.03494 0.75200 0.44760
vt 0.03571 0.75810
vn -0.7282 0.6805 -0.0820
v 0.04373 0.75200 0.39586
vt 0.07143 0.75810
vn -0.7144 0.6805 -0.1631
v 0.02202 0.73800 0.44615
vt 0.03571 0.73900
vn -0.9128 0.3953 -0.1028
v 0.04373 0.75200 0.39586
vt 0.07143 0.75810
vn -0.7144 0.6805 -0.1631
v 0.03106 0.73800 0.39297
vt 0.07143 0.73900
vn -0.8926 0.4022 -0.2037
v 0.03106 0.73800 0.39297
vt 0.07143 0.73900
vn -0.8926 0.4022 -0.2037
v 0.04373 0.75200 0.39586
vt 0.07143 0.75810
vn -0.7144 0.6805 -0.1631
v 0.05826 0.75200 0.34543
vt 0.10714 0.75810
vn -0.6917 0.6805 -0.2420
v 0.03106 0.73800 0.39297
vt 0.07143 0.73900
vn -0.8926 0.4022 -0.2037
v 0.05826 0.75200 0.34543
vt 0.10714 0.75810
vn -0.6917 0.6805 -0.2420
v 0.04599 0.73800 0.34114
vt 0.10714 0.73900
vn -0.8550 0.4237 -0.2992
v 0.04599 0.73800 0.34114
vt 0.10714 0.73900
vn -0.8550 0.4237 -0.2992
v 0.05826 0.75200 0.34543
vt 0.10714 0.75810
vn -0.6917 0.6805 -0.2420
v 0.07835 0.75200 0.29694
vt 0.14286 0.75810
vn -0.6602 0.6805 -0.3179
v 0.04599 0.73800 0.34114
vt 0.10714 0.73900
vn -0.8550 0.4237 -0.2992
v 0.07835 0.75200 0.29694
vt 0.14286 0.75810
vn -0.6602 0.6805 -0.3179
v 0.06663 0.73800 0.29130
vt 0.14286 0.73900
vn -0.8147 0.4271 -0.3923
v 0.06663 0.73800 0.29130
vt 0.14286 0.73900
vn -0.8147 0.4271 -0.3923
v 0.07835 0.75200 0.29694
vt 0.14286 0.75810
vn -0.6602 0.6805 -0.3179
v 0.10373 0.75200 0.25101
vt 0.17857 0.75810
vn -0.6205 0.6805 -0.3899
v 0.06663 0.73800 0.29130
vt 0.14286 0.73900
vn -0.8147 0.4271 -0.3923
v 0.10373 0.75200 0.25101
vt 0.17857 0.75810
vn -0.6205 0.6805 -0.3899
v 0.09273 0.73800 0.24409
vt 0.17857 0.73900
vn -0.7741 0.4051 -0.4864
v 0.09273 0.73800 0.24409
vt 0.17857 0.73900
vn -0.7741 0.4051 -0.4864
v 0.10373 0.75200 0.25101
vt 0.17857 0.75810
vn -0.6205 0.6805 -0.3899
v 0.13410 0.75200 0.20821
vt 0.21429 0.75810
vn -0.5729 0.6805 -0.4569
v 0.09273 0.73800 0.24409
vt 0.17857 0.73900
vn -0.7741 0.4051 -0.4864
v 0.13410 0.75200 0.20821
vt 0.21429 0.75810
vn -0.5729 0.6805 -0.4569
v 0.12394 0.73800 0.20010
vt 0.21429 0.73900
vn -0.7181 0.3955 -0.5726
v 0.12394 0.73800 0.20010
vt 0.21429 0.73900
vn -0.7181 0.3955 -0.5726
v 0.13410 0.75200 0.20821
vt 0.21429 0.75810
vn -0.5729 0.6805 -0.4569
v 0.16907 0.75200 0.16907
vt 0.25000 0.75810
vn -0.5182 0.6805 -0.5182
v 0.12394 0.73800 0.20010
vt 0.21429 0.73900
vn -0.7181 0.3955 -0.5726
v 0.16907 0.75200 0.16907
vt 0.25000 0.75810
vn -0.5182 0.6805 -0.5182
v 0.15988 0.73800 0.15988
vt 0.25000 0.73900
vn -0.6423 0.4183 -0.6423
v 0.15988 0.73800 0.15988
vt 0.25000 0.73900
vn -0.6423 0.4183 -0.6423
v 0.16907 0.75200 0.16907
vt 0.25000 0.75810
vn -0.5182 0.6805 -0.5182
v 0.20821 0.75200 0.13410
vt 0.28571 0.75810
vn -0.4569 0.6805 -0.5729
v 0.15988 0.73800 0.15988
vt 0.25000 0.73900
vn -0.6423 0.4183 -0.6423
v 0.20821 0.75200 0.13410
vt 0.28571 0.75810
vn -0.4569 0.6805 -0.5729
v 0.20010 0.73800 0.12394
vt 0.28571 0.73900
vn -0.5635 0.4280 -0.7066
v 0.20010 0.73800 0.12394
vt 0.28571 0.73900
vn -0.5635 0.4280 -0.7066
v 0.20821 0.75200 0.13410
vt 0.28571 0.75810
vn -0.4569 0.6805 -0.5729
v 0.25101 0.75200 0.10373
vt 0.32143 0.75810
vn -0.3899 0.6805 -0.6205
v 0.20010 0.73800 0.12394
vt 0.28571 0.73900
vn -0.5635 0.4280 -0.7066
v 0.25101 0.75200 0.10373
vt 0.32143 0.75810
vn -0.3899 0.6805 -0.6205
v 0.24409 0.73800 0.09273
vt 0.32143 0.73900
vn -0.4867 0.4038 -0.7746
v 0.24409 0.73800 0.09273
vt 0.32143 0.73900
vn -0.4867 0.4038 -0.7746
v 0.25101 0.75200 0.10373
vt 0.32143 0.75810
vn -0.3899 0.6805 -0.6205
v 0.29694 0.75200 0.07835
vt 0.35714 0.75810
vn -0.3179 0.6805 -0.6602
v 0.24409 0.73800 0.09273
vt 0.32143 0.73900
vn -0.4867 0.4038 -0.7746
v 0.29694 0.75200 0.07835
vt 0.35714 0.75810
vn -0.3179 0.6805 -0.6602
v 0.29130 0.73800 0.06663
vt 0.35714 0.73900
vn -0.3982 0.3974 -0.8268
v 0.29130 0.73800 0.06663
vt 0.35714 0.73900
vn -0.3982 0.3974 -0.8268
v 0.29694 0.75200 0.07835
vt 0.35714 0.75810
vn -0.3179 0.6805 -0.6602
v 0.34543 0.75200 0.05826
vt 0.39286 0.75810
vn -0.2420 0.6805 -0.6917
v 0.29130 0.73800 0.06663
vt 0.35714 0.73900
vn -0.3982 0.3974 -0.8268
v 0.34543 0.75200 0.05826
vt 0.39286 0.75810
vn -0.2420 0.6805 -0.6917
v 0.34114 0.73800 0.04599
vt 0.39286 0.73900
vn -0.2993 0.4228 -0.8554
v 0.34114 0.73800 0.04599
vt 0.39286 0.73900
vn -0.2993 0.4228 -0.8554
v 0.34543 0.75200 0.05826
vt 0.39286 0.75810
vn -0.2420 0.6805 -0.6917
v 0.39586 0.75200 0.04373
vt 0.42857 0.75810
vn -0.1631 0.6805 -0.7144
v 0.34114 0.73800 0.04599
vt 0.39286 0.73900
vn -0.2993 0.4228 -0.8554
v 0.39586 0.75200 0.04373
vt 0.42857 0.75810
vn -0.1631 0.6805 -0.7144
v 0.39297 0.73800 0.03106
vt 0.42857 0.73900
vn -0.2014 0.4255 -0.8823
v 0.39297 0.73800 0.03106
vt 0.42857 0.73900
vn -0.2014 0.4255 -0.8823
v 0.39586 0.75200 0.04373
vt 0.42857 0.75810
vn -0.1631 0.6805 -0.7144
v 0.44760 0.75200 0.03494
vt 0.46429 0.75810
vn -0.0820 0.6805 -0.7282
v 0.39297 0.73800 0.03106
vt 0.42857 0.73900
vn -0.2014 0.4255 -0.8823
v 0.44760 0.75200 0.03494
vt 0.46429 0.75810
vn -0.0820 0.6805 -0.7282
v 0.44615 0.73800 0.02202
vt 0.46429 0.73900
vn -0.1026 0.4011 -0.9103
v 0.44615 0.73800 0.02202
vt 0.46429 0.73900
vn -0.1026 0.4011 -0.9103
v 0.44760 0.75200 0.03494
vt 0.46429 0.75810
vn -0.0820 0.6805 -0.7282
v 0.50000 0.75200 0.03200
vt 0.50000 0.75810
vn 0.0000 0.6805 -0.7328
v 0.44615 0.73800 0.02202
vt 0.46429 0.73900
vn -0.1026 0.4011 -0.9103
v 0.50000 0.75200 0.03200
vt 0.50000 0.75810
vn 0.0000 0.6805 -0.7328
v 0.50000 0.73800 0.01900
vt 0.50000 0.73900
vn 0.0000 0.3975 -0.9176
v 0.50000 0.73800 0.01900
vt 0.50000 0.73900
vn 0.0000 0.3975 -0.9176
v 0.50000 0.75200 0.03200
vt 0.50000 0.75810
vn 0.0000 0.6805 -0.7328
v 0.55240 0.75200 0.03494
vt 0.53571 0.75810
vn 0.0820 0.6805 -0.7282
v 0.50000 0.73800 0.01900
vt 0.50000 0.73900
vn 0.0000 0.3975 -0.9176
v 0.55240 0.75200 0.03494
vt 0.53571 0.75810
vn 0.0820 0.6805 -0.7282
v 0.55385 0.73800 0.02202
vt 0.53571 0.73900
vn 0.1016 0.4198 -0.9019
v 0.55385 0.73800 0.02202
vt 0.53571 0.73900
vn 0.1016 0.4198 -0.9019
v 0.55240 0.75200 0.03494
vt 0.53571 0.75810
vn 0.0820 0.6805 -0.7282
v 0.60414 0.75200 0.04373
vt 0.57143 0.75810
vn 0.1631 0.6805 -0.7144
v 0.55385 0.73800 0.02202
vt 0.53571 0.73900
vn 0.1016 0.4198 -0.9019
v 0.60414 0.75200 0.04373
vt 0.57143 0.75810
vn 0.1631 0.6805 -0.7144
v 0.60703 0.73800 0.03106
vt 0.57143 0.73900
vn 0.2010 0.4290 -0.8807
v 0.60703 0.73800 0.03106
vt 0.57143 0.73900
vn 0.2010 0.4290 -0.8807
v 0.60414 0.75200 0.04373
vt 0.57143 0.75810
vn 0.1631 0.6805 -0.7144
v 0.65457 0.75200 0.05826
vt 0.60714 0.75810
vn 0.2420 0.6805 -0.6917
v 0.60703 0.73800 0.03106
vt 0.57143 0.73900
vn 0.2010 0.4290 -0.8807
v 0.65457 0.75200 0.05826
vt 0.60714 0.75810
vn 0.2420 0.6805 -0.6917
v 0.65886 0.73800 0.04599
vt 0.60714 0.73900
vn 0.3009 0.4125 -0.8598
v 0.65886 0.73800 0.04599
vt 0.60714 0.73900
vn 0.3009 0.4125 -0.8598
v 0.65457 0.75200 0.05826
vt 0.60714 0.75810
vn 0.2420 0.6805 -0.6917
v 0.70306 0.75200 0.07835
vt 0.64286 0.75810
vn 0.3179 0.6805 -0.6602
v 0.65886 0.73800 0.04599
vt 0.60714 0.73900
vn 0.3009 0.4125 -0.8598
v 0.70306 0.75200 0.07835
vt 0.64286 0.75810
vn 0.3179 0.6805 -0.6602
v 0.70870 0.73800 0.06663
vt 0.64286 0.73900
vn 0.3985 0.3953 -0.8276
v 0.70870 0.73800 0.06663
vt 0.64286 0.73900
vn 0.3985 0.3953 -0.8276
v 0.70306 0.75200 0.07835
vt 0.64286 0.75810
vn 0.3179 0.6805 -0.6602
v 0.74899 0.75200 0.10373
vt 0.67857 0.75810
vn 0.3899 0.6805 -0.6205
v 0.70870 0.73800 0.06663
vt 0.64286 0.73900
vn 0.3985 0.3953 -0.8276
v 0.74899 0.75200 0.10373
vt 0.67857 0.75810
vn 0.3899 0.6805 -0.6205
v 0.75591 0.73800 0.09273
vt 0.67857 0.73900
vn 0.4872 0.4018 -0.7754
v 0.75591 0.73800 0.09273
vt 0.67857 0.73900
vn 0.4872 0.4018 -0.7754
v 0.74899 0.75200 0.10373
vt 0.67857 0.75810
vn 0.3899 0.6805 -0.6205
v 0.79179 0.75200 0.13410
vt 0.71429 0.75810
vn 0.4569 0.6805 -0.5729
v 0.75591 0.73800 0.09273
vt 0.67857 0.73900
vn 0.4872 0.4018 -0.7754
v 0.79179 0.75200 0.13410
vt 0.71429 0.75810
vn 0.4569 0.6805 -0.5729
v 0.79990 0.73800 0.12394
vt 0.71429 0.73900
vn 0.5651 0.4225 -0.7086
v 0.79990 0.73800 0.12394
vt 0.71429 0.73900
vn 0.5651 0.4225 -0.7086
v 0.79179 0.75200 0.13410
vt 0.71429 0.75810
vn 0.4569 0.6805 -0.5729
v 0.83093 0.75200 0.16907
vt 0.75000 0.75810
vn 0.5182 0.6805 -0.5182
v 0.79990 0.73800 0.12394
vt 0.71429 0.73900
vn 0.5651 0.4225 -0.7086
v 0.83093 0.75200 0.16907
vt 0.75000 0.75810
vn 0.5182 0.6805 -0.5182
v 0.84012 0.73800 0.15988
vt 0.75000 0.73900
vn 0.6389 0.4284 -0.6389
v 0.84012 0.73800 0.15988
vt 0.75000 0.73900
vn 0.6389 0.4284 -0.6389
v 0.83093 0.75200 0.16907
vt 0.75000 0.75810
vn 0.5182 0.6805 -0.5182
v 0.86590 0.75200 0.20821
vt 0.78571 0.75810
vn 0.5729 0.6805 -0.4569
v 0.84012 0.73800 0.15988
vt 0.75000 0.73900
vn 0.6389 0.4284 -0.6389
v 0.86590 0.75200 0.20821
vt 0.78571 0.75810
vn 0.5729 0.6805 -0.4569
v 0.87606 0.73800 0.20010
vt 0.78571 0.73900
vn 0.7132 0.4098 -0.5687
v 0.87606 0.73800 0.20010
vt 0.78571 0.73900
vn 0.7132 0.4098 -0.5687
v 0.86590 0.75200 0.20821
vt 0.78571 0.75810
vn 0.5729 0.6805 -0.4569
v 0.89627 0.75200 0.25101
vt 0.82143 0.75810
vn 0.6205 0.6805 -0.3899
v 0.87606 0.73800 0.20010
vt 0.78571 0.73900
vn 0.7132 0.4098 -0.5687
v 0.89627 0.75200 0.25101
vt 0.82143 0.75810
vn 0.6205 0.6805 -0.3899
v 0.90727 0.73800 0.24409
vt 0.82143 0.73900
vn 0.7781 0.3944 -0.4889
v 0.90727 0.73800 0.24409
vt 0.82143 0.73900
vn 0.7781 0.3944 -0.4889
v 0.89627 0.75200 0.25101
vt 0.82143 0.75810
vn 0.6205 0.6805 -0.3899
v 0.92165 0.75200 0.29694
vt 0.85714 0.75810
vn 0.6602 0.6805 -0.3179
v 0.90727 0.73800 0.24409
vt 0.82143 0.73900
vn 0.7781 0.3944 -0.4889
v 0.92165 0.75200 0.29694
vt 0.85714 0.75810
vn 0.6602 0.6805 -0.3179
v 0.93337 0.73800 0.29130
vt 0.85714 0.73900
vn 0.8218 0.4098 -0.3958
v 0.93337 0.73800 0.29130
vt 0.85714 0.73900
vn 0.8218 0.4098 -0.3958
v 0.92165 0.75200 0.29694
vt 0.85714 0.75810
vn 0.6602 0.6805 -0.3179
v 0.94174 0.75200 0.34543
vt 0.89286 0.75810
vn 0.6917 0.6805 -0.2420
v 0.93337 0.73800 0.29130
vt 0.85714 0.73900
vn 0.8218 0.4098 -0.3958
v 0.94174 0.75200 0.34543
vt 0.89286 0.75810
vn 0.6917 0.6805 -0.2420
v 0.95401 0.73800 0.34114
vt 0.89286 0.73900
vn 0.8525 0.4292 -0.2983
v 0.95401 0.73800 0.34114
vt 0.89286 0.73900
vn 0.8525 0.4292 -0.2983
v 0.94174 0.75200 0.34543
vt 0.89286 0.75810
vn 0.6917 0.6805 -0.2420
v 0.95627 0.75200 0.39586
vt 0.92857 0.75810
vn 0.7144 0.6805 -0.1631
v 0.95401 0.73800 0.34114
vt 0.89286 0.73900
vn 0.8525 0.4292 -0.2983
v 0.95627 0.75200 0.39586
vt 0.92857 0.75810
vn 0.7144 0.6805 -0.1631
v 0.96894 0.73800 0.39297
vt 0.92857 0.73900
vn 0.8871 0.4148 -0.2025
v 0.96894 0.73800 0.39297
vt 0.92857 0.73900
vn 0.8871 0.4148 -0.2025
v 0.95627 0.75200 0.39586
vt 0.92857 0.75810
vn 0.7144 0.6805 -0.1631
v 0.96506 0.75200 0.44760
vt 0.96429 0.75810
vn 0.7282 0.6805 -0.0820
v 0.96894 0.73800 0.39297
vt 0.92857 0.73900
vn 0.8871 0.4148 -0.2025
v 0.96506 0.75200 0.44760
vt 0.96429 0.75810
vn 0.7282 0.6805 -0.0820
v 0.97798 0.73800 0.44615
vt 0.96429 0.73900
vn 0.9131 0.3945 -0.1029
v 0.97798 0.73800 0.44615
vt 0.96429 0.73900
vn 0.9131 0.3945 -0.1029
v 0.96506 0.75200 0.44760
vt 0.96429 0.75810
vn 0.7282 0.6805 -0.0820
v 0.96800 0.75200 0.50000
vt 1.00000 0.75810
vn 0.7328 0.6805 -0.0000
v 0.97798 0.73800 0.44615
vt 0.96429 0.73900
vn 0.9131 0.3945 -0.1029
v 0.96800 0.75200 0.50000
vt 1.00000 0.75810
vn 0.7328 0.6805 -0.0000
v 0.98100 0.73800 0.50000
vt 1.00000 0.73900
vn 0.9111 0.4122 -0.0000
v 0.50000 0.75200 0.50000
vt 0.50000 0.50000
vn 0.0000 1.0000 0.0000
v 0.96506 0.75200 0.55240
vt 0.99686 0.55598
vn 0.0000 1.0000 0.0000
v 0.96800 0.75200 0.50000
vt 1.00000 0.50000
vn 0.0000 1.0000 0.0000
v 0.50000 0.75200 0.50000
vt 0.50000 0.50000
vn 0.0000 1.0000 0.0000
v 0.95627 0.75200 0.60414
vt 0.98746 0.61126
vn 0.0000 1.0000 0.0000
v 0.96506 0.75200 0.55240
vt 0.99686 0.55598
vn 0.0000 1.0000 0.0000
v 0.50000 0.75200 0.50000
vt 0.50000 0.50000
vn 0.0000 1.0000 0.0000
v 0.94174 0.75200 0.65457
vt 0.97194 0.66514
vn 0.0000 1.0000 0.0000
v 0.95627 0.75200 0.60414
vt 0.98746 0.61126
vn 0.0000 1.0000 0.0000
v 0.50000 0.75200 0.50000
vt 0.50000 0.50000
vn 0.0000 1.0000 0.0000
v 0.92165 0.75200 0.70306
vt 0.95048 0.71694
vn 0.0000 1.0000 0.0000
v 0.94174 0.75200 0.65457
vt 0.97194 0.66514
vn 0.0000 1.0000 0.0000
v 0.50000 0.75200 0.50000
vt 0.50000 0.50000
vn 0.0000 1.0000 0.0000
v 0.89627 0.75200 0.74899
vt 0.92336 0.76602
vn 0.0000 1.0000 0.0000
v 0.92165 0.75200 0.70306
vt 0.95048 0.71694
vn 0.0000 1.0000 0.0000
v 0.50000 0.75200 0.50000
vt 0.50000 0.50000
vn 0.0000 1.0000 0.0000
v 0.86590 0.75200 0.79179
vt 0.89092 0.81174
vn 0.0000 1.0000 0.0000
v 0.89627 0.75200 0.74899
vt 0.92336 0.76602
vn 0.0000 1.0000 0.0000
v 0.50000 0.75200 0.50000
vt 0.50000 0.50000
vn 0.0000 1.0000 0.0000
v 0.83093 0.75200 0.83093
vt 0.85355 0.85355
vn 0.0000 1.0000 0.0000
v 0.86590 0.75200 0.79179
vt 0.89092 0.81174
vn 0.0000 1.0000 0.0000
v 0.50000 0.75200 0.50000
vt 0.50000 0.50000
vn 0.0000 1.0000 0.0000
v 0.79179 0.75200 0.86590
vt 0.81174 0.89092
vn 0.0000 1.0000 0.0000
v 0.83093 0.75200 0.83093
vt 0.85355 0.85355
vn 0.0000 1.0000 0.0000
v 0.50000 0.75200 0.50000
vt 0.50000 0.50000
vn 0.0000 1.0000 0.0000
v 0.74899 0.75200 0.89627
vt 0.76602 0.92336
vn 0.0000 1.0000 0.0000
v 0.79179 0.75200 0.86590
vt 0.81174 0.89092
vn 0.0000 1.0000 0.0000
v 0.50000 0.75200 0.50000
vt 0.50000 0.50000
vn 0.0000 1.0000 0.0000
v 0.70306 0.75200 0.92165
vt 0.71694 0.95048
vn 0.0000 1.0000 0.0000
v 0.74899 0.75200 0.89627
vt 0.76602 0.92336
vn 0.0000 1.0000 0.0000
v 0.50000 0.75200 0.50000
vt 0.50000 0.50000
vn 0.0000 1.0000 0.0000
v 0.65457 0.75200 0.94174
vt 0.66514 0.97194
vn 0.0000 1.0000 0.0000
v 0.70306 0.75200 0.92165
vt 0.71694 0.95048
vn 0.0000 1.0000 0.0000
v 0.50000 0.75200 0.50000
vt 0.50000 0.50000
vn 0.0000 1.0000 0.0000
v 0.60414 0.75200 0.95627
vt 0.61126 0.98746
vn 0.0000 1.0000 0.0000
v 0.65457 0.75200 0.94174
vt 0.66514 0.97194
vn 0.0000 1.0000 0.0000
v 0.50000 0.75200 0.50000
vt 0.50000 0.50000
vn 0.0000 1.0000 0.0000
v 0.55240 0.75200 0.96506
vt 0.55598 0.99686
vn 0.0000 1.0000 0.0000
v 0.60414 0.75200 0.95627
vt 0.61126 0.98746
vn 0.0000 1.0000 0.0000
v 0.50000 0.75200 0.50000
vt 0.50000 0.50000
vn 0.0000 1.0000 0.0000
v 0.50000 0.75200 0.96800
vt 0.50000 1.00000
vn 0.0000 1.0000 0.0000
v 0.55240 0.75200 0.96506
vt 0.55598 0.99686
vn 0.0000 1.0000 0.0000
v 0.50000 0.75200 0.50000
vt 0.50000 0.50000
vn 0.0000 1.0000 0.0000
v 0.44760 0.75200 0.96506
vt 0.44402 0.99686
vn 0.0000 1.0000 0.0000
v 0.50000 0.75200 0.96800
vt 0.50000 1.00000
vn 0.0000 1.0000 0.0000
v 0.50000 0.75200 0.50000
vt 0.50000 0.50000
vn 0.0000 1.0000 0.0000
v 0.39586 0.75200 0.95627
vt 0.38874 0.98746
vn 0.0000 1.0000 0.0000
v 0.44760 0.75200 0.96506
vt 0.44402 0.99686
vn 0.0000 1.0000 0.0000
v 0.50000 0.75200 0.50000
vt 0.50000 0.50000
vn 0.0000 1.0000 0.0000
v 0.34543 0.75200 0.94174
vt 0.33486 0.97194
vn 0.0000 1.0000 0.0000
v 0.39586 0.75200 0.95627
vt 0.38874 0.98746
vn 0.0000 1.0000 0.0000
v 0.50000 0.75200 0.50000
vt 0.50000 0.50000
vn 0.0000 1.0000 0.0000
v 0.29694 0.75200 0.92165
vt 0.28306 0.95048
vn 0.0000 1.0000 0.0000
v 0.34543 0.75200 0.94174
vt 0.33486 0.97194
vn 0.0000 1.0000 0.0000
v 0.50000 0.75200 0.50000
vt 0.50000 0.50000
vn 0.0000 1.0000 0.0000
v 0.25101 0.75200 0.89627
vt 0.23398 0.92336
vn 0.0000 1.0000 0.0000
v 0.29694 0.75200 0.92165
vt 0.28306 0.95048
vn 0.0000 1.0000 0.0000
v 0.50000 0.75200 0.50000
vt 0.50000 0.50000
vn 0.0000 1.0000 0.0000
v 0.20821 0.75200 0.86590
vt 0.18826 0.89092
vn 0.0000 1.0000 0.0000
v 0.25101 0.75200 0.89627
vt 0.23398 0.92336
vn 0.0000 1.0000 0.0000
v 0.50000 0.75200 0.50000
vt 0.50000 0.50000
vn 0.0000 1.0000 0.0000
v 0.16907 0.75200 0.83093
vt 0.14645 0.85355
vn 0.0000 1.0000 0.0000
v 0.20821 0.75200 0.86590
vt 0.18826 0.89092
vn 0.0000 1.0000 0.0000
v 0.50000 0.75200 0.50000
vt 0.50000 0.50000
vn 0.0000 1.0000 0.0000
v 0.13410 0.75200 0.79179
vt 0.10908 0.81174
vn 0.0000 1.0000 0.0000
v 0.16907 0.75200 0.83093
vt 0.14645 0.85355
vn 0.0000 1.0000 0.0000
v 0.50000 0.75200 0.50000
vt 0.50000 0.50000
vn 0.0000 1.0000 0.0000
v 0.10373 0.75200 0.74899
vt 0.07664 0.76602
vn 0.0000 1.0000 0.0000
v 0.13410 0.75200 0.79179
vt 0.10908 0.81174
vn 0.0000 1.0000 0.0000
v 0.50000 0.75200 0.50000
vt 0.50000 0.50000
vn 0.0000 1.0000 0.0000
v 0.07835 0.75200 0.70306
vt 0.04952 0.71694
vn 0.0000 1.0000 0.0000
v 0.10373 0.75200 0.74899
vt 0.07664 0.76602
vn 0.0000 1.0000 0.0000
v 0.50000 0.75200 0.50000
vt 0.50000 0.50000
vn 0.0000 1.0000 0.0000
v 0.05826 0.75200 0.65457
vt 0.02806 0.66514
vn 0.0000 1.0000 0.0000
v 0.07835 0.75200 0.70306
vt 0.04952 0.71694
vn 0.0000 1.0000 0.0000
v 0.50000 0.75200 0.50000
vt 0.50000 0.50000
vn 0.0000 1.0000 0.0000
v 0.04373 0.75200 0.60414
vt 0.01254 0.61126
vn 0.0000 1.0000 0.0000
v 0.05826 0.75200 0.65457
vt 0.02806 0.66514
vn 0.0000 1.0000 0.0000
v 0.50000 0.75200 0.50000
vt 0.50000 0.50000
vn 0.0000 1.0000 0.0000
v 0.03494 0.75200 0.55240
vt 0.00314 0.55598
vn 0.0000 1.0000 0.0000
v 0.04373 0.75200 0.60414
vt 0.01254 0.61126
vn 0.0000 1.0000 0.0000
v 0.50000 0.75200 0.50000
vt 0.50000 0.50000
vn 0.0000 1.0000 0.0000
v 0.03200 0.75200 0.50000
vt 0.00000 0.50000
vn 0.0000 1.0000 0.0000
v 0.03494 0.75200 0.55240
vt 0.00314 0.55598
vn 0.0000 1.0000 0.0000
v 0.50000 0.75200 0.50000
vt 0.50000 0.50000
vn 0.0000 1.0000 0.0000
v 0.03494 0.75200 0.44760
vt 0.00314 0.44402
vn 0.0000 1.0000 0.0000
v 0.03200 0.75200 0.50000
vt 0.00000 0.50000
vn 0.0000 1.0000 0.0000
v 0.50000 0.75200 0.50000
vt 0.50000 0.50000
vn 0.0000 1.0000 0.0000
v 0.04373 0.75200 0.39586
vt 0.01254 0.38874
vn 0.0000 1.0000 0.0000
v 0.03494 0.75200 0.44760
vt 0.00314 0.44402
vn 0.0000 1.0000 0.0000
v 0.50000 0.75200 0.50000
vt 0.50000 0.50000
vn 0.0000 1.0000 0.0000
v 0.05826 0.75200 0.34543
vt 0.02806 0.33486
vn 0.0000 1.0000 0.0000
v 0.04373 0.75200 0.39586
vt 0.01254 0.38874
vn 0.0000 1.0000 0.0000
v 0.50000 0.75200 0.50000
vt 0.50000 0.50000
vn 0.0000 1.0000 0.0000
v 0.07835 0.75200 0.29694
vt 0.04952 0.28306
vn 0.0000 1.0000 0.0000
v 0.05826 0.75200 0.34543
vt 0.02806 0.33486
vn 0.0000 1.0000 0.0000
v 0.50000 0.75200 0.50000
vt 0.50000 0.50000
vn 0.0000 1.0000 0.0000
v 0.10373 0.75200 0.25101
vt 0.07664 0.23398
vn 0.0000 1.0000 0.0000
v 0.07835 0.75200 0.29694
vt 0.04952 0.28306
vn 0.0000 1.0000 0.0000
v 0.50000 0.75200 0.50000
vt 0.50000 0.50000
vn 0.0000 1.0000 0.0000
v 0.13410 0.75200 0.20821
vt 0.10908 0.18826
vn 0.0000 1.0000 0.0000
v 0.10373 0.75200 0.25101
vt 0.07664 0.23398
vn 0.0000 1.0000 0.0000
v 0.50000 0.75200 0.50000
vt 0.50000 0.50000
vn 0.0000 1.0000 0.0000
v 0.16907 0.75200 0.16907
vt 0.14645 0.14645
vn 0.0000 1.0000 0.0000
v 0.13410 0.75200 0.20821
vt 0.10908 0.18826
vn 0.0000 1.0000 0.0000
v 0.50000 0.75200 0.50000
vt 0.50000 0.50000
vn 0.0000 1.0000 0.0000
v 0.20821 0.75200 0.13410
vt 0.18826 0.10908
vn 0.0000 1.0000 0.0000
v 0.16907 0.75200 0.16907
vt 0.14645 0.14645
vn 0.0000 1.0000 0.0000
v 0.50000 0.75200 0.50000
vt 0.50000 0.50000
vn 0.0000 1.0000 0.0000
v 0.25101 0.75200 0.10373
vt 0.23398 0.07664
vn 0.0000 1.0000 0.0000
v 0.20821 0.75200 0.13410
vt 0.18826 0.10908
vn 0.0000 1.0000 0.0000
v 0.50000 0.75200 0.50000
vt 0.50000 0.50000
vn 0.0000 1.0000 0.0000
v 0.29694 0.75200 0.07835
vt 0.28306 0.04952
vn 0.0000 1.0000 0.0000
v 0.25101 0.75200 0.10373
vt 0.23398 0.07664
vn 0.0000 1.0000 0.0000
v 0.50000 0.75200 0.50000
vt 0.50000 0.50000
vn 0.0000 1.0000 0.0000
v 0.34543 0.75200 0.05826
vt 0.33486 0.02806
vn 0.0000 1.0000 0.0000
v 0.29694 0.75200 0.07835
vt 0.28306 0.04952
vn 0.0000 1.0000 0.0000
v 0.50000 0.75200 0.50000
vt 0.50000 0.50000
vn 0.0000 1.0000 0.0000
v 0.39586 0.75200 0.04373
vt 0.38874 0.01254
vn 0.0000 1.0000 0.0000
v 0.34543 0.75200 0.05826
vt 0.33486 0.02806
vn 0.0000 1.0000 0.0000
v 0.50000 0.75200 0.50000
vt 0.50000 0.50000
vn 0.0000 1.0000 0.0000
v 0.44760 0.75200 0.03494
vt 0.44402 0.00314
vn 0.0000 1.0000 0.0000
v 0.39586 0.75200 0.04373
vt 0.38874 0.01254
vn 0.0000 1.0000 0.0000
v 0.50000 0.75200 0.50000
vt 0.50000 0.50000
vn 0.0000 1.0000 0.0000
v 0.50000 0.75200 0.03200
vt 0.50000 0.00000
vn 0.0000 1.0000 0.0000
v 0.44760 0.75200 0.03494
vt 0.44402 0.00314
vn 0.0000 1.0000 0.0000
v 0.50000 0.75200 0.50000
vt 0.50000 0.50000
vn 0.0000 1.0000 0.0000
v 0.55240 0.75200 0.03494
vt 0.55598 0.00314
vn 0.0000 1.0000 0.0000
v 0.50000 0.75200 0.03200
vt 0.50000 0.00000
vn 0.0000 1.0000 0.0000
v 0.50000 0.75200 0.50000
vt 0.50000 0.50000
vn 0.0000 1.0000 0.0000
v 0.60414 0.75200 0.04373
vt 0.61126 0.01254
vn 0.0000 1.0000 0.0000
v 0.55240 0.75200 0.03494
vt 0.55598 0.00314
vn 0.0000 1.0000 0.0000
v 0.50000 0.75200 0.50000
vt 0.50000 0.50000
vn 0.0000 1.0000 0.0000
v 0.65457 0.75200 0.05826
vt 0.66514 0.02806
vn 0.0000 1.0000 0.0000
v 0.60414 0.75200 0.04373
vt 0.61126 0.01254
vn 0.0000 1.0000 0.0000
v 0.50000 0.75200 0.50000
vt 0.50000 0.50000
vn 0.0000 1.0000 0.0000
v 0.70306 0.75200 0.07835
vt 0.71694 0.04952
vn 0.0000 1.0000 0.0000
v 0.65457 0.75200 0.05826
vt 0.66514 0.02806
vn 0.0000 1.0000 0.0000
v 0.50000 0.75200 0.50000
vt 0.50000 0.50000
vn 0.0000 1.0000 0.0000
v 0.74899 0.75200 0.10373
vt 0.76602 0.07664
vn 0.0000 1.0000 0.0000
v 0.70306 0.75200 0.07835
vt 0.71694 0.04952
vn 0.0000 1.0000 0.0000
v 0.50000 0.75200 0.50000
vt 0.50000 0.50000
vn 0.0000 1.0000 0.0000
v 0.79179 0.75200 0.13410
vt 0.81174 0.10908
vn 0.0000 1.0000 0.0000
v 0.74899 0.75200 0.10373
vt 0.76602 0.07664
vn 0.0000 1.0000 0.0000
v 0.50000 0.75200 0.50000
vt 0.50000 0.50000
vn 0.0000 1.0000 0.0000
v 0.83093 0.75200 0.16907
vt 0.85355 0.14645
vn 0.0000 1.0000 0.0000
v 0.79179 0.75200 0.13410
vt 0.81174 0.10908
vn 0.0000 1.0000 0.0000
v 0.50000 0.75200 0.50000
vt 0.50000 0.50000
vn 0.0000 1.0000 0.0000
v 0.86590 0.75200 0.20821
vt 0.89092 0.18826
vn 0.0000 1.0000 0.0000
v 0.83093 0.75200 0.16907
vt 0.85355 0.14645
vn 0.0000 1.0000 0.0000
v 0.50000 0.75200 0.50000
vt 0.50000 0.50000
vn 0.0000 1.0000 0.0000
v 0.89627 0.75200 0.25101
vt 0.92336 0.23398
vn 0.0000 1.0000 0.0000
v 0.86590 0.75200 0.20821
vt 0.89092 0.18826
vn 0.0000 1.0000 0.0000
v 0.50000 0.75200 0.50000
vt 0.50000 0.50000
vn 0.0000 1.0000 0.0000
v 0.92165 0.75200 0.29694
vt 0.95048 0.28306
vn 0.0000 1.0000 0.0000
v 0.89627 0.75200 0.25101
vt 0.92336 0.23398
vn 0.0000 1.0000 0.0000
v 0.50000 0.75200 0.50000
vt 0.50000 0.50000
vn 0.0000 1.0000 0.0000
v 0.94174 0.75200 0.34543
vt 0.97194 0.33486
vn 0.0000 1.0000 0.0000
v 0.92165 0.75200 0.29694
vt 0.95048 0.28306
vn 0.0000 1.0000 0.0000
v 0.50000 0.75200 0.50000
vt 0.50000 0.50000
vn 0.0000 1.0000 0.0000
v 0.95627 0.75200 0.39586
vt 0.98746 0.38874
vn 0.0000 1.0000 0.0000
v 0.94174 0.75200 0.34543
vt 0.97194 0.33486
vn 0.0000 1.0000 0.0000
v 0.50000 0.75200 0.50000
vt 0.50000 0.50000
vn 0.0000 1.0000 0.0000
v 0.96506 0.75200 0.44760
vt 0.99686 0.44402
vn 0.0000 1.0000 0.0000
v 0.95627 0.75200 0.39586
vt 0.98746 0.38874
vn 0.0000 1.0000 0.0000
v 0.50000 0.75200 0.50000
vt 0.50000 0.50000
vn 0.0000 1.0000 0.0000
v 0.96800 0.75200 0.50000
vt 1.00000 0.50000
vn 0.0000 1.0000 0.0000
v 0.96506 0.75200 0.44760
vt 0.99686 0.44402
vn 0.0000 1.0000 0.0000
usemtl cloth
f 1/1/1 2/2/2 3/3/3
f 4/4/4 5/5/5 6/6/6
f 7/7/7 8/8/8 9/9/9
f 10/10/10 11/11/11 12/12/12
f 13/13/13 14/14/14 15/15/15
f 16/16/16 17/17/17 18/18/18
f 19/19/19 20/20/20 21/21/21
f 22/22/22 23/23/23 24/24/24
f 25/25/25 26/26/26 27/27/27
f 28/28/28 29/29/29 30/30/30
f 31/31/31 32/32/32 33/33/33
f 34/34/34 35/35/35 36/36/36
f 37/37/37 38/38/38 39/39/39
f 40/40/40 41/41/41 42/42/42
f 43/43/43 44/44/44 45/45/45
f 46/46/46 47/47/47 48/48/48
f 49/49/49 50/50/50 51/51/51
f 52/52/52 53/53/53 54/54/54
f 55/55/55 56/56/56 57/57/57
f 58/58/58 59/59/59 60/60/60
f 61/61/61 62/62/62 63/63/63
f 64/64/64 65/65/65 66/66/66
f 67/67/67 68/68/68 69/69/69
f 70/70/70 71/71/71 72/72/72
f 73/73/73 74/74/74 75/75/75
f 76/76/76 77/77/77 78/78/78
f 79/79/79 80/80/80 81/81/81
f 82/82/82 83/83/83 84/84/84
f 85/85/85 86/86/86 87/87/87
f 88/88/88 89/89/89 90/90/90
f 91/91/91 92/92/92 93/93/93
f 94/94/94 95/95/95 96/96/96
f 97/97/97 98/98/98 99/99/99
f 100/100/100 101/101/101 102/102/102
f 103/103/103 104/104/104 105/105/105
f 106/106/106 107/107/107 108/108/108
f 109/109/109 110/110/110 111/111/111
f 112/112/112 113/113/113 114/114/114
f 115/115/115 116/116/116 117/117/117
f 118/118/118 119/119/119 120/120/120
f 121/121/121 122/122/122 123/123/123
f 124/124/124 125/125/125 126/126/126
f 127/127/127 128/128/128 129/129/129
f 130/130/130 131/131/131 132/132/132
f 133/133/133 134/134/134 135/135/135
f 136/136/136 137/137/137 138/138/138
f 139/139/139 140/140/140 141/141/141
f 142/142/142 143/143/143 144/144/144
f 145/145/145 146/146/146 147/147/147
f 148/148/148 149/149/149 150/150/150
f 151/151/151 152/152/152 153/153/153
f 154/154/154 155/155/155 156/156/156
f 157/157/157 158/158/158 159/159/159
f 160/160/160 161/161/161 162/162/162
f 163/163/163 164/164/164 165/165/165
f 166/166/166 167/167/167 168/168/168
f 169/169/169 170/170/170 171/171/171
f 172/172/172 173/173/173 174/174/174
f 175/175/175 176/176/176 177/177/177
f 178/178/178 179/179/179 180/180/180
f 181/181/181 182/182/182 183/183/183
f 184/184/184 185/185/185 186/186/186
f 187/187/187 188/188/188 189/189/189
f 190/190/190 191/191/191 192/192/192
f 193/193/193 194/194/194 195/195/195
f 196/196/196 197/197/197 198/198/198
f 199/199/199 200/200/200 201/201/201
f 202/202/202 203/203/203 204/204/204
f 205/205/205 206/206/206 207/207/207
f 208/208/208 209/209/209 210/210/210
f 211/211/211 212/212/212 213/213/213
f 214/214/214 215/215/215 216/216/216
f 217/217/217 218/218/218 219/219/219
f 220/220/220 221/221/221 222/222/222
f 223/223/223 224/224/224 225/225/225
f 226/226/226 227/227/227 228/228/228
f 229/229/229 230/230/230 231/231/231
f 232/232/232 233/233/233 234/234/234
f 235/235/235 236/236/236 237/237/237
f 238/238/238 239/239/239 240/240/240
f 241/241/241 242/242/242 243/243/243
f 244/244/244 245/245/245 246/246/246
f 247/247/247 248/248/248 249/249/249
f 250/250/250 251/251/251 252/252/252
f 253/253/253 254/254/254 255/255/255
f 256/256/256 257/257/257 258/258/258
f 259/259/259 260/260/260 261/261/261
f 262/262/262 263/263/263 264/264/264
f 265/265/265 266/266/266 267/267/267
f 268/268/268 269/269/269 270/270/270
f 271/271/271 272/272/272 273/273/273
f 274/274/274 275/275/275 276/276/276
f 277/277/277 278/278/278 279/279/279
f 280/280/280 281/281/281 282/282/282
f 283/283/283 284/284/284 285/285/285
f 286/286/286 287/287/287 288/288/288
f 289/289/289 290/290/290 291/291/291
f 292/292/292 293/293/293 294/294/294
f 295/295/295 296/296/296 297/297/297
f 298/298/298 299/299/299 300/300/300
f 301/301/301 302/302/302 303/303/303
f 304/304/304 305/305/305 306/306/306
f 307/307/307 308/308/308 309/309/309
f 310/310/310 311/311/311 312/312/312
f 313/313/313 314/314/314 315/315/315
f 316/316/316 317/317/317 318/318/318
f 319/319/319 320/320/320 321/321/321
f 322/322/322 323/323/323 324/324/324
f 325/325/325 326/326/326 327/327/327
f 328/328/328 329/329/329 330/330/330
f 331/331/331 332/332/332 333/333/333
f 334/334/334 335/335/335 336/336/336
f 337/337/337 338/338/338 339/339/339
f 340/340/340 341/341/341 342/342/342
f 343/343/343 344/344/344 345/345/345
f 346/346/346 347/347/347 348/348/348
f 349/349/349 350/350/350 351/351/351
f 352/352/352 353/353/353 354/354/354
f 355/355/355 356/356/356 357/357/357
f 358/358/358 359/359/359 360/360/360
f 361/361/361 362/362/362 363/363/363
f 364/364/364 365/365/365 366/366/366
f 367/367/367 368/368/368 369/369/369
f 370/370/370 371/371/371 372/372/372
f 373/373/373 374/374/374 375/375/375
f 376/376/376 377/377/377 378/378/378
f 379/379/379 380/380/380 381/381/381
f 382/382/382 383/383/383 384/384/384
f 385/385/385 386/386/386 387/387/387
f 388/388/388 389/389/389 390/390/390
f 391/391/391 392/392/392 393/393/393
f 394/394/394 395/395/395 396/396/396
f 397/397/397 398/398/398 399/399/399
f 400/400/400 401/401/401 402/402/402
f 403/403/403 404/404/404 405/405/405
f 406/406/406 407/407/407 408/408/408
f 409/409/409 410/410/410 411/411/411
f 412/412/412 413/413/413 414/414/414
f 415/415/415 416/416/416 417/417/417
f 418/418/418 419/419/419 420/420/420
f 421/421/421 422/422/422 423/423/423
f 424/424/424 425/425/425 426/426/426
f 427/427/427 428/428/428 429/429/429
f 430/430/430 431/431/431 432/432/432
f 433/433/433 434/434/434 435/435/435
f 436/436/436 437/437/437 438/438/438
f 439/439/439 440/440/440 441/441/441
f 442/442/442 443/443/443 444/444/444
f 445/445/445 446/446/446 447/447/447
f 448/448/448 449/449/449 450/450/450
f 451/451/451 452/452/452 453/453/453
f 454/454/454 455/455/455 456/456/456
f 457/457/457 458/458/458 459/459/459
f 460/460/460 461/461/461 462/462/462
f 463/463/463 464/464/464 465/465/465
f 466/466/466 467/467/467 468/468/468
f 469/469/469 470/470/470 471/471/471
f 472/472/472 473/473/473 474/474/474
f 475/475/475 476/476/476 477/477/477
f 478/478/478 479/479/479 480/480/480
f 481/481/481 482/482/482 483/483/483
f 484/484/484 485/485/485 486/486/486
f 487/487/487 488/488/488 489/489/489
f 490/490/490 491/491/491 492/492/492
f 493/493/493 494/494/494 495/495/495
f 496/496/496 497/497/497 498/498/498
f 499/499/499 500/500/500 501/501/501
f 502/502/502 503/503/503 504/504/504
f 505/505/505 506/506/506 507/507/507
f 508/508/508 509/509/509 510/510/510
f 511/511/511 512/512/512 513/513/513
f 514/514/514 515/515/515 516/516/516
f 517/517/517 518/518/518 519/519/519
f 520/520/520 521/521/521 522/522/522
f 523/523/523 524/524/524 525/525/525
f 526/526/526 527/527/527 528/528/528
f 529/529/529 530/530/530 531/531/531
f 532/532/532 533/533/533 534/534/534
f 535/535/535 536/536/536 537/537/537
f 538/538/538 539/539/539 540/540/540
f 541/541/541 542/542/542 543/543/543
f 544/544/544 545/545/545 546/546/546
f 547/547/547 548/548/548 549/549/549
f 550/550/550 551/551/551 552/552/552
f 553/553/553 554/554/554 555/555/555
f 556/556/556 557/557/557 558/558/558
f 559/559/559 560/560/560 561/561/561
f 562/562/562 563/563/563 564/564/564
f 565/565/565 566/566/566 567/567/567
f 568/568/568 569/569/569 570/570/570
f 571/571/571 572/572/572 573/573/573
f 574/574/574 575/575/575 576/576/576
f 577/577/577 578/578/578 579/579/579
f 580/580/580 581/581/581 582/582/582
f 583/583/583 584/584/584 585/585/585
f 586/586/586 587/587/587 588/588/588
f 589/589/589 590/590/590 591/591/591
f 592/592/592 593/593/593 594/594/594
f 595/595/595 596/596/596 597/597/597
f 598/598/598 599/599/599 600/600/600
f 601/601/601 602/602/602 603/603/603
f 604/604/604 605/605/605 606/606/606
f 607/607/607 608/608/608 609/609/609
f 610/610/610 611/611/611 612/612/612
f 613/613/613 614/614/614 615/615/615
f 616/616/616 617/617/617 618/618/618
f 619/619/619 620/620/620 621/621/621
f 622/622/622 623/623/623 624/624/624
f 625/625/625 626/626/626 627/627/627
f 628/628/628 629/629/629 630/630/630
f 631/631/631 632/632/632 633/633/633
f 634/634/634 635/635/635 636/636/636
f 637/637/637 638/638/638 639/639/639
f 640/640/640 641/641/641 642/642/642
f 643/643/643 644/644/644 645/645/645
f 646/646/646 647/647/647 648/648/648
f 649/649/649 650/650/650 651/651/651
f 652/652/652 653/653/653 654/654/654
f 655/655/655 656/656/656 657/657/657
f 658/658/658 659/659/659 660/660/660
f 661/661/661 662/662/662 663/663/663
f 664/664/664 665/665/665 666/666/666
f 667/667/667 668/668/668 669/669/669
f 670/670/670 671/671/671 672/672/672
f 673/673/673 674/674/674 675/675/675
f 676/676/676 677/677/677 678/678/678
f 679/679/679 680/680/680 681/681/681
f 682/682/682 683/683/683 684/684/684
f 685/685/685 686/686/686 687/687/687
f 688/688/688 689/689/689 690/690/690
f 691/691/691 692/692/692 693/693/693
f 694/694/694 695/695/695 696/696/696
f 697/697/697 698/698/698 699/699/699
f 700/700/700 701/701/701 702/702/702
f 703/703/703 704/704/704 705/705/705
f 706/706/706 707/707/707 708/708/708
f 709/709/709 710/710/710 711/711/711
f 712/712/712 713/713/713 714/714/714
f 715/715/715 716/716/716 717/717/717
f 718/718/718 719/719/719 720/720/720
f 721/721/721 722/722/722 723/723/723
f 724/724/724 725/725/725 726/726/726
f 727/727/727 728/728/728 729/729/729
f 730/730/730 731/731/731 732/732/732
f 733/733/733 734/734/734 735/735/735
f 736/736/736 737/737/737 738/738/738
f 739/739/739 740/740/740 741/741/741
f 742/742/742 743/743/743 744/744/744
f 745/745/745 746/746/746 747/747/747
f 748/748/748 749/749/749 750/750/750
f 751/751/751 752/752/752 753/753/753
f 754/754/754 755/755/755 756/756/756
f 757/757/757 758/758/758 759/759/759
f 760/760/760 761/761/761 762/762/762
f 763/763/763 764/764/764 765/765/765
f 766/766/766 767/767/767 768/768/768
f 769/769/769 770/770/770 771/771/771
f 772/772/772 773/773/773 774/774/774
f 775/775/775 776/776/776 777/777/777
f 778/778/778 779/779/779 780/780/780
f 781/781/781 782/782/782 783/783/783
f 784/784/784 785/785/785 786/786/786
f 787/787/787 788/788/788 789/789/789
f 790/790/790 791/791/791 792/792/792
f 793/793/793 794/794/794 795/795/795
f 796/796/796 797/797/797 798/798/798
f 799/799/799 800/800/800 801/801/801
f 802/802/802 803/803/803 804/804/804
f 805/805/805 806/806/806 807/807/807
f 808/808/808 809/809/809 810/810/810
f 811/811/811 812/812/812 813/813/813
f 814/814/814 815/815/815 816/816/816
f 817/817/817 818/818/818 819/819/819
f 820/820/820 821/821/821 822/822/822
f 823/823/823 824/824/824 825/825/825
f 826/826/826 827/827/827 828/828/828
f 829/829/829 830/830/830 831/831/831
f 832/832/832 833/833/833 834/834/834
f 835/835/835 836/836/836 837/837/837
f 838/838/838 839/839/839 840/840/840
f 841/841/841 842/842/842 843/843/843
f 844/844/844 845/845/845 846/846/846
f 847/847/847 848/848/848 849/849/849
f 850/850/850 851/851/851 852/852/852
f 853/853/853 854/854/854 855/855/855
f 856/856/856 857/857/857 858/858/858
f 859/859/859 860/860/860 861/861/861
f 862/862/862 863/863/863 864/864/864
f 865/865/865 866/866/866 867/867/867
f 868/868/868 869/869/869 870/870/870
f 871/871/871 872/872/872 873/873/873
f 874/874/874 875/875/875 876/876/876
f 877/877/877 878/878/878 879/879/879
f 880/880/880 881/881/881 882/882/882
f 883/883/883 884/884/884 885/885/885
f 886/886/886 887/887/887 888/888/888
f 889/889/889 890/890/890 891/891/891
f 892/892/892 893/893/893 894/894/894
f 895/895/895 896/896/896 897/897/897
f 898/898/898 899/899/899 900/900/900
f 901/901/901 902/902/902 903/903/903
f 904/904/904 905/905/905 906/906/906
f 907/907/907 908/908/908 909/909/909
f 910/910/910 911/911/911 912/912/912
f 913/913/913 914/914/914 915/915/915
f 916/916/916 917/917/917 918/918/918
f 919/919/919 920/920/920 921/921/921
f 922/922/922 923/923/923 924/924/924
f 925/925/925 926/926/926 927/927/927
f 928/928/928 929/929/929 930/930/930
f 931/931/931 932/932/932 933/933/933
f 934/934/934 935/935/935 936/936/936
f 937/937/937 938/938/938 939/939/939
f 940/940/940 941/941/941 942/942/942
f 943/943/943 944/944/944 945/945/945
f 946/946/946 947/947/947 948/948/948
f 949/949/949 950/950/950 951/951/951
f 952/952/952 953/953/953 954/954/954
f 955/955/955 956/956/956 957/957/957
f 958/958/958 959/959/959 960/960/960
f 961/961/961 962/962/962 963/963/963
f 964/964/964 965/965/965 966/966/966
f 967/967/967 968/968/968 969/969/969
f 970/970/970 971/971/971 972/972/972
f 973/973/973 974/974/974 975/975/975
f 976/976/976 977/977/977 978/978/978
f 979/979/979 980/980/980 981/981/981
f 982/982/982 983/983/983 984/984/984
f 985/985/985 986/986/986 987/987/987
f 988/988/988 989/989/989 990/990/990
f 991/991/991 992/992/992 993/993/993
f 994/994/994 995/995/995 996/996/996
f 997/997/997 998/998/998 999/999/999
f 1000/1000/1000 1001/1001/1001 1002/1002/1002
f 1003/1003/1003 1004/1004/1004 1005/1005/1005
f 1006/1006/1006 1007/1007/1007 1008/1008/1008
f 1009/1009/1009 1010/1010/1010 1011/1011/1011
f 1012/1012/1012 1013/1013/1013 1014/1014/1014
f 1015/1015/1015 1016/1016/1016 1017/1017/1017
f 1018/1018/1018 1019/1019/1019 1020/1020/1020
f 1021/1021/1021 1022/1022/1022 1023/1023/1023
f 1024/1024/1024 1025/1025/1025 1026/1026/1026
f 1027/1027/1027 1028/1028/1028 1029/1029/1029
f 1030/1030/1030 1031/1031/1031 1032/1032/1032
f 1033/1033/1033 1034/1034/1034 1035/1035/1035
f 1036/1036/1036 1037/1037/1037 1038/1038/1038
f 1039/1039/1039 1040/1040/1040 1041/1041/1041
f 1042/1042/1042 1043/1043/1043 1044/1044/1044
f 1045/1045/1045 1046/1046/1046 1047/1047/1047
f 1048/1048/1048 1049/1049/1049 1050/1050/1050
f 1051/1051/1051 1052/1052/1052 1053/1053/1053
f 1054/1054/1054 1055/1055/1055 1056/1056/1056
f 1057/1057/1057 1058/1058/1058 1059/1059/1059
f 1060/1060/1060 1061/1061/1061 1062/1062/1062
f 1063/1063/1063 1064/1064/1064 1065/1065/1065
f 1066/1066/1066 1067/1067/1067 1068/1068/1068
f 1069/1069/1069 1070/1070/1070 1071/1071/1071
f 1072/1072/1072 1073/1073/1073 1074/1074/1074
f 1075/1075/1075 1076/1076/1076 1077/1077/1077
f 1078/1078/1078 1079/1079/1079 1080/1080/1080
f 1081/1081/1081 1082/1082/1082 1083/1083/1083
f 1084/1084/1084 1085/1085/1085 1086/1086/1086
f 1087/1087/1087 1088/1088/1088 1089/1089/1089
f 1090/1090/1090 1091/1091/1091 1092/1092/1092
f 1093/1093/1093 1094/1094/1094 1095/1095/1095
f 1096/1096/1096 1097/1097/1097 1098/1098/1098
f 1099/1099/1099 1100/1100/1100 1101/1101/1101
f 1102/1102/1102 1103/1103/1103 1104/1104/1104
f 1105/1105/1105 1106/1106/1106 1107/1107/1107
f 1108/1108/1108 1109/1109/1109 1110/1110/1110
f 1111/1111/1111 1112/1112/1112 1113/1113/1113
f 1114/1114/1114 1115/1115/1115 1116/1116/1116
f 1117/1117/1117 1118/1118/1118 1119/1119/1119
f 1120/1120/1120 1121/1121/1121 1122/1122/1122
f 1123/1123/1123 1124/1124/1124 1125/1125/1125
f 1126/1126/1126 1127/1127/1127 1128/1128/1128
f 1129/1129/1129 1130/1130/1130 1131/1131/1131
f 1132/1132/1132 1133/1133/1133 1134/1134/1134
f 1135/1135/1135 1136/1136/1136 1137/1137/1137
f 1138/1138/1138 1139/1139/1139 1140/1140/1140
f 1141/1141/1141 1142/1142/1142 1143/1143/1143
f 1144/1144/1144 1145/1145/1145 1146/1146/1146
f 1147/1147/1147 1148/1148/1148 1149/1149/1149
f 1150/1150/1150 1151/1151/1151 1152/1152/1152
f 1153/1153/1153 1154/1154/1154 1155/1155/1155
f 1156/1156/1156 1157/1157/1157 1158/1158/1158
f 1159/1159/1159 1160/1160/1160 1161/1161/1161
f 1162/1162/1162 1163/1163/1163 1164/1164/1164
f 1165/1165/1165 1166/1166/1166 1167/1167/1167
f 1168/1168/1168 1169/1169/1169 1170/1170/1170
f 1171/1171/1171 1172/1172/1172 1173/1173/1173
f 1174/1174/1174 1175/1175/1175 1176/1176/1176
f 1177/1177/1177 1178/1178/1178 1179/1179/1179
f 1180/1180/1180 1181/1181/1181 1182/1182/1182
f 1183/1183/1183 1184/1184/1184 1185/1185/1185
f 1186/1186/1186 1187/1187/1187 1188/1188/1188
f 1189/1189/1189 1190/1190/1190 1191/1191/1191
f 1192/1192/1192 1193/1193/1193 1194/1194/1194
f 1195/1195/1195 1196/1196/1196 1197/1197/1197
f 1198/1198/1198 1199/1199/1199 1200/1200/1200
f 1201/1201/1201 1202/1202/1202 1203/1203/1203
f 1204/1204/1204 1205/1205/1205 1206/1206/1206
f 1207/1207/1207 1208/1208/1208 1209/1209/1209
f 1210/1210/1210 1211/1211/1211 1212/1212/1212
f 1213/1213/1213 1214/1214/1214 1215/1215/1215
f 1216/1216/1216 1217/1217/1217 1218/1218/1218
f 1219/1219/1219 1220/1220/1220 1221/1221/1221
f 1222/1222/1222 1223/1223/1223 1224/1224/1224
f 1225/1225/1225 1226/1226/1226 1227/1227/1227
f 1228/1228/1228 1229/1229/1229 1230/1230/1230
f 1231/1231/1231 1232/1232/1232 1233/1233/1233
f 1234/1234/1234 1235/1235/1235 1236/1236/1236
f 1237/1237/1237 1238/1238/1238 1239/1239/1239
f 1240/1240/1240 1241/1241/1241 1242/1242/1242
f 1243/1243/1243 1244/1244/1244 1245/1245/1245
f 1246/1246/1246 1247/1247/1247 1248/1248/1248
f 1249/1249/1249 1250/1250/1250 1251/1251/1251
f 1252/1252/1252 1253/1253/1253 1254/1254/1254
f 1255/1255/1255 1256/1256/1256 1257/1257/1257
f 1258/1258/1258 1259/1259/1259 1260/1260/1260
f 1261/1261/1261 1262/1262/1262 1263/1263/1263
f 1264/1264/1264 1265/1265/1265 1266/1266/1266
f 1267/1267/1267 1268/1268/1268 1269/1269/1269
f 1270/1270/1270 1271/1271/1271 1272/1272/1272
f 1273/1273/1273 1274/1274/1274 1275/1275/1275
f 1276/1276/1276 1277/1277/1277 1278/1278/1278
f 1279/1279/1279 1280/1280/1280 1281/1281/1281
f 1282/1282/1282 1283/1283/1283 1284/1284/1284
f 1285/1285/1285 1286/1286/1286 1287/1287/1287
f 1288/1288/1288 1289/1289/1289 1290/1290/1290
f 1291/1291/1291 1292/1292/1292 1293/1293/1293
f 1294/1294/1294 1295/1295/1295 1296/1296/1296
f 1297/1297/1297 1298/1298/1298 1299/1299/1299
f 1300/1300/1300 1301/1301/1301 1302/1302/1302
f 1303/1303/1303 1304/1304/1304 1305/1305/1305
f 1306/1306/1306 1307/1307/1307 1308/1308/1308
f 1309/1309/1309 1310/1310/1310 1311/1311/1311
f 1312/1312/1312 1313/1313/1313 1314/1314/1314
f 1315/1315/1315 1316/1316/1316 1317/1317/1317
f 1318/1318/1318 1319/1319/1319 1320/1320/1320
f 1321/1321/1321 1322/1322/1322 1323/1323/1323
f 1324/1324/1324 1325/1325/1325 1326/1326/1326
f 1327/1327/1327 1328/1328/1328 1329/1329/1329
f 1330/1330/1330 1331/1331/1331 1332/1332/1332
f 1333/1333/1333 1334/1334/1334 1335/1335/1335
f 1336/1336/1336 1337/1337/1337 1338/1338/1338
f 1339/1339/1339 1340/1340/1340 1341/1341/1341
f 1342/1342/1342 1343/1343/1343 1344/1344/1344
f 1345/1345/1345 1346/1346/1346 1347/1347/1347
f 1348/1348/1348 1349/1349/1349 1350/1350/1350
f 1351/1351/1351 1352/1352/1352 1353/1353/1353
f 1354/1354/1354 1355/1355/1355 1356/1356/1356
f 1357/1357/1357 1358/1358/1358 1359/1359/1359
f 1360/1360/1360 1361/1361/1361 1362/1362/1362
f 1363/1363/1363 1364/1364/1364 1365/1365/1365
f 1366/1366/1366 1367/1367/1367 1368/1368/1368
f 1369/1369/1369 1370/1370/1370 1371/1371/1371
f 1372/1372/1372 1373/1373/1373 1374/1374/1374
f 1375/1375/1375 1376/1376/1376 1377/1377/1377
f 1378/1378/1378 1379/1379/1379 1380/1380/1380
f 1381/1381/1381 1382/1382/1382 1383/1383/1383
f 1384/1384/1384 1385/1385/1385 1386/1386/1386
f 1387/1387/1387 1388/1388/1388 1389/1389/1389
f 1390/1390/1390 1391/1391/1391 1392/1392/1392
f 1393/1393/1393 1394/1394/1394 1395/1395/1395
f 1396/1396/1396 1397/1397/1397 1398/1398/1398
f 1399/1399/1399 1400/1400/1400 1401/1401/1401
f 1402/1402/1402 1403/1403/1403 1404/1404/1404
f 1405/1405/1405 1406/1406/1406 1407/1407/1407
f 1408/1408/1408 1409/1409/1409 1410/1410/1410
f 1411/1411/1411 1412/1412/1412 1413/1413/1413
f 1414/1414/1414 1415/1415/1415 1416/1416/1416
f 1417/1417/1417 1418/1418/1418 1419/1419/1419
f 1420/1420/1420 1421/1421/1421 1422/1422/1422
f 1423/1423/1423 1424/1424/1424 1425/1425/1425
f 1426/1426/1426 1427/1427/1427 1428/1428/1428
f 1429/1429/1429 1430/1430/1430 1431/1431/1431
f 1432/1432/1432 1433/1433/1433 1434/1434/1434
f 1435/1435/1435 1436/1436/1436 1437/1437/1437
f 1438/1438/1438 1439/1439/1439 1440/1440/1440
f 1441/1441/1441 1442/1442/1442 1443/1443/1443
f 1444/1444/1444 1445/1445/1445 1446/1446/1446
f 1447/1447/1447 1448/1448/1448 1449/1449/1449
f 1450/1450/1450 1451/1451/1451 1452/1452/1452
f 1453/1453/1453 1454/1454/1454 1455/1455/1455
f 1456/1456/1456 1457/1457/1457 1458/1458/1458
f 1459/1459/1459 1460/1460/1460 1461/1461/1461
f 1462/1462/1462 1463/1463/1463 1464/1464/1464
f 1465/1465/1465 1466/1466/1466 1467/1467/1467
f 1468/1468/1468 1469/1469/1469 1470/1470/1470
f 1471/1471/1471 1472/1472/1472 1473/1473/1473
f 1474/1474/1474 1475/1475/1475 1476/1476/1476
f 1477/1477/1477 1478/1478/1478 1479/1479/1479
f 1480/1480/1480 1481/1481/1481 1482/1482/1482
f 1483/1483/1483 1484/1484/1484 1485/1485/1485
f 1486/1486/1486 1487/1487/1487 1488/1488/1488
f 1489/1489/1489 1490/1490/1490 1491/1491/1491
f 1492/1492/1492 1493/1493/1493 1494/1494/1494
f 1495/1495/1495 1496/1496/1496 1497/1497/1497
f 1498/1498/1498 1499/1499/1499 1500/1500/1500
f 1501/1501/1501 1502/1502/1502 1503/1503/1503
f 1504/1504/1504 1505/1505/1505 1506/1506/1506
f 1507/1507/1507 1508/1508/1508 1509/1509/1509
f 1510/1510/1510 1511/1511/1511 1512/1512/1512
f 1513/1513/1513 1514/1514/1514 1515/1515/1515
f 1516/1516/1516 1517/1517/1517 1518/1518/1518
f 1519/1519/1519 1520/1520/1520 1521/1521/1521
f 1522/1522/1522 1523/1523/1523 1524/1524/1524
f 1525/1525/1525 1526/1526/1526 1527/1527/1527
f 1528/1528/1528 1529/1529/1529 1530/1530/1530
f 1531/1531/1531 1532/1532/1532 1533/1533/1533
f 1534/1534/1534 1535/1535/1535 1536/1536/1536
f 1537/1537/1537 1538/1538/1538 1539/1539/1539
f 1540/1540/1540 1541/1541/1541 1542/1542/1542
f 1543/1543/1543 1544/1544/1544 1545/1545/1545
f 1546/1546/1546 1547/1547/1547 1548/1548/1548
f 1549/1549/1549 1550/1550/1550 1551/1551/1551
f 1552/1552/1552 1553/1553/1553 1554/1554/1554
f 1555/1555/1555 1556/1556/1556 1557/1557/1557
f 1558/1558/1558 1559/1559/1559 1560/1560/1560
f 1561/1561/1561 1562/1562/1562 1563/1563/1563
f 1564/1564/1564 1565/1565/1565 1566/1566/1566
f 1567/1567/1567 1568/1568/1568 1569/1569/1569
f 1570/1570/1570 1571/1571/1571 1572/1572/1572
f 1573/1573/1573 1574/1574/1574 1575/1575/1575
f 1576/1576/1576 1577/1577/1577 1578/1578/1578
f 1579/1579/1579 1580/1580/1580 1581/1581/1581
f 1582/1582/1582 1583/1583/1583 1584/1584/1584
f 1585/1585/1585 1586/1586/1586 1587/1587/1587
f 1588/1588/1588 1589/1589/1589 1590/1590/1590
f 1591/1591/1591 1592/1592/1592 1593/1593/1593
f 1594/1594/1594 1595/1595/1595 1596/1596/1596
f 1597/1597/1597 1598/1598/1598 1599/1599/1599
f 1600/1600/1600 1601/1601/1601 1602/1602/1602
f 1603/1603/1603 1604/1604/1604 1605/1605/1605
f 1606/1606/1606 1607/1607/1607 1608/1608/1608
f 1609/1609/1609 1610/1610/1610 1611/1611/1611
f 1612/1612/1612 1613/1613/1613 1614/1614/1614
f 1615/1615/1615 1616/1616/1616 1617/1617/1617
f 1618/1618/1618 1619/1619/1619 1620/1620/1620
f 1621/1621/1621 1622/1622/1622 1623/1623/1623
f 1624/1624/1624 1625/1625/1625 1626/1626/1626
f 1627/1627/1627 1628/1628/1628 1629/1629/1629
f 1630/1630/1630 1631/1631/1631 1632/1632/1632
f 1633/1633/1633 1634/1634/1634 1635/1635/1635
f 1636/1636/1636 1637/1637/1637 1638/1638/1638
f 1639/1639/1639 1640/1640/1640 1641/1641/1641
f 1642/1642/1642 1643/1643/1643 1644/1644/1644
f 1645/1645/1645 1646/1646/1646 1647/1647/1647
f 1648/1648/1648 1649/1649/1649 1650/1650/1650
f 1651/1651/1651 1652/1652/1652 1653/1653/1653
f 1654/1654/1654 1655/1655/1655 1656/1656/1656
f 1657/1657/1657 1658/1658/1658 1659/1659/1659
f 1660/1660/1660 1661/1661/1661 1662/1662/1662
f 1663/1663/1663 1664/1664/1664 1665/1665/1665
f 1666/1666/1666 1667/1667/1667 1668/1668/1668
f 1669/1669/1669 1670/1670/1670 1671/1671/1671
f 1672/1672/1672 1673/1673/1673 1674/1674/1674
f 1675/1675/1675 1676/1676/1676 1677/1677/1677
f 1678/1678/1678 1679/1679/1679 1680/1680/1680
f 1681/1681/1681 1682/1682/1682 1683/1683/1683
f 1684/1684/1684 1685/1685/1685 1686/1686/1686
f 1687/1687/1687 1688/1688/1688 1689/1689/1689
f 1690/1690/1690 1691/1691/1691 1692/1692/1692
f 1693/1693/1693 1694/1694/1694 1695/1695/1695
f 1696/1696/1696 1697/1697/1697 1698/1698/1698
f 1699/1699/1699 1700/1700/1700 1701/1701/1701
f 1702/1702/1702 1703/1703/1703 1704/1704/1704
f 1705/1705/1705 1706/1706/1706 1707/1707/1707
f 1708/1708/1708 1709/1709/1709 1710/1710/1710
f 1711/1711/1711 1712/1712/1712 1713/1713/1713
f 1714/1714/1714 1715/1715/1715 1716/1716/1716
f 1717/1717/1717 1718/1718/1718 1719/1719/1719
f 1720/1720/1720 1721/1721/1721 1722/1722/1722
f 1723/1723/1723 1724/1724/1724 1725/1725/1725
f 1726/1726/1726 1727/1727/1727 1728/1728/1728
f 1729/1729/1729 1730/1730/1730 1731/1731/1731
f 1732/1732/1732 1733/1733/1733 1734/1734/1734
f 1735/1735/1735 1736/1736/1736 1737/1737/1737
f 1738/1738/1738 1739/1739/1739 1740/1740/1740
f 1741/1741/1741 1742/1742/1742 1743/1743/1743
f 1744/1744/1744 1745/1745/1745 1746/1746/1746
f 1747/1747/1747 1748/1748/1748 1749/1749/1749
f 1750/1750/1750 1751/1751/1751 1752/1752/1752
f 1753/1753/1753 1754/1754/1754 1755/1755/1755
f 1756/1756/1756 1757/1757/1757 1758/1758/1758
f 1759/1759/1759 1760/1760/1760 1761/1761/1761
f 1762/1762/1762 1763/1763/1763 1764/1764/1764
f 1765/1765/1765 1766/1766/1766 1767/1767/1767
f 1768/1768/1768 1769/1769/1769 1770/1770/1770
f 1771/1771/1771 1772/1772/1772 1773/1773/1773
f 1774/1774/1774 1775/1775/1775 1776/1776/1776
f 1777/1777/1777 1778/1778/1778 1779/1779/1779
f 1780/1780/1780 1781/1781/1781 1782/1782/1782
f 1783/1783/1783 1784/1784/1784 1785/1785/1785
f 1786/1786/1786 1787/1787/1787 1788/1788/1788
f 1789/1789/1789 1790/1790/1790 1791/1791/1791
f 1792/1792/1792 1793/1793/1793 1794/1794/1794
f 1795/1795/1795 1796/1796/1796 1797/1797/1797
f 1798/1798/1798 1799/1799/1799 1800/1800/1800
f 1801/1801/1801 1802/1802/1802 1803/1803/1803
f 1804/1804/1804 1805/1805/1805 1806/1806/1806
f 1807/1807/1807 1808/1808/1808 1809/1809/1809
f 1810/1810/1810 1811/1811/1811 1812/1812/1812
f 1813/1813/1813 1814/1814/1814 1815/1815/1815
f 1816/1816/1816 1817/1817/1817 1818/1818/1818
f 1819/1819/1819 1820/1820/1820 1821/1821/1821
f 1822/1822/1822 1823/1823/1823 1824/1824/1824
f 1825/1825/1825 1826/1826/1826 1827/1827/1827
f 1828/1828/1828 1829/1829/1829 1830/1830/1830
f 1831/1831/1831 1832/1832/1832 1833/1833/1833
f 1834/1834/1834 1835/1835/1835 1836/1836/1836
f 1837/1837/1837 1838/1838/1838 1839/1839/1839
f 1840/1840/1840 1841/1841/1841 1842/1842/1842
f 1843/1843/1843 1844/1844/1844 1845/1845/1845
f 1846/1846/1846 1847/1847/1847 1848/1848/1848
f 1849/1849/1849 1850/1850/1850 1851/1851/1851
f 1852/1852/1852 1853/1853/1853 1854/1854/1854
f 1855/1855/1855 1856/1856/1856 1857/1857/1857
f 1858/1858/1858 1859/1859/1859 1860/1860/1860
f 1861/1861/1861 1862/1862/1862 1863/1863/1863
f 1864/1864/1864 1865/1865/1865 1866/1866/1866
f 1867/1867/1867 1868/1868/1868 1869/1869/1869
f 1870/1870/1870 1871/1871/1871 1872/1872/1872
f 1873/1873/1873 1874/1874/1874 1875/1875/1875
f 1876/1876/1876 1877/1877/1877 1878/1878/1878
f 1879/1879/1879 1880/1880/1880 1881/1881/1881
f 1882/1882/1882 1883/1883/1883 1884/1884/1884
f 1885/1885/1885 1886/1886/1886 1887/1887/1887
f 1888/1888/1888 1889/1889/1889 1890/1890/1890
f 1891/1891/1891 1892/1892/1892 1893/1893/1893
f 1894/1894/1894 1895/1895/1895 1896/1896/1896
f 1897/1897/1897 1898/1898/1898 1899/1899/1899
f 1900/1900/1900 1901/1901/1901 1902/1902/1902
f 1903/1903/1903 1904/1904/1904 1905/1905/1905
f 1906/1906/1906 1907/1907/1907 1908/1908/1908
f 1909/1909/1909 1910/1910/1910 1911/1911/1911
f 1912/1912/1912 1913/1913/1913 1914/1914/1914
f 1915/1915/1915 1916/1916/1916 1917/1917/1917
f 1918/1918/1918 1919/1919/1919 1920/1920/1920
f 1921/1921/1921 1922/1922/1922 1923/1923/1923
f 1924/1924/1924 1925/1925/1925 1926/1926/1926
f 1927/1927/1927 1928/1928/1928 1929/1929/1929
f 1930/1930/1930 1931/1931/1931 1932/1932/1932
f 1933/1933/1933 1934/1934/1934 1935/1935/1935
f 1936/1936/1936 1937/1937/1937 1938/1938/1938
f 1939/1939/1939 1940/1940/1940 1941/1941/1941
f 1942/1942/1942 1943/1943/1943 1944/1944/1944
f 1945/1945/1945 1946/1946/1946 1947/1947/1947
f 1948/1948/1948 1949/1949/1949 1950/1950/1950
f 1951/1951/1951 1952/1952/1952 1953/1953/1953
f 1954/1954/1954 1955/1955/1955 1956/1956/1956
f 1957/1957/1957 1958/1958/1958 1959/1959/1959
f 1960/1960/1960 1961/1961/1961 1962/1962/1962
f 1963/1963/1963 1964/1964/1964 1965/1965/1965
f 1966/1966/1966 1967/1967/1967 1968/1968/1968
f 1969/1969/1969 1970/1970/1970 1971/1971/1971
f 1972/1972/1972 1973/1973/1973 1974/1974/1974
f 1975/1975/1975 1976/1976/1976 1977/1977/1977
f 1978/1978/1978 1979/1979/1979 1980/1980/1980
f 1981/1981/1981 1982/1982/1982 1983/1983/1983
f 1984/1984/1984 1985/1985/1985 1986/1986/1986
f 1987/1987/1987 1988/1988/1988 1989/1989/1989
f 1990/1990/1990 1991/1991/1991 1992/1992/1992
f 1993/1993/1993 1994/1994/1994 1995/1995/1995
f 1996/1996/1996 1997/1997/1997 1998/1998/1998
f 1999/1999/1999 2000/2000/2000 2001/2001/2001
f 2002/2002/2002 2003/2003/2003 2004/2004/2004
f 2005/2005/2005 2006/2006/2006 2007/2007/2007
f 2008/2008/2008 2009/2009/2009 2010/2010/2010
f 2011/2011/2011 2012/2012/2012 2013/2013/2013
f 2014/2014/2014 2015/2015/2015 2016/2016/2016
f 2017/2017/2017 2018/2018/2018 2019/2019/2019
f 2020/2020/2020 2021/2021/2021 2022/2022/2022
f 2023/2023/2023 2024/2024/2024 2025/2025/2025
f 2026/2026/2026 2027/2027/2027 2028/2028/2028
f 2029/2029/2029 2030/2030/2030 2031/2031/2031
f 2032/2032/2032 2033/2033/2033 2034/2034/2034
f 2035/2035/2035 2036/2036/2036 2037/2037/2037
f 2038/2038/2038 2039/2039/2039 2040/2040/2040
f 2041/2041/2041 2042/2042/2042 2043/2043/2043
f 2044/2044/2044 2045/2045/2045 2046/2046/2046
f 2047/2047/2047 2048/2048/2048 2049/2049/2049
f 2050/2050/2050 2051/2051/2051 2052/2052/2052
f 2053/2053/2053 2054/2054/2054 2055/2055/2055
f 2056/2056/2056 2057/2057/2057 2058/2058/2058
f 2059/2059/2059 2060/2060/2060 2061/2061/2061
f 2062/2062/2062 2063/2063/2063 2064/2064/2064
f 2065/2065/2065 2066/2066/2066 2067/2067/2067
f 2068/2068/2068 2069/2069/2069 2070/2070/2070
f 2071/2071/2071 2072/2072/2072 2073/2073/2073
f 2074/2074/2074 2075/2075/2075 2076/2076/2076
f 2077/2077/2077 2078/2078/2078 2079/2079/2079
f 2080/2080/2080 2081/2081/2081 2082/2082/2082
f 2083/2083/2083 2084/2084/2084 2085/2085/2085
f 2086/2086/2086 2087/2087/2087 2088/2088/2088
f 2089/2089/2089 2090/2090/2090 2091/2091/2091
f 2092/2092/2092 2093/2093/2093 2094/2094/2094
f 2095/2095/2095 2096/2096/2096 2097/2097/2097
f 2098/2098/2098 2099/2099/2099 2100/2100/2100
f 2101/2101/2101 2102/2102/2102 2103/2103/2103
f 2104/2104/2104 2105/2105/2105 2106/2106/2106
f 2107/2107/2107 2108/2108/2108 2109/2109/2109
f 2110/2110/2110 2111/2111/2111 2112/2112/2112
f 2113/2113/2113 2114/2114/2114 2115/2115/2115
f 2116/2116/2116 2117/2117/2117 2118/2118/2118
f 2119/2119/2119 2120/2120/2120 2121/2121/2121
f 2122/2122/2122 2123/2123/2123 2124/2124/2124
f 2125/2125/2125 2126/2126/2126 2127/2127/2127
f 2128/2128/2128 2129/2129/2129 2130/2130/2130
f 2131/2131/2131 2132/2132/2132 2133/2133/2133
f 2134/2134/2134 2135/2135/2135 2136/2136/2136
f 2137/2137/2137 2138/2138/2138 2139/2139/2139
f 2140/2140/2140 2141/2141/2141 2142/2142/2142
f 2143/2143/2143 2144/2144/2144 2145/2145/2145
f 2146/2146/2146 2147/2147/2147 2148/2148/2148
f 2149/2149/2149 2150/2150/2150 2151/2151/2151
f 2152/2152/2152 2153/2153/2153 2154/2154/2154
f 2155/2155/2155 2156/2156/2156 2157/2157/2157
f 2158/2158/2158 2159/2159/2159 2160/2160/2160
f 2161/2161/2161 2162/2162/2162 2163/2163/2163
f 2164/2164/2164 2165/2165/2165 2166/2166/2166
f 2167/2167/2167 2168/2168/2168 2169/2169/2169
f 2170/2170/2170 2171/2171/2171 2172/2172/2172
f 2173/2173/2173 2174/2174/2174 2175/2175/2175
f 2176/2176/2176 2177/2177/2177 2178/2178/2178
f 2179/2179/2179 2180/2180/2180 2181/2181/2181
f 2182/2182/2182 2183/2183/2183 2184/2184/2184
f 2185/2185/2185 2186/2186/2186 2187/2187/2187
f 2188/2188/2188 2189/2189/2189 2190/2190/2190
f 2191/2191/2191 2192/2192/2192 2193/2193/2193
f 2194/2194/2194 2195/2195/2195 2196/2196/2196
f 2197/2197/2197 2198/2198/2198 2199/2199/2199
f 2200/2200/2200 2201/2201/2201 2202/2202/2202
f 2203/2203/2203 2204/2204/2204 2205/2205/2205
f 2206/2206/2206 2207/2207/2207 2208/2208/2208
f 2209/2209/2209 2210/2210/2210 2211/2211/2211
f 2212/2212/2212 2213/2213/2213 2214/2214/2214
f 2215/2215/2215 2216/2216/2216 2217/2217/2217
f 2218/2218/2218 2219/2219/2219 2220/2220/2220
f 2221/2221/2221 2222/2222/2222 2223/2223/2223
f 2224/2224/2224 2225/2225/2225 2226/2226/2226
f 2227/2227/2227 2228/2228/2228 2229/2229/2229
f 2230/2230/2230 2231/2231/2231 2232/2232/2232
f 2233/2233/2233 2234/2234/2234 2235/2235/2235
f 2236/2236/2236 2237/2237/2237 2238/2238/2238
f 2239/2239/2239 2240/2240/2240 2241/2241/2241
f 2242/2242/2242 2243/2243/2243 2244/2244/2244
f 2245/2245/2245 2246/2246/2246 2247/2247/2247
f 2248/2248/2248 2249/2249/2249 2250/2250/2250
f 2251/2251/2251 2252/2252/2252 2253/2253/2253
f 2254/2254/2254 2255/2255/2255 2256/2256/2256
f 2257/2257/2257 2258/2258/2258 2259/2259/2259
f 2260/2260/2260 2261/2261/2261 2262/2262/2262
f 2263/2263/2263 2264/2264/2264 2265/2265/2265
f 2266/2266/2266 2267/2267/2267 2268/2268/2268
f 2269/2269/2269 2270/2270/2270 2271/2271/2271
f 2272/2272/2272 2273/2273/2273 2274/2274/2274
f 2275/2275/2275 2276/2276/2276 2277/2277/2277
f 2278/2278/2278 2279/2279/2279 2280/2280/2280
f 2281/2281/2281 2282/2282/2282 2283/2283/2283
f 2284/2284/2284 2285/2285/2285 2286/2286/2286
f 2287/2287/2287 2288/2288/2288 2289/2289/2289
f 2290/2290/2290 2291/2291/2291 2292/2292/2292
f 2293/2293/2293 2294/2294/2294 2295/2295/2295
f 2296/2296/2296 2297/2297/2297 2298/2298/2298
f 2299/2299/2299 2300/2300/2300 2301/2301/2301
f 2302/2302/2302 2303/2303/2303 2304/2304/2304
f 2305/2305/2305 2306/2306/2306 2307/2307/2307
f 2308/2308/2308 2309/2309/2309 2310/2310/2310
f 2311/2311/2311 2312/2312/2312 2313/2313/2313
f 2314/2314/2314 2315/2315/2315 2316/2316/2316
f 2317/2317/2317 2318/2318/2318 2319/2319/2319
f 2320/2320/2320 2321/2321/2321 2322/2322/2322
f 2323/2323/2323 2324/2324/2324 2325/2325/2325
f 2326/2326/2326 2327/2327/2327 2328/2328/2328
f 2329/2329/2329 2330/2330/2330 2331/2331/2331
f 2332/2332/2332 2333/2333/2333 2334/2334/2334
f 2335/2335/2335 2336/2336/2336 2337/2337/2337
f 2338/2338/2338 2339/2339/2339 2340/2340/2340
f 2341/2341/2341 2342/2342/2342 2343/2343/2343
f 2344/2344/2344 2345/2345/2345 2346/2346/2346
f 2347/2347/2347 2348/2348/2348 2349/2349/2349
f 2350/2350/2350 2351/2351/2351 2352/2352/2352
f 2353/2353/2353 2354/2354/2354 2355/2355/2355
f 2356/2356/2356 2357/2357/2357 2358/2358/2358
f 2359/2359/2359 2360/2360/2360 2361/2361/2361
f 2362/2362/2362 2363/2363/2363 2364/2364/2364
f 2365/2365/2365 2366/2366/2366 2367/2367/2367
f 2368/2368/2368 2369/2369/2369 2370/2370/2370
f 2371/2371/2371 2372/2372/2372 2373/2373/2373
f 2374/2374/2374 2375/2375/2375 2376/2376/2376
f 2377/2377/2377 2378/2378/2378 2379/2379/2379
f 2380/2380/2380 2381/2381/2381 2382/2382/2382
f 2383/2383/2383 2384/2384/2384 2385/2385/2385
f 2386/2386/2386 2387/2387/2387 2388/2388/2388
f 2389/2389/2389 2390/2390/2390 2391/2391/2391
f 2392/2392/2392 2393/2393/2393 2394/2394/2394
f 2395/2395/2395 2396/2396/2396 2397/2397/2397
f 2398/2398/2398 2399/2399/2399 2400/2400/2400
f 2401/2401/2401 2402/2402/2402 2403/2403/2403
f 2404/2404/2404 2405/2405/2405 2406/2406/2406
f 2407/2407/2407 2408/2408/2408 2409/2409/2409
f 2410/2410/2410 2411/2411/2411 2412/2412/2412
f 2413/2413/2413 2414/2414/2414 2415/2415/2415
f 2416/2416/2416 2417/2417/2417 2418/2418/2418
f 2419/2419/2419 2420/2420/2420 2421/2421/2421
f 2422/2422/2422 2423/2423/2423 2424/2424/2424
f 2425/2425/2425 2426/2426/2426 2427/2427/2427
f 2428/2428/2428 2429/2429/2429 2430/2430/2430
f 2431/2431/2431 2432/2432/2432 2433/2433/2433
f 2434/2434/2434 2435/2435/2435 2436/2436/2436
f 2437/2437/2437 2438/2438/2438 2439/2439/2439
f 2440/2440/2440 2441/2441/2441 2442/2442/2442
f 2443/2443/2443 2444/2444/2444 2445/2445/2445
f 2446/2446/2446 2447/2447/2447 2448/2448/2448
f 2449/2449/2449 2450/2450/2450 2451/2451/2451
f 2452/2452/2452 2453/2453/2453 2454/2454/2454
f 2455/2455/2455 2456/2456/2456 2457/2457/2457
f 2458/2458/2458 2459/2459/2459 2460/2460/2460
f 2461/2461/2461 2462/2462/2462 2463/2463/2463
f 2464/2464/2464 2465/2465/2465 2466/2466/2466
f 2467/2467/2467 2468/2468/2468 2469/2469/2469
f 2470/2470/2470 2471/2471/2471 2472/2472/2472
f 2473/2473/2473 2474/2474/2474 2475/2475/2475
f 2476/2476/2476 2477/2477/2477 2478/2478/2478
f 2479/2479/2479 2480/2480/2480 2481/2481/2481
f 2482/2482/2482 2483/2483/2483 2484/2484/2484
f 2485/2485/2485 2486/2486/2486 2487/2487/2487
f 2488/2488/2488 2489/2489/2489 2490/2490/2490
f 2491/2491/2491 2492/2492/2492 2493/2493/2493
f 2494/2494/2494 2495/2495/2495 2496/2496/2496
f 2497/2497/2497 2498/2498/2498 2499/2499/2499
f 2500/2500/2500 2501/2501/2501 2502/2502/2502
f 2503/2503/2503 2504/2504/2504 2505/2505/2505
f 2506/2506/2506 2507/2507/2507 2508/2508/2508
f 2509/2509/2509 2510/2510/2510 2511/2511/2511
f 2512/2512/2512 2513/2513/2513 2514/2514/2514
f 2515/2515/2515 2516/2516/2516 2517/2517/2517
f 2518/2518/2518 2519/2519/2519 2520/2520/2520
