# water_cannon_barrel_4: generated by tools/props
mtllib water_cannon_barrel_4.mtl
o water_cannon_barrel_4
v 0.80000 0.70718 0.81431
vt 0.00000 0.00000
vn 0.5547 -0.5348 0.6374
v 0.86000 0.73289 0.78366
vt 0.00000 0.07211
vn 0.7071 -0.4545 0.5417
v 0.85308 0.78670 0.82881
vt 0.06250 0.07211
vn 0.6935 -0.3488 0.6303
v 0.80000 0.70718 0.81431
vt 0.00000 0.00000
vn 0.5547 -0.5348 0.6374
v 0.85308 0.78670 0.82881
vt 0.06250 0.07211
vn 0.6935 -0.3488 0.6303
v 0.79424 0.75202 0.85193
vt 0.06250 0.00000
vn 0.5440 -0.4519 0.7069
v 0.79424 0.75202 0.85193
vt 0.06250 0.00000
vn 0.5440 -0.4519 0.7069
v 0.85308 0.78670 0.82881
vt 0.06250 0.07211
vn 0.6935 -0.3488 0.6303
v 0.83260 0.83843 0.87222
vt 0.12500 0.07211
vn 0.6533 -0.2472 0.7156
v 0.79424 0.75202 0.85193
vt 0.06250 0.00000
vn 0.5440 -0.4519 0.7069
v 0.83260 0.83843 0.87222
vt 0.12500 0.07211
vn 0.6533 -0.2472 0.7156
v 0.77716 0.79513 0.88810
vt 0.12500 0.00000
vn 0.5125 -0.3722 0.7738
v 0.77716 0.79513 0.88810
vt 0.12500 0.00000
vn 0.5125 -0.3722 0.7738
v 0.83260 0.83843 0.87222
vt 0.12500 0.07211
vn 0.6533 -0.2472 0.7156
v 0.79933 0.88611 0.91222
vt 0.18750 0.07211
vn 0.5879 -0.1536 0.7942
v 0.77716 0.79513 0.88810
vt 0.12500 0.00000
vn 0.5125 -0.3722 0.7738
v 0.79933 0.88611 0.91222
vt 0.18750 0.07211
vn 0.5879 -0.1536 0.7942
v 0.74944 0.83486 0.92144
vt 0.18750 0.00000
vn 0.4612 -0.2988 0.8355
v 0.74944 0.83486 0.92144
vt 0.18750 0.00000
vn 0.4612 -0.2988 0.8355
v 0.79933 0.88611 0.91222
vt 0.18750 0.07211
vn 0.5879 -0.1536 0.7942
v 0.75456 0.92790 0.94729
vt 0.25000 0.07211
vn 0.5000 -0.0715 0.8631
v 0.74944 0.83486 0.92144
vt 0.18750 0.00000
vn 0.4612 -0.2988 0.8355
v 0.75456 0.92790 0.94729
vt 0.25000 0.07211
vn 0.5000 -0.0715 0.8631
v 0.71213 0.86969 0.95066
vt 0.25000 0.00000
vn 0.3922 -0.2344 0.8895
v 0.71213 0.86969 0.95066
vt 0.25000 0.00000
vn 0.3922 -0.2344 0.8895
v 0.75456 0.92790 0.94729
vt 0.25000 0.07211
vn 0.5000 -0.0715 0.8631
v 0.70001 0.96219 0.97607
vt 0.31250 0.07211
vn 0.3928 -0.0041 0.9196
v 0.71213 0.86969 0.95066
vt 0.25000 0.00000
vn 0.3922 -0.2344 0.8895
v 0.70001 0.96219 0.97607
vt 0.31250 0.07211
vn 0.3928 -0.0041 0.9196
v 0.66667 0.89827 0.97464
vt 0.31250 0.00000
vn 0.3082 -0.1815 0.9339
v 0.66667 0.89827 0.97464
vt 0.31250 0.00000
vn 0.3082 -0.1815 0.9339
v 0.70001 0.96219 0.97607
vt 0.31250 0.07211
vn 0.3928 -0.0041 0.9196
v 0.63777 0.98768 0.99745
vt 0.37500 0.07211
vn 0.2706 0.0459 0.9616
v 0.66667 0.89827 0.97464
vt 0.31250 0.00000
vn 0.3082 -0.1815 0.9339
v 0.63777 0.98768 0.99745
vt 0.37500 0.07211
vn 0.2706 0.0459 0.9616
v 0.61481 0.91950 0.99246
vt 0.37500 0.00000
vn 0.2123 -0.1423 0.9668
v 0.61481 0.91950 0.99246
vt 0.37500 0.00000
vn 0.2123 -0.1423 0.9668
v 0.63777 0.98768 0.99745
vt 0.37500 0.07211
vn 0.2706 0.0459 0.9616
v 0.57023 1.00337 1.01062
vt 0.43750 0.07211
vn 0.1379 0.0767 0.9875
v 0.61481 0.91950 0.99246
vt 0.37500 0.00000
vn 0.2123 -0.1423 0.9668
v 0.57023 1.00337 1.01062
vt 0.43750 0.07211
vn 0.1379 0.0767 0.9875
v 0.55853 0.93258 1.00344
vt 0.43750 0.00000
vn 0.1082 -0.1181 0.9871
v 0.55853 0.93258 1.00344
vt 0.43750 0.00000
vn 0.1082 -0.1181 0.9871
v 0.57023 1.00337 1.01062
vt 0.43750 0.07211
vn 0.1379 0.0767 0.9875
v 0.50000 1.00867 1.01507
vt 0.50000 0.07211
vn 0.0000 0.0872 0.9962
v 0.55853 0.93258 1.00344
vt 0.43750 0.00000
vn 0.1082 -0.1181 0.9871
v 0.50000 1.00867 1.01507
vt 0.50000 0.07211
vn 0.0000 0.0872 0.9962
v 0.50000 0.93700 1.00714
vt 0.50000 0.00000
vn 0.0000 -0.1099 0.9939
v 0.50000 0.93700 1.00714
vt 0.50000 0.00000
vn 0.0000 -0.1099 0.9939
v 0.50000 1.00867 1.01507
vt 0.50000 0.07211
vn 0.0000 0.0872 0.9962
v 0.42977 1.00337 1.01062
vt 0.56250 0.07211
vn -0.1379 0.0767 0.9875
v 0.50000 0.93700 1.00714
vt 0.50000 0.00000
vn 0.0000 -0.1099 0.9939
v 0.42977 1.00337 1.01062
vt 0.56250 0.07211
vn -0.1379 0.0767 0.9875
v 0.44147 0.93258 1.00344
vt 0.56250 0.00000
vn -0.1082 -0.1181 0.9871
v 0.44147 0.93258 1.00344
vt 0.56250 0.00000
vn -0.1082 -0.1181 0.9871
v 0.42977 1.00337 1.01062
vt 0.56250 0.07211
vn -0.1379 0.0767 0.9875
v 0.36223 0.98768 0.99745
vt 0.62500 0.07211
vn -0.2706 0.0459 0.9616
v 0.44147 0.93258 1.00344
vt 0.56250 0.00000
vn -0.1082 -0.1181 0.9871
v 0.36223 0.98768 0.99745
vt 0.62500 0.07211
vn -0.2706 0.0459 0.9616
v 0.38519 0.91950 0.99246
vt 0.62500 0.00000
vn -0.2123 -0.1423 0.9668
v 0.38519 0.91950 0.99246
vt 0.62500 0.00000
vn -0.2123 -0.1423 0.9668
v 0.36223 0.98768 0.99745
vt 0.62500 0.07211
vn -0.2706 0.0459 0.9616
v 0.29999 0.96219 0.97607
vt 0.68750 0.07211
vn -0.3928 -0.0041 0.9196
v 0.38519 0.91950 0.99246
vt 0.62500 0.00000
vn -0.2123 -0.1423 0.9668
v 0.29999 0.96219 0.97607
vt 0.68750 0.07211
vn -0.3928 -0.0041 0.9196
v 0.33333 0.89827 0.97464
vt 0.68750 0.00000
vn -0.3082 -0.1815 0.9339
v 0.33333 0.89827 0.97464
vt 0.68750 0.00000
vn -0.3082 -0.1815 0.9339
v 0.29999 0.96219 0.97607
vt 0.68750 0.07211
vn -0.3928 -0.0041 0.9196
v 0.24544 0.92790 0.94729
vt 0.75000 0.07211
vn -0.5000 -0.0715 0.8631
v 0.33333 0.89827 0.97464
vt 0.68750 0.00000
vn -0.3082 -0.1815 0.9339
v 0.24544 0.92790 0.94729
vt 0.75000 0.07211
vn -0.5000 -0.0715 0.8631
v 0.28787 0.86969 0.95066
vt 0.75000 0.00000
vn -0.3922 -0.2344 0.8895
v 0.28787 0.86969 0.95066
vt 0.75000 0.00000
vn -0.3922 -0.2344 0.8895
v 0.24544 0.92790 0.94729
vt 0.75000 0.07211
vn -0.5000 -0.0715 0.8631
v 0.20067 0.88611 0.91222
vt 0.81250 0.07211
vn -0.5879 -0.1536 0.7942
v 0.28787 0.86969 0.95066
vt 0.75000 0.00000
vn -0.3922 -0.2344 0.8895
v 0.20067 0.88611 0.91222
vt 0.81250 0.07211
vn -0.5879 -0.1536 0.7942
v 0.25056 0.83486 0.92144
vt 0.81250 0.00000
vn -0.4612 -0.2988 0.8355
v 0.25056 0.83486 0.92144
vt 0.81250 0.00000
vn -0.4612 -0.2988 0.8355
v 0.20067 0.88611 0.91222
vt 0.81250 0.07211
vn -0.5879 -0.1536 0.7942
v 0.16740 0.83843 0.87222
vt 0.87500 0.07211
vn -0.6533 -0.2472 0.7156
v 0.25056 0.83486 0.92144
vt 0.81250 0.00000
vn -0.4612 -0.2988 0.8355
v 0.16740 0.83843 0.87222
vt 0.87500 0.07211
vn -0.6533 -0.2472 0.7156
v 0.22284 0.79513 0.88810
vt 0.87500 0.00000
vn -0.5125 -0.3722 0.7738
v 0.22284 0.79513 0.88810
vt 0.87500 0.00000
vn -0.5125 -0.3722 0.7738
v 0.16740 0.83843 0.87222
vt 0.87500 0.07211
vn -0.6533 -0.2472 0.7156
v 0.14692 0.78670 0.82881
vt 0.93750 0.07211
vn -0.6935 -0.3488 0.6303
v 0.22284 0.79513 0.88810
vt 0.87500 0.00000
vn -0.5125 -0.3722 0.7738
v 0.14692 0.78670 0.82881
vt 0.93750 0.07211
vn -0.6935 -0.3488 0.6303
v 0.20576 0.75202 0.85193
vt 0.93750 0.00000
vn -0.5440 -0.4519 0.7069
v 0.20576 0.75202 0.85193
vt 0.93750 0.00000
vn -0.5440 -0.4519 0.7069
v 0.14692 0.78670 0.82881
vt 0.93750 0.07211
vn -0.6935 -0.3488 0.6303
v 0.14000 0.73289 0.78366
vt 1.00000 0.07211
vn -0.7071 -0.4545 0.5417
v 0.20576 0.75202 0.85193
vt 0.93750 0.00000
vn -0.5440 -0.4519 0.7069
v 0.14000 0.73289 0.78366
vt 1.00000 0.07211
vn -0.7071 -0.4545 0.5417
v 0.20000 0.70718 0.81431
vt 1.00000 0.00000
vn -0.5547 -0.5348 0.6374
v 0.20000 0.70718 0.81431
vt 0.00000 0.00000
vn -0.5547 -0.5348 0.6374
v 0.14000 0.73289 0.78366
vt 0.00000 0.07211
vn -0.7071 -0.4545 0.5417
v 0.14692 0.67909 0.73852
vt 0.06250 0.07211
vn -0.6935 -0.5602 0.4530
v 0.20000 0.70718 0.81431
vt 0.00000 0.00000
vn -0.5547 -0.5348 0.6374
v 0.14692 0.67909 0.73852
vt 0.06250 0.07211
vn -0.6935 -0.5602 0.4530
v 0.20576 0.66235 0.77669
vt 0.06250 0.00000
vn -0.5440 -0.6177 0.5678
v 0.20576 0.66235 0.77669
vt 0.06250 0.00000
vn -0.5440 -0.6177 0.5678
v 0.14692 0.67909 0.73852
vt 0.06250 0.07211
vn -0.6935 -0.5602 0.4530
v 0.16740 0.62736 0.69511
vt 0.12500 0.07211
vn -0.6533 -0.6618 0.3677
v 0.20576 0.66235 0.77669
vt 0.06250 0.00000
vn -0.5440 -0.6177 0.5678
v 0.16740 0.62736 0.69511
vt 0.12500 0.07211
vn -0.6533 -0.6618 0.3677
v 0.22284 0.61924 0.74051
vt 0.12500 0.00000
vn -0.5125 -0.6974 0.5009
v 0.22284 0.61924 0.74051
vt 0.12500 0.00000
vn -0.5125 -0.6974 0.5009
v 0.16740 0.62736 0.69511
vt 0.12500 0.07211
vn -0.6533 -0.6618 0.3677
v 0.20067 0.57968 0.65510
vt 0.18750 0.07211
vn -0.5879 -0.7555 0.2892
v 0.22284 0.61924 0.74051
vt 0.12500 0.00000
vn -0.5125 -0.6974 0.5009
v 0.20067 0.57968 0.65510
vt 0.18750 0.07211
vn -0.5879 -0.7555 0.2892
v 0.25056 0.57951 0.70717
vt 0.18750 0.00000
vn -0.4612 -0.7709 0.4393
v 0.25056 0.57951 0.70717
vt 0.18750 0.00000
vn -0.4612 -0.7709 0.4393
v 0.20067 0.57968 0.65510
vt 0.18750 0.07211
vn -0.5879 -0.7555 0.2892
v 0.24544 0.53789 0.62004
vt 0.25000 0.07211
vn -0.5000 -0.8375 0.2203
v 0.25056 0.57951 0.70717
vt 0.18750 0.00000
vn -0.4612 -0.7709 0.4393
v 0.24544 0.53789 0.62004
vt 0.25000 0.07211
vn -0.5000 -0.8375 0.2203
v 0.28787 0.54468 0.67795
vt 0.25000 0.00000
vn -0.3922 -0.8353 0.3853
v 0.28787 0.54468 0.67795
vt 0.25000 0.00000
vn -0.3922 -0.8353 0.3853
v 0.24544 0.53789 0.62004
vt 0.25000 0.07211
vn -0.5000 -0.8375 0.2203
v 0.29999 0.50360 0.59126
vt 0.31250 0.07211
vn -0.3928 -0.9049 0.1638
v 0.28787 0.54468 0.67795
vt 0.25000 0.00000
vn -0.3922 -0.8353 0.3853
v 0.29999 0.50360 0.59126
vt 0.31250 0.07211
vn -0.3928 -0.9049 0.1638
v 0.33333 0.51610 0.65397
vt 0.31250 0.00000
vn -0.3082 -0.8881 0.3409
v 0.33333 0.51610 0.65397
vt 0.31250 0.00000
vn -0.3082 -0.8881 0.3409
v 0.29999 0.50360 0.59126
vt 0.31250 0.07211
vn -0.3928 -0.9049 0.1638
v 0.36223 0.47811 0.56988
vt 0.37500 0.07211
vn -0.2706 -0.9550 0.1218
v 0.33333 0.51610 0.65397
vt 0.31250 0.00000
vn -0.3082 -0.8881 0.3409
v 0.36223 0.47811 0.56988
vt 0.37500 0.07211
vn -0.2706 -0.9550 0.1218
v 0.38519 0.49486 0.63615
vt 0.37500 0.00000
vn -0.2123 -0.9274 0.3080
v 0.38519 0.49486 0.63615
vt 0.37500 0.00000
vn -0.2123 -0.9274 0.3080
v 0.36223 0.47811 0.56988
vt 0.37500 0.07211
vn -0.2706 -0.9550 0.1218
v 0.42977 0.46242 0.55671
vt 0.43750 0.07211
vn -0.1379 -0.9858 0.0959
v 0.38519 0.49486 0.63615
vt 0.37500 0.00000
vn -0.2123 -0.9274 0.3080
v 0.42977 0.46242 0.55671
vt 0.43750 0.07211
vn -0.1379 -0.9858 0.0959
v 0.44147 0.48179 0.62517
vt 0.43750 0.00000
vn -0.1082 -0.9516 0.2877
v 0.44147 0.48179 0.62517
vt 0.43750 0.00000
vn -0.1082 -0.9516 0.2877
v 0.42977 0.46242 0.55671
vt 0.43750 0.07211
vn -0.1379 -0.9858 0.0959
v 0.50000 0.45712 0.55226
vt 0.50000 0.07211
vn 0.0000 -0.9962 0.0872
v 0.44147 0.48179 0.62517
vt 0.43750 0.00000
vn -0.1082 -0.9516 0.2877
v 0.50000 0.45712 0.55226
vt 0.50000 0.07211
vn 0.0000 -0.9962 0.0872
v 0.50000 0.47737 0.62147
vt 0.50000 0.00000
vn -0.0000 -0.9598 0.2808
v 0.50000 0.47737 0.62147
vt 0.50000 0.00000
vn -0.0000 -0.9598 0.2808
v 0.50000 0.45712 0.55226
vt 0.50000 0.07211
vn 0.0000 -0.9962 0.0872
v 0.57023 0.46242 0.55671
vt 0.56250 0.07211
vn 0.1379 -0.9858 0.0959
v 0.50000 0.47737 0.62147
vt 0.50000 0.00000
vn -0.0000 -0.9598 0.2808
v 0.57023 0.46242 0.55671
vt 0.56250 0.07211
vn 0.1379 -0.9858 0.0959
v 0.55853 0.48179 0.62517
vt 0.56250 0.00000
vn 0.1082 -0.9516 0.2877
v 0.55853 0.48179 0.62517
vt 0.56250 0.00000
vn 0.1082 -0.9516 0.2877
v 0.57023 0.46242 0.55671
vt 0.56250 0.07211
vn 0.1379 -0.9858 0.0959
v 0.63777 0.47811 0.56988
vt 0.62500 0.07211
vn 0.2706 -0.9550 0.1218
v 0.55853 0.48179 0.62517
vt 0.56250 0.00000
vn 0.1082 -0.9516 0.2877
v 0.63777 0.47811 0.56988
vt 0.62500 0.07211
vn 0.2706 -0.9550 0.1218
v 0.61481 0.49486 0.63615
vt 0.62500 0.00000
vn 0.2123 -0.9274 0.3080
v 0.61481 0.49486 0.63615
vt 0.62500 0.00000
vn 0.2123 -0.9274 0.3080
v 0.63777 0.47811 0.56988
vt 0.62500 0.07211
vn 0.2706 -0.9550 0.1218
v 0.70001 0.50360 0.59126
vt 0.68750 0.07211
vn 0.3928 -0.9049 0.1638
v 0.61481 0.49486 0.63615
vt 0.62500 0.00000
vn 0.2123 -0.9274 0.3080
v 0.70001 0.50360 0.59126
vt 0.68750 0.07211
vn 0.3928 -0.9049 0.1638
v 0.66667 0.51610 0.65397
vt 0.68750 0.00000
vn 0.3082 -0.8881 0.3409
v 0.66667 0.51610 0.65397
vt 0.68750 0.00000
vn 0.3082 -0.8881 0.3409
v 0.70001 0.50360 0.59126
vt 0.68750 0.07211
vn 0.3928 -0.9049 0.1638
v 0.75456 0.53789 0.62004
vt 0.75000 0.07211
vn 0.5000 -0.8375 0.2203
v 0.66667 0.51610 0.65397
vt 0.68750 0.00000
vn 0.3082 -0.8881 0.3409
v 0.75456 0.53789 0.62004
vt 0.75000 0.07211
vn 0.5000 -0.8375 0.2203
v 0.71213 0.54468 0.67795
vt 0.75000 0.00000
vn 0.3922 -0.8353 0.3853
v 0.71213 0.54468 0.67795
vt 0.75000 0.00000
vn 0.3922 -0.8353 0.3853
v 0.75456 0.53789 0.62004
vt 0.75000 0.07211
vn 0.5000 -0.8375 0.2203
v 0.79933 0.57968 0.65510
vt 0.81250 0.07211
vn 0.5879 -0.7555 0.2892
v 0.71213 0.54468 0.67795
vt 0.75000 0.00000
vn 0.3922 -0.8353 0.3853
v 0.79933 0.57968 0.65510
vt 0.81250 0.07211
vn 0.5879 -0.7555 0.2892
v 0.74944 0.57951 0.70717
vt 0.81250 0.00000
vn 0.4612 -0.7709 0.4393
v 0.74944 0.57951 0.70717
vt 0.81250 0.00000
vn 0.4612 -0.7709 0.4393
v 0.79933 0.57968 0.65510
vt 0.81250 0.07211
vn 0.5879 -0.7555 0.2892
v 0.83260 0.62736 0.69511
vt 0.87500 0.07211
vn 0.6533 -0.6618 0.3677
v 0.74944 0.57951 0.70717
vt 0.81250 0.00000
vn 0.4612 -0.7709 0.4393
v 0.83260 0.62736 0.69511
vt 0.87500 0.07211
vn 0.6533 -0.6618 0.3677
v 0.77716 0.61924 0.74051
vt 0.87500 0.00000
vn 0.5125 -0.6974 0.5009
v 0.77716 0.61924 0.74051
vt 0.87500 0.00000
vn 0.5125 -0.6974 0.5009
v 0.83260 0.62736 0.69511
vt 0.87500 0.07211
vn 0.6533 -0.6618 0.3677
v 0.85308 0.67909 0.73852
vt 0.93750 0.07211
vn 0.6935 -0.5602 0.4530
v 0.77716 0.61924 0.74051
vt 0.87500 0.00000
vn 0.5125 -0.6974 0.5009
v 0.85308 0.67909 0.73852
vt 0.93750 0.07211
vn 0.6935 -0.5602 0.4530
v 0.79424 0.66235 0.77669
vt 0.93750 0.00000
vn 0.5440 -0.6177 0.5678
v 0.79424 0.66235 0.77669
vt 0.93750 0.00000
vn 0.5440 -0.6177 0.5678
v 0.85308 0.67909 0.73852
vt 0.93750 0.07211
vn 0.6935 -0.5602 0.4530
v 0.86000 0.73289 0.78366
vt 1.00000 0.07211
vn 0.7071 -0.4545 0.5417
v 0.79424 0.66235 0.77669
vt 0.93750 0.00000
vn 0.5440 -0.6177 0.5678
v 0.86000 0.73289 0.78366
vt 1.00000 0.07211
vn 0.7071 -0.4545 0.5417
v 0.80000 0.70718 0.81431
vt 1.00000 0.00000
vn 0.5547 -0.5348 0.6374
v 0.86000 0.73289 0.78366
vt 0.00000 0.07211
vn 0.7071 -0.4545 0.5417
v 0.90000 0.77146 0.73770
vt 0.00000 0.14422
vn 0.9520 -0.1967 0.2344
v 0.89231 0.83124 0.78786
vt 0.06250 0.14422
vn 0.9337 -0.0544 0.3538
v 0.86000 0.73289 0.78366
vt 0.00000 0.07211
vn 0.7071 -0.4545 0.5417
v 0.89231 0.83124 0.78786
vt 0.06250 0.14422
vn 0.9337 -0.0544 0.3538
v 0.85308 0.78670 0.82881
vt 0.06250 0.07211
vn 0.6935 -0.3488 0.6303
v 0.85308 0.78670 0.82881
vt 0.06250 0.07211
vn 0.6935 -0.3488 0.6303
v 0.89231 0.83124 0.78786
vt 0.06250 0.14422
vn 0.9337 -0.0544 0.3538
v 0.86955 0.88872 0.83610
vt 0.12500 0.14422
vn 0.8796 0.0824 0.4686
v 0.85308 0.78670 0.82881
vt 0.06250 0.07211
vn 0.6935 -0.3488 0.6303
v 0.86955 0.88872 0.83610
vt 0.12500 0.14422
vn 0.8796 0.0824 0.4686
v 0.83260 0.83843 0.87222
vt 0.12500 0.07211
vn 0.6533 -0.2472 0.7156
v 0.83260 0.83843 0.87222
vt 0.12500 0.07211
vn 0.6533 -0.2472 0.7156
v 0.86955 0.88872 0.83610
vt 0.12500 0.14422
vn 0.8796 0.0824 0.4686
v 0.83259 0.94170 0.88055
vt 0.18750 0.14422
vn 0.7916 0.2085 0.5744
v 0.83260 0.83843 0.87222
vt 0.12500 0.07211
vn 0.6533 -0.2472 0.7156
v 0.83259 0.94170 0.88055
vt 0.18750 0.14422
vn 0.7916 0.2085 0.5744
v 0.79933 0.88611 0.91222
vt 0.18750 0.07211
vn 0.5879 -0.1536 0.7942
v 0.79933 0.88611 0.91222
vt 0.18750 0.07211
vn 0.5879 -0.1536 0.7942
v 0.83259 0.94170 0.88055
vt 0.18750 0.14422
vn 0.7916 0.2085 0.5744
v 0.78284 0.98813 0.91951
vt 0.25000 0.14422
vn 0.6732 0.3190 0.6671
v 0.79933 0.88611 0.91222
vt 0.18750 0.07211
vn 0.5879 -0.1536 0.7942
v 0.78284 0.98813 0.91951
vt 0.25000 0.14422
vn 0.6732 0.3190 0.6671
v 0.75456 0.92790 0.94729
vt 0.25000 0.07211
vn 0.5000 -0.0715 0.8631
v 0.75456 0.92790 0.94729
vt 0.25000 0.07211
vn 0.5000 -0.0715 0.8631
v 0.78284 0.98813 0.91951
vt 0.25000 0.14422
vn 0.6732 0.3190 0.6671
v 0.72223 1.02624 0.95148
vt 0.31250 0.14422
vn 0.5289 0.4097 0.7432
v 0.75456 0.92790 0.94729
vt 0.25000 0.07211
vn 0.5000 -0.0715 0.8631
v 0.72223 1.02624 0.95148
vt 0.31250 0.14422
vn 0.5289 0.4097 0.7432
v 0.70001 0.96219 0.97607
vt 0.31250 0.07211
vn 0.3928 -0.0041 0.9196
v 0.70001 0.96219 0.97607
vt 0.31250 0.07211
vn 0.3928 -0.0041 0.9196
v 0.72223 1.02624 0.95148
vt 0.31250 0.14422
vn 0.5289 0.4097 0.7432
v 0.65307 1.05456 0.97524
vt 0.37500 0.14422
vn 0.3643 0.4771 0.7998
v 0.70001 0.96219 0.97607
vt 0.31250 0.07211
vn 0.3928 -0.0041 0.9196
v 0.65307 1.05456 0.97524
vt 0.37500 0.14422
vn 0.3643 0.4771 0.7998
v 0.63777 0.98768 0.99745
vt 0.37500 0.07211
vn 0.2706 0.0459 0.9616
v 0.63777 0.98768 0.99745
vt 0.37500 0.07211
vn 0.2706 0.0459 0.9616
v 0.65307 1.05456 0.97524
vt 0.37500 0.14422
vn 0.3643 0.4771 0.7998
v 0.57804 1.07199 0.98988
vt 0.43750 0.14422
vn 0.1857 0.5186 0.8346
v 0.63777 0.98768 0.99745
vt 0.37500 0.07211
vn 0.2706 0.0459 0.9616
v 0.57804 1.07199 0.98988
vt 0.43750 0.14422
vn 0.1857 0.5186 0.8346
v 0.57023 1.00337 1.01062
vt 0.43750 0.07211
vn 0.1379 0.0767 0.9875
v 0.57023 1.00337 1.01062
vt 0.43750 0.07211
vn 0.1379 0.0767 0.9875
v 0.57804 1.07199 0.98988
vt 0.43750 0.14422
vn 0.1857 0.5186 0.8346
v 0.50000 1.07788 0.99482
vt 0.50000 0.14422
vn 0.0000 0.5326 0.8464
v 0.57023 1.00337 1.01062
vt 0.43750 0.07211
vn 0.1379 0.0767 0.9875
v 0.50000 1.07788 0.99482
vt 0.50000 0.14422
vn 0.0000 0.5326 0.8464
v 0.50000 1.00867 1.01507
vt 0.50000 0.07211
vn 0.0000 0.0872 0.9962
v 0.50000 1.00867 1.01507
vt 0.50000 0.07211
vn 0.0000 0.0872 0.9962
v 0.50000 1.07788 0.99482
vt 0.50000 0.14422
vn 0.0000 0.5326 0.8464
v 0.42196 1.07199 0.98988
vt 0.56250 0.14422
vn -0.1857 0.5186 0.8346
v 0.50000 1.00867 1.01507
vt 0.50000 0.07211
vn 0.0000 0.0872 0.9962
v 0.42196 1.07199 0.98988
vt 0.56250 0.14422
vn -0.1857 0.5186 0.8346
v 0.42977 1.00337 1.01062
vt 0.56250 0.07211
vn -0.1379 0.0767 0.9875
v 0.42977 1.00337 1.01062
vt 0.56250 0.07211
vn -0.1379 0.0767 0.9875
v 0.42196 1.07199 0.98988
vt 0.56250 0.14422
vn -0.1857 0.5186 0.8346
v 0.34693 1.05456 0.97524
vt 0.62500 0.14422
vn -0.3643 0.4771 0.7998
v 0.42977 1.00337 1.01062
vt 0.56250 0.07211
vn -0.1379 0.0767 0.9875
v 0.34693 1.05456 0.97524
vt 0.62500 0.14422
vn -0.3643 0.4771 0.7998
v 0.36223 0.98768 0.99745
vt 0.62500 0.07211
vn -0.2706 0.0459 0.9616
v 0.36223 0.98768 0.99745
vt 0.62500 0.07211
vn -0.2706 0.0459 0.9616
v 0.34693 1.05456 0.97524
vt 0.62500 0.14422
vn -0.3643 0.4771 0.7998
v 0.27777 1.02624 0.95148
vt 0.68750 0.14422
vn -0.5289 0.4097 0.7432
v 0.36223 0.98768 0.99745
vt 0.62500 0.07211
vn -0.2706 0.0459 0.9616
v 0.27777 1.02624 0.95148
vt 0.68750 0.14422
vn -0.5289 0.4097 0.7432
v 0.29999 0.96219 0.97607
vt 0.68750 0.07211
vn -0.3928 -0.0041 0.9196
v 0.29999 0.96219 0.97607
vt 0.68750 0.07211
vn -0.3928 -0.0041 0.9196
v 0.27777 1.02624 0.95148
vt 0.68750 0.14422
vn -0.5289 0.4097 0.7432
v 0.21716 0.98813 0.91951
vt 0.75000 0.14422
vn -0.6732 0.3190 0.6671
v 0.29999 0.96219 0.97607
vt 0.68750 0.07211
vn -0.3928 -0.0041 0.9196
v 0.21716 0.98813 0.91951
vt 0.75000 0.14422
vn -0.6732 0.3190 0.6671
v 0.24544 0.92790 0.94729
vt 0.75000 0.07211
vn -0.5000 -0.0715 0.8631
v 0.24544 0.92790 0.94729
vt 0.75000 0.07211
vn -0.5000 -0.0715 0.8631
v 0.21716 0.98813 0.91951
vt 0.75000 0.14422
vn -0.6732 0.3190 0.6671
v 0.16741 0.94170 0.88055
vt 0.81250 0.14422
vn -0.7916 0.2085 0.5744
v 0.24544 0.92790 0.94729
vt 0.75000 0.07211
vn -0.5000 -0.0715 0.8631
v 0.16741 0.94170 0.88055
vt 0.81250 0.14422
vn -0.7916 0.2085 0.5744
v 0.20067 0.88611 0.91222
vt 0.81250 0.07211
vn -0.5879 -0.1536 0.7942
v 0.20067 0.88611 0.91222
vt 0.81250 0.07211
vn -0.5879 -0.1536 0.7942
v 0.16741 0.94170 0.88055
vt 0.81250 0.14422
vn -0.7916 0.2085 0.5744
v 0.13045 0.88872 0.83610
vt 0.87500 0.14422
vn -0.8796 0.0824 0.4686
v 0.20067 0.88611 0.91222
vt 0.81250 0.07211
vn -0.5879 -0.1536 0.7942
v 0.13045 0.88872 0.83610
vt 0.87500 0.14422
vn -0.8796 0.0824 0.4686
v 0.16740 0.83843 0.87222
vt 0.87500 0.07211
vn -0.6533 -0.2472 0.7156
v 0.16740 0.83843 0.87222
vt 0.87500 0.07211
vn -0.6533 -0.2472 0.7156
v 0.13045 0.88872 0.83610
vt 0.87500 0.14422
vn -0.8796 0.0824 0.4686
v 0.10769 0.83124 0.78786
vt 0.93750 0.14422
vn -0.9337 -0.0544 0.3538
v 0.16740 0.83843 0.87222
vt 0.87500 0.07211
vn -0.6533 -0.2472 0.7156
v 0.10769 0.83124 0.78786
vt 0.93750 0.14422
vn -0.9337 -0.0544 0.3538
v 0.14692 0.78670 0.82881
vt 0.93750 0.07211
vn -0.6935 -0.3488 0.6303
v 0.14692 0.78670 0.82881
vt 0.93750 0.07211
vn -0.6935 -0.3488 0.6303
v 0.10769 0.83124 0.78786
vt 0.93750 0.14422
vn -0.9337 -0.0544 0.3538
v 0.10000 0.77146 0.73770
vt 1.00000 0.14422
vn -0.9520 -0.1967 0.2344
v 0.14692 0.78670 0.82881
vt 0.93750 0.07211
vn -0.6935 -0.3488 0.6303
v 0.10000 0.77146 0.73770
vt 1.00000 0.14422
vn -0.9520 -0.1967 0.2344
v 0.14000 0.73289 0.78366
vt 1.00000 0.07211
vn -0.7071 -0.4545 0.5417
v 0.14000 0.73289 0.78366
vt 0.00000 0.07211
vn -0.7071 -0.4545 0.5417
v 0.10000 0.77146 0.73770
vt 0.00000 0.14422
vn -0.9520 -0.1967 0.2344
v 0.10769 0.71168 0.68754
vt 0.06250 0.14422
vn -0.9337 -0.3390 0.1150
v 0.14000 0.73289 0.78366
vt 0.00000 0.07211
vn -0.7071 -0.4545 0.5417
v 0.10769 0.71168 0.68754
vt 0.06250 0.14422
vn -0.9337 -0.3390 0.1150
v 0.14692 0.67909 0.73852
vt 0.06250 0.07211
vn -0.6935 -0.5602 0.4530
v 0.14692 0.67909 0.73852
vt 0.06250 0.07211
vn -0.6935 -0.5602 0.4530
v 0.10769 0.71168 0.68754
vt 0.06250 0.14422
vn -0.9337 -0.3390 0.1150
v 0.13045 0.65420 0.63931
vt 0.12500 0.14422
vn -0.8796 -0.4758 0.0002
v 0.14692 0.67909 0.73852
vt 0.06250 0.07211
vn -0.6935 -0.5602 0.4530
v 0.13045 0.65420 0.63931
vt 0.12500 0.14422
vn -0.8796 -0.4758 0.0002
v 0.16740 0.62736 0.69511
vt 0.12500 0.07211
vn -0.6533 -0.6618 0.3677
v 0.16740 0.62736 0.69511
vt 0.12500 0.07211
vn -0.6533 -0.6618 0.3677
v 0.13045 0.65420 0.63931
vt 0.12500 0.14422
vn -0.8796 -0.4758 0.0002
v 0.16741 0.60123 0.59486
vt 0.18750 0.14422
vn -0.7916 -0.6019 -0.1056
v 0.16740 0.62736 0.69511
vt 0.12500 0.07211
vn -0.6533 -0.6618 0.3677
v 0.16741 0.60123 0.59486
vt 0.18750 0.14422
vn -0.7916 -0.6019 -0.1056
v 0.20067 0.57968 0.65510
vt 0.18750 0.07211
vn -0.5879 -0.7555 0.2892
v 0.20067 0.57968 0.65510
vt 0.18750 0.07211
vn -0.5879 -0.7555 0.2892
v 0.16741 0.60123 0.59486
vt 0.18750 0.14422
vn -0.7916 -0.6019 -0.1056
v 0.21716 0.55479 0.55589
vt 0.25000 0.14422
vn -0.6732 -0.7124 -0.1983
v 0.20067 0.57968 0.65510
vt 0.18750 0.07211
vn -0.5879 -0.7555 0.2892
v 0.21716 0.55479 0.55589
vt 0.25000 0.14422
vn -0.6732 -0.7124 -0.1983
v 0.24544 0.53789 0.62004
vt 0.25000 0.07211
vn -0.5000 -0.8375 0.2203
v 0.24544 0.53789 0.62004
vt 0.25000 0.07211
vn -0.5000 -0.8375 0.2203
v 0.21716 0.55479 0.55589
vt 0.25000 0.14422
vn -0.6732 -0.7124 -0.1983
v 0.27777 0.51668 0.52392
vt 0.31250 0.14422
vn -0.5289 -0.8031 -0.2744
v 0.24544 0.53789 0.62004
vt 0.25000 0.07211
vn -0.5000 -0.8375 0.2203
v 0.27777 0.51668 0.52392
vt 0.31250 0.14422
vn -0.5289 -0.8031 -0.2744
v 0.29999 0.50360 0.59126
vt 0.31250 0.07211
vn -0.3928 -0.9049 0.1638
v 0.29999 0.50360 0.59126
vt 0.31250 0.07211
vn -0.3928 -0.9049 0.1638
v 0.27777 0.51668 0.52392
vt 0.31250 0.14422
vn -0.5289 -0.8031 -0.2744
v 0.34693 0.48837 0.50016
vt 0.37500 0.14422
vn -0.3643 -0.8705 -0.3310
v 0.29999 0.50360 0.59126
vt 0.31250 0.07211
vn -0.3928 -0.9049 0.1638
v 0.34693 0.48837 0.50016
vt 0.37500 0.14422
vn -0.3643 -0.8705 -0.3310
v 0.36223 0.47811 0.56988
vt 0.37500 0.07211
vn -0.2706 -0.9550 0.1218
v 0.36223 0.47811 0.56988
vt 0.37500 0.07211
vn -0.2706 -0.9550 0.1218
v 0.34693 0.48837 0.50016
vt 0.37500 0.14422
vn -0.3643 -0.8705 -0.3310
v 0.42196 0.47093 0.48553
vt 0.43750 0.14422
vn -0.1857 -0.9120 -0.3658
v 0.36223 0.47811 0.56988
vt 0.37500 0.07211
vn -0.2706 -0.9550 0.1218
v 0.42196 0.47093 0.48553
vt 0.43750 0.14422
vn -0.1857 -0.9120 -0.3658
v 0.42977 0.46242 0.55671
vt 0.43750 0.07211
vn -0.1379 -0.9858 0.0959
v 0.42977 0.46242 0.55671
vt 0.43750 0.07211
vn -0.1379 -0.9858 0.0959
v 0.42196 0.47093 0.48553
vt 0.43750 0.14422
vn -0.1857 -0.9120 -0.3658
v 0.50000 0.46504 0.48059
vt 0.50000 0.14422
vn -0.0000 -0.9260 -0.3775
v 0.42977 0.46242 0.55671
vt 0.43750 0.07211
vn -0.1379 -0.9858 0.0959
v 0.50000 0.46504 0.48059
vt 0.50000 0.14422
vn -0.0000 -0.9260 -0.3775
v 0.50000 0.45712 0.55226
vt 0.50000 0.07211
vn 0.0000 -0.9962 0.0872
v 0.50000 0.45712 0.55226
vt 0.50000 0.07211
vn 0.0000 -0.9962 0.0872
v 0.50000 0.46504 0.48059
vt 0.50000 0.14422
vn -0.0000 -0.9260 -0.3775
v 0.57804 0.47093 0.48553
vt 0.56250 0.14422
vn 0.1857 -0.9120 -0.3658
v 0.50000 0.45712 0.55226
vt 0.50000 0.07211
vn 0.0000 -0.9962 0.0872
v 0.57804 0.47093 0.48553
vt 0.56250 0.14422
vn 0.1857 -0.9120 -0.3658
v 0.57023 0.46242 0.55671
vt 0.56250 0.07211
vn 0.1379 -0.9858 0.0959
v 0.57023 0.46242 0.55671
vt 0.56250 0.07211
vn 0.1379 -0.9858 0.0959
v 0.57804 0.47093 0.48553
vt 0.56250 0.14422
vn 0.1857 -0.9120 -0.3658
v 0.65307 0.48837 0.50016
vt 0.62500 0.14422
vn 0.3643 -0.8705 -0.3310
v 0.57023 0.46242 0.55671
vt 0.56250 0.07211
vn 0.1379 -0.9858 0.0959
v 0.65307 0.48837 0.50016
vt 0.62500 0.14422
vn 0.3643 -0.8705 -0.3310
v 0.63777 0.47811 0.56988
vt 0.62500 0.07211
vn 0.2706 -0.9550 0.1218
v 0.63777 0.47811 0.56988
vt 0.62500 0.07211
vn 0.2706 -0.9550 0.1218
v 0.65307 0.48837 0.50016
vt 0.62500 0.14422
vn 0.3643 -0.8705 -0.3310
v 0.72223 0.51668 0.52392
vt 0.68750 0.14422
vn 0.5289 -0.8031 -0.2744
v 0.63777 0.47811 0.56988
vt 0.62500 0.07211
vn 0.2706 -0.9550 0.1218
v 0.72223 0.51668 0.52392
vt 0.68750 0.14422
vn 0.5289 -0.8031 -0.2744
v 0.70001 0.50360 0.59126
vt 0.68750 0.07211
vn 0.3928 -0.9049 0.1638
v 0.70001 0.50360 0.59126
vt 0.68750 0.07211
vn 0.3928 -0.9049 0.1638
v 0.72223 0.51668 0.52392
vt 0.68750 0.14422
vn 0.5289 -0.8031 -0.2744
v 0.78284 0.55479 0.55589
vt 0.75000 0.14422
vn 0.6732 -0.7124 -0.1983
v 0.70001 0.50360 0.59126
vt 0.68750 0.07211
vn 0.3928 -0.9049 0.1638
v 0.78284 0.55479 0.55589
vt 0.75000 0.14422
vn 0.6732 -0.7124 -0.1983
v 0.75456 0.53789 0.62004
vt 0.75000 0.07211
vn 0.5000 -0.8375 0.2203
v 0.75456 0.53789 0.62004
vt 0.75000 0.07211
vn 0.5000 -0.8375 0.2203
v 0.78284 0.55479 0.55589
vt 0.75000 0.14422
vn 0.6732 -0.7124 -0.1983
v 0.83259 0.60123 0.59486
vt 0.81250 0.14422
vn 0.7916 -0.6019 -0.1056
v 0.75456 0.53789 0.62004
vt 0.75000 0.07211
vn 0.5000 -0.8375 0.2203
v 0.83259 0.60123 0.59486
vt 0.81250 0.14422
vn 0.7916 -0.6019 -0.1056
v 0.79933 0.57968 0.65510
vt 0.81250 0.07211
vn 0.5879 -0.7555 0.2892
v 0.79933 0.57968 0.65510
vt 0.81250 0.07211
vn 0.5879 -0.7555 0.2892
v 0.83259 0.60123 0.59486
vt 0.81250 0.14422
vn 0.7916 -0.6019 -0.1056
v 0.86955 0.65420 0.63931
vt 0.87500 0.14422
vn 0.8796 -0.4758 0.0002
v 0.79933 0.57968 0.65510
vt 0.81250 0.07211
vn 0.5879 -0.7555 0.2892
v 0.86955 0.65420 0.63931
vt 0.87500 0.14422
vn 0.8796 -0.4758 0.0002
v 0.83260 0.62736 0.69511
vt 0.87500 0.07211
vn 0.6533 -0.6618 0.3677
v 0.83260 0.62736 0.69511
vt 0.87500 0.07211
vn 0.6533 -0.6618 0.3677
v 0.86955 0.65420 0.63931
vt 0.87500 0.14422
vn 0.8796 -0.4758 0.0002
v 0.89231 0.71168 0.68754
vt 0.93750 0.14422
vn 0.9337 -0.3390 0.1150
v 0.83260 0.62736 0.69511
vt 0.87500 0.07211
vn 0.6533 -0.6618 0.3677
v 0.89231 0.71168 0.68754
vt 0.93750 0.14422
vn 0.9337 -0.3390 0.1150
v 0.85308 0.67909 0.73852
vt 0.93750 0.07211
vn 0.6935 -0.5602 0.4530
v 0.85308 0.67909 0.73852
vt 0.93750 0.07211
vn 0.6935 -0.5602 0.4530
v 0.89231 0.71168 0.68754
vt 0.93750 0.14422
vn 0.9337 -0.3390 0.1150
v 0.90000 0.77146 0.73770
vt 1.00000 0.14422
vn 0.9520 -0.1967 0.2344
v 0.85308 0.67909 0.73852
vt 0.93750 0.07211
vn 0.6935 -0.5602 0.4530
v 0.90000 0.77146 0.73770
vt 1.00000 0.14422
vn 0.9520 -0.1967 0.2344
v 0.86000 0.73289 0.78366
vt 1.00000 0.07211
vn 0.7071 -0.4545 0.5417
v 0.90000 0.77146 0.73770
vt 0.00000 0.14422
vn 0.9520 -0.1967 0.2344
v 0.90500 0.82288 0.67642
vt 0.00000 0.22438
vn 0.9233 0.2469 -0.2942
v 0.89722 0.88341 0.72721
vt 0.06250 0.22438
vn 0.9056 0.3849 -0.1784
v 0.90000 0.77146 0.73770
vt 0.00000 0.14422
vn 0.9520 -0.1967 0.2344
v 0.89722 0.88341 0.72721
vt 0.06250 0.22438
vn 0.9056 0.3849 -0.1784
v 0.89231 0.83124 0.78786
vt 0.06250 0.14422
vn 0.9337 -0.0544 0.3538
v 0.89231 0.83124 0.78786
vt 0.06250 0.14422
vn 0.9337 -0.0544 0.3538
v 0.89722 0.88341 0.72721
vt 0.06250 0.22438
vn 0.9056 0.3849 -0.1784
v 0.87417 0.94161 0.77604
vt 0.12500 0.22438
vn 0.8530 0.5176 -0.0671
v 0.89231 0.83124 0.78786
vt 0.06250 0.14422
vn 0.9337 -0.0544 0.3538
v 0.87417 0.94161 0.77604
vt 0.12500 0.22438
vn 0.8530 0.5176 -0.0671
v 0.86955 0.88872 0.83610
vt 0.12500 0.14422
vn 0.8796 0.0824 0.4686
v 0.86955 0.88872 0.83610
vt 0.12500 0.14422
vn 0.8796 0.0824 0.4686
v 0.87417 0.94161 0.77604
vt 0.12500 0.22438
vn 0.8530 0.5176 -0.0671
v 0.83675 0.99525 0.82105
vt 0.18750 0.22438
vn 0.7677 0.6398 0.0355
v 0.86955 0.88872 0.83610
vt 0.12500 0.14422
vn 0.8796 0.0824 0.4686
v 0.83675 0.99525 0.82105
vt 0.18750 0.22438
vn 0.7677 0.6398 0.0355
v 0.83259 0.94170 0.88055
vt 0.18750 0.14422
vn 0.7916 0.2085 0.5744
v 0.83259 0.94170 0.88055
vt 0.18750 0.14422
vn 0.7916 0.2085 0.5744
v 0.83675 0.99525 0.82105
vt 0.18750 0.22438
vn 0.7677 0.6398 0.0355
v 0.78638 1.04226 0.86050
vt 0.25000 0.22438
vn 0.6529 0.7470 0.1254
v 0.83259 0.94170 0.88055
vt 0.18750 0.14422
vn 0.7916 0.2085 0.5744
v 0.78638 1.04226 0.86050
vt 0.25000 0.22438
vn 0.6529 0.7470 0.1254
v 0.78284 0.98813 0.91951
vt 0.25000 0.14422
vn 0.6732 0.3190 0.6671
v 0.78284 0.98813 0.91951
vt 0.25000 0.14422
vn 0.6732 0.3190 0.6671
v 0.78638 1.04226 0.86050
vt 0.25000 0.22438
vn 0.6529 0.7470 0.1254
v 0.72501 1.08085 0.89287
vt 0.31250 0.22438
vn 0.5130 0.8350 0.1992
v 0.78284 0.98813 0.91951
vt 0.25000 0.14422
vn 0.6732 0.3190 0.6671
v 0.72501 1.08085 0.89287
vt 0.31250 0.22438
vn 0.5130 0.8350 0.1992
v 0.72223 1.02624 0.95148
vt 0.31250 0.14422
vn 0.5289 0.4097 0.7432
v 0.72223 1.02624 0.95148
vt 0.31250 0.14422
vn 0.5289 0.4097 0.7432
v 0.72501 1.08085 0.89287
vt 0.31250 0.22438
vn 0.5130 0.8350 0.1992
v 0.65499 1.10952 0.91693
vt 0.37500 0.22438
vn 0.3533 0.9003 0.2541
v 0.72223 1.02624 0.95148
vt 0.31250 0.14422
vn 0.5289 0.4097 0.7432
v 0.65499 1.10952 0.91693
vt 0.37500 0.22438
vn 0.3533 0.9003 0.2541
v 0.65307 1.05456 0.97524
vt 0.37500 0.14422
vn 0.3643 0.4771 0.7998
v 0.65307 1.05456 0.97524
vt 0.37500 0.14422
vn 0.3643 0.4771 0.7998
v 0.65499 1.10952 0.91693
vt 0.37500 0.22438
vn 0.3533 0.9003 0.2541
v 0.57901 1.12717 0.93174
vt 0.43750 0.22438
vn 0.1801 0.9406 0.2878
v 0.65307 1.05456 0.97524
vt 0.37500 0.14422
vn 0.3643 0.4771 0.7998
v 0.57901 1.12717 0.93174
vt 0.43750 0.22438
vn 0.1801 0.9406 0.2878
v 0.57804 1.07199 0.98988
vt 0.43750 0.14422
vn 0.1857 0.5186 0.8346
v 0.57804 1.07199 0.98988
vt 0.43750 0.14422
vn 0.1857 0.5186 0.8346
v 0.57901 1.12717 0.93174
vt 0.43750 0.22438
vn 0.1801 0.9406 0.2878
v 0.50000 1.13313 0.93675
vt 0.50000 0.22438
vn 0.0000 0.9542 0.2993
v 0.57804 1.07199 0.98988
vt 0.43750 0.14422
vn 0.1857 0.5186 0.8346
v 0.50000 1.13313 0.93675
vt 0.50000 0.22438
vn 0.0000 0.9542 0.2993
v 0.50000 1.07788 0.99482
vt 0.50000 0.14422
vn 0.0000 0.5326 0.8464
v 0.50000 1.07788 0.99482
vt 0.50000 0.14422
vn 0.0000 0.5326 0.8464
v 0.50000 1.13313 0.93675
vt 0.50000 0.22438
vn 0.0000 0.9542 0.2993
v 0.42099 1.12717 0.93174
vt 0.56250 0.22438
vn -0.1801 0.9406 0.2878
v 0.50000 1.07788 0.99482
vt 0.50000 0.14422
vn 0.0000 0.5326 0.8464
v 0.42099 1.12717 0.93174
vt 0.56250 0.22438
vn -0.1801 0.9406 0.2878
v 0.42196 1.07199 0.98988
vt 0.56250 0.14422
vn -0.1857 0.5186 0.8346
v 0.42196 1.07199 0.98988
vt 0.56250 0.14422
vn -0.1857 0.5186 0.8346
v 0.42099 1.12717 0.93174
vt 0.56250 0.22438
vn -0.1801 0.9406 0.2878
v 0.34501 1.10952 0.91693
vt 0.62500 0.22438
vn -0.3533 0.9003 0.2541
v 0.42196 1.07199 0.98988
vt 0.56250 0.14422
vn -0.1857 0.5186 0.8346
v 0.34501 1.10952 0.91693
vt 0.62500 0.22438
vn -0.3533 0.9003 0.2541
v 0.34693 1.05456 0.97524
vt 0.62500 0.14422
vn -0.3643 0.4771 0.7998
v 0.34693 1.05456 0.97524
vt 0.62500 0.14422
vn -0.3643 0.4771 0.7998
v 0.34501 1.10952 0.91693
vt 0.62500 0.22438
vn -0.3533 0.9003 0.2541
v 0.27499 1.08085 0.89287
vt 0.68750 0.22438
vn -0.5130 0.8350 0.1992
v 0.34693 1.05456 0.97524
vt 0.62500 0.14422
vn -0.3643 0.4771 0.7998
v 0.27499 1.08085 0.89287
vt 0.68750 0.22438
vn -0.5130 0.8350 0.1992
v 0.27777 1.02624 0.95148
vt 0.68750 0.14422
vn -0.5289 0.4097 0.7432
v 0.27777 1.02624 0.95148
vt 0.68750 0.14422
vn -0.5289 0.4097 0.7432
v 0.27499 1.08085 0.89287
vt 0.68750 0.22438
vn -0.5130 0.8350 0.1992
v 0.21362 1.04226 0.86050
vt 0.75000 0.22438
vn -0.6529 0.7470 0.1254
v 0.27777 1.02624 0.95148
vt 0.68750 0.14422
vn -0.5289 0.4097 0.7432
v 0.21362 1.04226 0.86050
vt 0.75000 0.22438
vn -0.6529 0.7470 0.1254
v 0.21716 0.98813 0.91951
vt 0.75000 0.14422
vn -0.6732 0.3190 0.6671
v 0.21716 0.98813 0.91951
vt 0.75000 0.14422
vn -0.6732 0.3190 0.6671
v 0.21362 1.04226 0.86050
vt 0.75000 0.22438
vn -0.6529 0.7470 0.1254
v 0.16325 0.99525 0.82105
vt 0.81250 0.22438
vn -0.7677 0.6398 0.0355
v 0.21716 0.98813 0.91951
vt 0.75000 0.14422
vn -0.6732 0.3190 0.6671
v 0.16325 0.99525 0.82105
vt 0.81250 0.22438
vn -0.7677 0.6398 0.0355
v 0.16741 0.94170 0.88055
vt 0.81250 0.14422
vn -0.7916 0.2085 0.5744
v 0.16741 0.94170 0.88055
vt 0.81250 0.14422
vn -0.7916 0.2085 0.5744
v 0.16325 0.99525 0.82105
vt 0.81250 0.22438
vn -0.7677 0.6398 0.0355
v 0.12583 0.94161 0.77604
vt 0.87500 0.22438
vn -0.8530 0.5176 -0.0671
v 0.16741 0.94170 0.88055
vt 0.81250 0.14422
vn -0.7916 0.2085 0.5744
v 0.12583 0.94161 0.77604
vt 0.87500 0.22438
vn -0.8530 0.5176 -0.0671
v 0.13045 0.88872 0.83610
vt 0.87500 0.14422
vn -0.8796 0.0824 0.4686
v 0.13045 0.88872 0.83610
vt 0.87500 0.14422
vn -0.8796 0.0824 0.4686
v 0.12583 0.94161 0.77604
vt 0.87500 0.22438
vn -0.8530 0.5176 -0.0671
v 0.10278 0.88341 0.72721
vt 0.93750 0.22438
vn -0.9056 0.3849 -0.1784
v 0.13045 0.88872 0.83610
vt 0.87500 0.14422
vn -0.8796 0.0824 0.4686
v 0.10278 0.88341 0.72721
vt 0.93750 0.22438
vn -0.9056 0.3849 -0.1784
v 0.10769 0.83124 0.78786
vt 0.93750 0.14422
vn -0.9337 -0.0544 0.3538
v 0.10769 0.83124 0.78786
vt 0.93750 0.14422
vn -0.9337 -0.0544 0.3538
v 0.10278 0.88341 0.72721
vt 0.93750 0.22438
vn -0.9056 0.3849 -0.1784
v 0.09500 0.82288 0.67642
vt 1.00000 0.22438
vn -0.9233 0.2469 -0.2942
v 0.10769 0.83124 0.78786
vt 0.93750 0.14422
vn -0.9337 -0.0544 0.3538
v 0.09500 0.82288 0.67642
vt 1.00000 0.22438
vn -0.9233 0.2469 -0.2942
v 0.10000 0.77146 0.73770
vt 1.00000 0.14422
vn -0.9520 -0.1967 0.2344
v 0.10000 0.77146 0.73770
vt 0.00000 0.14422
vn -0.9520 -0.1967 0.2344
v 0.09500 0.82288 0.67642
vt 0.00000 0.22438
vn -0.9233 0.2469 -0.2942
v 0.10278 0.76236 0.62563
vt 0.06250 0.22438
vn -0.9056 0.1089 -0.4100
v 0.10000 0.77146 0.73770
vt 0.00000 0.14422
vn -0.9520 -0.1967 0.2344
v 0.10278 0.76236 0.62563
vt 0.06250 0.22438
vn -0.9056 0.1089 -0.4100
v 0.10769 0.71168 0.68754
vt 0.06250 0.14422
vn -0.9337 -0.3390 0.1150
v 0.10769 0.71168 0.68754
vt 0.06250 0.14422
vn -0.9337 -0.3390 0.1150
v 0.10278 0.76236 0.62563
vt 0.06250 0.22438
vn -0.9056 0.1089 -0.4100
v 0.12583 0.70416 0.57679
vt 0.12500 0.22438
vn -0.8530 -0.0238 -0.5213
v 0.10769 0.71168 0.68754
vt 0.06250 0.14422
vn -0.9337 -0.3390 0.1150
v 0.12583 0.70416 0.57679
vt 0.12500 0.22438
vn -0.8530 -0.0238 -0.5213
v 0.13045 0.65420 0.63931
vt 0.12500 0.14422
vn -0.8796 -0.4758 0.0002
v 0.13045 0.65420 0.63931
vt 0.12500 0.14422
vn -0.8796 -0.4758 0.0002
v 0.12583 0.70416 0.57679
vt 0.12500 0.22438
vn -0.8530 -0.0238 -0.5213
v 0.16325 0.65052 0.53179
vt 0.18750 0.22438
vn -0.7677 -0.1461 -0.6240
v 0.13045 0.65420 0.63931
vt 0.12500 0.14422
vn -0.8796 -0.4758 0.0002
v 0.16325 0.65052 0.53179
vt 0.18750 0.22438
vn -0.7677 -0.1461 -0.6240
v 0.16741 0.60123 0.59486
vt 0.18750 0.14422
vn -0.7916 -0.6019 -0.1056
v 0.16741 0.60123 0.59486
vt 0.18750 0.14422
vn -0.7916 -0.6019 -0.1056
v 0.16325 0.65052 0.53179
vt 0.18750 0.22438
vn -0.7677 -0.1461 -0.6240
v 0.21362 0.60351 0.49234
vt 0.25000 0.22438
vn -0.6529 -0.2532 -0.7139
v 0.16741 0.60123 0.59486
vt 0.18750 0.14422
vn -0.7916 -0.6019 -0.1056
v 0.21362 0.60351 0.49234
vt 0.25000 0.22438
vn -0.6529 -0.2532 -0.7139
v 0.21716 0.55479 0.55589
vt 0.25000 0.14422
vn -0.6732 -0.7124 -0.1983
v 0.21716 0.55479 0.55589
vt 0.25000 0.14422
vn -0.6732 -0.7124 -0.1983
v 0.21362 0.60351 0.49234
vt 0.25000 0.22438
vn -0.6529 -0.2532 -0.7139
v 0.27499 0.56492 0.45996
vt 0.31250 0.22438
vn -0.5130 -0.3412 -0.7877
v 0.21716 0.55479 0.55589
vt 0.25000 0.14422
vn -0.6732 -0.7124 -0.1983
v 0.27499 0.56492 0.45996
vt 0.31250 0.22438
vn -0.5130 -0.3412 -0.7877
v 0.27777 0.51668 0.52392
vt 0.31250 0.14422
vn -0.5289 -0.8031 -0.2744
v 0.27777 0.51668 0.52392
vt 0.31250 0.14422
vn -0.5289 -0.8031 -0.2744
v 0.27499 0.56492 0.45996
vt 0.31250 0.22438
vn -0.5130 -0.3412 -0.7877
v 0.34501 0.53625 0.43591
vt 0.37500 0.22438
vn -0.3533 -0.4066 -0.8425
v 0.27777 0.51668 0.52392
vt 0.31250 0.14422
vn -0.5289 -0.8031 -0.2744
v 0.34501 0.53625 0.43591
vt 0.37500 0.22438
vn -0.3533 -0.4066 -0.8425
v 0.34693 0.48837 0.50016
vt 0.37500 0.14422
vn -0.3643 -0.8705 -0.3310
v 0.34693 0.48837 0.50016
vt 0.37500 0.14422
vn -0.3643 -0.8705 -0.3310
v 0.34501 0.53625 0.43591
vt 0.37500 0.22438
vn -0.3533 -0.4066 -0.8425
v 0.42099 0.51860 0.42109
vt 0.43750 0.22438
vn -0.1801 -0.4468 -0.8763
v 0.34693 0.48837 0.50016
vt 0.37500 0.14422
vn -0.3643 -0.8705 -0.3310
v 0.42099 0.51860 0.42109
vt 0.43750 0.22438
vn -0.1801 -0.4468 -0.8763
v 0.42196 0.47093 0.48553
vt 0.43750 0.14422
vn -0.1857 -0.9120 -0.3658
v 0.42196 0.47093 0.48553
vt 0.43750 0.14422
vn -0.1857 -0.9120 -0.3658
v 0.42099 0.51860 0.42109
vt 0.43750 0.22438
vn -0.1801 -0.4468 -0.8763
v 0.50000 0.51264 0.41609
vt 0.50000 0.22438
vn -0.0000 -0.4604 -0.8877
v 0.42196 0.47093 0.48553
vt 0.43750 0.14422
vn -0.1857 -0.9120 -0.3658
v 0.50000 0.51264 0.41609
vt 0.50000 0.22438
vn -0.0000 -0.4604 -0.8877
v 0.50000 0.46504 0.48059
vt 0.50000 0.14422
vn -0.0000 -0.9260 -0.3775
v 0.50000 0.46504 0.48059
vt 0.50000 0.14422
vn -0.0000 -0.9260 -0.3775
v 0.50000 0.51264 0.41609
vt 0.50000 0.22438
vn -0.0000 -0.4604 -0.8877
v 0.57901 0.51860 0.42109
vt 0.56250 0.22438
vn 0.1801 -0.4468 -0.8763
v 0.50000 0.46504 0.48059
vt 0.50000 0.14422
vn -0.0000 -0.9260 -0.3775
v 0.57901 0.51860 0.42109
vt 0.56250 0.22438
vn 0.1801 -0.4468 -0.8763
v 0.57804 0.47093 0.48553
vt 0.56250 0.14422
vn 0.1857 -0.9120 -0.3658
v 0.57804 0.47093 0.48553
vt 0.56250 0.14422
vn 0.1857 -0.9120 -0.3658
v 0.57901 0.51860 0.42109
vt 0.56250 0.22438
vn 0.1801 -0.4468 -0.8763
v 0.65499 0.53625 0.43591
vt 0.62500 0.22438
vn 0.3533 -0.4066 -0.8425
v 0.57804 0.47093 0.48553
vt 0.56250 0.14422
vn 0.1857 -0.9120 -0.3658
v 0.65499 0.53625 0.43591
vt 0.62500 0.22438
vn 0.3533 -0.4066 -0.8425
v 0.65307 0.48837 0.50016
vt 0.62500 0.14422
vn 0.3643 -0.8705 -0.3310
v 0.65307 0.48837 0.50016
vt 0.62500 0.14422
vn 0.3643 -0.8705 -0.3310
v 0.65499 0.53625 0.43591
vt 0.62500 0.22438
vn 0.3533 -0.4066 -0.8425
v 0.72501 0.56492 0.45996
vt 0.68750 0.22438
vn 0.5130 -0.3412 -0.7877
v 0.65307 0.48837 0.50016
vt 0.62500 0.14422
vn 0.3643 -0.8705 -0.3310
v 0.72501 0.56492 0.45996
vt 0.68750 0.22438
vn 0.5130 -0.3412 -0.7877
v 0.72223 0.51668 0.52392
vt 0.68750 0.14422
vn 0.5289 -0.8031 -0.2744
v 0.72223 0.51668 0.52392
vt 0.68750 0.14422
vn 0.5289 -0.8031 -0.2744
v 0.72501 0.56492 0.45996
vt 0.68750 0.22438
vn 0.5130 -0.3412 -0.7877
v 0.78638 0.60351 0.49234
vt 0.75000 0.22438
vn 0.6529 -0.2532 -0.7139
v 0.72223 0.51668 0.52392
vt 0.68750 0.14422
vn 0.5289 -0.8031 -0.2744
v 0.78638 0.60351 0.49234
vt 0.75000 0.22438
vn 0.6529 -0.2532 -0.7139
v 0.78284 0.55479 0.55589
vt 0.75000 0.14422
vn 0.6732 -0.7124 -0.1983
v 0.78284 0.55479 0.55589
vt 0.75000 0.14422
vn 0.6732 -0.7124 -0.1983
v 0.78638 0.60351 0.49234
vt 0.75000 0.22438
vn 0.6529 -0.2532 -0.7139
v 0.83675 0.65052 0.53179
vt 0.81250 0.22438
vn 0.7677 -0.1461 -0.6240
v 0.78284 0.55479 0.55589
vt 0.75000 0.14422
vn 0.6732 -0.7124 -0.1983
v 0.83675 0.65052 0.53179
vt 0.81250 0.22438
vn 0.7677 -0.1461 -0.6240
v 0.83259 0.60123 0.59486
vt 0.81250 0.14422
vn 0.7916 -0.6019 -0.1056
v 0.83259 0.60123 0.59486
vt 0.81250 0.14422
vn 0.7916 -0.6019 -0.1056
v 0.83675 0.65052 0.53179
vt 0.81250 0.22438
vn 0.7677 -0.1461 -0.6240
v 0.87417 0.70416 0.57679
vt 0.87500 0.22438
vn 0.8530 -0.0238 -0.5213
v 0.83259 0.60123 0.59486
vt 0.81250 0.14422
vn 0.7916 -0.6019 -0.1056
v 0.87417 0.70416 0.57679
vt 0.87500 0.22438
vn 0.8530 -0.0238 -0.5213
v 0.86955 0.65420 0.63931
vt 0.87500 0.14422
vn 0.8796 -0.4758 0.0002
v 0.86955 0.65420 0.63931
vt 0.87500 0.14422
vn 0.8796 -0.4758 0.0002
v 0.87417 0.70416 0.57679
vt 0.87500 0.22438
vn 0.8530 -0.0238 -0.5213
v 0.89722 0.76236 0.62563
vt 0.93750 0.22438
vn 0.9056 0.1089 -0.4100
v 0.86955 0.65420 0.63931
vt 0.87500 0.14422
vn 0.8796 -0.4758 0.0002
v 0.89722 0.76236 0.62563
vt 0.93750 0.22438
vn 0.9056 0.1089 -0.4100
v 0.89231 0.71168 0.68754
vt 0.93750 0.14422
vn 0.9337 -0.3390 0.1150
v 0.89231 0.71168 0.68754
vt 0.93750 0.14422
vn 0.9337 -0.3390 0.1150
v 0.89722 0.76236 0.62563
vt 0.93750 0.22438
vn 0.9056 0.1089 -0.4100
v 0.90500 0.82288 0.67642
vt 1.00000 0.22438
vn 0.9233 0.2469 -0.2942
v 0.89231 0.71168 0.68754
vt 0.93750 0.14422
vn 0.9337 -0.3390 0.1150
v 0.90500 0.82288 0.67642
vt 1.00000 0.22438
vn 0.9233 0.2469 -0.2942
v 0.90000 0.77146 0.73770
vt 1.00000 0.14422
vn 0.9520 -0.1967 0.2344
v 0.90500 0.82288 0.67642
vt 0.00000 0.22438
vn 0.9233 0.2469 -0.2942
v 0.84800 0.85181 0.64195
vt 0.00000 0.29700
vn 0.8224 0.3657 -0.4358
v 0.84131 0.90382 0.68559
vt 0.06250 0.29700
vn 0.8066 0.4886 -0.3326
v 0.90500 0.82288 0.67642
vt 0.00000 0.22438
vn 0.9233 0.2469 -0.2942
v 0.84131 0.90382 0.68559
vt 0.06250 0.29700
vn 0.8066 0.4886 -0.3326
v 0.89722 0.88341 0.72721
vt 0.06250 0.22438
vn 0.9056 0.3849 -0.1784
v 0.89722 0.88341 0.72721
vt 0.06250 0.22438
vn 0.9056 0.3849 -0.1784
v 0.84131 0.90382 0.68559
vt 0.06250 0.29700
vn 0.8066 0.4886 -0.3326
v 0.82151 0.95383 0.72755
vt 0.12500 0.29700
vn 0.7598 0.6068 -0.2335
v 0.89722 0.88341 0.72721
vt 0.06250 0.22438
vn 0.9056 0.3849 -0.1784
v 0.82151 0.95383 0.72755
vt 0.12500 0.29700
vn 0.7598 0.6068 -0.2335
v 0.87417 0.94161 0.77604
vt 0.12500 0.22438
vn 0.8530 0.5176 -0.0671
v 0.87417 0.94161 0.77604
vt 0.12500 0.22438
vn 0.8530 0.5176 -0.0671
v 0.82151 0.95383 0.72755
vt 0.12500 0.29700
vn 0.7598 0.6068 -0.2335
v 0.78935 0.99992 0.76622
vt 0.18750 0.29700
vn 0.6838 0.7157 -0.1421
v 0.87417 0.94161 0.77604
vt 0.12500 0.22438
vn 0.8530 0.5176 -0.0671
v 0.78935 0.99992 0.76622
vt 0.18750 0.29700
vn 0.6838 0.7157 -0.1421
v 0.83675 0.99525 0.82105
vt 0.18750 0.22438
vn 0.7677 0.6398 0.0355
v 0.83675 0.99525 0.82105
vt 0.18750 0.22438
vn 0.7677 0.6398 0.0355
v 0.78935 0.99992 0.76622
vt 0.18750 0.29700
vn 0.6838 0.7157 -0.1421
v 0.74607 1.04031 0.80012
vt 0.25000 0.29700
vn 0.5816 0.8111 -0.0620
v 0.83675 0.99525 0.82105
vt 0.18750 0.22438
vn 0.7677 0.6398 0.0355
v 0.74607 1.04031 0.80012
vt 0.25000 0.29700
vn 0.5816 0.8111 -0.0620
v 0.78638 1.04226 0.86050
vt 0.25000 0.22438
vn 0.6529 0.7470 0.1254
v 0.78638 1.04226 0.86050
vt 0.25000 0.22438
vn 0.6529 0.7470 0.1254
v 0.74607 1.04031 0.80012
vt 0.25000 0.29700
vn 0.5816 0.8111 -0.0620
v 0.69334 1.07347 0.82794
vt 0.31250 0.29700
vn 0.4569 0.8895 0.0038
v 0.78638 1.04226 0.86050
vt 0.25000 0.22438
vn 0.6529 0.7470 0.1254
v 0.69334 1.07347 0.82794
vt 0.31250 0.29700
vn 0.4569 0.8895 0.0038
v 0.72501 1.08085 0.89287
vt 0.31250 0.22438
vn 0.5130 0.8350 0.1992
v 0.72501 1.08085 0.89287
vt 0.31250 0.22438
vn 0.5130 0.8350 0.1992
v 0.69334 1.07347 0.82794
vt 0.31250 0.29700
vn 0.4569 0.8895 0.0038
v 0.63317 1.09810 0.84861
vt 0.37500 0.29700
vn 0.3147 0.9477 0.0526
v 0.72501 1.08085 0.89287
vt 0.31250 0.22438
vn 0.5130 0.8350 0.1992
v 0.63317 1.09810 0.84861
vt 0.37500 0.29700
vn 0.3147 0.9477 0.0526
v 0.65499 1.10952 0.91693
vt 0.37500 0.22438
vn 0.3533 0.9003 0.2541
v 0.65499 1.10952 0.91693
vt 0.37500 0.22438
vn 0.3533 0.9003 0.2541
v 0.63317 1.09810 0.84861
vt 0.37500 0.29700
vn 0.3147 0.9477 0.0526
v 0.56789 1.11327 0.86134
vt 0.43750 0.29700
vn 0.1604 0.9836 0.0827
v 0.65499 1.10952 0.91693
vt 0.37500 0.22438
vn 0.3533 0.9003 0.2541
v 0.56789 1.11327 0.86134
vt 0.43750 0.29700
vn 0.1604 0.9836 0.0827
v 0.57901 1.12717 0.93174
vt 0.43750 0.22438
vn 0.1801 0.9406 0.2878
v 0.57901 1.12717 0.93174
vt 0.43750 0.22438
vn 0.1801 0.9406 0.2878
v 0.56789 1.11327 0.86134
vt 0.43750 0.29700
vn 0.1604 0.9836 0.0827
v 0.50000 1.11839 0.86564
vt 0.50000 0.29700
vn 0.0000 0.9957 0.0929
v 0.57901 1.12717 0.93174
vt 0.43750 0.22438
vn 0.1801 0.9406 0.2878
v 0.50000 1.11839 0.86564
vt 0.50000 0.29700
vn 0.0000 0.9957 0.0929
v 0.50000 1.13313 0.93675
vt 0.50000 0.22438
vn 0.0000 0.9542 0.2993
v 0.50000 1.13313 0.93675
vt 0.50000 0.22438
vn 0.0000 0.9542 0.2993
v 0.50000 1.11839 0.86564
vt 0.50000 0.29700
vn 0.0000 0.9957 0.0929
v 0.43211 1.11327 0.86134
vt 0.56250 0.29700
vn -0.1604 0.9836 0.0827
v 0.50000 1.13313 0.93675
vt 0.50000 0.22438
vn 0.0000 0.9542 0.2993
v 0.43211 1.11327 0.86134
vt 0.56250 0.29700
vn -0.1604 0.9836 0.0827
v 0.42099 1.12717 0.93174
vt 0.56250 0.22438
vn -0.1801 0.9406 0.2878
v 0.42099 1.12717 0.93174
vt 0.56250 0.22438
vn -0.1801 0.9406 0.2878
v 0.43211 1.11327 0.86134
vt 0.56250 0.29700
vn -0.1604 0.9836 0.0827
v 0.36683 1.09810 0.84861
vt 0.62500 0.29700
vn -0.3147 0.9477 0.0526
v 0.42099 1.12717 0.93174
vt 0.56250 0.22438
vn -0.1801 0.9406 0.2878
v 0.36683 1.09810 0.84861
vt 0.62500 0.29700
vn -0.3147 0.9477 0.0526
v 0.34501 1.10952 0.91693
vt 0.62500 0.22438
vn -0.3533 0.9003 0.2541
v 0.34501 1.10952 0.91693
vt 0.62500 0.22438
vn -0.3533 0.9003 0.2541
v 0.36683 1.09810 0.84861
vt 0.62500 0.29700
vn -0.3147 0.9477 0.0526
v 0.30666 1.07347 0.82794
vt 0.68750 0.29700
vn -0.4569 0.8895 0.0038
v 0.34501 1.10952 0.91693
vt 0.62500 0.22438
vn -0.3533 0.9003 0.2541
v 0.30666 1.07347 0.82794
vt 0.68750 0.29700
vn -0.4569 0.8895 0.0038
v 0.27499 1.08085 0.89287
vt 0.68750 0.22438
vn -0.5130 0.8350 0.1992
v 0.27499 1.08085 0.89287
vt 0.68750 0.22438
vn -0.5130 0.8350 0.1992
v 0.30666 1.07347 0.82794
vt 0.68750 0.29700
vn -0.4569 0.8895 0.0038
v 0.25393 1.04031 0.80012
vt 0.75000 0.29700
vn -0.5816 0.8111 -0.0620
v 0.27499 1.08085 0.89287
vt 0.68750 0.22438
vn -0.5130 0.8350 0.1992
v 0.25393 1.04031 0.80012
vt 0.75000 0.29700
vn -0.5816 0.8111 -0.0620
v 0.21362 1.04226 0.86050
vt 0.75000 0.22438
vn -0.6529 0.7470 0.1254
v 0.21362 1.04226 0.86050
vt 0.75000 0.22438
vn -0.6529 0.7470 0.1254
v 0.25393 1.04031 0.80012
vt 0.75000 0.29700
vn -0.5816 0.8111 -0.0620
v 0.21065 0.99992 0.76622
vt 0.81250 0.29700
vn -0.6838 0.7157 -0.1421
v 0.21362 1.04226 0.86050
vt 0.75000 0.22438
vn -0.6529 0.7470 0.1254
v 0.21065 0.99992 0.76622
vt 0.81250 0.29700
vn -0.6838 0.7157 -0.1421
v 0.16325 0.99525 0.82105
vt 0.81250 0.22438
vn -0.7677 0.6398 0.0355
v 0.16325 0.99525 0.82105
vt 0.81250 0.22438
vn -0.7677 0.6398 0.0355
v 0.21065 0.99992 0.76622
vt 0.81250 0.29700
vn -0.6838 0.7157 -0.1421
v 0.17849 0.95383 0.72755
vt 0.87500 0.29700
vn -0.7598 0.6068 -0.2335
v 0.16325 0.99525 0.82105
vt 0.81250 0.22438
vn -0.7677 0.6398 0.0355
v 0.17849 0.95383 0.72755
vt 0.87500 0.29700
vn -0.7598 0.6068 -0.2335
v 0.12583 0.94161 0.77604
vt 0.87500 0.22438
vn -0.8530 0.5176 -0.0671
v 0.12583 0.94161 0.77604
vt 0.87500 0.22438
vn -0.8530 0.5176 -0.0671
v 0.17849 0.95383 0.72755
vt 0.87500 0.29700
vn -0.7598 0.6068 -0.2335
v 0.15869 0.90382 0.68559
vt 0.93750 0.29700
vn -0.8066 0.4886 -0.3326
v 0.12583 0.94161 0.77604
vt 0.87500 0.22438
vn -0.8530 0.5176 -0.0671
v 0.15869 0.90382 0.68559
vt 0.93750 0.29700
vn -0.8066 0.4886 -0.3326
v 0.10278 0.88341 0.72721
vt 0.93750 0.22438
vn -0.9056 0.3849 -0.1784
v 0.10278 0.88341 0.72721
vt 0.93750 0.22438
vn -0.9056 0.3849 -0.1784
v 0.15869 0.90382 0.68559
vt 0.93750 0.29700
vn -0.8066 0.4886 -0.3326
v 0.15200 0.85181 0.64195
vt 1.00000 0.29700
vn -0.8224 0.3657 -0.4358
v 0.10278 0.88341 0.72721
vt 0.93750 0.22438
vn -0.9056 0.3849 -0.1784
v 0.15200 0.85181 0.64195
vt 1.00000 0.29700
vn -0.8224 0.3657 -0.4358
v 0.09500 0.82288 0.67642
vt 1.00000 0.22438
vn -0.9233 0.2469 -0.2942
v 0.09500 0.82288 0.67642
vt 0.00000 0.22438
vn -0.9233 0.2469 -0.2942
v 0.15200 0.85181 0.64195
vt 0.00000 0.29700
vn -0.8224 0.3657 -0.4358
v 0.15869 0.79980 0.59831
vt 0.06250 0.29700
vn -0.8066 0.2427 -0.5389
v 0.09500 0.82288 0.67642
vt 0.00000 0.22438
vn -0.9233 0.2469 -0.2942
v 0.15869 0.79980 0.59831
vt 0.06250 0.29700
vn -0.8066 0.2427 -0.5389
v 0.10278 0.76236 0.62563
vt 0.06250 0.22438
vn -0.9056 0.1089 -0.4100
v 0.10278 0.76236 0.62563
vt 0.06250 0.22438
vn -0.9056 0.1089 -0.4100
v 0.15869 0.79980 0.59831
vt 0.06250 0.29700
vn -0.8066 0.2427 -0.5389
v 0.17849 0.74979 0.55634
vt 0.12500 0.29700
vn -0.7598 0.1246 -0.6381
v 0.10278 0.76236 0.62563
vt 0.06250 0.22438
vn -0.9056 0.1089 -0.4100
v 0.17849 0.74979 0.55634
vt 0.12500 0.29700
vn -0.7598 0.1246 -0.6381
v 0.12583 0.70416 0.57679
vt 0.12500 0.22438
vn -0.8530 -0.0238 -0.5213
v 0.12583 0.70416 0.57679
vt 0.12500 0.22438
vn -0.8530 -0.0238 -0.5213
v 0.17849 0.74979 0.55634
vt 0.12500 0.29700
vn -0.7598 0.1246 -0.6381
v 0.21065 0.70370 0.51767
vt 0.18750 0.29700
vn -0.6838 0.0156 -0.7295
v 0.12583 0.70416 0.57679
vt 0.12500 0.22438
vn -0.8530 -0.0238 -0.5213
v 0.21065 0.70370 0.51767
vt 0.18750 0.29700
vn -0.6838 0.0156 -0.7295
v 0.16325 0.65052 0.53179
vt 0.18750 0.22438
vn -0.7677 -0.1461 -0.6240
v 0.16325 0.65052 0.53179
vt 0.18750 0.22438
vn -0.7677 -0.1461 -0.6240
v 0.21065 0.70370 0.51767
vt 0.18750 0.29700
vn -0.6838 0.0156 -0.7295
v 0.25393 0.66331 0.48377
vt 0.25000 0.29700
vn -0.5816 -0.0798 -0.8096
v 0.16325 0.65052 0.53179
vt 0.18750 0.22438
vn -0.7677 -0.1461 -0.6240
v 0.25393 0.66331 0.48377
vt 0.25000 0.29700
vn -0.5816 -0.0798 -0.8096
v 0.21362 0.60351 0.49234
vt 0.25000 0.22438
vn -0.6529 -0.2532 -0.7139
v 0.21362 0.60351 0.49234
vt 0.25000 0.22438
vn -0.6529 -0.2532 -0.7139
v 0.25393 0.66331 0.48377
vt 0.25000 0.29700
vn -0.5816 -0.0798 -0.8096
v 0.30666 0.63015 0.45595
vt 0.31250 0.29700
vn -0.4569 -0.1582 -0.8753
v 0.21362 0.60351 0.49234
vt 0.25000 0.22438
vn -0.6529 -0.2532 -0.7139
v 0.30666 0.63015 0.45595
vt 0.31250 0.29700
vn -0.4569 -0.1582 -0.8753
v 0.27499 0.56492 0.45996
vt 0.31250 0.22438
vn -0.5130 -0.3412 -0.7877
v 0.27499 0.56492 0.45996
vt 0.31250 0.22438
vn -0.5130 -0.3412 -0.7877
v 0.30666 0.63015 0.45595
vt 0.31250 0.29700
vn -0.4569 -0.1582 -0.8753
v 0.36683 0.60552 0.43528
vt 0.37500 0.29700
vn -0.3147 -0.2164 -0.9242
v 0.27499 0.56492 0.45996
vt 0.31250 0.22438
vn -0.5130 -0.3412 -0.7877
v 0.36683 0.60552 0.43528
vt 0.37500 0.29700
vn -0.3147 -0.2164 -0.9242
v 0.34501 0.53625 0.43591
vt 0.37500 0.22438
vn -0.3533 -0.4066 -0.8425
v 0.34501 0.53625 0.43591
vt 0.37500 0.22438
vn -0.3533 -0.4066 -0.8425
v 0.36683 0.60552 0.43528
vt 0.37500 0.29700
vn -0.3147 -0.2164 -0.9242
v 0.43211 0.59035 0.42255
vt 0.43750 0.29700
vn -0.1604 -0.2523 -0.9543
v 0.34501 0.53625 0.43591
vt 0.37500 0.22438
vn -0.3533 -0.4066 -0.8425
v 0.43211 0.59035 0.42255
vt 0.43750 0.29700
vn -0.1604 -0.2523 -0.9543
v 0.42099 0.51860 0.42109
vt 0.43750 0.22438
vn -0.1801 -0.4468 -0.8763
v 0.42099 0.51860 0.42109
vt 0.43750 0.22438
vn -0.1801 -0.4468 -0.8763
v 0.43211 0.59035 0.42255
vt 0.43750 0.29700
vn -0.1604 -0.2523 -0.9543
v 0.50000 0.58523 0.41826
vt 0.50000 0.29700
vn 0.0000 -0.2644 -0.9644
v 0.42099 0.51860 0.42109
vt 0.43750 0.22438
vn -0.1801 -0.4468 -0.8763
v 0.50000 0.58523 0.41826
vt 0.50000 0.29700
vn 0.0000 -0.2644 -0.9644
v 0.50000 0.51264 0.41609
vt 0.50000 0.22438
vn -0.0000 -0.4604 -0.8877
v 0.50000 0.51264 0.41609
vt 0.50000 0.22438
vn -0.0000 -0.4604 -0.8877
v 0.50000 0.58523 0.41826
vt 0.50000 0.29700
vn 0.0000 -0.2644 -0.9644
v 0.56789 0.59035 0.42255
vt 0.56250 0.29700
vn 0.1604 -0.2523 -0.9543
v 0.50000 0.51264 0.41609
vt 0.50000 0.22438
vn -0.0000 -0.4604 -0.8877
v 0.56789 0.59035 0.42255
vt 0.56250 0.29700
vn 0.1604 -0.2523 -0.9543
v 0.57901 0.51860 0.42109
vt 0.56250 0.22438
vn 0.1801 -0.4468 -0.8763
v 0.57901 0.51860 0.42109
vt 0.56250 0.22438
vn 0.1801 -0.4468 -0.8763
v 0.56789 0.59035 0.42255
vt 0.56250 0.29700
vn 0.1604 -0.2523 -0.9543
v 0.63317 0.60552 0.43528
vt 0.62500 0.29700
vn 0.3147 -0.2164 -0.9242
v 0.57901 0.51860 0.42109
vt 0.56250 0.22438
vn 0.1801 -0.4468 -0.8763
v 0.63317 0.60552 0.43528
vt 0.62500 0.29700
vn 0.3147 -0.2164 -0.9242
v 0.65499 0.53625 0.43591
vt 0.62500 0.22438
vn 0.3533 -0.4066 -0.8425
v 0.65499 0.53625 0.43591
vt 0.62500 0.22438
vn 0.3533 -0.4066 -0.8425
v 0.63317 0.60552 0.43528
vt 0.62500 0.29700
vn 0.3147 -0.2164 -0.9242
v 0.69334 0.63015 0.45595
vt 0.68750 0.29700
vn 0.4569 -0.1582 -0.8753
v 0.65499 0.53625 0.43591
vt 0.62500 0.22438
vn 0.3533 -0.4066 -0.8425
v 0.69334 0.63015 0.45595
vt 0.68750 0.29700
vn 0.4569 -0.1582 -0.8753
v 0.72501 0.56492 0.45996
vt 0.68750 0.22438
vn 0.5130 -0.3412 -0.7877
v 0.72501 0.56492 0.45996
vt 0.68750 0.22438
vn 0.5130 -0.3412 -0.7877
v 0.69334 0.63015 0.45595
vt 0.68750 0.29700
vn 0.4569 -0.1582 -0.8753
v 0.74607 0.66331 0.48377
vt 0.75000 0.29700
vn 0.5816 -0.0798 -0.8096
v 0.72501 0.56492 0.45996
vt 0.68750 0.22438
vn 0.5130 -0.3412 -0.7877
v 0.74607 0.66331 0.48377
vt 0.75000 0.29700
vn 0.5816 -0.0798 -0.8096
v 0.78638 0.60351 0.49234
vt 0.75000 0.22438
vn 0.6529 -0.2532 -0.7139
v 0.78638 0.60351 0.49234
vt 0.75000 0.22438
vn 0.6529 -0.2532 -0.7139
v 0.74607 0.66331 0.48377
vt 0.75000 0.29700
vn 0.5816 -0.0798 -0.8096
v 0.78935 0.70370 0.51767
vt 0.81250 0.29700
vn 0.6838 0.0156 -0.7295
v 0.78638 0.60351 0.49234
vt 0.75000 0.22438
vn 0.6529 -0.2532 -0.7139
v 0.78935 0.70370 0.51767
vt 0.81250 0.29700
vn 0.6838 0.0156 -0.7295
v 0.83675 0.65052 0.53179
vt 0.81250 0.22438
vn 0.7677 -0.1461 -0.6240
v 0.83675 0.65052 0.53179
vt 0.81250 0.22438
vn 0.7677 -0.1461 -0.6240
v 0.78935 0.70370 0.51767
vt 0.81250 0.29700
vn 0.6838 0.0156 -0.7295
v 0.82151 0.74979 0.55634
vt 0.87500 0.29700
vn 0.7598 0.1246 -0.6381
v 0.83675 0.65052 0.53179
vt 0.81250 0.22438
vn 0.7677 -0.1461 -0.6240
v 0.82151 0.74979 0.55634
vt 0.87500 0.29700
vn 0.7598 0.1246 -0.6381
v 0.87417 0.70416 0.57679
vt 0.87500 0.22438
vn 0.8530 -0.0238 -0.5213
v 0.87417 0.70416 0.57679
vt 0.87500 0.22438
vn 0.8530 -0.0238 -0.5213
v 0.82151 0.74979 0.55634
vt 0.87500 0.29700
vn 0.7598 0.1246 -0.6381
v 0.84131 0.79980 0.59831
vt 0.93750 0.29700
vn 0.8066 0.2427 -0.5389
v 0.87417 0.70416 0.57679
vt 0.87500 0.22438
vn 0.8530 -0.0238 -0.5213
v 0.84131 0.79980 0.59831
vt 0.93750 0.29700
vn 0.8066 0.2427 -0.5389
v 0.89722 0.76236 0.62563
vt 0.93750 0.22438
vn 0.9056 0.1089 -0.4100
v 0.89722 0.76236 0.62563
vt 0.93750 0.22438
vn 0.9056 0.1089 -0.4100
v 0.84131 0.79980 0.59831
vt 0.93750 0.29700
vn 0.8066 0.2427 -0.5389
v 0.84800 0.85181 0.64195
vt 1.00000 0.29700
vn 0.8224 0.3657 -0.4358
v 0.89722 0.76236 0.62563
vt 0.93750 0.22438
vn 0.9056 0.1089 -0.4100
v 0.84800 0.85181 0.64195
vt 1.00000 0.29700
vn 0.8224 0.3657 -0.4358
v 0.90500 0.82288 0.67642
vt 1.00000 0.22438
vn 0.9233 0.2469 -0.2942
v 0.84800 0.85181 0.64195
vt 0.00000 0.29700
vn 0.8224 0.3657 -0.4358
v 0.82200 0.90002 0.58449
vt 0.00000 0.37638
vn 0.9943 0.0687 -0.0818
v 0.81581 0.94814 0.62487
vt 0.06250 0.37638
vn 0.9752 0.2173 0.0428
v 0.84800 0.85181 0.64195
vt 0.00000 0.29700
vn 0.8224 0.3657 -0.4358
v 0.81581 0.94814 0.62487
vt 0.06250 0.37638
vn 0.9752 0.2173 0.0428
v 0.84131 0.90382 0.68559
vt 0.06250 0.29700
vn 0.8066 0.4886 -0.3326
v 0.84131 0.90382 0.68559
vt 0.06250 0.29700
vn 0.8066 0.4886 -0.3326
v 0.81581 0.94814 0.62487
vt 0.06250 0.37638
vn 0.9752 0.2173 0.0428
v 0.79749 0.99441 0.66370
vt 0.12500 0.37638
vn 0.9186 0.3602 0.1627
v 0.84131 0.90382 0.68559
vt 0.06250 0.29700
vn 0.8066 0.4886 -0.3326
v 0.79749 0.99441 0.66370
vt 0.12500 0.37638
vn 0.9186 0.3602 0.1627
v 0.82151 0.95383 0.72755
vt 0.12500 0.29700
vn 0.7598 0.6068 -0.2335
v 0.82151 0.95383 0.72755
vt 0.12500 0.29700
vn 0.7598 0.6068 -0.2335
v 0.79749 0.99441 0.66370
vt 0.12500 0.37638
vn 0.9186 0.3602 0.1627
v 0.76773 1.03706 0.69948
vt 0.18750 0.37638
vn 0.8267 0.4918 0.2732
v 0.82151 0.95383 0.72755
vt 0.12500 0.29700
vn 0.7598 0.6068 -0.2335
v 0.76773 1.03706 0.69948
vt 0.18750 0.37638
vn 0.8267 0.4918 0.2732
v 0.78935 0.99992 0.76622
vt 0.18750 0.29700
vn 0.6838 0.7157 -0.1421
v 0.78935 0.99992 0.76622
vt 0.18750 0.29700
vn 0.6838 0.7157 -0.1421
v 0.76773 1.03706 0.69948
vt 0.18750 0.37638
vn 0.8267 0.4918 0.2732
v 0.72769 1.07444 0.73085
vt 0.25000 0.37638
vn 0.7031 0.6073 0.3701
v 0.78935 0.99992 0.76622
vt 0.18750 0.29700
vn 0.6838 0.7157 -0.1421
v 0.72769 1.07444 0.73085
vt 0.25000 0.37638
vn 0.7031 0.6073 0.3701
v 0.74607 1.04031 0.80012
vt 0.25000 0.29700
vn 0.5816 0.8111 -0.0620
v 0.74607 1.04031 0.80012
vt 0.25000 0.29700
vn 0.5816 0.8111 -0.0620
v 0.72769 1.07444 0.73085
vt 0.25000 0.37638
vn 0.7031 0.6073 0.3701
v 0.67889 1.10512 0.75659
vt 0.31250 0.37638
vn 0.5524 0.7020 0.4495
v 0.74607 1.04031 0.80012
vt 0.25000 0.29700
vn 0.5816 0.8111 -0.0620
v 0.67889 1.10512 0.75659
vt 0.31250 0.37638
vn 0.5524 0.7020 0.4495
v 0.69334 1.07347 0.82794
vt 0.31250 0.29700
vn 0.4569 0.8895 0.0038
v 0.69334 1.07347 0.82794
vt 0.31250 0.29700
vn 0.4569 0.8895 0.0038
v 0.67889 1.10512 0.75659
vt 0.31250 0.37638
vn 0.5524 0.7020 0.4495
v 0.62322 1.12791 0.77571
vt 0.37500 0.37638
vn 0.3805 0.7724 0.5086
v 0.69334 1.07347 0.82794
vt 0.31250 0.29700
vn 0.4569 0.8895 0.0038
v 0.62322 1.12791 0.77571
vt 0.37500 0.37638
vn 0.3805 0.7724 0.5086
v 0.63317 1.09810 0.84861
vt 0.37500 0.29700
vn 0.3147 0.9477 0.0526
v 0.63317 1.09810 0.84861
vt 0.37500 0.29700
vn 0.3147 0.9477 0.0526
v 0.62322 1.12791 0.77571
vt 0.37500 0.37638
vn 0.3805 0.7724 0.5086
v 0.56282 1.14195 0.78749
vt 0.43750 0.37638
vn 0.1940 0.8157 0.5450
v 0.63317 1.09810 0.84861
vt 0.37500 0.29700
vn 0.3147 0.9477 0.0526
v 0.56282 1.14195 0.78749
vt 0.43750 0.37638
vn 0.1940 0.8157 0.5450
v 0.56789 1.11327 0.86134
vt 0.43750 0.29700
vn 0.1604 0.9836 0.0827
v 0.56789 1.11327 0.86134
vt 0.43750 0.29700
vn 0.1604 0.9836 0.0827
v 0.56282 1.14195 0.78749
vt 0.43750 0.37638
vn 0.1940 0.8157 0.5450
v 0.50000 1.14669 0.79147
vt 0.50000 0.37638
vn 0.0000 0.8303 0.5573
v 0.56789 1.11327 0.86134
vt 0.43750 0.29700
vn 0.1604 0.9836 0.0827
v 0.50000 1.14669 0.79147
vt 0.50000 0.37638
vn 0.0000 0.8303 0.5573
v 0.50000 1.11839 0.86564
vt 0.50000 0.29700
vn 0.0000 0.9957 0.0929
v 0.50000 1.11839 0.86564
vt 0.50000 0.29700
vn 0.0000 0.9957 0.0929
v 0.50000 1.14669 0.79147
vt 0.50000 0.37638
vn 0.0000 0.8303 0.5573
v 0.43718 1.14195 0.78749
vt 0.56250 0.37638
vn -0.1940 0.8157 0.5450
v 0.50000 1.11839 0.86564
vt 0.50000 0.29700
vn 0.0000 0.9957 0.0929
v 0.43718 1.14195 0.78749
vt 0.56250 0.37638
vn -0.1940 0.8157 0.5450
v 0.43211 1.11327 0.86134
vt 0.56250 0.29700
vn -0.1604 0.9836 0.0827
v 0.43211 1.11327 0.86134
vt 0.56250 0.29700
vn -0.1604 0.9836 0.0827
v 0.43718 1.14195 0.78749
vt 0.56250 0.37638
vn -0.1940 0.8157 0.5450
v 0.37678 1.12791 0.77571
vt 0.62500 0.37638
vn -0.3805 0.7724 0.5086
v 0.43211 1.11327 0.86134
vt 0.56250 0.29700
vn -0.1604 0.9836 0.0827
v 0.37678 1.12791 0.77571
vt 0.62500 0.37638
vn -0.3805 0.7724 0.5086
v 0.36683 1.09810 0.84861
vt 0.62500 0.29700
vn -0.3147 0.9477 0.0526
v 0.36683 1.09810 0.84861
vt 0.62500 0.29700
vn -0.3147 0.9477 0.0526
v 0.37678 1.12791 0.77571
vt 0.62500 0.37638
vn -0.3805 0.7724 0.5086
v 0.32111 1.10512 0.75659
vt 0.68750 0.37638
vn -0.5524 0.7020 0.4495
v 0.36683 1.09810 0.84861
vt 0.62500 0.29700
vn -0.3147 0.9477 0.0526
v 0.32111 1.10512 0.75659
vt 0.68750 0.37638
vn -0.5524 0.7020 0.4495
v 0.30666 1.07347 0.82794
vt 0.68750 0.29700
vn -0.4569 0.8895 0.0038
v 0.30666 1.07347 0.82794
vt 0.68750 0.29700
vn -0.4569 0.8895 0.0038
v 0.32111 1.10512 0.75659
vt 0.68750 0.37638
vn -0.5524 0.7020 0.4495
v 0.27231 1.07444 0.73085
vt 0.75000 0.37638
vn -0.7031 0.6073 0.3701
v 0.30666 1.07347 0.82794
vt 0.68750 0.29700
vn -0.4569 0.8895 0.0038
v 0.27231 1.07444 0.73085
vt 0.75000 0.37638
vn -0.7031 0.6073 0.3701
v 0.25393 1.04031 0.80012
vt 0.75000 0.29700
vn -0.5816 0.8111 -0.0620
v 0.25393 1.04031 0.80012
vt 0.75000 0.29700
vn -0.5816 0.8111 -0.0620
v 0.27231 1.07444 0.73085
vt 0.75000 0.37638
vn -0.7031 0.6073 0.3701
v 0.23227 1.03706 0.69948
vt 0.81250 0.37638
vn -0.8267 0.4918 0.2732
v 0.25393 1.04031 0.80012
vt 0.75000 0.29700
vn -0.5816 0.8111 -0.0620
v 0.23227 1.03706 0.69948
vt 0.81250 0.37638
vn -0.8267 0.4918 0.2732
v 0.21065 0.99992 0.76622
vt 0.81250 0.29700
vn -0.6838 0.7157 -0.1421
v 0.21065 0.99992 0.76622
vt 0.81250 0.29700
vn -0.6838 0.7157 -0.1421
v 0.23227 1.03706 0.69948
vt 0.81250 0.37638
vn -0.8267 0.4918 0.2732
v 0.20251 0.99441 0.66370
vt 0.87500 0.37638
vn -0.9186 0.3602 0.1627
v 0.21065 0.99992 0.76622
vt 0.81250 0.29700
vn -0.6838 0.7157 -0.1421
v 0.20251 0.99441 0.66370
vt 0.87500 0.37638
vn -0.9186 0.3602 0.1627
v 0.17849 0.95383 0.72755
vt 0.87500 0.29700
vn -0.7598 0.6068 -0.2335
v 0.17849 0.95383 0.72755
vt 0.87500 0.29700
vn -0.7598 0.6068 -0.2335
v 0.20251 0.99441 0.66370
vt 0.87500 0.37638
vn -0.9186 0.3602 0.1627
v 0.18419 0.94814 0.62487
vt 0.93750 0.37638
vn -0.9752 0.2173 0.0428
v 0.17849 0.95383 0.72755
vt 0.87500 0.29700
vn -0.7598 0.6068 -0.2335
v 0.18419 0.94814 0.62487
vt 0.93750 0.37638
vn -0.9752 0.2173 0.0428
v 0.15869 0.90382 0.68559
vt 0.93750 0.29700
vn -0.8066 0.4886 -0.3326
v 0.15869 0.90382 0.68559
vt 0.93750 0.29700
vn -0.8066 0.4886 -0.3326
v 0.18419 0.94814 0.62487
vt 0.93750 0.37638
vn -0.9752 0.2173 0.0428
v 0.17800 0.90002 0.58449
vt 1.00000 0.37638
vn -0.9943 0.0687 -0.0818
v 0.15869 0.90382 0.68559
vt 0.93750 0.29700
vn -0.8066 0.4886 -0.3326
v 0.17800 0.90002 0.58449
vt 1.00000 0.37638
vn -0.9943 0.0687 -0.0818
v 0.15200 0.85181 0.64195
vt 1.00000 0.29700
vn -0.8224 0.3657 -0.4358
v 0.15200 0.85181 0.64195
vt 0.00000 0.29700
vn -0.8224 0.3657 -0.4358
v 0.17800 0.90002 0.58449
vt 0.00000 0.37638
vn -0.9943 0.0687 -0.0818
v 0.18419 0.85190 0.54411
vt 0.06250 0.37638
vn -0.9752 -0.0799 -0.2065
v 0.15200 0.85181 0.64195
vt 0.00000 0.29700
vn -0.8224 0.3657 -0.4358
v 0.18419 0.85190 0.54411
vt 0.06250 0.37638
vn -0.9752 -0.0799 -0.2065
v 0.15869 0.79980 0.59831
vt 0.06250 0.29700
vn -0.8066 0.2427 -0.5389
v 0.15869 0.79980 0.59831
vt 0.06250 0.29700
vn -0.8066 0.2427 -0.5389
v 0.18419 0.85190 0.54411
vt 0.06250 0.37638
vn -0.9752 -0.0799 -0.2065
v 0.20251 0.80562 0.50529
vt 0.12500 0.37638
vn -0.9186 -0.2228 -0.3264
v 0.15869 0.79980 0.59831
vt 0.06250 0.29700
vn -0.8066 0.2427 -0.5389
v 0.20251 0.80562 0.50529
vt 0.12500 0.37638
vn -0.9186 -0.2228 -0.3264
v 0.17849 0.74979 0.55634
vt 0.12500 0.29700
vn -0.7598 0.1246 -0.6381
v 0.17849 0.74979 0.55634
vt 0.12500 0.29700
vn -0.7598 0.1246 -0.6381
v 0.20251 0.80562 0.50529
vt 0.12500 0.37638
vn -0.9186 -0.2228 -0.3264
v 0.23227 0.76298 0.46950
vt 0.18750 0.37638
vn -0.8267 -0.3545 -0.4369
v 0.17849 0.74979 0.55634
vt 0.12500 0.29700
vn -0.7598 0.1246 -0.6381
v 0.23227 0.76298 0.46950
vt 0.18750 0.37638
vn -0.8267 -0.3545 -0.4369
v 0.21065 0.70370 0.51767
vt 0.18750 0.29700
vn -0.6838 0.0156 -0.7295
v 0.21065 0.70370 0.51767
vt 0.18750 0.29700
vn -0.6838 0.0156 -0.7295
v 0.23227 0.76298 0.46950
vt 0.18750 0.37638
vn -0.8267 -0.3545 -0.4369
v 0.27231 0.72560 0.43814
vt 0.25000 0.37638
vn -0.7031 -0.4699 -0.5338
v 0.21065 0.70370 0.51767
vt 0.18750 0.29700
vn -0.6838 0.0156 -0.7295
v 0.27231 0.72560 0.43814
vt 0.25000 0.37638
vn -0.7031 -0.4699 -0.5338
v 0.25393 0.66331 0.48377
vt 0.25000 0.29700
vn -0.5816 -0.0798 -0.8096
v 0.25393 0.66331 0.48377
vt 0.25000 0.29700
vn -0.5816 -0.0798 -0.8096
v 0.27231 0.72560 0.43814
vt 0.25000 0.37638
vn -0.7031 -0.4699 -0.5338
v 0.32111 0.69492 0.41240
vt 0.31250 0.37638
vn -0.5524 -0.5646 -0.6132
v 0.25393 0.66331 0.48377
vt 0.25000 0.29700
vn -0.5816 -0.0798 -0.8096
v 0.32111 0.69492 0.41240
vt 0.31250 0.37638
vn -0.5524 -0.5646 -0.6132
v 0.30666 0.63015 0.45595
vt 0.31250 0.29700
vn -0.4569 -0.1582 -0.8753
v 0.30666 0.63015 0.45595
vt 0.31250 0.29700
vn -0.4569 -0.1582 -0.8753
v 0.32111 0.69492 0.41240
vt 0.31250 0.37638
vn -0.5524 -0.5646 -0.6132
v 0.37678 0.67213 0.39327
vt 0.37500 0.37638
vn -0.3805 -0.6350 -0.6723
v 0.30666 0.63015 0.45595
vt 0.31250 0.29700
vn -0.4569 -0.1582 -0.8753
v 0.37678 0.67213 0.39327
vt 0.37500 0.37638
vn -0.3805 -0.6350 -0.6723
v 0.36683 0.60552 0.43528
vt 0.37500 0.29700
vn -0.3147 -0.2164 -0.9242
v 0.36683 0.60552 0.43528
vt 0.37500 0.29700
vn -0.3147 -0.2164 -0.9242
v 0.37678 0.67213 0.39327
vt 0.37500 0.37638
vn -0.3805 -0.6350 -0.6723
v 0.43718 0.65809 0.38149
vt 0.43750 0.37638
vn -0.1940 -0.6783 -0.7087
v 0.36683 0.60552 0.43528
vt 0.37500 0.29700
vn -0.3147 -0.2164 -0.9242
v 0.43718 0.65809 0.38149
vt 0.43750 0.37638
vn -0.1940 -0.6783 -0.7087
v 0.43211 0.59035 0.42255
vt 0.43750 0.29700
vn -0.1604 -0.2523 -0.9543
v 0.43211 0.59035 0.42255
vt 0.43750 0.29700
vn -0.1604 -0.2523 -0.9543
v 0.43718 0.65809 0.38149
vt 0.43750 0.37638
vn -0.1940 -0.6783 -0.7087
v 0.50000 0.65335 0.37751
vt 0.50000 0.37638
vn 0.0000 -0.6930 -0.7210
v 0.43211 0.59035 0.42255
vt 0.43750 0.29700
vn -0.1604 -0.2523 -0.9543
v 0.50000 0.65335 0.37751
vt 0.50000 0.37638
vn 0.0000 -0.6930 -0.7210
v 0.50000 0.58523 0.41826
vt 0.50000 0.29700
vn 0.0000 -0.2644 -0.9644
v 0.50000 0.58523 0.41826
vt 0.50000 0.29700
vn 0.0000 -0.2644 -0.9644
v 0.50000 0.65335 0.37751
vt 0.50000 0.37638
vn 0.0000 -0.6930 -0.7210
v 0.56282 0.65809 0.38149
vt 0.56250 0.37638
vn 0.1940 -0.6783 -0.7087
v 0.50000 0.58523 0.41826
vt 0.50000 0.29700
vn 0.0000 -0.2644 -0.9644
v 0.56282 0.65809 0.38149
vt 0.56250 0.37638
vn 0.1940 -0.6783 -0.7087
v 0.56789 0.59035 0.42255
vt 0.56250 0.29700
vn 0.1604 -0.2523 -0.9543
v 0.56789 0.59035 0.42255
vt 0.56250 0.29700
vn 0.1604 -0.2523 -0.9543
v 0.56282 0.65809 0.38149
vt 0.56250 0.37638
vn 0.1940 -0.6783 -0.7087
v 0.62322 0.67213 0.39327
vt 0.62500 0.37638
vn 0.3805 -0.6350 -0.6723
v 0.56789 0.59035 0.42255
vt 0.56250 0.29700
vn 0.1604 -0.2523 -0.9543
v 0.62322 0.67213 0.39327
vt 0.62500 0.37638
vn 0.3805 -0.6350 -0.6723
v 0.63317 0.60552 0.43528
vt 0.62500 0.29700
vn 0.3147 -0.2164 -0.9242
v 0.63317 0.60552 0.43528
vt 0.62500 0.29700
vn 0.3147 -0.2164 -0.9242
v 0.62322 0.67213 0.39327
vt 0.62500 0.37638
vn 0.3805 -0.6350 -0.6723
v 0.67889 0.69492 0.41240
vt 0.68750 0.37638
vn 0.5524 -0.5646 -0.6132
v 0.63317 0.60552 0.43528
vt 0.62500 0.29700
vn 0.3147 -0.2164 -0.9242
v 0.67889 0.69492 0.41240
vt 0.68750 0.37638
vn 0.5524 -0.5646 -0.6132
v 0.69334 0.63015 0.45595
vt 0.68750 0.29700
vn 0.4569 -0.1582 -0.8753
v 0.69334 0.63015 0.45595
vt 0.68750 0.29700
vn 0.4569 -0.1582 -0.8753
v 0.67889 0.69492 0.41240
vt 0.68750 0.37638
vn 0.5524 -0.5646 -0.6132
v 0.72769 0.72560 0.43814
vt 0.75000 0.37638
vn 0.7031 -0.4699 -0.5338
v 0.69334 0.63015 0.45595
vt 0.68750 0.29700
vn 0.4569 -0.1582 -0.8753
v 0.72769 0.72560 0.43814
vt 0.75000 0.37638
vn 0.7031 -0.4699 -0.5338
v 0.74607 0.66331 0.48377
vt 0.75000 0.29700
vn 0.5816 -0.0798 -0.8096
v 0.74607 0.66331 0.48377
vt 0.75000 0.29700
vn 0.5816 -0.0798 -0.8096
v 0.72769 0.72560 0.43814
vt 0.75000 0.37638
vn 0.7031 -0.4699 -0.5338
v 0.76773 0.76298 0.46950
vt 0.81250 0.37638
vn 0.8267 -0.3545 -0.4369
v 0.74607 0.66331 0.48377
vt 0.75000 0.29700
vn 0.5816 -0.0798 -0.8096
v 0.76773 0.76298 0.46950
vt 0.81250 0.37638
vn 0.8267 -0.3545 -0.4369
v 0.78935 0.70370 0.51767
vt 0.81250 0.29700
vn 0.6838 0.0156 -0.7295
v 0.78935 0.70370 0.51767
vt 0.81250 0.29700
vn 0.6838 0.0156 -0.7295
v 0.76773 0.76298 0.46950
vt 0.81250 0.37638
vn 0.8267 -0.3545 -0.4369
v 0.79749 0.80562 0.50529
vt 0.87500 0.37638
vn 0.9186 -0.2228 -0.3264
v 0.78935 0.70370 0.51767
vt 0.81250 0.29700
vn 0.6838 0.0156 -0.7295
v 0.79749 0.80562 0.50529
vt 0.87500 0.37638
vn 0.9186 -0.2228 -0.3264
v 0.82151 0.74979 0.55634
vt 0.87500 0.29700
vn 0.7598 0.1246 -0.6381
v 0.82151 0.74979 0.55634
vt 0.87500 0.29700
vn 0.7598 0.1246 -0.6381
v 0.79749 0.80562 0.50529
vt 0.87500 0.37638
vn 0.9186 -0.2228 -0.3264
v 0.81581 0.85190 0.54411
vt 0.93750 0.37638
vn 0.9752 -0.0799 -0.2065
v 0.82151 0.74979 0.55634
vt 0.87500 0.29700
vn 0.7598 0.1246 -0.6381
v 0.81581 0.85190 0.54411
vt 0.93750 0.37638
vn 0.9752 -0.0799 -0.2065
v 0.84131 0.79980 0.59831
vt 0.93750 0.29700
vn 0.8066 0.2427 -0.5389
v 0.84131 0.79980 0.59831
vt 0.93750 0.29700
vn 0.8066 0.2427 -0.5389
v 0.81581 0.85190 0.54411
vt 0.93750 0.37638
vn 0.9752 -0.0799 -0.2065
v 0.82200 0.90002 0.58449
vt 1.00000 0.37638
vn 0.9943 0.0687 -0.0818
v 0.84131 0.79980 0.59831
vt 0.93750 0.29700
vn 0.8066 0.2427 -0.5389
v 0.82200 0.90002 0.58449
vt 1.00000 0.37638
vn 0.9943 0.0687 -0.0818
v 0.84800 0.85181 0.64195
vt 1.00000 0.29700
vn 0.8224 0.3657 -0.4358
v 0.82200 0.90002 0.58449
vt 0.00000 0.37638
vn 0.9943 0.0687 -0.0818
v 0.81200 1.06714 0.38532
vt 0.00000 0.63657
vn 1.0000 0.0051 -0.0061
v 0.80601 1.11377 0.42445
vt 0.06250 0.63657
vn 0.9808 0.1546 0.1193
v 0.82200 0.90002 0.58449
vt 0.00000 0.37638
vn 0.9943 0.0687 -0.0818
v 0.80601 1.11377 0.42445
vt 0.06250 0.63657
vn 0.9808 0.1546 0.1193
v 0.81581 0.94814 0.62487
vt 0.06250 0.37638
vn 0.9752 0.2173 0.0428
v 0.81581 0.94814 0.62487
vt 0.06250 0.37638
vn 0.9752 0.2173 0.0428
v 0.80601 1.11377 0.42445
vt 0.06250 0.63657
vn 0.9808 0.1546 0.1193
v 0.78825 1.15861 0.46207
vt 0.12500 0.63657
vn 0.9238 0.2983 0.2398
v 0.81581 0.94814 0.62487
vt 0.06250 0.37638
vn 0.9752 0.2173 0.0428
v 0.78825 1.15861 0.46207
vt 0.12500 0.63657
vn 0.9238 0.2983 0.2398
v 0.79749 0.99441 0.66370
vt 0.12500 0.37638
vn 0.9186 0.3602 0.1627
v 0.79749 0.99441 0.66370
vt 0.12500 0.37638
vn 0.9186 0.3602 0.1627
v 0.78825 1.15861 0.46207
vt 0.12500 0.63657
vn 0.9238 0.2983 0.2398
v 0.75942 1.19993 0.49674
vt 0.18750 0.63657
vn 0.8314 0.4307 0.3510
v 0.79749 0.99441 0.66370
vt 0.12500 0.37638
vn 0.9186 0.3602 0.1627
v 0.75942 1.19993 0.49674
vt 0.18750 0.63657
vn 0.8314 0.4307 0.3510
v 0.76773 1.03706 0.69948
vt 0.18750 0.37638
vn 0.8267 0.4918 0.2732
v 0.76773 1.03706 0.69948
vt 0.18750 0.37638
vn 0.8267 0.4918 0.2732
v 0.75942 1.19993 0.49674
vt 0.18750 0.63657
vn 0.8314 0.4307 0.3510
v 0.72062 1.23615 0.52713
vt 0.25000 0.63657
vn 0.7071 0.5468 0.4484
v 0.76773 1.03706 0.69948
vt 0.18750 0.37638
vn 0.8267 0.4918 0.2732
v 0.72062 1.23615 0.52713
vt 0.25000 0.63657
vn 0.7071 0.5468 0.4484
v 0.72769 1.07444 0.73085
vt 0.25000 0.37638
vn 0.7031 0.6073 0.3701
v 0.72769 1.07444 0.73085
vt 0.25000 0.37638
vn 0.7031 0.6073 0.3701
v 0.72062 1.23615 0.52713
vt 0.25000 0.63657
vn 0.7071 0.5468 0.4484
v 0.67334 1.26587 0.55207
vt 0.31250 0.63657
vn 0.5556 0.6421 0.5283
v 0.72769 1.07444 0.73085
vt 0.25000 0.37638
vn 0.7031 0.6073 0.3701
v 0.67334 1.26587 0.55207
vt 0.31250 0.63657
vn 0.5556 0.6421 0.5283
v 0.67889 1.10512 0.75659
vt 0.31250 0.37638
vn 0.5524 0.7020 0.4495
v 0.67889 1.10512 0.75659
vt 0.31250 0.37638
vn 0.5524 0.7020 0.4495
v 0.67334 1.26587 0.55207
vt 0.31250 0.63657
vn 0.5556 0.6421 0.5283
v 0.61940 1.28796 0.57060
vt 0.37500 0.63657
vn 0.3827 0.7129 0.5877
v 0.67889 1.10512 0.75659
vt 0.31250 0.37638
vn 0.5524 0.7020 0.4495
v 0.61940 1.28796 0.57060
vt 0.37500 0.63657
vn 0.3827 0.7129 0.5877
v 0.62322 1.12791 0.77571
vt 0.37500 0.37638
vn 0.3805 0.7724 0.5086
v 0.62322 1.12791 0.77571
vt 0.37500 0.37638
vn 0.3805 0.7724 0.5086
v 0.61940 1.28796 0.57060
vt 0.37500 0.63657
vn 0.3827 0.7129 0.5877
v 0.56087 1.30156 0.58202
vt 0.43750 0.63657
vn 0.1951 0.7564 0.6243
v 0.62322 1.12791 0.77571
vt 0.37500 0.37638
vn 0.3805 0.7724 0.5086
v 0.56087 1.30156 0.58202
vt 0.43750 0.63657
vn 0.1951 0.7564 0.6243
v 0.56282 1.14195 0.78749
vt 0.43750 0.37638
vn 0.1940 0.8157 0.5450
v 0.56282 1.14195 0.78749
vt 0.43750 0.37638
vn 0.1940 0.8157 0.5450
v 0.56087 1.30156 0.58202
vt 0.43750 0.63657
vn 0.1951 0.7564 0.6243
v 0.50000 1.30615 0.58587
vt 0.50000 0.63657
vn 0.0000 0.7712 0.6366
v 0.56282 1.14195 0.78749
vt 0.43750 0.37638
vn 0.1940 0.8157 0.5450
v 0.50000 1.30615 0.58587
vt 0.50000 0.63657
vn 0.0000 0.7712 0.6366
v 0.50000 1.14669 0.79147
vt 0.50000 0.37638
vn 0.0000 0.8303 0.5573
v 0.50000 1.14669 0.79147
vt 0.50000 0.37638
vn 0.0000 0.8303 0.5573
v 0.50000 1.30615 0.58587
vt 0.50000 0.63657
vn 0.0000 0.7712 0.6366
v 0.43913 1.30156 0.58202
vt 0.56250 0.63657
vn -0.1951 0.7564 0.6243
v 0.50000 1.14669 0.79147
vt 0.50000 0.37638
vn 0.0000 0.8303 0.5573
v 0.43913 1.30156 0.58202
vt 0.56250 0.63657
vn -0.1951 0.7564 0.6243
v 0.43718 1.14195 0.78749
vt 0.56250 0.37638
vn -0.1940 0.8157 0.5450
v 0.43718 1.14195 0.78749
vt 0.56250 0.37638
vn -0.1940 0.8157 0.5450
v 0.43913 1.30156 0.58202
vt 0.56250 0.63657
vn -0.1951 0.7564 0.6243
v 0.38060 1.28796 0.57060
vt 0.62500 0.63657
vn -0.3827 0.7129 0.5877
v 0.43718 1.14195 0.78749
vt 0.56250 0.37638
vn -0.1940 0.8157 0.5450
v 0.38060 1.28796 0.57060
vt 0.62500 0.63657
vn -0.3827 0.7129 0.5877
v 0.37678 1.12791 0.77571
vt 0.62500 0.37638
vn -0.3805 0.7724 0.5086
v 0.37678 1.12791 0.77571
vt 0.62500 0.37638
vn -0.3805 0.7724 0.5086
v 0.38060 1.28796 0.57060
vt 0.62500 0.63657
vn -0.3827 0.7129 0.5877
v 0.32666 1.26587 0.55207
vt 0.68750 0.63657
vn -0.5556 0.6421 0.5283
v 0.37678 1.12791 0.77571
vt 0.62500 0.37638
vn -0.3805 0.7724 0.5086
v 0.32666 1.26587 0.55207
vt 0.68750 0.63657
vn -0.5556 0.6421 0.5283
v 0.32111 1.10512 0.75659
vt 0.68750 0.37638
vn -0.5524 0.7020 0.4495
v 0.32111 1.10512 0.75659
vt 0.68750 0.37638
vn -0.5524 0.7020 0.4495
v 0.32666 1.26587 0.55207
vt 0.68750 0.63657
vn -0.5556 0.6421 0.5283
v 0.27938 1.23615 0.52713
vt 0.75000 0.63657
vn -0.7071 0.5468 0.4484
v 0.32111 1.10512 0.75659
vt 0.68750 0.37638
vn -0.5524 0.7020 0.4495
v 0.27938 1.23615 0.52713
vt 0.75000 0.63657
vn -0.7071 0.5468 0.4484
v 0.27231 1.07444 0.73085
vt 0.75000 0.37638
vn -0.7031 0.6073 0.3701
v 0.27231 1.07444 0.73085
vt 0.75000 0.37638
vn -0.7031 0.6073 0.3701
v 0.27938 1.23615 0.52713
vt 0.75000 0.63657
vn -0.7071 0.5468 0.4484
v 0.24058 1.19993 0.49674
vt 0.81250 0.63657
vn -0.8314 0.4307 0.3510
v 0.27231 1.07444 0.73085
vt 0.75000 0.37638
vn -0.7031 0.6073 0.3701
v 0.24058 1.19993 0.49674
vt 0.81250 0.63657
vn -0.8314 0.4307 0.3510
v 0.23227 1.03706 0.69948
vt 0.81250 0.37638
vn -0.8267 0.4918 0.2732
v 0.23227 1.03706 0.69948
vt 0.81250 0.37638
vn -0.8267 0.4918 0.2732
v 0.24058 1.19993 0.49674
vt 0.81250 0.63657
vn -0.8314 0.4307 0.3510
v 0.21175 1.15861 0.46207
vt 0.87500 0.63657
vn -0.9238 0.2983 0.2398
v 0.23227 1.03706 0.69948
vt 0.81250 0.37638
vn -0.8267 0.4918 0.2732
v 0.21175 1.15861 0.46207
vt 0.87500 0.63657
vn -0.9238 0.2983 0.2398
v 0.20251 0.99441 0.66370
vt 0.87500 0.37638
vn -0.9186 0.3602 0.1627
v 0.20251 0.99441 0.66370
vt 0.87500 0.37638
vn -0.9186 0.3602 0.1627
v 0.21175 1.15861 0.46207
vt 0.87500 0.63657
vn -0.9238 0.2983 0.2398
v 0.19399 1.11377 0.42445
vt 0.93750 0.63657
vn -0.9808 0.1546 0.1193
v 0.20251 0.99441 0.66370
vt 0.87500 0.37638
vn -0.9186 0.3602 0.1627
v 0.19399 1.11377 0.42445
vt 0.93750 0.63657
vn -0.9808 0.1546 0.1193
v 0.18419 0.94814 0.62487
vt 0.93750 0.37638
vn -0.9752 0.2173 0.0428
v 0.18419 0.94814 0.62487
vt 0.93750 0.37638
vn -0.9752 0.2173 0.0428
v 0.19399 1.11377 0.42445
vt 0.93750 0.63657
vn -0.9808 0.1546 0.1193
v 0.18800 1.06714 0.38532
vt 1.00000 0.63657
vn -1.0000 0.0051 -0.0061
v 0.18419 0.94814 0.62487
vt 0.93750 0.37638
vn -0.9752 0.2173 0.0428
v 0.18800 1.06714 0.38532
vt 1.00000 0.63657
vn -1.0000 0.0051 -0.0061
v 0.17800 0.90002 0.58449
vt 1.00000 0.37638
vn -0.9943 0.0687 -0.0818
v 0.17800 0.90002 0.58449
vt 0.00000 0.37638
vn -0.9943 0.0687 -0.0818
v 0.18800 1.06714 0.38532
vt 0.00000 0.63657
vn -1.0000 0.0051 -0.0061
v 0.19399 1.02052 0.34620
vt 0.06250 0.63657
vn -0.9808 -0.1443 -0.1315
v 0.17800 0.90002 0.58449
vt 0.00000 0.37638
vn -0.9943 0.0687 -0.0818
v 0.19399 1.02052 0.34620
vt 0.06250 0.63657
vn -0.9808 -0.1443 -0.1315
v 0.18419 0.85190 0.54411
vt 0.06250 0.37638
vn -0.9752 -0.0799 -0.2065
v 0.18419 0.85190 0.54411
vt 0.06250 0.37638
vn -0.9752 -0.0799 -0.2065
v 0.19399 1.02052 0.34620
vt 0.06250 0.63657
vn -0.9808 -0.1443 -0.1315
v 0.21175 0.97568 0.30857
vt 0.12500 0.63657
vn -0.9238 -0.2880 -0.2521
v 0.18419 0.85190 0.54411
vt 0.06250 0.37638
vn -0.9752 -0.0799 -0.2065
v 0.21175 0.97568 0.30857
vt 0.12500 0.63657
vn -0.9238 -0.2880 -0.2521
v 0.20251 0.80562 0.50529
vt 0.12500 0.37638
vn -0.9186 -0.2228 -0.3264
v 0.20251 0.80562 0.50529
vt 0.12500 0.37638
vn -0.9186 -0.2228 -0.3264
v 0.21175 0.97568 0.30857
vt 0.12500 0.63657
vn -0.9238 -0.2880 -0.2521
v 0.24058 0.93436 0.27390
vt 0.18750 0.63657
vn -0.8314 -0.4204 -0.3632
v 0.20251 0.80562 0.50529
vt 0.12500 0.37638
vn -0.9186 -0.2228 -0.3264
v 0.24058 0.93436 0.27390
vt 0.18750 0.63657
vn -0.8314 -0.4204 -0.3632
v 0.23227 0.76298 0.46950
vt 0.18750 0.37638
vn -0.8267 -0.3545 -0.4369
v 0.23227 0.76298 0.46950
vt 0.18750 0.37638
vn -0.8267 -0.3545 -0.4369
v 0.24058 0.93436 0.27390
vt 0.18750 0.63657
vn -0.8314 -0.4204 -0.3632
v 0.27938 0.89814 0.24351
vt 0.25000 0.63657
vn -0.7071 -0.5365 -0.4606
v 0.23227 0.76298 0.46950
vt 0.18750 0.37638
vn -0.8267 -0.3545 -0.4369
v 0.27938 0.89814 0.24351
vt 0.25000 0.63657
vn -0.7071 -0.5365 -0.4606
v 0.27231 0.72560 0.43814
vt 0.25000 0.37638
vn -0.7031 -0.4699 -0.5338
v 0.27231 0.72560 0.43814
vt 0.25000 0.37638
vn -0.7031 -0.4699 -0.5338
v 0.27938 0.89814 0.24351
vt 0.25000 0.63657
vn -0.7071 -0.5365 -0.4606
v 0.32666 0.86842 0.21857
vt 0.31250 0.63657
vn -0.5556 -0.6318 -0.5406
v 0.27231 0.72560 0.43814
vt 0.25000 0.37638
vn -0.7031 -0.4699 -0.5338
v 0.32666 0.86842 0.21857
vt 0.31250 0.63657
vn -0.5556 -0.6318 -0.5406
v 0.32111 0.69492 0.41240
vt 0.31250 0.37638
vn -0.5524 -0.5646 -0.6132
v 0.32111 0.69492 0.41240
vt 0.31250 0.37638
vn -0.5524 -0.5646 -0.6132
v 0.32666 0.86842 0.21857
vt 0.31250 0.63657
vn -0.5556 -0.6318 -0.5406
v 0.38060 0.84633 0.20004
vt 0.37500 0.63657
vn -0.3827 -0.7026 -0.6000
v 0.32111 0.69492 0.41240
vt 0.31250 0.37638
vn -0.5524 -0.5646 -0.6132
v 0.38060 0.84633 0.20004
vt 0.37500 0.63657
vn -0.3827 -0.7026 -0.6000
v 0.37678 0.67213 0.39327
vt 0.37500 0.37638
vn -0.3805 -0.6350 -0.6723
v 0.37678 0.67213 0.39327
vt 0.37500 0.37638
vn -0.3805 -0.6350 -0.6723
v 0.38060 0.84633 0.20004
vt 0.37500 0.63657
vn -0.3827 -0.7026 -0.6000
v 0.43913 0.83273 0.18862
vt 0.43750 0.63657
vn -0.1951 -0.7462 -0.6365
v 0.37678 0.67213 0.39327
vt 0.37500 0.37638
vn -0.3805 -0.6350 -0.6723
v 0.43913 0.83273 0.18862
vt 0.43750 0.63657
vn -0.1951 -0.7462 -0.6365
v 0.43718 0.65809 0.38149
vt 0.43750 0.37638
vn -0.1940 -0.6783 -0.7087
v 0.43718 0.65809 0.38149
vt 0.43750 0.37638
vn -0.1940 -0.6783 -0.7087
v 0.43913 0.83273 0.18862
vt 0.43750 0.63657
vn -0.1951 -0.7462 -0.6365
v 0.50000 0.82814 0.18477
vt 0.50000 0.63657
vn -0.0000 -0.7609 -0.6489
v 0.43718 0.65809 0.38149
vt 0.43750 0.37638
vn -0.1940 -0.6783 -0.7087
v 0.50000 0.82814 0.18477
vt 0.50000 0.63657
vn -0.0000 -0.7609 -0.6489
v 0.50000 0.65335 0.37751
vt 0.50000 0.37638
vn 0.0000 -0.6930 -0.7210
v 0.50000 0.65335 0.37751
vt 0.50000 0.37638
vn 0.0000 -0.6930 -0.7210
v 0.50000 0.82814 0.18477
vt 0.50000 0.63657
vn -0.0000 -0.7609 -0.6489
v 0.56087 0.83273 0.18862
vt 0.56250 0.63657
vn 0.1951 -0.7462 -0.6365
v 0.50000 0.65335 0.37751
vt 0.50000 0.37638
vn 0.0000 -0.6930 -0.7210
v 0.56087 0.83273 0.18862
vt 0.56250 0.63657
vn 0.1951 -0.7462 -0.6365
v 0.56282 0.65809 0.38149
vt 0.56250 0.37638
vn 0.1940 -0.6783 -0.7087
v 0.56282 0.65809 0.38149
vt 0.56250 0.37638
vn 0.1940 -0.6783 -0.7087
v 0.56087 0.83273 0.18862
vt 0.56250 0.63657
vn 0.1951 -0.7462 -0.6365
v 0.61940 0.84633 0.20004
vt 0.62500 0.63657
vn 0.3827 -0.7026 -0.6000
v 0.56282 0.65809 0.38149
vt 0.56250 0.37638
vn 0.1940 -0.6783 -0.7087
v 0.61940 0.84633 0.20004
vt 0.62500 0.63657
vn 0.3827 -0.7026 -0.6000
v 0.62322 0.67213 0.39327
vt 0.62500 0.37638
vn 0.3805 -0.6350 -0.6723
v 0.62322 0.67213 0.39327
vt 0.62500 0.37638
vn 0.3805 -0.6350 -0.6723
v 0.61940 0.84633 0.20004
vt 0.62500 0.63657
vn 0.3827 -0.7026 -0.6000
v 0.67334 0.86842 0.21857
vt 0.68750 0.63657
vn 0.5556 -0.6318 -0.5406
v 0.62322 0.67213 0.39327
vt 0.62500 0.37638
vn 0.3805 -0.6350 -0.6723
v 0.67334 0.86842 0.21857
vt 0.68750 0.63657
vn 0.5556 -0.6318 -0.5406
v 0.67889 0.69492 0.41240
vt 0.68750 0.37638
vn 0.5524 -0.5646 -0.6132
v 0.67889 0.69492 0.41240
vt 0.68750 0.37638
vn 0.5524 -0.5646 -0.6132
v 0.67334 0.86842 0.21857
vt 0.68750 0.63657
vn 0.5556 -0.6318 -0.5406
v 0.72062 0.89814 0.24351
vt 0.75000 0.63657
vn 0.7071 -0.5365 -0.4606
v 0.67889 0.69492 0.41240
vt 0.68750 0.37638
vn 0.5524 -0.5646 -0.6132
v 0.72062 0.89814 0.24351
vt 0.75000 0.63657
vn 0.7071 -0.5365 -0.4606
v 0.72769 0.72560 0.43814
vt 0.75000 0.37638
vn 0.7031 -0.4699 -0.5338
v 0.72769 0.72560 0.43814
vt 0.75000 0.37638
vn 0.7031 -0.4699 -0.5338
v 0.72062 0.89814 0.24351
vt 0.75000 0.63657
vn 0.7071 -0.5365 -0.4606
v 0.75942 0.93436 0.27390
vt 0.81250 0.63657
vn 0.8314 -0.4204 -0.3632
v 0.72769 0.72560 0.43814
vt 0.75000 0.37638
vn 0.7031 -0.4699 -0.5338
v 0.75942 0.93436 0.27390
vt 0.81250 0.63657
vn 0.8314 -0.4204 -0.3632
v 0.76773 0.76298 0.46950
vt 0.81250 0.37638
vn 0.8267 -0.3545 -0.4369
v 0.76773 0.76298 0.46950
vt 0.81250 0.37638
vn 0.8267 -0.3545 -0.4369
v 0.75942 0.93436 0.27390
vt 0.81250 0.63657
vn 0.8314 -0.4204 -0.3632
v 0.78825 0.97568 0.30857
vt 0.87500 0.63657
vn 0.9238 -0.2880 -0.2521
v 0.76773 0.76298 0.46950
vt 0.81250 0.37638
vn 0.8267 -0.3545 -0.4369
v 0.78825 0.97568 0.30857
vt 0.87500 0.63657
vn 0.9238 -0.2880 -0.2521
v 0.79749 0.80562 0.50529
vt 0.87500 0.37638
vn 0.9186 -0.2228 -0.3264
v 0.79749 0.80562 0.50529
vt 0.87500 0.37638
vn 0.9186 -0.2228 -0.3264
v 0.78825 0.97568 0.30857
vt 0.87500 0.63657
vn 0.9238 -0.2880 -0.2521
v 0.80601 1.02052 0.34620
vt 0.93750 0.63657
vn 0.9808 -0.1443 -0.1315
v 0.79749 0.80562 0.50529
vt 0.87500 0.37638
vn 0.9186 -0.2228 -0.3264
v 0.80601 1.02052 0.34620
vt 0.93750 0.63657
vn 0.9808 -0.1443 -0.1315
v 0.81581 0.85190 0.54411
vt 0.93750 0.37638
vn 0.9752 -0.0799 -0.2065
v 0.81581 0.85190 0.54411
vt 0.93750 0.37638
vn 0.9752 -0.0799 -0.2065
v 0.80601 1.02052 0.34620
vt 0.93750 0.63657
vn 0.9808 -0.1443 -0.1315
v 0.81200 1.06714 0.38532
vt 1.00000 0.63657
vn 1.0000 0.0051 -0.0061
v 0.81581 0.85190 0.54411
vt 0.93750 0.37638
vn 0.9752 -0.0799 -0.2065
v 0.81200 1.06714 0.38532
vt 1.00000 0.63657
vn 1.0000 0.0051 -0.0061
v 0.82200 0.90002 0.58449
vt 1.00000 0.37638
vn 0.9943 0.0687 -0.0818
v 0.81200 1.06714 0.38532
vt 0.00000 0.63657
vn 1.0000 0.0051 -0.0061
v 0.81800 1.22141 0.20147
vt 0.00000 0.87665
vn 0.9980 -0.0408 0.0486
v 0.81189 1.26894 0.24135
vt 0.06250 0.87665
vn 0.9788 0.1083 0.1738
v 0.81200 1.06714 0.38532
vt 0.00000 0.63657
vn 1.0000 0.0051 -0.0061
v 0.81189 1.26894 0.24135
vt 0.06250 0.87665
vn 0.9788 0.1083 0.1738
v 0.80601 1.11377 0.42445
vt 0.06250 0.63657
vn 0.9808 0.1546 0.1193
v 0.80601 1.11377 0.42445
vt 0.06250 0.63657
vn 0.9808 0.1546 0.1193
v 0.81189 1.26894 0.24135
vt 0.06250 0.87665
vn 0.9788 0.1083 0.1738
v 0.79379 1.31464 0.27969
vt 0.12500 0.87665
vn 0.9220 0.2517 0.2941
v 0.80601 1.11377 0.42445
vt 0.06250 0.63657
vn 0.9808 0.1546 0.1193
v 0.79379 1.31464 0.27969
vt 0.12500 0.87665
vn 0.9220 0.2517 0.2941
v 0.78825 1.15861 0.46207
vt 0.12500 0.63657
vn 0.9238 0.2983 0.2398
v 0.78825 1.15861 0.46207
vt 0.12500 0.63657
vn 0.9238 0.2983 0.2398
v 0.79379 1.31464 0.27969
vt 0.12500 0.87665
vn 0.9220 0.2517 0.2941
v 0.76441 1.35675 0.31503
vt 0.18750 0.87665
vn 0.8298 0.3839 0.4050
v 0.78825 1.15861 0.46207
vt 0.12500 0.63657
vn 0.9238 0.2983 0.2398
v 0.76441 1.35675 0.31503
vt 0.18750 0.87665
vn 0.8298 0.3839 0.4050
v 0.75942 1.19993 0.49674
vt 0.18750 0.63657
vn 0.8314 0.4307 0.3510
v 0.75942 1.19993 0.49674
vt 0.18750 0.63657
vn 0.8314 0.4307 0.3510
v 0.76441 1.35675 0.31503
vt 0.18750 0.87665
vn 0.8298 0.3839 0.4050
v 0.72486 1.39367 0.34601
vt 0.25000 0.87665
vn 0.7057 0.4998 0.5023
v 0.75942 1.19993 0.49674
vt 0.18750 0.63657
vn 0.8314 0.4307 0.3510
v 0.72486 1.39367 0.34601
vt 0.25000 0.87665
vn 0.7057 0.4998 0.5023
v 0.72062 1.23615 0.52713
vt 0.25000 0.63657
vn 0.7071 0.5468 0.4484
v 0.72062 1.23615 0.52713
vt 0.25000 0.63657
vn 0.7071 0.5468 0.4484
v 0.72486 1.39367 0.34601
vt 0.25000 0.87665
vn 0.7057 0.4998 0.5023
v 0.67667 1.42396 0.37143
vt 0.31250 0.87665
vn 0.5544 0.5948 0.5820
v 0.72062 1.23615 0.52713
vt 0.25000 0.63657
vn 0.7071 0.5468 0.4484
v 0.67667 1.42396 0.37143
vt 0.31250 0.87665
vn 0.5544 0.5948 0.5820
v 0.67334 1.26587 0.55207
vt 0.31250 0.63657
vn 0.5556 0.6421 0.5283
v 0.67334 1.26587 0.55207
vt 0.31250 0.63657
vn 0.5556 0.6421 0.5283
v 0.67667 1.42396 0.37143
vt 0.31250 0.87665
vn 0.5544 0.5948 0.5820
v 0.62169 1.44647 0.39032
vt 0.37500 0.87665
vn 0.3819 0.6655 0.6413
v 0.67334 1.26587 0.55207
vt 0.31250 0.63657
vn 0.5556 0.6421 0.5283
v 0.62169 1.44647 0.39032
vt 0.37500 0.87665
vn 0.3819 0.6655 0.6413
v 0.61940 1.28796 0.57060
vt 0.37500 0.63657
vn 0.3827 0.7129 0.5877
v 0.61940 1.28796 0.57060
vt 0.37500 0.63657
vn 0.3827 0.7129 0.5877
v 0.62169 1.44647 0.39032
vt 0.37500 0.87665
vn 0.3819 0.6655 0.6413
v 0.56204 1.46033 0.40195
vt 0.43750 0.87665
vn 0.1947 0.7090 0.6778
v 0.61940 1.28796 0.57060
vt 0.37500 0.63657
vn 0.3827 0.7129 0.5877
v 0.56204 1.46033 0.40195
vt 0.43750 0.87665
vn 0.1947 0.7090 0.6778
v 0.56087 1.30156 0.58202
vt 0.43750 0.63657
vn 0.1951 0.7564 0.6243
v 0.56087 1.30156 0.58202
vt 0.43750 0.63657
vn 0.1951 0.7564 0.6243
v 0.56204 1.46033 0.40195
vt 0.43750 0.87665
vn 0.1947 0.7090 0.6778
v 0.50000 1.46502 0.40588
vt 0.50000 0.87665
vn 0.0000 0.7237 0.6901
v 0.56087 1.30156 0.58202
vt 0.43750 0.63657
vn 0.1951 0.7564 0.6243
v 0.50000 1.46502 0.40588
vt 0.50000 0.87665
vn 0.0000 0.7237 0.6901
v 0.50000 1.30615 0.58587
vt 0.50000 0.63657
vn 0.0000 0.7712 0.6366
v 0.50000 1.30615 0.58587
vt 0.50000 0.63657
vn 0.0000 0.7712 0.6366
v 0.50000 1.46502 0.40588
vt 0.50000 0.87665
vn 0.0000 0.7237 0.6901
v 0.43796 1.46033 0.40195
vt 0.56250 0.87665
vn -0.1947 0.7090 0.6778
v 0.50000 1.30615 0.58587
vt 0.50000 0.63657
vn 0.0000 0.7712 0.6366
v 0.43796 1.46033 0.40195
vt 0.56250 0.87665
vn -0.1947 0.7090 0.6778
v 0.43913 1.30156 0.58202
vt 0.56250 0.63657
vn -0.1951 0.7564 0.6243
v 0.43913 1.30156 0.58202
vt 0.56250 0.63657
vn -0.1951 0.7564 0.6243
v 0.43796 1.46033 0.40195
vt 0.56250 0.87665
vn -0.1947 0.7090 0.6778
v 0.37831 1.44647 0.39032
vt 0.62500 0.87665
vn -0.3819 0.6655 0.6413
v 0.43913 1.30156 0.58202
vt 0.56250 0.63657
vn -0.1951 0.7564 0.6243
v 0.37831 1.44647 0.39032
vt 0.62500 0.87665
vn -0.3819 0.6655 0.6413
v 0.38060 1.28796 0.57060
vt 0.62500 0.63657
vn -0.3827 0.7129 0.5877
v 0.38060 1.28796 0.57060
vt 0.62500 0.63657
vn -0.3827 0.7129 0.5877
v 0.37831 1.44647 0.39032
vt 0.62500 0.87665
vn -0.3819 0.6655 0.6413
v 0.32333 1.42396 0.37143
vt 0.68750 0.87665
vn -0.5544 0.5948 0.5820
v 0.38060 1.28796 0.57060
vt 0.62500 0.63657
vn -0.3827 0.7129 0.5877
v 0.32333 1.42396 0.37143
vt 0.68750 0.87665
vn -0.5544 0.5948 0.5820
v 0.32666 1.26587 0.55207
vt 0.68750 0.63657
vn -0.5556 0.6421 0.5283
v 0.32666 1.26587 0.55207
vt 0.68750 0.63657
vn -0.5556 0.6421 0.5283
v 0.32333 1.42396 0.37143
vt 0.68750 0.87665
vn -0.5544 0.5948 0.5820
v 0.27514 1.39367 0.34601
vt 0.75000 0.87665
vn -0.7057 0.4998 0.5023
v 0.32666 1.26587 0.55207
vt 0.68750 0.63657
vn -0.5556 0.6421 0.5283
v 0.27514 1.39367 0.34601
vt 0.75000 0.87665
vn -0.7057 0.4998 0.5023
v 0.27938 1.23615 0.52713
vt 0.75000 0.63657
vn -0.7071 0.5468 0.4484
v 0.27938 1.23615 0.52713
vt 0.75000 0.63657
vn -0.7071 0.5468 0.4484
v 0.27514 1.39367 0.34601
vt 0.75000 0.87665
vn -0.7057 0.4998 0.5023
v 0.23559 1.35675 0.31503
vt 0.81250 0.87665
vn -0.8298 0.3839 0.4050
v 0.27938 1.23615 0.52713
vt 0.75000 0.63657
vn -0.7071 0.5468 0.4484
v 0.23559 1.35675 0.31503
vt 0.81250 0.87665
vn -0.8298 0.3839 0.4050
v 0.24058 1.19993 0.49674
vt 0.81250 0.63657
vn -0.8314 0.4307 0.3510
v 0.24058 1.19993 0.49674
vt 0.81250 0.63657
vn -0.8314 0.4307 0.3510
v 0.23559 1.35675 0.31503
vt 0.81250 0.87665
vn -0.8298 0.3839 0.4050
v 0.20621 1.31464 0.27969
vt 0.87500 0.87665
vn -0.9220 0.2517 0.2941
v 0.24058 1.19993 0.49674
vt 0.81250 0.63657
vn -0.8314 0.4307 0.3510
v 0.20621 1.31464 0.27969
vt 0.87500 0.87665
vn -0.9220 0.2517 0.2941
v 0.21175 1.15861 0.46207
vt 0.87500 0.63657
vn -0.9238 0.2983 0.2398
v 0.21175 1.15861 0.46207
vt 0.87500 0.63657
vn -0.9238 0.2983 0.2398
v 0.20621 1.31464 0.27969
vt 0.87500 0.87665
vn -0.9220 0.2517 0.2941
v 0.18811 1.26894 0.24135
vt 0.93750 0.87665
vn -0.9788 0.1083 0.1738
v 0.21175 1.15861 0.46207
vt 0.87500 0.63657
vn -0.9238 0.2983 0.2398
v 0.18811 1.26894 0.24135
vt 0.93750 0.87665
vn -0.9788 0.1083 0.1738
v 0.19399 1.11377 0.42445
vt 0.93750 0.63657
vn -0.9808 0.1546 0.1193
v 0.19399 1.11377 0.42445
vt 0.93750 0.63657
vn -0.9808 0.1546 0.1193
v 0.18811 1.26894 0.24135
vt 0.93750 0.87665
vn -0.9788 0.1083 0.1738
v 0.18200 1.22141 0.20147
vt 1.00000 0.87665
vn -0.9980 -0.0408 0.0486
v 0.19399 1.11377 0.42445
vt 0.93750 0.63657
vn -0.9808 0.1546 0.1193
v 0.18200 1.22141 0.20147
vt 1.00000 0.87665
vn -0.9980 -0.0408 0.0486
v 0.18800 1.06714 0.38532
vt 1.00000 0.63657
vn -1.0000 0.0051 -0.0061
v 0.18800 1.06714 0.38532
vt 0.00000 0.63657
vn -1.0000 0.0051 -0.0061
v 0.18200 1.22141 0.20147
vt 0.00000 0.87665
vn -0.9980 -0.0408 0.0486
v 0.18811 1.17389 0.16159
vt 0.06250 0.87665
vn -0.9788 -0.1900 -0.0765
v 0.18800 1.06714 0.38532
vt 0.00000 0.63657
vn -1.0000 0.0051 -0.0061
v 0.18811 1.17389 0.16159
vt 0.06250 0.87665
vn -0.9788 -0.1900 -0.0765
v 0.19399 1.02052 0.34620
vt 0.06250 0.63657
vn -0.9808 -0.1443 -0.1315
v 0.19399 1.02052 0.34620
vt 0.06250 0.63657
vn -0.9808 -0.1443 -0.1315
v 0.18811 1.17389 0.16159
vt 0.06250 0.87665
vn -0.9788 -0.1900 -0.0765
v 0.20621 1.12819 0.12325
vt 0.12500 0.87665
vn -0.9220 -0.3334 -0.1968
v 0.19399 1.02052 0.34620
vt 0.06250 0.63657
vn -0.9808 -0.1443 -0.1315
v 0.20621 1.12819 0.12325
vt 0.12500 0.87665
vn -0.9220 -0.3334 -0.1968
v 0.21175 0.97568 0.30857
vt 0.12500 0.63657
vn -0.9238 -0.2880 -0.2521
v 0.21175 0.97568 0.30857
vt 0.12500 0.63657
vn -0.9238 -0.2880 -0.2521
v 0.20621 1.12819 0.12325
vt 0.12500 0.87665
vn -0.9220 -0.3334 -0.1968
v 0.23559 1.08608 0.08791
vt 0.18750 0.87665
vn -0.8298 -0.4656 -0.3077
v 0.21175 0.97568 0.30857
vt 0.12500 0.63657
vn -0.9238 -0.2880 -0.2521
v 0.23559 1.08608 0.08791
vt 0.18750 0.87665
vn -0.8298 -0.4656 -0.3077
v 0.24058 0.93436 0.27390
vt 0.18750 0.63657
vn -0.8314 -0.4204 -0.3632
v 0.24058 0.93436 0.27390
vt 0.18750 0.63657
vn -0.8314 -0.4204 -0.3632
v 0.23559 1.08608 0.08791
vt 0.18750 0.87665
vn -0.8298 -0.4656 -0.3077
v 0.27514 1.04916 0.05693
vt 0.25000 0.87665
vn -0.7057 -0.5814 -0.4050
v 0.24058 0.93436 0.27390
vt 0.18750 0.63657
vn -0.8314 -0.4204 -0.3632
v 0.27514 1.04916 0.05693
vt 0.25000 0.87665
vn -0.7057 -0.5814 -0.4050
v 0.27938 0.89814 0.24351
vt 0.25000 0.63657
vn -0.7071 -0.5365 -0.4606
v 0.27938 0.89814 0.24351
vt 0.25000 0.63657
vn -0.7071 -0.5365 -0.4606
v 0.27514 1.04916 0.05693
vt 0.25000 0.87665
vn -0.7057 -0.5814 -0.4050
v 0.32333 1.01887 0.03151
vt 0.31250 0.87665
vn -0.5544 -0.6765 -0.4847
v 0.27938 0.89814 0.24351
vt 0.25000 0.63657
vn -0.7071 -0.5365 -0.4606
v 0.32333 1.01887 0.03151
vt 0.31250 0.87665
vn -0.5544 -0.6765 -0.4847
v 0.32666 0.86842 0.21857
vt 0.31250 0.63657
vn -0.5556 -0.6318 -0.5406
v 0.32666 0.86842 0.21857
vt 0.31250 0.63657
vn -0.5556 -0.6318 -0.5406
v 0.32333 1.01887 0.03151
vt 0.31250 0.87665
vn -0.5544 -0.6765 -0.4847
v 0.37831 0.99635 0.01262
vt 0.37500 0.87665
vn -0.3819 -0.7471 -0.5440
v 0.32666 0.86842 0.21857
vt 0.31250 0.63657
vn -0.5556 -0.6318 -0.5406
v 0.37831 0.99635 0.01262
vt 0.37500 0.87665
vn -0.3819 -0.7471 -0.5440
v 0.38060 0.84633 0.20004
vt 0.37500 0.63657
vn -0.3827 -0.7026 -0.6000
v 0.38060 0.84633 0.20004
vt 0.37500 0.63657
vn -0.3827 -0.7026 -0.6000
v 0.37831 0.99635 0.01262
vt 0.37500 0.87665
vn -0.3819 -0.7471 -0.5440
v 0.43796 0.98249 0.00099
vt 0.43750 0.87665
vn -0.1947 -0.7906 -0.5805
v 0.38060 0.84633 0.20004
vt 0.37500 0.63657
vn -0.3827 -0.7026 -0.6000
v 0.43796 0.98249 0.00099
vt 0.43750 0.87665
vn -0.1947 -0.7906 -0.5805
v 0.43913 0.83273 0.18862
vt 0.43750 0.63657
vn -0.1951 -0.7462 -0.6365
v 0.43913 0.83273 0.18862
vt 0.43750 0.63657
vn -0.1951 -0.7462 -0.6365
v 0.43796 0.98249 0.00099
vt 0.43750 0.87665
vn -0.1947 -0.7906 -0.5805
v 0.50000 0.97781 -0.00294
vt 0.50000 0.87665
vn -0.0000 -0.8053 -0.5928
v 0.43913 0.83273 0.18862
vt 0.43750 0.63657
vn -0.1951 -0.7462 -0.6365
v 0.50000 0.97781 -0.00294
vt 0.50000 0.87665
vn -0.0000 -0.8053 -0.5928
v 0.50000 0.82814 0.18477
vt 0.50000 0.63657
vn -0.0000 -0.7609 -0.6489
v 0.50000 0.82814 0.18477
vt 0.50000 0.63657
vn -0.0000 -0.7609 -0.6489
v 0.50000 0.97781 -0.00294
vt 0.50000 0.87665
vn -0.0000 -0.8053 -0.5928
v 0.56204 0.98249 0.00099
vt 0.56250 0.87665
vn 0.1947 -0.7906 -0.5805
v 0.50000 0.82814 0.18477
vt 0.50000 0.63657
vn -0.0000 -0.7609 -0.6489
v 0.56204 0.98249 0.00099
vt 0.56250 0.87665
vn 0.1947 -0.7906 -0.5805
v 0.56087 0.83273 0.18862
vt 0.56250 0.63657
vn 0.1951 -0.7462 -0.6365
v 0.56087 0.83273 0.18862
vt 0.56250 0.63657
vn 0.1951 -0.7462 -0.6365
v 0.56204 0.98249 0.00099
vt 0.56250 0.87665
vn 0.1947 -0.7906 -0.5805
v 0.62169 0.99635 0.01262
vt 0.62500 0.87665
vn 0.3819 -0.7471 -0.5440
v 0.56087 0.83273 0.18862
vt 0.56250 0.63657
vn 0.1951 -0.7462 -0.6365
v 0.62169 0.99635 0.01262
vt 0.62500 0.87665
vn 0.3819 -0.7471 -0.5440
v 0.61940 0.84633 0.20004
vt 0.62500 0.63657
vn 0.3827 -0.7026 -0.6000
v 0.61940 0.84633 0.20004
vt 0.62500 0.63657
vn 0.3827 -0.7026 -0.6000
v 0.62169 0.99635 0.01262
vt 0.62500 0.87665
vn 0.3819 -0.7471 -0.5440
v 0.67667 1.01887 0.03151
vt 0.68750 0.87665
vn 0.5544 -0.6765 -0.4847
v 0.61940 0.84633 0.20004
vt 0.62500 0.63657
vn 0.3827 -0.7026 -0.6000
v 0.67667 1.01887 0.03151
vt 0.68750 0.87665
vn 0.5544 -0.6765 -0.4847
v 0.67334 0.86842 0.21857
vt 0.68750 0.63657
vn 0.5556 -0.6318 -0.5406
v 0.67334 0.86842 0.21857
vt 0.68750 0.63657
vn 0.5556 -0.6318 -0.5406
v 0.67667 1.01887 0.03151
vt 0.68750 0.87665
vn 0.5544 -0.6765 -0.4847
v 0.72486 1.04916 0.05693
vt 0.75000 0.87665
vn 0.7057 -0.5814 -0.4050
v 0.67334 0.86842 0.21857
vt 0.68750 0.63657
vn 0.5556 -0.6318 -0.5406
v 0.72486 1.04916 0.05693
vt 0.75000 0.87665
vn 0.7057 -0.5814 -0.4050
v 0.72062 0.89814 0.24351
vt 0.75000 0.63657
vn 0.7071 -0.5365 -0.4606
v 0.72062 0.89814 0.24351
vt 0.75000 0.63657
vn 0.7071 -0.5365 -0.4606
v 0.72486 1.04916 0.05693
vt 0.75000 0.87665
vn 0.7057 -0.5814 -0.4050
v 0.76441 1.08608 0.08791
vt 0.81250 0.87665
vn 0.8298 -0.4656 -0.3077
v 0.72062 0.89814 0.24351
vt 0.75000 0.63657
vn 0.7071 -0.5365 -0.4606
v 0.76441 1.08608 0.08791
vt 0.81250 0.87665
vn 0.8298 -0.4656 -0.3077
v 0.75942 0.93436 0.27390
vt 0.81250 0.63657
vn 0.8314 -0.4204 -0.3632
v 0.75942 0.93436 0.27390
vt 0.81250 0.63657
vn 0.8314 -0.4204 -0.3632
v 0.76441 1.08608 0.08791
vt 0.81250 0.87665
vn 0.8298 -0.4656 -0.3077
v 0.79379 1.12819 0.12325
vt 0.87500 0.87665
vn 0.9220 -0.3334 -0.1968
v 0.75942 0.93436 0.27390
vt 0.81250 0.63657
vn 0.8314 -0.4204 -0.3632
v 0.79379 1.12819 0.12325
vt 0.87500 0.87665
vn 0.9220 -0.3334 -0.1968
v 0.78825 0.97568 0.30857
vt 0.87500 0.63657
vn 0.9238 -0.2880 -0.2521
v 0.78825 0.97568 0.30857
vt 0.87500 0.63657
vn 0.9238 -0.2880 -0.2521
v 0.79379 1.12819 0.12325
vt 0.87500 0.87665
vn 0.9220 -0.3334 -0.1968
v 0.81189 1.17389 0.16159
vt 0.93750 0.87665
vn 0.9788 -0.1900 -0.0765
v 0.78825 0.97568 0.30857
vt 0.87500 0.63657
vn 0.9238 -0.2880 -0.2521
v 0.81189 1.17389 0.16159
vt 0.93750 0.87665
vn 0.9788 -0.1900 -0.0765
v 0.80601 1.02052 0.34620
vt 0.93750 0.63657
vn 0.9808 -0.1443 -0.1315
v 0.80601 1.02052 0.34620
vt 0.93750 0.63657
vn 0.9808 -0.1443 -0.1315
v 0.81189 1.17389 0.16159
vt 0.93750 0.87665
vn 0.9788 -0.1900 -0.0765
v 0.81800 1.22141 0.20147
vt 1.00000 0.87665
vn 0.9980 -0.0408 0.0486
v 0.80601 1.02052 0.34620
vt 0.93750 0.63657
vn 0.9808 -0.1443 -0.1315
v 0.81800 1.22141 0.20147
vt 1.00000 0.87665
vn 0.9980 -0.0408 0.0486
v 0.81200 1.06714 0.38532
vt 1.00000 0.63657
vn 1.0000 0.0051 -0.0061
v 0.81800 1.22141 0.20147
vt 0.00000 0.79879
vn 0.9980 -0.0408 0.0486
v 0.84000 1.34997 0.04826
vt 0.00000 1.00000
vn 0.9806 -0.1261 0.1502
v 0.83347 1.40078 0.09090
vt 0.06250 1.00000
vn 0.9617 0.0205 0.2732
v 0.81800 1.22141 0.20147
vt 0.00000 0.79879
vn 0.9980 -0.0408 0.0486
v 0.83347 1.40078 0.09090
vt 0.06250 1.00000
vn 0.9617 0.0205 0.2732
v 0.81189 1.26894 0.24135
vt 0.06250 0.79879
vn 0.9788 0.1083 0.1738
v 0.81189 1.26894 0.24135
vt 0.06250 0.79879
vn 0.9788 0.1083 0.1738
v 0.83347 1.40078 0.09090
vt 0.06250 1.00000
vn 0.9617 0.0205 0.2732
v 0.81412 1.44964 0.13190
vt 0.12500 1.00000
vn 0.9059 0.1614 0.3914
v 0.81189 1.26894 0.24135
vt 0.06250 0.79879
vn 0.9788 0.1083 0.1738
v 0.81412 1.44964 0.13190
vt 0.12500 1.00000
vn 0.9059 0.1614 0.3914
v 0.79379 1.31464 0.27969
vt 0.12500 0.79879
vn 0.9220 0.2517 0.2941
v 0.79379 1.31464 0.27969
vt 0.12500 0.79879
vn 0.9220 0.2517 0.2941
v 0.81412 1.44964 0.13190
vt 0.12500 1.00000
vn 0.9059 0.1614 0.3914
v 0.78270 1.49467 0.16968
vt 0.18750 1.00000
vn 0.8153 0.2913 0.5004
v 0.79379 1.31464 0.27969
vt 0.12500 0.79879
vn 0.9220 0.2517 0.2941
v 0.78270 1.49467 0.16968
vt 0.18750 1.00000
vn 0.8153 0.2913 0.5004
v 0.76441 1.35675 0.31503
vt 0.18750 0.79879
vn 0.8298 0.3839 0.4050
v 0.76441 1.35675 0.31503
vt 0.18750 0.79879
vn 0.8298 0.3839 0.4050
v 0.78270 1.49467 0.16968
vt 0.18750 1.00000
vn 0.8153 0.2913 0.5004
v 0.74042 1.53414 0.20280
vt 0.25000 1.00000
vn 0.6934 0.4051 0.5959
v 0.76441 1.35675 0.31503
vt 0.18750 0.79879
vn 0.8298 0.3839 0.4050
v 0.74042 1.53414 0.20280
vt 0.25000 1.00000
vn 0.6934 0.4051 0.5959
v 0.72486 1.39367 0.34601
vt 0.25000 0.79879
vn 0.7057 0.4998 0.5023
v 0.72486 1.39367 0.34601
vt 0.25000 0.79879
vn 0.7057 0.4998 0.5023
v 0.74042 1.53414 0.20280
vt 0.25000 1.00000
vn 0.6934 0.4051 0.5959
v 0.68889 1.56653 0.22998
vt 0.31250 1.00000
vn 0.5448 0.4985 0.6743
v 0.72486 1.39367 0.34601
vt 0.25000 0.79879
vn 0.7057 0.4998 0.5023
v 0.68889 1.56653 0.22998
vt 0.31250 1.00000
vn 0.5448 0.4985 0.6743
v 0.67667 1.42396 0.37143
vt 0.31250 0.79879
vn 0.5544 0.5948 0.5820
v 0.67667 1.42396 0.37143
vt 0.31250 0.79879
vn 0.5544 0.5948 0.5820
v 0.68889 1.56653 0.22998
vt 0.31250 1.00000
vn 0.5448 0.4985 0.6743
v 0.63011 1.59060 0.25017
vt 0.37500 1.00000
vn 0.3753 0.5679 0.7326
v 0.67667 1.42396 0.37143
vt 0.31250 0.79879
vn 0.5544 0.5948 0.5820
v 0.63011 1.59060 0.25017
vt 0.37500 1.00000
vn 0.3753 0.5679 0.7326
v 0.62169 1.44647 0.39032
vt 0.37500 0.79879
vn 0.3819 0.6655 0.6413
v 0.62169 1.44647 0.39032
vt 0.37500 0.79879
vn 0.3819 0.6655 0.6413
v 0.63011 1.59060 0.25017
vt 0.37500 1.00000
vn 0.3753 0.5679 0.7326
v 0.56633 1.60542 0.26261
vt 0.43750 1.00000
vn 0.1913 0.6107 0.7684
v 0.62169 1.44647 0.39032
vt 0.37500 0.79879
vn 0.3819 0.6655 0.6413
v 0.56633 1.60542 0.26261
vt 0.43750 1.00000
vn 0.1913 0.6107 0.7684
v 0.56204 1.46033 0.40195
vt 0.43750 0.79879
vn 0.1947 0.7090 0.6778
v 0.56204 1.46033 0.40195
vt 0.43750 0.79879
vn 0.1947 0.7090 0.6778
v 0.56633 1.60542 0.26261
vt 0.43750 1.00000
vn 0.1913 0.6107 0.7684
v 0.50000 1.61043 0.26681
vt 0.50000 1.00000
vn 0.0000 0.6251 0.7805
v 0.56204 1.46033 0.40195
vt 0.43750 0.79879
vn 0.1947 0.7090 0.6778
v 0.50000 1.61043 0.26681
vt 0.50000 1.00000
vn 0.0000 0.6251 0.7805
v 0.50000 1.46502 0.40588
vt 0.50000 0.79879
vn 0.0000 0.7237 0.6901
v 0.50000 1.46502 0.40588
vt 0.50000 0.79879
vn 0.0000 0.7237 0.6901
v 0.50000 1.61043 0.26681
vt 0.50000 1.00000
vn 0.0000 0.6251 0.7805
v 0.43367 1.60542 0.26261
vt 0.56250 1.00000
vn -0.1913 0.6107 0.7684
v 0.50000 1.46502 0.40588
vt 0.50000 0.79879
vn 0.0000 0.7237 0.6901
v 0.43367 1.60542 0.26261
vt 0.56250 1.00000
vn -0.1913 0.6107 0.7684
v 0.43796 1.46033 0.40195
vt 0.56250 0.79879
vn -0.1947 0.7090 0.6778
v 0.43796 1.46033 0.40195
vt 0.56250 0.79879
vn -0.1947 0.7090 0.6778
v 0.43367 1.60542 0.26261
vt 0.56250 1.00000
vn -0.1913 0.6107 0.7684
v 0.36989 1.59060 0.25017
vt 0.62500 1.00000
vn -0.3753 0.5679 0.7326
v 0.43796 1.46033 0.40195
vt 0.56250 0.79879
vn -0.1947 0.7090 0.6778
v 0.36989 1.59060 0.25017
vt 0.62500 1.00000
vn -0.3753 0.5679 0.7326
v 0.37831 1.44647 0.39032
vt 0.62500 0.79879
vn -0.3819 0.6655 0.6413
v 0.37831 1.44647 0.39032
vt 0.62500 0.79879
vn -0.3819 0.6655 0.6413
v 0.36989 1.59060 0.25017
vt 0.62500 1.00000
vn -0.3753 0.5679 0.7326
v 0.31111 1.56653 0.22998
vt 0.68750 1.00000
vn -0.5448 0.4985 0.6743
v 0.37831 1.44647 0.39032
vt 0.62500 0.79879
vn -0.3819 0.6655 0.6413
v 0.31111 1.56653 0.22998
vt 0.68750 1.00000
vn -0.5448 0.4985 0.6743
v 0.32333 1.42396 0.37143
vt 0.68750 0.79879
vn -0.5544 0.5948 0.5820
v 0.32333 1.42396 0.37143
vt 0.68750 0.79879
vn -0.5544 0.5948 0.5820
v 0.31111 1.56653 0.22998
vt 0.68750 1.00000
vn -0.5448 0.4985 0.6743
v 0.25958 1.53414 0.20280
vt 0.75000 1.00000
vn -0.6934 0.4051 0.5959
v 0.32333 1.42396 0.37143
vt 0.68750 0.79879
vn -0.5544 0.5948 0.5820
v 0.25958 1.53414 0.20280
vt 0.75000 1.00000
vn -0.6934 0.4051 0.5959
v 0.27514 1.39367 0.34601
vt 0.75000 0.79879
vn -0.7057 0.4998 0.5023
v 0.27514 1.39367 0.34601
vt 0.75000 0.79879
vn -0.7057 0.4998 0.5023
v 0.25958 1.53414 0.20280
vt 0.75000 1.00000
vn -0.6934 0.4051 0.5959
v 0.21730 1.49467 0.16968
vt 0.81250 1.00000
vn -0.8153 0.2913 0.5004
v 0.27514 1.39367 0.34601
vt 0.75000 0.79879
vn -0.7057 0.4998 0.5023
v 0.21730 1.49467 0.16968
vt 0.81250 1.00000
vn -0.8153 0.2913 0.5004
v 0.23559 1.35675 0.31503
vt 0.81250 0.79879
vn -0.8298 0.3839 0.4050
v 0.23559 1.35675 0.31503
vt 0.81250 0.79879
vn -0.8298 0.3839 0.4050
v 0.21730 1.49467 0.16968
vt 0.81250 1.00000
vn -0.8153 0.2913 0.5004
v 0.18588 1.44964 0.13190
vt 0.87500 1.00000
vn -0.9059 0.1614 0.3914
v 0.23559 1.35675 0.31503
vt 0.81250 0.79879
vn -0.8298 0.3839 0.4050
v 0.18588 1.44964 0.13190
vt 0.87500 1.00000
vn -0.9059 0.1614 0.3914
v 0.20621 1.31464 0.27969
vt 0.87500 0.79879
vn -0.9220 0.2517 0.2941
v 0.20621 1.31464 0.27969
vt 0.87500 0.79879
vn -0.9220 0.2517 0.2941
v 0.18588 1.44964 0.13190
vt 0.87500 1.00000
vn -0.9059 0.1614 0.3914
v 0.16653 1.40078 0.09090
vt 0.93750 1.00000
vn -0.9617 0.0205 0.2732
v 0.20621 1.31464 0.27969
vt 0.87500 0.79879
vn -0.9220 0.2517 0.2941
v 0.16653 1.40078 0.09090
vt 0.93750 1.00000
vn -0.9617 0.0205 0.2732
v 0.18811 1.26894 0.24135
vt 0.93750 0.79879
vn -0.9788 0.1083 0.1738
v 0.18811 1.26894 0.24135
vt 0.93750 0.79879
vn -0.9788 0.1083 0.1738
v 0.16653 1.40078 0.09090
vt 0.93750 1.00000
vn -0.9617 0.0205 0.2732
v 0.16000 1.34997 0.04826
vt 1.00000 1.00000
vn -0.9806 -0.1261 0.1502
v 0.18811 1.26894 0.24135
vt 0.93750 0.79879
vn -0.9788 0.1083 0.1738
v 0.16000 1.34997 0.04826
vt 1.00000 1.00000
vn -0.9806 -0.1261 0.1502
v 0.18200 1.22141 0.20147
vt 1.00000 0.79879
vn -0.9980 -0.0408 0.0486
v 0.18200 1.22141 0.20147
vt 0.00000 0.79879
vn -0.9980 -0.0408 0.0486
v 0.16000 1.34997 0.04826
vt 0.00000 1.00000
vn -0.9806 -0.1261 0.1502
v 0.16653 1.29916 0.00562
vt 0.06250 1.00000
vn -0.9617 -0.2726 0.0273
v 0.18200 1.22141 0.20147
vt 0.00000 0.79879
vn -0.9980 -0.0408 0.0486
v 0.16653 1.29916 0.00562
vt 0.06250 1.00000
vn -0.9617 -0.2726 0.0273
v 0.18811 1.17389 0.16159
vt 0.06250 0.79879
vn -0.9788 -0.1900 -0.0765
v 0.18811 1.17389 0.16159
vt 0.06250 0.79879
vn -0.9788 -0.1900 -0.0765
v 0.16653 1.29916 0.00562
vt 0.06250 1.00000
vn -0.9617 -0.2726 0.0273
v 0.18588 1.25030 -0.03537
vt 0.12500 1.00000
vn -0.9059 -0.4135 -0.0910
v 0.18811 1.17389 0.16159
vt 0.06250 0.79879
vn -0.9788 -0.1900 -0.0765
v 0.18588 1.25030 -0.03537
vt 0.12500 1.00000
vn -0.9059 -0.4135 -0.0910
v 0.20621 1.12819 0.12325
vt 0.12500 0.79879
vn -0.9220 -0.3334 -0.1968
v 0.20621 1.12819 0.12325
vt 0.12500 0.79879
vn -0.9220 -0.3334 -0.1968
v 0.18588 1.25030 -0.03537
vt 0.12500 1.00000
vn -0.9059 -0.4135 -0.0910
v 0.21730 1.20527 -0.07316
vt 0.18750 1.00000
vn -0.8153 -0.5434 -0.1999
v 0.20621 1.12819 0.12325
vt 0.12500 0.79879
vn -0.9220 -0.3334 -0.1968
v 0.21730 1.20527 -0.07316
vt 0.18750 1.00000
vn -0.8153 -0.5434 -0.1999
v 0.23559 1.08608 0.08791
vt 0.18750 0.79879
vn -0.8298 -0.4656 -0.3077
v 0.23559 1.08608 0.08791
vt 0.18750 0.79879
vn -0.8298 -0.4656 -0.3077
v 0.21730 1.20527 -0.07316
vt 0.18750 1.00000
vn -0.8153 -0.5434 -0.1999
v 0.25958 1.16580 -0.10628
vt 0.25000 1.00000
vn -0.6934 -0.6572 -0.2955
v 0.23559 1.08608 0.08791
vt 0.18750 0.79879
vn -0.8298 -0.4656 -0.3077
v 0.25958 1.16580 -0.10628
vt 0.25000 1.00000
vn -0.6934 -0.6572 -0.2955
v 0.27514 1.04916 0.05693
vt 0.25000 0.79879
vn -0.7057 -0.5814 -0.4050
v 0.27514 1.04916 0.05693
vt 0.25000 0.79879
vn -0.7057 -0.5814 -0.4050
v 0.25958 1.16580 -0.10628
vt 0.25000 1.00000
vn -0.6934 -0.6572 -0.2955
v 0.31111 1.13341 -0.13345
vt 0.31250 1.00000
vn -0.5448 -0.7506 -0.3738
v 0.27514 1.04916 0.05693
vt 0.25000 0.79879
vn -0.7057 -0.5814 -0.4050
v 0.31111 1.13341 -0.13345
vt 0.31250 1.00000
vn -0.5448 -0.7506 -0.3738
v 0.32333 1.01887 0.03151
vt 0.31250 0.79879
vn -0.5544 -0.6765 -0.4847
v 0.32333 1.01887 0.03151
vt 0.31250 0.79879
vn -0.5544 -0.6765 -0.4847
v 0.31111 1.13341 -0.13345
vt 0.31250 1.00000
vn -0.5448 -0.7506 -0.3738
v 0.36989 1.10934 -0.15365
vt 0.37500 1.00000
vn -0.3753 -0.8201 -0.4321
v 0.32333 1.01887 0.03151
vt 0.31250 0.79879
vn -0.5544 -0.6765 -0.4847
v 0.36989 1.10934 -0.15365
vt 0.37500 1.00000
vn -0.3753 -0.8201 -0.4321
v 0.37831 0.99635 0.01262
vt 0.37500 0.79879
vn -0.3819 -0.7471 -0.5440
v 0.37831 0.99635 0.01262
vt 0.37500 0.79879
vn -0.3819 -0.7471 -0.5440
v 0.36989 1.10934 -0.15365
vt 0.37500 1.00000
vn -0.3753 -0.8201 -0.4321
v 0.43367 1.09452 -0.16609
vt 0.43750 1.00000
vn -0.1913 -0.8628 -0.4680
v 0.37831 0.99635 0.01262
vt 0.37500 0.79879
vn -0.3819 -0.7471 -0.5440
v 0.43367 1.09452 -0.16609
vt 0.43750 1.00000
vn -0.1913 -0.8628 -0.4680
v 0.43796 0.98249 0.00099
vt 0.43750 0.79879
vn -0.1947 -0.7906 -0.5805
v 0.43796 0.98249 0.00099
vt 0.43750 0.79879
vn -0.1947 -0.7906 -0.5805
v 0.43367 1.09452 -0.16609
vt 0.43750 1.00000
vn -0.1913 -0.8628 -0.4680
v 0.50000 1.08952 -0.17029
vt 0.50000 1.00000
vn -0.0000 -0.8772 -0.4801
v 0.43796 0.98249 0.00099
vt 0.43750 0.79879
vn -0.1947 -0.7906 -0.5805
v 0.50000 1.08952 -0.17029
vt 0.50000 1.00000
vn -0.0000 -0.8772 -0.4801
v 0.50000 0.97781 -0.00294
vt 0.50000 0.79879
vn -0.0000 -0.8053 -0.5928
v 0.50000 0.97781 -0.00294
vt 0.50000 0.79879
vn -0.0000 -0.8053 -0.5928
v 0.50000 1.08952 -0.17029
vt 0.50000 1.00000
vn -0.0000 -0.8772 -0.4801
v 0.56633 1.09452 -0.16609
vt 0.56250 1.00000
vn 0.1913 -0.8628 -0.4680
v 0.50000 0.97781 -0.00294
vt 0.50000 0.79879
vn -0.0000 -0.8053 -0.5928
v 0.56633 1.09452 -0.16609
vt 0.56250 1.00000
vn 0.1913 -0.8628 -0.4680
v 0.56204 0.98249 0.00099
vt 0.56250 0.79879
vn 0.1947 -0.7906 -0.5805
v 0.56204 0.98249 0.00099
vt 0.56250 0.79879
vn 0.1947 -0.7906 -0.5805
v 0.56633 1.09452 -0.16609
vt 0.56250 1.00000
vn 0.1913 -0.8628 -0.4680
v 0.63011 1.10934 -0.15365
vt 0.62500 1.00000
vn 0.3753 -0.8201 -0.4321
v 0.56204 0.98249 0.00099
vt 0.56250 0.79879
vn 0.1947 -0.7906 -0.5805
v 0.63011 1.10934 -0.15365
vt 0.62500 1.00000
vn 0.3753 -0.8201 -0.4321
v 0.62169 0.99635 0.01262
vt 0.62500 0.79879
vn 0.3819 -0.7471 -0.5440
v 0.62169 0.99635 0.01262
vt 0.62500 0.79879
vn 0.3819 -0.7471 -0.5440
v 0.63011 1.10934 -0.15365
vt 0.62500 1.00000
vn 0.3753 -0.8201 -0.4321
v 0.68889 1.13341 -0.13345
vt 0.68750 1.00000
vn 0.5448 -0.7506 -0.3738
v 0.62169 0.99635 0.01262
vt 0.62500 0.79879
vn 0.3819 -0.7471 -0.5440
v 0.68889 1.13341 -0.13345
vt 0.68750 1.00000
vn 0.5448 -0.7506 -0.3738
v 0.67667 1.01887 0.03151
vt 0.68750 0.79879
vn 0.5544 -0.6765 -0.4847
v 0.67667 1.01887 0.03151
vt 0.68750 0.79879
vn 0.5544 -0.6765 -0.4847
v 0.68889 1.13341 -0.13345
vt 0.68750 1.00000
vn 0.5448 -0.7506 -0.3738
v 0.74042 1.16580 -0.10628
vt 0.75000 1.00000
vn 0.6934 -0.6572 -0.2955
v 0.67667 1.01887 0.03151
vt 0.68750 0.79879
vn 0.5544 -0.6765 -0.4847
v 0.74042 1.16580 -0.10628
vt 0.75000 1.00000
vn 0.6934 -0.6572 -0.2955
v 0.72486 1.04916 0.05693
vt 0.75000 0.79879
vn 0.7057 -0.5814 -0.4050
v 0.72486 1.04916 0.05693
vt 0.75000 0.79879
vn 0.7057 -0.5814 -0.4050
v 0.74042 1.16580 -0.10628
vt 0.75000 1.00000
vn 0.6934 -0.6572 -0.2955
v 0.78270 1.20527 -0.07316
vt 0.81250 1.00000
vn 0.8153 -0.5434 -0.1999
v 0.72486 1.04916 0.05693
vt 0.75000 0.79879
vn 0.7057 -0.5814 -0.4050
v 0.78270 1.20527 -0.07316
vt 0.81250 1.00000
vn 0.8153 -0.5434 -0.1999
v 0.76441 1.08608 0.08791
vt 0.81250 0.79879
vn 0.8298 -0.4656 -0.3077
v 0.76441 1.08608 0.08791
vt 0.81250 0.79879
vn 0.8298 -0.4656 -0.3077
v 0.78270 1.20527 -0.07316
vt 0.81250 1.00000
vn 0.8153 -0.5434 -0.1999
v 0.81412 1.25030 -0.03537
vt 0.87500 1.00000
vn 0.9059 -0.4135 -0.0910
v 0.76441 1.08608 0.08791
vt 0.81250 0.79879
vn 0.8298 -0.4656 -0.3077
v 0.81412 1.25030 -0.03537
vt 0.87500 1.00000
vn 0.9059 -0.4135 -0.0910
v 0.79379 1.12819 0.12325
vt 0.87500 0.79879
vn 0.9220 -0.3334 -0.1968
v 0.79379 1.12819 0.12325
vt 0.87500 0.79879
vn 0.9220 -0.3334 -0.1968
v 0.81412 1.25030 -0.03537
vt 0.87500 1.00000
vn 0.9059 -0.4135 -0.0910
v 0.83347 1.29916 0.00562
vt 0.93750 1.00000
vn 0.9617 -0.2726 0.0273
v 0.79379 1.12819 0.12325
vt 0.87500 0.79879
vn 0.9220 -0.3334 -0.1968
v 0.83347 1.29916 0.00562
vt 0.93750 1.00000
vn 0.9617 -0.2726 0.0273
v 0.81189 1.17389 0.16159
vt 0.93750 0.79879
vn 0.9788 -0.1900 -0.0765
v 0.81189 1.17389 0.16159
vt 0.93750 0.79879
vn 0.9788 -0.1900 -0.0765
v 0.83347 1.29916 0.00562
vt 0.93750 1.00000
vn 0.9617 -0.2726 0.0273
v 0.84000 1.34997 0.04826
vt 1.00000 1.00000
vn 0.9806 -0.1261 0.1502
v 0.81189 1.17389 0.16159
vt 0.93750 0.79879
vn 0.9788 -0.1900 -0.0765
v 0.84000 1.34997 0.04826
vt 1.00000 1.00000
vn 0.9806 -0.1261 0.1502
v 0.81800 1.22141 0.20147
vt 1.00000 0.79879
vn 0.9980 -0.0408 0.0486
v 0.84000 1.34997 0.04826
vt 0.00000 0.07785
vn 0.9806 -0.1261 0.1502
v 0.89000 1.45282 -0.07431
vt 0.00000 0.24548
vn 0.9417 -0.2162 0.2576
v 0.88251 1.51110 -0.02540
vt 0.06250 0.24548
vn 0.9236 -0.0755 0.3757
v 0.84000 1.34997 0.04826
vt 0.00000 0.07785
vn 0.9806 -0.1261 0.1502
v 0.88251 1.51110 -0.02540
vt 0.06250 0.24548
vn 0.9236 -0.0755 0.3757
v 0.83347 1.40078 0.09090
vt 0.06250 0.07785
vn 0.9617 0.0205 0.2732
v 0.83347 1.40078 0.09090
vt 0.06250 0.07785
vn 0.9617 0.0205 0.2732
v 0.88251 1.51110 -0.02540
vt 0.06250 0.24548
vn 0.9236 -0.0755 0.3757
v 0.86031 1.56715 0.02163
vt 0.12500 0.24548
vn 0.8701 0.0599 0.4893
v 0.83347 1.40078 0.09090
vt 0.06250 0.07785
vn 0.9617 0.0205 0.2732
v 0.86031 1.56715 0.02163
vt 0.12500 0.24548
vn 0.8701 0.0599 0.4893
v 0.81412 1.44964 0.13190
vt 0.12500 0.07785
vn 0.9059 0.1614 0.3914
v 0.81412 1.44964 0.13190
vt 0.12500 0.07785
vn 0.9059 0.1614 0.3914
v 0.86031 1.56715 0.02163
vt 0.12500 0.24548
vn 0.8701 0.0599 0.4893
v 0.82427 1.61880 0.06497
vt 0.18750 0.24548
vn 0.7830 0.1846 0.5940
v 0.81412 1.44964 0.13190
vt 0.12500 0.07785
vn 0.9059 0.1614 0.3914
v 0.82427 1.61880 0.06497
vt 0.18750 0.24548
vn 0.7830 0.1846 0.5940
v 0.78270 1.49467 0.16968
vt 0.18750 0.07785
vn 0.8153 0.2913 0.5004
v 0.78270 1.49467 0.16968
vt 0.18750 0.07785
vn 0.8153 0.2913 0.5004
v 0.82427 1.61880 0.06497
vt 0.18750 0.24548
vn 0.7830 0.1846 0.5940
v 0.77577 1.66407 0.10296
vt 0.25000 0.24548
vn 0.6659 0.2939 0.6857
v 0.78270 1.49467 0.16968
vt 0.18750 0.07785
vn 0.8153 0.2913 0.5004
v 0.77577 1.66407 0.10296
vt 0.25000 0.24548
vn 0.6659 0.2939 0.6857
v 0.74042 1.53414 0.20280
vt 0.25000 0.07785
vn 0.6934 0.4051 0.5959
v 0.74042 1.53414 0.20280
vt 0.25000 0.07785
vn 0.6934 0.4051 0.5959
v 0.77577 1.66407 0.10296
vt 0.25000 0.24548
vn 0.6659 0.2939 0.6857
v 0.71667 1.70122 0.13413
vt 0.31250 0.24548
vn 0.5232 0.3836 0.7610
v 0.74042 1.53414 0.20280
vt 0.25000 0.07785
vn 0.6934 0.4051 0.5959
v 0.71667 1.70122 0.13413
vt 0.31250 0.24548
vn 0.5232 0.3836 0.7610
v 0.68889 1.56653 0.22998
vt 0.31250 0.07785
vn 0.5448 0.4985 0.6743
v 0.68889 1.56653 0.22998
vt 0.31250 0.07785
vn 0.5448 0.4985 0.6743
v 0.71667 1.70122 0.13413
vt 0.31250 0.24548
vn 0.5232 0.3836 0.7610
v 0.64925 1.72883 0.15730
vt 0.37500 0.24548
vn 0.3604 0.4503 0.8169
v 0.68889 1.56653 0.22998
vt 0.31250 0.07785
vn 0.5448 0.4985 0.6743
v 0.64925 1.72883 0.15730
vt 0.37500 0.24548
vn 0.3604 0.4503 0.8169
v 0.63011 1.59060 0.25017
vt 0.37500 0.07785
vn 0.3753 0.5679 0.7326
v 0.63011 1.59060 0.25017
vt 0.37500 0.07785
vn 0.3753 0.5679 0.7326
v 0.64925 1.72883 0.15730
vt 0.37500 0.24548
vn 0.3604 0.4503 0.8169
v 0.57609 1.74583 0.17156
vt 0.43750 0.24548
vn 0.1837 0.4914 0.8514
v 0.63011 1.59060 0.25017
vt 0.37500 0.07785
vn 0.3753 0.5679 0.7326
v 0.57609 1.74583 0.17156
vt 0.43750 0.24548
vn 0.1837 0.4914 0.8514
v 0.56633 1.60542 0.26261
vt 0.43750 0.07785
vn 0.1913 0.6107 0.7684
v 0.56633 1.60542 0.26261
vt 0.43750 0.07785
vn 0.1913 0.6107 0.7684
v 0.57609 1.74583 0.17156
vt 0.43750 0.24548
vn 0.1837 0.4914 0.8514
v 0.50000 1.75157 0.17638
vt 0.50000 0.24548
vn 0.0000 0.5052 0.8630
v 0.56633 1.60542 0.26261
vt 0.43750 0.07785
vn 0.1913 0.6107 0.7684
v 0.50000 1.75157 0.17638
vt 0.50000 0.24548
vn 0.0000 0.5052 0.8630
v 0.50000 1.61043 0.26681
vt 0.50000 0.07785
vn 0.0000 0.6251 0.7805
v 0.50000 1.61043 0.26681
vt 0.50000 0.07785
vn 0.0000 0.6251 0.7805
v 0.50000 1.75157 0.17638
vt 0.50000 0.24548
vn 0.0000 0.5052 0.8630
v 0.42391 1.74583 0.17156
vt 0.56250 0.24548
vn -0.1837 0.4914 0.8514
v 0.50000 1.61043 0.26681
vt 0.50000 0.07785
vn 0.0000 0.6251 0.7805
v 0.42391 1.74583 0.17156
vt 0.56250 0.24548
vn -0.1837 0.4914 0.8514
v 0.43367 1.60542 0.26261
vt 0.56250 0.07785
vn -0.1913 0.6107 0.7684
v 0.43367 1.60542 0.26261
vt 0.56250 0.07785
vn -0.1913 0.6107 0.7684
v 0.42391 1.74583 0.17156
vt 0.56250 0.24548
vn -0.1837 0.4914 0.8514
v 0.35075 1.72883 0.15730
vt 0.62500 0.24548
vn -0.3604 0.4503 0.8169
v 0.43367 1.60542 0.26261
vt 0.56250 0.07785
vn -0.1913 0.6107 0.7684
v 0.35075 1.72883 0.15730
vt 0.62500 0.24548
vn -0.3604 0.4503 0.8169
v 0.36989 1.59060 0.25017
vt 0.62500 0.07785
vn -0.3753 0.5679 0.7326
v 0.36989 1.59060 0.25017
vt 0.62500 0.07785
vn -0.3753 0.5679 0.7326
v 0.35075 1.72883 0.15730
vt 0.62500 0.24548
vn -0.3604 0.4503 0.8169
v 0.28333 1.70122 0.13413
vt 0.68750 0.24548
vn -0.5232 0.3836 0.7610
v 0.36989 1.59060 0.25017
vt 0.62500 0.07785
vn -0.3753 0.5679 0.7326
v 0.28333 1.70122 0.13413
vt 0.68750 0.24548
vn -0.5232 0.3836 0.7610
v 0.31111 1.56653 0.22998
vt 0.68750 0.07785
vn -0.5448 0.4985 0.6743
v 0.31111 1.56653 0.22998
vt 0.68750 0.07785
vn -0.5448 0.4985 0.6743
v 0.28333 1.70122 0.13413
vt 0.68750 0.24548
vn -0.5232 0.3836 0.7610
v 0.22423 1.66407 0.10296
vt 0.75000 0.24548
vn -0.6659 0.2939 0.6857
v 0.31111 1.56653 0.22998
vt 0.68750 0.07785
vn -0.5448 0.4985 0.6743
v 0.22423 1.66407 0.10296
vt 0.75000 0.24548
vn -0.6659 0.2939 0.6857
v 0.25958 1.53414 0.20280
vt 0.75000 0.07785
vn -0.6934 0.4051 0.5959
v 0.25958 1.53414 0.20280
vt 0.75000 0.07785
vn -0.6934 0.4051 0.5959
v 0.22423 1.66407 0.10296
vt 0.75000 0.24548
vn -0.6659 0.2939 0.6857
v 0.17573 1.61880 0.06497
vt 0.81250 0.24548
vn -0.7830 0.1846 0.5940
v 0.25958 1.53414 0.20280
vt 0.75000 0.07785
vn -0.6934 0.4051 0.5959
v 0.17573 1.61880 0.06497
vt 0.81250 0.24548
vn -0.7830 0.1846 0.5940
v 0.21730 1.49467 0.16968
vt 0.81250 0.07785
vn -0.8153 0.2913 0.5004
v 0.21730 1.49467 0.16968
vt 0.81250 0.07785
vn -0.8153 0.2913 0.5004
v 0.17573 1.61880 0.06497
vt 0.81250 0.24548
vn -0.7830 0.1846 0.5940
v 0.13969 1.56715 0.02163
vt 0.87500 0.24548
vn -0.8701 0.0599 0.4893
v 0.21730 1.49467 0.16968
vt 0.81250 0.07785
vn -0.8153 0.2913 0.5004
v 0.13969 1.56715 0.02163
vt 0.87500 0.24548
vn -0.8701 0.0599 0.4893
v 0.18588 1.44964 0.13190
vt 0.87500 0.07785
vn -0.9059 0.1614 0.3914
v 0.18588 1.44964 0.13190
vt 0.87500 0.07785
vn -0.9059 0.1614 0.3914
v 0.13969 1.56715 0.02163
vt 0.87500 0.24548
vn -0.8701 0.0599 0.4893
v 0.11749 1.51110 -0.02540
vt 0.93750 0.24548
vn -0.9236 -0.0755 0.3757
v 0.18588 1.44964 0.13190
vt 0.87500 0.07785
vn -0.9059 0.1614 0.3914
v 0.11749 1.51110 -0.02540
vt 0.93750 0.24548
vn -0.9236 -0.0755 0.3757
v 0.16653 1.40078 0.09090
vt 0.93750 0.07785
vn -0.9617 0.0205 0.2732
v 0.16653 1.40078 0.09090
vt 0.93750 0.07785
vn -0.9617 0.0205 0.2732
v 0.11749 1.51110 -0.02540
vt 0.93750 0.24548
vn -0.9236 -0.0755 0.3757
v 0.11000 1.45282 -0.07431
vt 1.00000 0.24548
vn -0.9417 -0.2162 0.2576
v 0.16653 1.40078 0.09090
vt 0.93750 0.07785
vn -0.9617 0.0205 0.2732
v 0.11000 1.45282 -0.07431
vt 1.00000 0.24548
vn -0.9417 -0.2162 0.2576
v 0.16000 1.34997 0.04826
vt 1.00000 0.07785
vn -0.9806 -0.1261 0.1502
v 0.16000 1.34997 0.04826
vt 0.00000 0.07785
vn -0.9806 -0.1261 0.1502
v 0.11000 1.45282 -0.07431
vt 0.00000 0.24548
vn -0.9417 -0.2162 0.2576
v 0.11749 1.39453 -0.12321
vt 0.06250 0.24548
vn -0.9236 -0.3569 0.1396
v 0.16000 1.34997 0.04826
vt 0.00000 0.07785
vn -0.9806 -0.1261 0.1502
v 0.11749 1.39453 -0.12321
vt 0.06250 0.24548
vn -0.9236 -0.3569 0.1396
v 0.16653 1.29916 0.00562
vt 0.06250 0.07785
vn -0.9617 -0.2726 0.0273
v 0.16653 1.29916 0.00562
vt 0.06250 0.07785
vn -0.9617 -0.2726 0.0273
v 0.11749 1.39453 -0.12321
vt 0.06250 0.24548
vn -0.9236 -0.3569 0.1396
v 0.13969 1.33849 -0.17024
vt 0.12500 0.24548
vn -0.8701 -0.4923 0.0260
v 0.16653 1.29916 0.00562
vt 0.06250 0.07785
vn -0.9617 -0.2726 0.0273
v 0.13969 1.33849 -0.17024
vt 0.12500 0.24548
vn -0.8701 -0.4923 0.0260
v 0.18588 1.25030 -0.03537
vt 0.12500 0.07785
vn -0.9059 -0.4135 -0.0910
v 0.18588 1.25030 -0.03537
vt 0.12500 0.07785
vn -0.9059 -0.4135 -0.0910
v 0.13969 1.33849 -0.17024
vt 0.12500 0.24548
vn -0.8701 -0.4923 0.0260
v 0.17573 1.28684 -0.21358
vt 0.18750 0.24548
vn -0.7830 -0.6170 -0.0787
v 0.18588 1.25030 -0.03537
vt 0.12500 0.07785
vn -0.9059 -0.4135 -0.0910
v 0.17573 1.28684 -0.21358
vt 0.18750 0.24548
vn -0.7830 -0.6170 -0.0787
v 0.21730 1.20527 -0.07316
vt 0.18750 0.07785
vn -0.8153 -0.5434 -0.1999
v 0.21730 1.20527 -0.07316
vt 0.18750 0.07785
vn -0.8153 -0.5434 -0.1999
v 0.17573 1.28684 -0.21358
vt 0.18750 0.24548
vn -0.7830 -0.6170 -0.0787
v 0.22423 1.24156 -0.25157
vt 0.25000 0.24548
vn -0.6659 -0.7263 -0.1704
v 0.21730 1.20527 -0.07316
vt 0.18750 0.07785
vn -0.8153 -0.5434 -0.1999
v 0.22423 1.24156 -0.25157
vt 0.25000 0.24548
vn -0.6659 -0.7263 -0.1704
v 0.25958 1.16580 -0.10628
vt 0.25000 0.07785
vn -0.6934 -0.6572 -0.2955
v 0.25958 1.16580 -0.10628
vt 0.25000 0.07785
vn -0.6934 -0.6572 -0.2955
v 0.22423 1.24156 -0.25157
vt 0.25000 0.24548
vn -0.6659 -0.7263 -0.1704
v 0.28333 1.20441 -0.28274
vt 0.31250 0.24548
vn -0.5232 -0.8160 -0.2457
v 0.25958 1.16580 -0.10628
vt 0.25000 0.07785
vn -0.6934 -0.6572 -0.2955
v 0.28333 1.20441 -0.28274
vt 0.31250 0.24548
vn -0.5232 -0.8160 -0.2457
v 0.31111 1.13341 -0.13345
vt 0.31250 0.07785
vn -0.5448 -0.7506 -0.3738
v 0.31111 1.13341 -0.13345
vt 0.31250 0.07785
vn -0.5448 -0.7506 -0.3738
v 0.28333 1.20441 -0.28274
vt 0.31250 0.24548
vn -0.5232 -0.8160 -0.2457
v 0.35075 1.17680 -0.30591
vt 0.37500 0.24548
vn -0.3604 -0.8827 -0.3016
v 0.31111 1.13341 -0.13345
vt 0.31250 0.07785
vn -0.5448 -0.7506 -0.3738
v 0.35075 1.17680 -0.30591
vt 0.37500 0.24548
vn -0.3604 -0.8827 -0.3016
v 0.36989 1.10934 -0.15365
vt 0.37500 0.07785
vn -0.3753 -0.8201 -0.4321
v 0.36989 1.10934 -0.15365
vt 0.37500 0.07785
vn -0.3753 -0.8201 -0.4321
v 0.35075 1.17680 -0.30591
vt 0.37500 0.24548
vn -0.3604 -0.8827 -0.3016
v 0.42391 1.15980 -0.32018
vt 0.43750 0.24548
vn -0.1837 -0.9237 -0.3361
v 0.36989 1.10934 -0.15365
vt 0.37500 0.07785
vn -0.3753 -0.8201 -0.4321
v 0.42391 1.15980 -0.32018
vt 0.43750 0.24548
vn -0.1837 -0.9237 -0.3361
v 0.43367 1.09452 -0.16609
vt 0.43750 0.07785
vn -0.1913 -0.8628 -0.4680
v 0.43367 1.09452 -0.16609
vt 0.43750 0.07785
vn -0.1913 -0.8628 -0.4680
v 0.42391 1.15980 -0.32018
vt 0.43750 0.24548
vn -0.1837 -0.9237 -0.3361
v 0.50000 1.15406 -0.32499
vt 0.50000 0.24548
vn -0.0000 -0.9376 -0.3477
v 0.43367 1.09452 -0.16609
vt 0.43750 0.07785
vn -0.1913 -0.8628 -0.4680
v 0.50000 1.15406 -0.32499
vt 0.50000 0.24548
vn -0.0000 -0.9376 -0.3477
v 0.50000 1.08952 -0.17029
vt 0.50000 0.07785
vn -0.0000 -0.8772 -0.4801
v 0.50000 1.08952 -0.17029
vt 0.50000 0.07785
vn -0.0000 -0.8772 -0.4801
v 0.50000 1.15406 -0.32499
vt 0.50000 0.24548
vn -0.0000 -0.9376 -0.3477
v 0.57609 1.15980 -0.32018
vt 0.56250 0.24548
vn 0.1837 -0.9237 -0.3361
v 0.50000 1.08952 -0.17029
vt 0.50000 0.07785
vn -0.0000 -0.8772 -0.4801
v 0.57609 1.15980 -0.32018
vt 0.56250 0.24548
vn 0.1837 -0.9237 -0.3361
v 0.56633 1.09452 -0.16609
vt 0.56250 0.07785
vn 0.1913 -0.8628 -0.4680
v 0.56633 1.09452 -0.16609
vt 0.56250 0.07785
vn 0.1913 -0.8628 -0.4680
v 0.57609 1.15980 -0.32018
vt 0.56250 0.24548
vn 0.1837 -0.9237 -0.3361
v 0.64925 1.17680 -0.30591
vt 0.62500 0.24548
vn 0.3604 -0.8827 -0.3016
v 0.56633 1.09452 -0.16609
vt 0.56250 0.07785
vn 0.1913 -0.8628 -0.4680
v 0.64925 1.17680 -0.30591
vt 0.62500 0.24548
vn 0.3604 -0.8827 -0.3016
v 0.63011 1.10934 -0.15365
vt 0.62500 0.07785
vn 0.3753 -0.8201 -0.4321
v 0.63011 1.10934 -0.15365
vt 0.62500 0.07785
vn 0.3753 -0.8201 -0.4321
v 0.64925 1.17680 -0.30591
vt 0.62500 0.24548
vn 0.3604 -0.8827 -0.3016
v 0.71667 1.20441 -0.28274
vt 0.68750 0.24548
vn 0.5232 -0.8160 -0.2457
v 0.63011 1.10934 -0.15365
vt 0.62500 0.07785
vn 0.3753 -0.8201 -0.4321
v 0.71667 1.20441 -0.28274
vt 0.68750 0.24548
vn 0.5232 -0.8160 -0.2457
v 0.68889 1.13341 -0.13345
vt 0.68750 0.07785
vn 0.5448 -0.7506 -0.3738
v 0.68889 1.13341 -0.13345
vt 0.68750 0.07785
vn 0.5448 -0.7506 -0.3738
v 0.71667 1.20441 -0.28274
vt 0.68750 0.24548
vn 0.5232 -0.8160 -0.2457
v 0.77577 1.24156 -0.25157
vt 0.75000 0.24548
vn 0.6659 -0.7263 -0.1704
v 0.68889 1.13341 -0.13345
vt 0.68750 0.07785
vn 0.5448 -0.7506 -0.3738
v 0.77577 1.24156 -0.25157
vt 0.75000 0.24548
vn 0.6659 -0.7263 -0.1704
v 0.74042 1.16580 -0.10628
vt 0.75000 0.07785
vn 0.6934 -0.6572 -0.2955
v 0.74042 1.16580 -0.10628
vt 0.75000 0.07785
vn 0.6934 -0.6572 -0.2955
v 0.77577 1.24156 -0.25157
vt 0.75000 0.24548
vn 0.6659 -0.7263 -0.1704
v 0.82427 1.28684 -0.21358
vt 0.81250 0.24548
vn 0.7830 -0.6170 -0.0787
v 0.74042 1.16580 -0.10628
vt 0.75000 0.07785
vn 0.6934 -0.6572 -0.2955
v 0.82427 1.28684 -0.21358
vt 0.81250 0.24548
vn 0.7830 -0.6170 -0.0787
v 0.78270 1.20527 -0.07316
vt 0.81250 0.07785
vn 0.8153 -0.5434 -0.1999
v 0.78270 1.20527 -0.07316
vt 0.81250 0.07785
vn 0.8153 -0.5434 -0.1999
v 0.82427 1.28684 -0.21358
vt 0.81250 0.24548
vn 0.7830 -0.6170 -0.0787
v 0.86031 1.33849 -0.17024
vt 0.87500 0.24548
vn 0.8701 -0.4923 0.0260
v 0.78270 1.20527 -0.07316
vt 0.81250 0.07785
vn 0.8153 -0.5434 -0.1999
v 0.86031 1.33849 -0.17024
vt 0.87500 0.24548
vn 0.8701 -0.4923 0.0260
v 0.81412 1.25030 -0.03537
vt 0.87500 0.07785
vn 0.9059 -0.4135 -0.0910
v 0.81412 1.25030 -0.03537
vt 0.87500 0.07785
vn 0.9059 -0.4135 -0.0910
v 0.86031 1.33849 -0.17024
vt 0.87500 0.24548
vn 0.8701 -0.4923 0.0260
v 0.88251 1.39453 -0.12321
vt 0.93750 0.24548
vn 0.9236 -0.3569 0.1396
v 0.81412 1.25030 -0.03537
vt 0.87500 0.07785
vn 0.9059 -0.4135 -0.0910
v 0.88251 1.39453 -0.12321
vt 0.93750 0.24548
vn 0.9236 -0.3569 0.1396
v 0.83347 1.29916 0.00562
vt 0.93750 0.07785
vn 0.9617 -0.2726 0.0273
v 0.83347 1.29916 0.00562
vt 0.93750 0.07785
vn 0.9617 -0.2726 0.0273
v 0.88251 1.39453 -0.12321
vt 0.93750 0.24548
vn 0.9236 -0.3569 0.1396
v 0.89000 1.45282 -0.07431
vt 1.00000 0.24548
vn 0.9417 -0.2162 0.2576
v 0.83347 1.29916 0.00562
vt 0.93750 0.07785
vn 0.9617 -0.2726 0.0273
v 0.89000 1.45282 -0.07431
vt 1.00000 0.24548
vn 0.9417 -0.2162 0.2576
v 0.84000 1.34997 0.04826
vt 1.00000 0.07785
vn 0.9806 -0.1261 0.1502
v 0.89000 1.45282 -0.07431
vt 0.00000 0.24548
vn 0.9417 -0.2162 0.2576
v 0.94000 1.52995 -0.16623
vt 0.00000 0.37548
vn 0.9285 -0.2387 0.2845
v 0.93155 1.59571 -0.11105
vt 0.06250 0.37548
vn 0.9106 -0.1000 0.4009
v 0.89000 1.45282 -0.07431
vt 0.00000 0.24548
vn 0.9417 -0.2162 0.2576
v 0.93155 1.59571 -0.11105
vt 0.06250 0.37548
vn 0.9106 -0.1000 0.4009
v 0.88251 1.51110 -0.02540
vt 0.06250 0.24548
vn 0.9236 -0.0755 0.3757
v 0.88251 1.51110 -0.02540
vt 0.06250 0.24548
vn 0.9236 -0.0755 0.3757
v 0.93155 1.59571 -0.11105
vt 0.06250 0.37548
vn 0.9106 -0.1000 0.4009
v 0.90651 1.65894 -0.05800
vt 0.12500 0.37548
vn 0.8578 0.0335 0.5129
v 0.88251 1.51110 -0.02540
vt 0.06250 0.24548
vn 0.9236 -0.0755 0.3757
v 0.90651 1.65894 -0.05800
vt 0.12500 0.37548
vn 0.8578 0.0335 0.5129
v 0.86031 1.56715 0.02163
vt 0.12500 0.24548
vn 0.8701 0.0599 0.4893
v 0.86031 1.56715 0.02163
vt 0.12500 0.24548
vn 0.8701 0.0599 0.4893
v 0.90651 1.65894 -0.05800
vt 0.12500 0.37548
vn 0.8578 0.0335 0.5129
v 0.86585 1.71721 -0.00910
vt 0.18750 0.37548
vn 0.7720 0.1564 0.6161
v 0.86031 1.56715 0.02163
vt 0.12500 0.24548
vn 0.8701 0.0599 0.4893
v 0.86585 1.71721 -0.00910
vt 0.18750 0.37548
vn 0.7720 0.1564 0.6161
v 0.82427 1.61880 0.06497
vt 0.18750 0.24548
vn 0.7830 0.1846 0.5940
v 0.82427 1.61880 0.06497
vt 0.18750 0.24548
vn 0.7830 0.1846 0.5940
v 0.86585 1.71721 -0.00910
vt 0.18750 0.37548
vn 0.7720 0.1564 0.6161
v 0.81113 1.76829 0.03376
vt 0.25000 0.37548
vn 0.6565 0.2642 0.7065
v 0.82427 1.61880 0.06497
vt 0.18750 0.24548
vn 0.7830 0.1846 0.5940
v 0.81113 1.76829 0.03376
vt 0.25000 0.37548
vn 0.6565 0.2642 0.7065
v 0.77577 1.66407 0.10296
vt 0.25000 0.24548
vn 0.6659 0.2939 0.6857
v 0.77577 1.66407 0.10296
vt 0.25000 0.24548
vn 0.6659 0.2939 0.6857
v 0.81113 1.76829 0.03376
vt 0.25000 0.37548
vn 0.6565 0.2642 0.7065
v 0.74445 1.81021 0.06893
vt 0.31250 0.37548
vn 0.5158 0.3527 0.7807
v 0.77577 1.66407 0.10296
vt 0.25000 0.24548
vn 0.6659 0.2939 0.6857
v 0.74445 1.81021 0.06893
vt 0.31250 0.37548
vn 0.5158 0.3527 0.7807
v 0.71667 1.70122 0.13413
vt 0.31250 0.24548
vn 0.5232 0.3836 0.7610
v 0.71667 1.70122 0.13413
vt 0.31250 0.24548
vn 0.5232 0.3836 0.7610
v 0.74445 1.81021 0.06893
vt 0.31250 0.37548
vn 0.5158 0.3527 0.7807
v 0.66838 1.84135 0.09507
vt 0.37500 0.37548
vn 0.3553 0.4184 0.8359
v 0.71667 1.70122 0.13413
vt 0.31250 0.24548
vn 0.5232 0.3836 0.7610
v 0.66838 1.84135 0.09507
vt 0.37500 0.37548
vn 0.3553 0.4184 0.8359
v 0.64925 1.72883 0.15730
vt 0.37500 0.24548
vn 0.3604 0.4503 0.8169
v 0.64925 1.72883 0.15730
vt 0.37500 0.24548
vn 0.3604 0.4503 0.8169
v 0.66838 1.84135 0.09507
vt 0.37500 0.37548
vn 0.3553 0.4184 0.8359
v 0.58584 1.86053 0.11116
vt 0.43750 0.37548
vn 0.1811 0.4589 0.8698
v 0.64925 1.72883 0.15730
vt 0.37500 0.24548
vn 0.3604 0.4503 0.8169
v 0.58584 1.86053 0.11116
vt 0.43750 0.37548
vn 0.1811 0.4589 0.8698
v 0.57609 1.74583 0.17156
vt 0.43750 0.24548
vn 0.1837 0.4914 0.8514
v 0.57609 1.74583 0.17156
vt 0.43750 0.24548
vn 0.1837 0.4914 0.8514
v 0.58584 1.86053 0.11116
vt 0.43750 0.37548
vn 0.1811 0.4589 0.8698
v 0.50000 1.86701 0.11660
vt 0.50000 0.37548
vn 0.0000 0.4725 0.8813
v 0.57609 1.74583 0.17156
vt 0.43750 0.24548
vn 0.1837 0.4914 0.8514
v 0.50000 1.86701 0.11660
vt 0.50000 0.37548
vn 0.0000 0.4725 0.8813
v 0.50000 1.75157 0.17638
vt 0.50000 0.24548
vn 0.0000 0.5052 0.8630
v 0.50000 1.75157 0.17638
vt 0.50000 0.24548
vn 0.0000 0.5052 0.8630
v 0.50000 1.86701 0.11660
vt 0.50000 0.37548
vn 0.0000 0.4725 0.8813
v 0.41416 1.86053 0.11116
vt 0.56250 0.37548
vn -0.1811 0.4589 0.8698
v 0.50000 1.75157 0.17638
vt 0.50000 0.24548
vn 0.0000 0.5052 0.8630
v 0.41416 1.86053 0.11116
vt 0.56250 0.37548
vn -0.1811 0.4589 0.8698
v 0.42391 1.74583 0.17156
vt 0.56250 0.24548
vn -0.1837 0.4914 0.8514
v 0.42391 1.74583 0.17156
vt 0.56250 0.24548
vn -0.1837 0.4914 0.8514
v 0.41416 1.86053 0.11116
vt 0.56250 0.37548
vn -0.1811 0.4589 0.8698
v 0.33162 1.84135 0.09507
vt 0.62500 0.37548
vn -0.3553 0.4184 0.8359
v 0.42391 1.74583 0.17156
vt 0.56250 0.24548
vn -0.1837 0.4914 0.8514
v 0.33162 1.84135 0.09507
vt 0.62500 0.37548
vn -0.3553 0.4184 0.8359
v 0.35075 1.72883 0.15730
vt 0.62500 0.24548
vn -0.3604 0.4503 0.8169
v 0.35075 1.72883 0.15730
vt 0.62500 0.24548
vn -0.3604 0.4503 0.8169
v 0.33162 1.84135 0.09507
vt 0.62500 0.37548
vn -0.3553 0.4184 0.8359
v 0.25555 1.81021 0.06893
vt 0.68750 0.37548
vn -0.5158 0.3527 0.7807
v 0.35075 1.72883 0.15730
vt 0.62500 0.24548
vn -0.3604 0.4503 0.8169
v 0.25555 1.81021 0.06893
vt 0.68750 0.37548
vn -0.5158 0.3527 0.7807
v 0.28333 1.70122 0.13413
vt 0.68750 0.24548
vn -0.5232 0.3836 0.7610
v 0.28333 1.70122 0.13413
vt 0.68750 0.24548
vn -0.5232 0.3836 0.7610
v 0.25555 1.81021 0.06893
vt 0.68750 0.37548
vn -0.5158 0.3527 0.7807
v 0.18887 1.76829 0.03376
vt 0.75000 0.37548
vn -0.6565 0.2642 0.7065
v 0.28333 1.70122 0.13413
vt 0.68750 0.24548
vn -0.5232 0.3836 0.7610
v 0.18887 1.76829 0.03376
vt 0.75000 0.37548
vn -0.6565 0.2642 0.7065
v 0.22423 1.66407 0.10296
vt 0.75000 0.24548
vn -0.6659 0.2939 0.6857
v 0.22423 1.66407 0.10296
vt 0.75000 0.24548
vn -0.6659 0.2939 0.6857
v 0.18887 1.76829 0.03376
vt 0.75000 0.37548
vn -0.6565 0.2642 0.7065
v 0.13415 1.71721 -0.00910
vt 0.81250 0.37548
vn -0.7720 0.1564 0.6161
v 0.22423 1.66407 0.10296
vt 0.75000 0.24548
vn -0.6659 0.2939 0.6857
v 0.13415 1.71721 -0.00910
vt 0.81250 0.37548
vn -0.7720 0.1564 0.6161
v 0.17573 1.61880 0.06497
vt 0.81250 0.24548
vn -0.7830 0.1846 0.5940
v 0.17573 1.61880 0.06497
vt 0.81250 0.24548
vn -0.7830 0.1846 0.5940
v 0.13415 1.71721 -0.00910
vt 0.81250 0.37548
vn -0.7720 0.1564 0.6161
v 0.09349 1.65894 -0.05800
vt 0.87500 0.37548
vn -0.8578 0.0335 0.5129
v 0.17573 1.61880 0.06497
vt 0.81250 0.24548
vn -0.7830 0.1846 0.5940
v 0.09349 1.65894 -0.05800
vt 0.87500 0.37548
vn -0.8578 0.0335 0.5129
v 0.13969 1.56715 0.02163
vt 0.87500 0.24548
vn -0.8701 0.0599 0.4893
v 0.13969 1.56715 0.02163
vt 0.87500 0.24548
vn -0.8701 0.0599 0.4893
v 0.09349 1.65894 -0.05800
vt 0.87500 0.37548
vn -0.8578 0.0335 0.5129
v 0.06845 1.59571 -0.11105
vt 0.93750 0.37548
vn -0.9106 -0.1000 0.4009
v 0.13969 1.56715 0.02163
vt 0.87500 0.24548
vn -0.8701 0.0599 0.4893
v 0.06845 1.59571 -0.11105
vt 0.93750 0.37548
vn -0.9106 -0.1000 0.4009
v 0.11749 1.51110 -0.02540
vt 0.93750 0.24548
vn -0.9236 -0.0755 0.3757
v 0.11749 1.51110 -0.02540
vt 0.93750 0.24548
vn -0.9236 -0.0755 0.3757
v 0.06845 1.59571 -0.11105
vt 0.93750 0.37548
vn -0.9106 -0.1000 0.4009
v 0.06000 1.52995 -0.16623
vt 1.00000 0.37548
vn -0.9285 -0.2387 0.2845
v 0.11749 1.51110 -0.02540
vt 0.93750 0.24548
vn -0.9236 -0.0755 0.3757
v 0.06000 1.52995 -0.16623
vt 1.00000 0.37548
vn -0.9285 -0.2387 0.2845
v 0.11000 1.45282 -0.07431
vt 1.00000 0.24548
vn -0.9417 -0.2162 0.2576
v 0.11000 1.45282 -0.07431
vt 0.00000 0.24548
vn -0.9417 -0.2162 0.2576
v 0.06000 1.52995 -0.16623
vt 0.00000 0.37548
vn -0.9285 -0.2387 0.2845
v 0.06845 1.46419 -0.22141
vt 0.06250 0.37548
vn -0.9106 -0.3775 0.1681
v 0.11000 1.45282 -0.07431
vt 0.00000 0.24548
vn -0.9417 -0.2162 0.2576
v 0.06845 1.46419 -0.22141
vt 0.06250 0.37548
vn -0.9106 -0.3775 0.1681
v 0.11749 1.39453 -0.12321
vt 0.06250 0.24548
vn -0.9236 -0.3569 0.1396
v 0.11749 1.39453 -0.12321
vt 0.06250 0.24548
vn -0.9236 -0.3569 0.1396
v 0.06845 1.46419 -0.22141
vt 0.06250 0.37548
vn -0.9106 -0.3775 0.1681
v 0.09349 1.40096 -0.27446
vt 0.12500 0.37548
vn -0.8578 -0.5109 0.0561
v 0.11749 1.39453 -0.12321
vt 0.06250 0.24548
vn -0.9236 -0.3569 0.1396
v 0.09349 1.40096 -0.27446
vt 0.12500 0.37548
vn -0.8578 -0.5109 0.0561
v 0.13969 1.33849 -0.17024
vt 0.12500 0.24548
vn -0.8701 -0.4923 0.0260
v 0.13969 1.33849 -0.17024
vt 0.12500 0.24548
vn -0.8701 -0.4923 0.0260
v 0.09349 1.40096 -0.27446
vt 0.12500 0.37548
vn -0.8578 -0.5109 0.0561
v 0.13415 1.34269 -0.32336
vt 0.18750 0.37548
vn -0.7720 -0.6339 -0.0471
v 0.13969 1.33849 -0.17024
vt 0.12500 0.24548
vn -0.8701 -0.4923 0.0260
v 0.13415 1.34269 -0.32336
vt 0.18750 0.37548
vn -0.7720 -0.6339 -0.0471
v 0.17573 1.28684 -0.21358
vt 0.18750 0.24548
vn -0.7830 -0.6170 -0.0787
v 0.17573 1.28684 -0.21358
vt 0.18750 0.24548
vn -0.7830 -0.6170 -0.0787
v 0.13415 1.34269 -0.32336
vt 0.18750 0.37548
vn -0.7720 -0.6339 -0.0471
v 0.18887 1.29161 -0.36622
vt 0.25000 0.37548
vn -0.6565 -0.7417 -0.1375
v 0.17573 1.28684 -0.21358
vt 0.18750 0.24548
vn -0.7830 -0.6170 -0.0787
v 0.18887 1.29161 -0.36622
vt 0.25000 0.37548
vn -0.6565 -0.7417 -0.1375
v 0.22423 1.24156 -0.25157
vt 0.25000 0.24548
vn -0.6659 -0.7263 -0.1704
v 0.22423 1.24156 -0.25157
vt 0.25000 0.24548
vn -0.6659 -0.7263 -0.1704
v 0.18887 1.29161 -0.36622
vt 0.25000 0.37548
vn -0.6565 -0.7417 -0.1375
v 0.25555 1.24970 -0.40139
vt 0.31250 0.37548
vn -0.5158 -0.8301 -0.2117
v 0.22423 1.24156 -0.25157
vt 0.25000 0.24548
vn -0.6659 -0.7263 -0.1704
v 0.25555 1.24970 -0.40139
vt 0.31250 0.37548
vn -0.5158 -0.8301 -0.2117
v 0.28333 1.20441 -0.28274
vt 0.31250 0.24548
vn -0.5232 -0.8160 -0.2457
v 0.28333 1.20441 -0.28274
vt 0.31250 0.24548
vn -0.5232 -0.8160 -0.2457
v 0.25555 1.24970 -0.40139
vt 0.31250 0.37548
vn -0.5158 -0.8301 -0.2117
v 0.33162 1.21855 -0.42753
vt 0.37500 0.37548
vn -0.3553 -0.8958 -0.2669
v 0.28333 1.20441 -0.28274
vt 0.31250 0.24548
vn -0.5232 -0.8160 -0.2457
v 0.33162 1.21855 -0.42753
vt 0.37500 0.37548
vn -0.3553 -0.8958 -0.2669
v 0.35075 1.17680 -0.30591
vt 0.37500 0.24548
vn -0.3604 -0.8827 -0.3016
v 0.35075 1.17680 -0.30591
vt 0.37500 0.24548
vn -0.3604 -0.8827 -0.3016
v 0.33162 1.21855 -0.42753
vt 0.37500 0.37548
vn -0.3553 -0.8958 -0.2669
v 0.41416 1.19937 -0.44362
vt 0.43750 0.37548
vn -0.1811 -0.9363 -0.3008
v 0.35075 1.17680 -0.30591
vt 0.37500 0.24548
vn -0.3604 -0.8827 -0.3016
v 0.41416 1.19937 -0.44362
vt 0.43750 0.37548
vn -0.1811 -0.9363 -0.3008
v 0.42391 1.15980 -0.32018
vt 0.43750 0.24548
vn -0.1837 -0.9237 -0.3361
v 0.42391 1.15980 -0.32018
vt 0.43750 0.24548
vn -0.1837 -0.9237 -0.3361
v 0.41416 1.19937 -0.44362
vt 0.43750 0.37548
vn -0.1811 -0.9363 -0.3008
v 0.50000 1.19289 -0.44906
vt 0.50000 0.37548
vn -0.0000 -0.9500 -0.3123
v 0.42391 1.15980 -0.32018
vt 0.43750 0.24548
vn -0.1837 -0.9237 -0.3361
v 0.50000 1.19289 -0.44906
vt 0.50000 0.37548
vn -0.0000 -0.9500 -0.3123
v 0.50000 1.15406 -0.32499
vt 0.50000 0.24548
vn -0.0000 -0.9376 -0.3477
v 0.50000 1.15406 -0.32499
vt 0.50000 0.24548
vn -0.0000 -0.9376 -0.3477
v 0.50000 1.19289 -0.44906
vt 0.50000 0.37548
vn -0.0000 -0.9500 -0.3123
v 0.58584 1.19937 -0.44362
vt 0.56250 0.37548
vn 0.1811 -0.9363 -0.3008
v 0.50000 1.15406 -0.32499
vt 0.50000 0.24548
vn -0.0000 -0.9376 -0.3477
v 0.58584 1.19937 -0.44362
vt 0.56250 0.37548
vn 0.1811 -0.9363 -0.3008
v 0.57609 1.15980 -0.32018
vt 0.56250 0.24548
vn 0.1837 -0.9237 -0.3361
v 0.57609 1.15980 -0.32018
vt 0.56250 0.24548
vn 0.1837 -0.9237 -0.3361
v 0.58584 1.19937 -0.44362
vt 0.56250 0.37548
vn 0.1811 -0.9363 -0.3008
v 0.66838 1.21855 -0.42753
vt 0.62500 0.37548
vn 0.3553 -0.8958 -0.2669
v 0.57609 1.15980 -0.32018
vt 0.56250 0.24548
vn 0.1837 -0.9237 -0.3361
v 0.66838 1.21855 -0.42753
vt 0.62500 0.37548
vn 0.3553 -0.8958 -0.2669
v 0.64925 1.17680 -0.30591
vt 0.62500 0.24548
vn 0.3604 -0.8827 -0.3016
v 0.64925 1.17680 -0.30591
vt 0.62500 0.24548
vn 0.3604 -0.8827 -0.3016
v 0.66838 1.21855 -0.42753
vt 0.62500 0.37548
vn 0.3553 -0.8958 -0.2669
v 0.74445 1.24970 -0.40139
vt 0.68750 0.37548
vn 0.5158 -0.8301 -0.2117
v 0.64925 1.17680 -0.30591
vt 0.62500 0.24548
vn 0.3604 -0.8827 -0.3016
v 0.74445 1.24970 -0.40139
vt 0.68750 0.37548
vn 0.5158 -0.8301 -0.2117
v 0.71667 1.20441 -0.28274
vt 0.68750 0.24548
vn 0.5232 -0.8160 -0.2457
v 0.71667 1.20441 -0.28274
vt 0.68750 0.24548
vn 0.5232 -0.8160 -0.2457
v 0.74445 1.24970 -0.40139
vt 0.68750 0.37548
vn 0.5158 -0.8301 -0.2117
v 0.81113 1.29161 -0.36622
vt 0.75000 0.37548
vn 0.6565 -0.7417 -0.1375
v 0.71667 1.20441 -0.28274
vt 0.68750 0.24548
vn 0.5232 -0.8160 -0.2457
v 0.81113 1.29161 -0.36622
vt 0.75000 0.37548
vn 0.6565 -0.7417 -0.1375
v 0.77577 1.24156 -0.25157
vt 0.75000 0.24548
vn 0.6659 -0.7263 -0.1704
v 0.77577 1.24156 -0.25157
vt 0.75000 0.24548
vn 0.6659 -0.7263 -0.1704
v 0.81113 1.29161 -0.36622
vt 0.75000 0.37548
vn 0.6565 -0.7417 -0.1375
v 0.86585 1.34269 -0.32336
vt 0.81250 0.37548
vn 0.7720 -0.6339 -0.0471
v 0.77577 1.24156 -0.25157
vt 0.75000 0.24548
vn 0.6659 -0.7263 -0.1704
v 0.86585 1.34269 -0.32336
vt 0.81250 0.37548
vn 0.7720 -0.6339 -0.0471
v 0.82427 1.28684 -0.21358
vt 0.81250 0.24548
vn 0.7830 -0.6170 -0.0787
v 0.82427 1.28684 -0.21358
vt 0.81250 0.24548
vn 0.7830 -0.6170 -0.0787
v 0.86585 1.34269 -0.32336
vt 0.81250 0.37548
vn 0.7720 -0.6339 -0.0471
v 0.90651 1.40096 -0.27446
vt 0.87500 0.37548
vn 0.8578 -0.5109 0.0561
v 0.82427 1.28684 -0.21358
vt 0.81250 0.24548
vn 0.7830 -0.6170 -0.0787
v 0.90651 1.40096 -0.27446
vt 0.87500 0.37548
vn 0.8578 -0.5109 0.0561
v 0.86031 1.33849 -0.17024
vt 0.87500 0.24548
vn 0.8701 -0.4923 0.0260
v 0.86031 1.33849 -0.17024
vt 0.87500 0.24548
vn 0.8701 -0.4923 0.0260
v 0.90651 1.40096 -0.27446
vt 0.87500 0.37548
vn 0.8578 -0.5109 0.0561
v 0.93155 1.46419 -0.22141
vt 0.93750 0.37548
vn 0.9106 -0.3775 0.1681
v 0.86031 1.33849 -0.17024
vt 0.87500 0.24548
vn 0.8701 -0.4923 0.0260
v 0.93155 1.46419 -0.22141
vt 0.93750 0.37548
vn 0.9106 -0.3775 0.1681
v 0.88251 1.39453 -0.12321
vt 0.93750 0.24548
vn 0.9236 -0.3569 0.1396
v 0.88251 1.39453 -0.12321
vt 0.93750 0.24548
vn 0.9236 -0.3569 0.1396
v 0.93155 1.46419 -0.22141
vt 0.93750 0.37548
vn 0.9106 -0.3775 0.1681
v 0.94000 1.52995 -0.16623
vt 1.00000 0.37548
vn 0.9285 -0.2387 0.2845
v 0.88251 1.39453 -0.12321
vt 0.93750 0.24548
vn 0.9236 -0.3569 0.1396
v 0.94000 1.52995 -0.16623
vt 1.00000 0.37548
vn 0.9285 -0.2387 0.2845
v 0.89000 1.45282 -0.07431
vt 1.00000 0.24548
vn 0.9417 -0.2162 0.2576
v 0.94000 1.52995 -0.16623
vt 0.00000 0.37548
vn 0.9285 -0.2387 0.2845
v 0.97000 1.58137 -0.22751
vt 0.00000 0.46092
vn 0.9363 -0.2257 0.2690
v 0.96097 1.65161 -0.16858
vt 0.06250 0.46092
vn 0.9183 -0.0858 0.3864
v 0.94000 1.52995 -0.16623
vt 0.00000 0.37548
vn 0.9285 -0.2387 0.2845
v 0.96097 1.65161 -0.16858
vt 0.06250 0.46092
vn 0.9183 -0.0858 0.3864
v 0.93155 1.59571 -0.11105
vt 0.06250 0.37548
vn 0.9106 -0.1000 0.4009
v 0.93155 1.59571 -0.11105
vt 0.06250 0.37548
vn 0.9106 -0.1000 0.4009
v 0.96097 1.65161 -0.16858
vt 0.06250 0.46092
vn 0.9183 -0.0858 0.3864
v 0.93422 1.71916 -0.11190
vt 0.12500 0.46092
vn 0.8651 0.0488 0.4993
v 0.93155 1.59571 -0.11105
vt 0.06250 0.37548
vn 0.9106 -0.1000 0.4009
v 0.93422 1.71916 -0.11190
vt 0.12500 0.46092
vn 0.8651 0.0488 0.4993
v 0.90651 1.65894 -0.05800
vt 0.12500 0.37548
vn 0.8578 0.0335 0.5129
v 0.90651 1.65894 -0.05800
vt 0.12500 0.37548
vn 0.8578 0.0335 0.5129
v 0.93422 1.71916 -0.11190
vt 0.12500 0.46092
vn 0.8651 0.0488 0.4993
v 0.89079 1.78140 -0.05967
vt 0.18750 0.46092
vn 0.7785 0.1728 0.6034
v 0.90651 1.65894 -0.05800
vt 0.12500 0.37548
vn 0.8578 0.0335 0.5129
v 0.89079 1.78140 -0.05967
vt 0.18750 0.46092
vn 0.7785 0.1728 0.6034
v 0.86585 1.71721 -0.00910
vt 0.18750 0.37548
vn 0.7720 0.1564 0.6161
v 0.86585 1.71721 -0.00910
vt 0.18750 0.37548
vn 0.7720 0.1564 0.6161
v 0.89079 1.78140 -0.05967
vt 0.18750 0.46092
vn 0.7785 0.1728 0.6034
v 0.83234 1.83596 -0.01389
vt 0.25000 0.46092
vn 0.6621 0.2815 0.6946
v 0.86585 1.71721 -0.00910
vt 0.18750 0.37548
vn 0.7720 0.1564 0.6161
v 0.83234 1.83596 -0.01389
vt 0.25000 0.46092
vn 0.6621 0.2815 0.6946
v 0.81113 1.76829 0.03376
vt 0.25000 0.37548
vn 0.6565 0.2642 0.7065
v 0.81113 1.76829 0.03376
vt 0.25000 0.37548
vn 0.6565 0.2642 0.7065
v 0.83234 1.83596 -0.01389
vt 0.25000 0.46092
vn 0.6621 0.2815 0.6946
v 0.76112 1.88074 0.02368
vt 0.31250 0.46092
vn 0.5202 0.3707 0.7694
v 0.81113 1.76829 0.03376
vt 0.25000 0.37548
vn 0.6565 0.2642 0.7065
v 0.76112 1.88074 0.02368
vt 0.31250 0.46092
vn 0.5202 0.3707 0.7694
v 0.74445 1.81021 0.06893
vt 0.31250 0.37548
vn 0.5158 0.3527 0.7807
v 0.74445 1.81021 0.06893
vt 0.31250 0.37548
vn 0.5158 0.3527 0.7807
v 0.76112 1.88074 0.02368
vt 0.31250 0.46092
vn 0.5202 0.3707 0.7694
v 0.67986 1.91401 0.05160
vt 0.37500 0.46092
vn 0.3583 0.4370 0.8250
v 0.74445 1.81021 0.06893
vt 0.31250 0.37548
vn 0.5158 0.3527 0.7807
v 0.67986 1.91401 0.05160
vt 0.37500 0.46092
vn 0.3583 0.4370 0.8250
v 0.66838 1.84135 0.09507
vt 0.37500 0.37548
vn 0.3553 0.4184 0.8359
v 0.66838 1.84135 0.09507
vt 0.37500 0.37548
vn 0.3553 0.4184 0.8359
v 0.67986 1.91401 0.05160
vt 0.37500 0.46092
vn 0.3583 0.4370 0.8250
v 0.59169 1.93450 0.06879
vt 0.43750 0.46092
vn 0.1827 0.4778 0.8593
v 0.66838 1.84135 0.09507
vt 0.37500 0.37548
vn 0.3553 0.4184 0.8359
v 0.59169 1.93450 0.06879
vt 0.43750 0.46092
vn 0.1827 0.4778 0.8593
v 0.58584 1.86053 0.11116
vt 0.43750 0.37548
vn 0.1811 0.4589 0.8698
v 0.58584 1.86053 0.11116
vt 0.43750 0.37548
vn 0.1811 0.4589 0.8698
v 0.59169 1.93450 0.06879
vt 0.43750 0.46092
vn 0.1827 0.4778 0.8593
v 0.50000 1.94142 0.07460
vt 0.50000 0.46092
vn 0.0000 0.4916 0.8708
v 0.58584 1.86053 0.11116
vt 0.43750 0.37548
vn 0.1811 0.4589 0.8698
v 0.50000 1.94142 0.07460
vt 0.50000 0.46092
vn 0.0000 0.4916 0.8708
v 0.50000 1.86701 0.11660
vt 0.50000 0.37548
vn 0.0000 0.4725 0.8813
v 0.50000 1.86701 0.11660
vt 0.50000 0.37548
vn 0.0000 0.4725 0.8813
v 0.50000 1.94142 0.07460
vt 0.50000 0.46092
vn 0.0000 0.4916 0.8708
v 0.40831 1.93450 0.06879
vt 0.56250 0.46092
vn -0.1827 0.4778 0.8593
v 0.50000 1.86701 0.11660
vt 0.50000 0.37548
vn 0.0000 0.4725 0.8813
v 0.40831 1.93450 0.06879
vt 0.56250 0.46092
vn -0.1827 0.4778 0.8593
v 0.41416 1.86053 0.11116
vt 0.56250 0.37548
vn -0.1811 0.4589 0.8698
v 0.41416 1.86053 0.11116
vt 0.56250 0.37548
vn -0.1811 0.4589 0.8698
v 0.40831 1.93450 0.06879
vt 0.56250 0.46092
vn -0.1827 0.4778 0.8593
v 0.32014 1.91401 0.05160
vt 0.62500 0.46092
vn -0.3583 0.4370 0.8250
v 0.41416 1.86053 0.11116
vt 0.56250 0.37548
vn -0.1811 0.4589 0.8698
v 0.32014 1.91401 0.05160
vt 0.62500 0.46092
vn -0.3583 0.4370 0.8250
v 0.33162 1.84135 0.09507
vt 0.62500 0.37548
vn -0.3553 0.4184 0.8359
v 0.33162 1.84135 0.09507
vt 0.62500 0.37548
vn -0.3553 0.4184 0.8359
v 0.32014 1.91401 0.05160
vt 0.62500 0.46092
vn -0.3583 0.4370 0.8250
v 0.23888 1.88074 0.02368
vt 0.68750 0.46092
vn -0.5202 0.3707 0.7694
v 0.33162 1.84135 0.09507
vt 0.62500 0.37548
vn -0.3553 0.4184 0.8359
v 0.23888 1.88074 0.02368
vt 0.68750 0.46092
vn -0.5202 0.3707 0.7694
v 0.25555 1.81021 0.06893
vt 0.68750 0.37548
vn -0.5158 0.3527 0.7807
v 0.25555 1.81021 0.06893
vt 0.68750 0.37548
vn -0.5158 0.3527 0.7807
v 0.23888 1.88074 0.02368
vt 0.68750 0.46092
vn -0.5202 0.3707 0.7694
v 0.16766 1.83596 -0.01389
vt 0.75000 0.46092
vn -0.6621 0.2815 0.6946
v 0.25555 1.81021 0.06893
vt 0.68750 0.37548
vn -0.5158 0.3527 0.7807
v 0.16766 1.83596 -0.01389
vt 0.75000 0.46092
vn -0.6621 0.2815 0.6946
v 0.18887 1.76829 0.03376
vt 0.75000 0.37548
vn -0.6565 0.2642 0.7065
v 0.18887 1.76829 0.03376
vt 0.75000 0.37548
vn -0.6565 0.2642 0.7065
v 0.16766 1.83596 -0.01389
vt 0.75000 0.46092
vn -0.6621 0.2815 0.6946
v 0.10921 1.78140 -0.05967
vt 0.81250 0.46092
vn -0.7785 0.1728 0.6034
v 0.18887 1.76829 0.03376
vt 0.75000 0.37548
vn -0.6565 0.2642 0.7065
v 0.10921 1.78140 -0.05967
vt 0.81250 0.46092
vn -0.7785 0.1728 0.6034
v 0.13415 1.71721 -0.00910
vt 0.81250 0.37548
vn -0.7720 0.1564 0.6161
v 0.13415 1.71721 -0.00910
vt 0.81250 0.37548
vn -0.7720 0.1564 0.6161
v 0.10921 1.78140 -0.05967
vt 0.81250 0.46092
vn -0.7785 0.1728 0.6034
v 0.06578 1.71916 -0.11190
vt 0.87500 0.46092
vn -0.8651 0.0488 0.4993
v 0.13415 1.71721 -0.00910
vt 0.81250 0.37548
vn -0.7720 0.1564 0.6161
v 0.06578 1.71916 -0.11190
vt 0.87500 0.46092
vn -0.8651 0.0488 0.4993
v 0.09349 1.65894 -0.05800
vt 0.87500 0.37548
vn -0.8578 0.0335 0.5129
v 0.09349 1.65894 -0.05800
vt 0.87500 0.37548
vn -0.8578 0.0335 0.5129
v 0.06578 1.71916 -0.11190
vt 0.87500 0.46092
vn -0.8651 0.0488 0.4993
v 0.03903 1.65161 -0.16858
vt 0.93750 0.46092
vn -0.9183 -0.0858 0.3864
v 0.09349 1.65894 -0.05800
vt 0.87500 0.37548
vn -0.8578 0.0335 0.5129
v 0.03903 1.65161 -0.16858
vt 0.93750 0.46092
vn -0.9183 -0.0858 0.3864
v 0.06845 1.59571 -0.11105
vt 0.93750 0.37548
vn -0.9106 -0.1000 0.4009
v 0.06845 1.59571 -0.11105
vt 0.93750 0.37548
vn -0.9106 -0.1000 0.4009
v 0.03903 1.65161 -0.16858
vt 0.93750 0.46092
vn -0.9183 -0.0858 0.3864
v 0.03000 1.58137 -0.22751
vt 1.00000 0.46092
vn -0.9363 -0.2257 0.2690
v 0.06845 1.59571 -0.11105
vt 0.93750 0.37548
vn -0.9106 -0.1000 0.4009
v 0.03000 1.58137 -0.22751
vt 1.00000 0.46092
vn -0.9363 -0.2257 0.2690
v 0.06000 1.52995 -0.16623
vt 1.00000 0.37548
vn -0.9285 -0.2387 0.2845
v 0.06000 1.52995 -0.16623
vt 0.00000 0.37548
vn -0.9285 -0.2387 0.2845
v 0.03000 1.58137 -0.22751
vt 0.00000 0.46092
vn -0.9363 -0.2257 0.2690
v 0.03903 1.51113 -0.28645
vt 0.06250 0.46092
vn -0.9183 -0.3656 0.1516
v 0.06000 1.52995 -0.16623
vt 0.00000 0.37548
vn -0.9285 -0.2387 0.2845
v 0.03903 1.51113 -0.28645
vt 0.06250 0.46092
vn -0.9183 -0.3656 0.1516
v 0.06845 1.46419 -0.22141
vt 0.06250 0.37548
vn -0.9106 -0.3775 0.1681
v 0.06845 1.46419 -0.22141
vt 0.06250 0.37548
vn -0.9106 -0.3775 0.1681
v 0.03903 1.51113 -0.28645
vt 0.06250 0.46092
vn -0.9183 -0.3656 0.1516
v 0.06578 1.44359 -0.34313
vt 0.12500 0.46092
vn -0.8651 -0.5002 0.0387
v 0.06845 1.46419 -0.22141
vt 0.06250 0.37548
vn -0.9106 -0.3775 0.1681
v 0.06578 1.44359 -0.34313
vt 0.12500 0.46092
vn -0.8651 -0.5002 0.0387
v 0.09349 1.40096 -0.27446
vt 0.12500 0.37548
vn -0.8578 -0.5109 0.0561
v 0.09349 1.40096 -0.27446
vt 0.12500 0.37548
vn -0.8578 -0.5109 0.0561
v 0.06578 1.44359 -0.34313
vt 0.12500 0.46092
vn -0.8651 -0.5002 0.0387
v 0.10921 1.38135 -0.39536
vt 0.18750 0.46092
vn -0.7785 -0.6242 -0.0654
v 0.09349 1.40096 -0.27446
vt 0.12500 0.37548
vn -0.8578 -0.5109 0.0561
v 0.10921 1.38135 -0.39536
vt 0.18750 0.46092
vn -0.7785 -0.6242 -0.0654
v 0.13415 1.34269 -0.32336
vt 0.18750 0.37548
vn -0.7720 -0.6339 -0.0471
v 0.13415 1.34269 -0.32336
vt 0.18750 0.37548
vn -0.7720 -0.6339 -0.0471
v 0.10921 1.38135 -0.39536
vt 0.18750 0.46092
vn -0.7785 -0.6242 -0.0654
v 0.16766 1.32679 -0.44114
vt 0.25000 0.46092
vn -0.6621 -0.7329 -0.1566
v 0.13415 1.34269 -0.32336
vt 0.18750 0.37548
vn -0.7720 -0.6339 -0.0471
v 0.16766 1.32679 -0.44114
vt 0.25000 0.46092
vn -0.6621 -0.7329 -0.1566
v 0.18887 1.29161 -0.36622
vt 0.25000 0.37548
vn -0.6565 -0.7417 -0.1375
v 0.18887 1.29161 -0.36622
vt 0.25000 0.37548
vn -0.6565 -0.7417 -0.1375
v 0.16766 1.32679 -0.44114
vt 0.25000 0.46092
vn -0.6621 -0.7329 -0.1566
v 0.23888 1.28201 -0.47871
vt 0.31250 0.46092
vn -0.5202 -0.8221 -0.2315
v 0.18887 1.29161 -0.36622
vt 0.25000 0.37548
vn -0.6565 -0.7417 -0.1375
v 0.23888 1.28201 -0.47871
vt 0.31250 0.46092
vn -0.5202 -0.8221 -0.2315
v 0.25555 1.24970 -0.40139
vt 0.31250 0.37548
vn -0.5158 -0.8301 -0.2117
v 0.25555 1.24970 -0.40139
vt 0.31250 0.37548
vn -0.5158 -0.8301 -0.2117
v 0.23888 1.28201 -0.47871
vt 0.31250 0.46092
vn -0.5202 -0.8221 -0.2315
v 0.32014 1.24874 -0.50663
vt 0.37500 0.46092
vn -0.3583 -0.8884 -0.2871
v 0.25555 1.24970 -0.40139
vt 0.31250 0.37548
vn -0.5158 -0.8301 -0.2117
v 0.32014 1.24874 -0.50663
vt 0.37500 0.46092
vn -0.3583 -0.8884 -0.2871
v 0.33162 1.21855 -0.42753
vt 0.37500 0.37548
vn -0.3553 -0.8958 -0.2669
v 0.33162 1.21855 -0.42753
vt 0.37500 0.37548
vn -0.3553 -0.8958 -0.2669
v 0.32014 1.24874 -0.50663
vt 0.37500 0.46092
vn -0.3583 -0.8884 -0.2871
v 0.40831 1.22825 -0.52382
vt 0.43750 0.46092
vn -0.1827 -0.9292 -0.3213
v 0.33162 1.21855 -0.42753
vt 0.37500 0.37548
vn -0.3553 -0.8958 -0.2669
v 0.40831 1.22825 -0.52382
vt 0.43750 0.46092
vn -0.1827 -0.9292 -0.3213
v 0.41416 1.19937 -0.44362
vt 0.43750 0.37548
vn -0.1811 -0.9363 -0.3008
v 0.41416 1.19937 -0.44362
vt 0.43750 0.37548
vn -0.1811 -0.9363 -0.3008
v 0.40831 1.22825 -0.52382
vt 0.43750 0.46092
vn -0.1827 -0.9292 -0.3213
v 0.50000 1.22133 -0.52962
vt 0.50000 0.46092
vn -0.0000 -0.9430 -0.3329
v 0.41416 1.19937 -0.44362
vt 0.43750 0.37548
vn -0.1811 -0.9363 -0.3008
v 0.50000 1.22133 -0.52962
vt 0.50000 0.46092
vn -0.0000 -0.9430 -0.3329
v 0.50000 1.19289 -0.44906
vt 0.50000 0.37548
vn -0.0000 -0.9500 -0.3123
v 0.50000 1.19289 -0.44906
vt 0.50000 0.37548
vn -0.0000 -0.9500 -0.3123
v 0.50000 1.22133 -0.52962
vt 0.50000 0.46092
vn -0.0000 -0.9430 -0.3329
v 0.59169 1.22825 -0.52382
vt 0.56250 0.46092
vn 0.1827 -0.9292 -0.3213
v 0.50000 1.19289 -0.44906
vt 0.50000 0.37548
vn -0.0000 -0.9500 -0.3123
v 0.59169 1.22825 -0.52382
vt 0.56250 0.46092
vn 0.1827 -0.9292 -0.3213
v 0.58584 1.19937 -0.44362
vt 0.56250 0.37548
vn 0.1811 -0.9363 -0.3008
v 0.58584 1.19937 -0.44362
vt 0.56250 0.37548
vn 0.1811 -0.9363 -0.3008
v 0.59169 1.22825 -0.52382
vt 0.56250 0.46092
vn 0.1827 -0.9292 -0.3213
v 0.67986 1.24874 -0.50663
vt 0.62500 0.46092
vn 0.3583 -0.8884 -0.2871
v 0.58584 1.19937 -0.44362
vt 0.56250 0.37548
vn 0.1811 -0.9363 -0.3008
v 0.67986 1.24874 -0.50663
vt 0.62500 0.46092
vn 0.3583 -0.8884 -0.2871
v 0.66838 1.21855 -0.42753
vt 0.62500 0.37548
vn 0.3553 -0.8958 -0.2669
v 0.66838 1.21855 -0.42753
vt 0.62500 0.37548
vn 0.3553 -0.8958 -0.2669
v 0.67986 1.24874 -0.50663
vt 0.62500 0.46092
vn 0.3583 -0.8884 -0.2871
v 0.76112 1.28201 -0.47871
vt 0.68750 0.46092
vn 0.5202 -0.8221 -0.2315
v 0.66838 1.21855 -0.42753
vt 0.62500 0.37548
vn 0.3553 -0.8958 -0.2669
v 0.76112 1.28201 -0.47871
vt 0.68750 0.46092
vn 0.5202 -0.8221 -0.2315
v 0.74445 1.24970 -0.40139
vt 0.68750 0.37548
vn 0.5158 -0.8301 -0.2117
v 0.74445 1.24970 -0.40139
vt 0.68750 0.37548
vn 0.5158 -0.8301 -0.2117
v 0.76112 1.28201 -0.47871
vt 0.68750 0.46092
vn 0.5202 -0.8221 -0.2315
v 0.83234 1.32679 -0.44114
vt 0.75000 0.46092
vn 0.6621 -0.7329 -0.1566
v 0.74445 1.24970 -0.40139
vt 0.68750 0.37548
vn 0.5158 -0.8301 -0.2117
v 0.83234 1.32679 -0.44114
vt 0.75000 0.46092
vn 0.6621 -0.7329 -0.1566
v 0.81113 1.29161 -0.36622
vt 0.75000 0.37548
vn 0.6565 -0.7417 -0.1375
v 0.81113 1.29161 -0.36622
vt 0.75000 0.37548
vn 0.6565 -0.7417 -0.1375
v 0.83234 1.32679 -0.44114
vt 0.75000 0.46092
vn 0.6621 -0.7329 -0.1566
v 0.89079 1.38135 -0.39536
vt 0.81250 0.46092
vn 0.7785 -0.6242 -0.0654
v 0.81113 1.29161 -0.36622
vt 0.75000 0.37548
vn 0.6565 -0.7417 -0.1375
v 0.89079 1.38135 -0.39536
vt 0.81250 0.46092
vn 0.7785 -0.6242 -0.0654
v 0.86585 1.34269 -0.32336
vt 0.81250 0.37548
vn 0.7720 -0.6339 -0.0471
v 0.86585 1.34269 -0.32336
vt 0.81250 0.37548
vn 0.7720 -0.6339 -0.0471
v 0.89079 1.38135 -0.39536
vt 0.81250 0.46092
vn 0.7785 -0.6242 -0.0654
v 0.93422 1.44359 -0.34313
vt 0.87500 0.46092
vn 0.8651 -0.5002 0.0387
v 0.86585 1.34269 -0.32336
vt 0.81250 0.37548
vn 0.7720 -0.6339 -0.0471
v 0.93422 1.44359 -0.34313
vt 0.87500 0.46092
vn 0.8651 -0.5002 0.0387
v 0.90651 1.40096 -0.27446
vt 0.87500 0.37548
vn 0.8578 -0.5109 0.0561
v 0.90651 1.40096 -0.27446
vt 0.87500 0.37548
vn 0.8578 -0.5109 0.0561
v 0.93422 1.44359 -0.34313
vt 0.87500 0.46092
vn 0.8651 -0.5002 0.0387
v 0.96097 1.51113 -0.28645
vt 0.93750 0.46092
vn 0.9183 -0.3656 0.1516
v 0.90651 1.40096 -0.27446
vt 0.87500 0.37548
vn 0.8578 -0.5109 0.0561
v 0.96097 1.51113 -0.28645
vt 0.93750 0.46092
vn 0.9183 -0.3656 0.1516
v 0.93155 1.46419 -0.22141
vt 0.93750 0.37548
vn 0.9106 -0.3775 0.1681
v 0.93155 1.46419 -0.22141
vt 0.93750 0.37548
vn 0.9106 -0.3775 0.1681
v 0.96097 1.51113 -0.28645
vt 0.93750 0.46092
vn 0.9183 -0.3656 0.1516
v 0.97000 1.58137 -0.22751
vt 1.00000 0.46092
vn 0.9363 -0.2257 0.2690
v 0.93155 1.46419 -0.22141
vt 0.93750 0.37548
vn 0.9106 -0.3775 0.1681
v 0.97000 1.58137 -0.22751
vt 1.00000 0.46092
vn 0.9363 -0.2257 0.2690
v 0.94000 1.52995 -0.16623
vt 1.00000 0.37548
vn 0.9285 -0.2387 0.2845
v 0.97000 1.58137 -0.22751
vt 0.00000 0.46092
vn 0.9363 -0.2257 0.2690
v 0.98500 1.60709 -0.25816
vt 0.00000 0.50364
vn 0.9285 0.2387 -0.2845
v 0.97568 1.67957 -0.19734
vt 0.06250 0.50364
vn 0.9106 0.3775 -0.1681
v 0.97000 1.58137 -0.22751
vt 0.00000 0.46092
vn 0.9363 -0.2257 0.2690
v 0.97568 1.67957 -0.19734
vt 0.06250 0.50364
vn 0.9106 0.3775 -0.1681
v 0.96097 1.65161 -0.16858
vt 0.06250 0.46092
vn 0.9183 -0.0858 0.3864
v 0.96097 1.65161 -0.16858
vt 0.06250 0.46092
vn 0.9183 -0.0858 0.3864
v 0.97568 1.67957 -0.19734
vt 0.06250 0.50364
vn 0.9106 0.3775 -0.1681
v 0.94808 1.74926 -0.13885
vt 0.12500 0.50364
vn 0.8578 0.5109 -0.0561
v 0.96097 1.65161 -0.16858
vt 0.06250 0.46092
vn 0.9183 -0.0858 0.3864
v 0.94808 1.74926 -0.13885
vt 0.12500 0.50364
vn 0.8578 0.5109 -0.0561
v 0.93422 1.71916 -0.11190
vt 0.12500 0.46092
vn 0.8651 0.0488 0.4993
v 0.93422 1.71916 -0.11190
vt 0.12500 0.46092
vn 0.8651 0.0488 0.4993
v 0.94808 1.74926 -0.13885
vt 0.12500 0.50364
vn 0.8578 0.5109 -0.0561
v 0.90326 1.81350 -0.08496
vt 0.18750 0.50364
vn 0.7720 0.6339 0.0471
v 0.93422 1.71916 -0.11190
vt 0.12500 0.46092
vn 0.8651 0.0488 0.4993
v 0.90326 1.81350 -0.08496
vt 0.18750 0.50364
vn 0.7720 0.6339 0.0471
v 0.89079 1.78140 -0.05967
vt 0.18750 0.46092
vn 0.7785 0.1728 0.6034
v 0.89079 1.78140 -0.05967
vt 0.18750 0.46092
vn 0.7785 0.1728 0.6034
v 0.90326 1.81350 -0.08496
vt 0.18750 0.50364
vn 0.7720 0.6339 0.0471
v 0.84295 1.86980 -0.03771
vt 0.25000 0.50364
vn 0.6565 0.7417 0.1375
v 0.89079 1.78140 -0.05967
vt 0.18750 0.46092
vn 0.7785 0.1728 0.6034
v 0.84295 1.86980 -0.03771
vt 0.25000 0.50364
vn 0.6565 0.7417 0.1375
v 0.83234 1.83596 -0.01389
vt 0.25000 0.46092
vn 0.6621 0.2815 0.6946
v 0.83234 1.83596 -0.01389
vt 0.25000 0.46092
vn 0.6621 0.2815 0.6946
v 0.84295 1.86980 -0.03771
vt 0.25000 0.50364
vn 0.6565 0.7417 0.1375
v 0.76945 1.91600 0.00106
vt 0.31250 0.50364
vn 0.5158 0.8301 0.2117
v 0.83234 1.83596 -0.01389
vt 0.25000 0.46092
vn 0.6621 0.2815 0.6946
v 0.76945 1.91600 0.00106
vt 0.31250 0.50364
vn 0.5158 0.8301 0.2117
v 0.76112 1.88074 0.02368
vt 0.31250 0.46092
vn 0.5202 0.3707 0.7694
v 0.76112 1.88074 0.02368
vt 0.31250 0.46092
vn 0.5202 0.3707 0.7694
v 0.76945 1.91600 0.00106
vt 0.31250 0.50364
vn 0.5158 0.8301 0.2117
v 0.68560 1.95034 0.02986
vt 0.37500 0.50364
vn 0.3553 0.8958 0.2669
v 0.76112 1.88074 0.02368
vt 0.31250 0.46092
vn 0.5202 0.3707 0.7694
v 0.68560 1.95034 0.02986
vt 0.37500 0.50364
vn 0.3553 0.8958 0.2669
v 0.67986 1.91401 0.05160
vt 0.37500 0.46092
vn 0.3583 0.4370 0.8250
v 0.67986 1.91401 0.05160
vt 0.37500 0.46092
vn 0.3583 0.4370 0.8250
v 0.68560 1.95034 0.02986
vt 0.37500 0.50364
vn 0.3553 0.8958 0.2669
v 0.59462 1.97148 0.04761
vt 0.43750 0.50364
vn 0.1811 0.9363 0.3008
v 0.67986 1.91401 0.05160
vt 0.37500 0.46092
vn 0.3583 0.4370 0.8250
v 0.59462 1.97148 0.04761
vt 0.43750 0.50364
vn 0.1811 0.9363 0.3008
v 0.59169 1.93450 0.06879
vt 0.43750 0.46092
vn 0.1827 0.4778 0.8593
v 0.59169 1.93450 0.06879
vt 0.43750 0.46092
vn 0.1827 0.4778 0.8593
v 0.59462 1.97148 0.04761
vt 0.43750 0.50364
vn 0.1811 0.9363 0.3008
v 0.50000 1.97862 0.05360
vt 0.50000 0.50364
vn 0.0000 0.9500 0.3123
v 0.59169 1.93450 0.06879
vt 0.43750 0.46092
vn 0.1827 0.4778 0.8593
v 0.50000 1.97862 0.05360
vt 0.50000 0.50364
vn 0.0000 0.9500 0.3123
v 0.50000 1.94142 0.07460
vt 0.50000 0.46092
vn 0.0000 0.4916 0.8708
v 0.50000 1.94142 0.07460
vt 0.50000 0.46092
vn 0.0000 0.4916 0.8708
v 0.50000 1.97862 0.05360
vt 0.50000 0.50364
vn 0.0000 0.9500 0.3123
v 0.40538 1.97148 0.04761
vt 0.56250 0.50364
vn -0.1811 0.9363 0.3008
v 0.50000 1.94142 0.07460
vt 0.50000 0.46092
vn 0.0000 0.4916 0.8708
v 0.40538 1.97148 0.04761
vt 0.56250 0.50364
vn -0.1811 0.9363 0.3008
v 0.40831 1.93450 0.06879
vt 0.56250 0.46092
vn -0.1827 0.4778 0.8593
v 0.40831 1.93450 0.06879
vt 0.56250 0.46092
vn -0.1827 0.4778 0.8593
v 0.40538 1.97148 0.04761
vt 0.56250 0.50364
vn -0.1811 0.9363 0.3008
v 0.31440 1.95034 0.02986
vt 0.62500 0.50364
vn -0.3553 0.8958 0.2669
v 0.40831 1.93450 0.06879
vt 0.56250 0.46092
vn -0.1827 0.4778 0.8593
v 0.31440 1.95034 0.02986
vt 0.62500 0.50364
vn -0.3553 0.8958 0.2669
v 0.32014 1.91401 0.05160
vt 0.62500 0.46092
vn -0.3583 0.4370 0.8250
v 0.32014 1.91401 0.05160
vt 0.62500 0.46092
vn -0.3583 0.4370 0.8250
v 0.31440 1.95034 0.02986
vt 0.62500 0.50364
vn -0.3553 0.8958 0.2669
v 0.23055 1.91600 0.00106
vt 0.68750 0.50364
vn -0.5158 0.8301 0.2117
v 0.32014 1.91401 0.05160
vt 0.62500 0.46092
vn -0.3583 0.4370 0.8250
v 0.23055 1.91600 0.00106
vt 0.68750 0.50364
vn -0.5158 0.8301 0.2117
v 0.23888 1.88074 0.02368
vt 0.68750 0.46092
vn -0.5202 0.3707 0.7694
v 0.23888 1.88074 0.02368
vt 0.68750 0.46092
vn -0.5202 0.3707 0.7694
v 0.23055 1.91600 0.00106
vt 0.68750 0.50364
vn -0.5158 0.8301 0.2117
v 0.15705 1.86980 -0.03771
vt 0.75000 0.50364
vn -0.6565 0.7417 0.1375
v 0.23888 1.88074 0.02368
vt 0.68750 0.46092
vn -0.5202 0.3707 0.7694
v 0.15705 1.86980 -0.03771
vt 0.75000 0.50364
vn -0.6565 0.7417 0.1375
v 0.16766 1.83596 -0.01389
vt 0.75000 0.46092
vn -0.6621 0.2815 0.6946
v 0.16766 1.83596 -0.01389
vt 0.75000 0.46092
vn -0.6621 0.2815 0.6946
v 0.15705 1.86980 -0.03771
vt 0.75000 0.50364
vn -0.6565 0.7417 0.1375
v 0.09674 1.81350 -0.08496
vt 0.81250 0.50364
vn -0.7720 0.6339 0.0471
v 0.16766 1.83596 -0.01389
vt 0.75000 0.46092
vn -0.6621 0.2815 0.6946
v 0.09674 1.81350 -0.08496
vt 0.81250 0.50364
vn -0.7720 0.6339 0.0471
v 0.10921 1.78140 -0.05967
vt 0.81250 0.46092
vn -0.7785 0.1728 0.6034
v 0.10921 1.78140 -0.05967
vt 0.81250 0.46092
vn -0.7785 0.1728 0.6034
v 0.09674 1.81350 -0.08496
vt 0.81250 0.50364
vn -0.7720 0.6339 0.0471
v 0.05192 1.74926 -0.13885
vt 0.87500 0.50364
vn -0.8578 0.5109 -0.0561
v 0.10921 1.78140 -0.05967
vt 0.81250 0.46092
vn -0.7785 0.1728 0.6034
v 0.05192 1.74926 -0.13885
vt 0.87500 0.50364
vn -0.8578 0.5109 -0.0561
v 0.06578 1.71916 -0.11190
vt 0.87500 0.46092
vn -0.8651 0.0488 0.4993
v 0.06578 1.71916 -0.11190
vt 0.87500 0.46092
vn -0.8651 0.0488 0.4993
v 0.05192 1.74926 -0.13885
vt 0.87500 0.50364
vn -0.8578 0.5109 -0.0561
v 0.02432 1.67957 -0.19734
vt 0.93750 0.50364
vn -0.9106 0.3775 -0.1681
v 0.06578 1.71916 -0.11190
vt 0.87500 0.46092
vn -0.8651 0.0488 0.4993
v 0.02432 1.67957 -0.19734
vt 0.93750 0.50364
vn -0.9106 0.3775 -0.1681
v 0.03903 1.65161 -0.16858
vt 0.93750 0.46092
vn -0.9183 -0.0858 0.3864
v 0.03903 1.65161 -0.16858
vt 0.93750 0.46092
vn -0.9183 -0.0858 0.3864
v 0.02432 1.67957 -0.19734
vt 0.93750 0.50364
vn -0.9106 0.3775 -0.1681
v 0.01500 1.60709 -0.25816
vt 1.00000 0.50364
vn -0.9285 0.2387 -0.2845
v 0.03903 1.65161 -0.16858
vt 0.93750 0.46092
vn -0.9183 -0.0858 0.3864
v 0.01500 1.60709 -0.25816
vt 1.00000 0.50364
vn -0.9285 0.2387 -0.2845
v 0.03000 1.58137 -0.22751
vt 1.00000 0.46092
vn -0.9363 -0.2257 0.2690
v 0.03000 1.58137 -0.22751
vt 0.00000 0.46092
vn -0.9363 -0.2257 0.2690
v 0.01500 1.60709 -0.25816
vt 0.00000 0.50364
vn -0.9285 0.2387 -0.2845
v 0.02432 1.53460 -0.31898
vt 0.06250 0.50364
vn -0.9106 0.1000 -0.4009
v 0.03000 1.58137 -0.22751
vt 0.00000 0.46092
vn -0.9363 -0.2257 0.2690
v 0.02432 1.53460 -0.31898
vt 0.06250 0.50364
vn -0.9106 0.1000 -0.4009
v 0.03903 1.51113 -0.28645
vt 0.06250 0.46092
vn -0.9183 -0.3656 0.1516
v 0.03903 1.51113 -0.28645
vt 0.06250 0.46092
vn -0.9183 -0.3656 0.1516
v 0.02432 1.53460 -0.31898
vt 0.06250 0.50364
vn -0.9106 0.1000 -0.4009
v 0.05192 1.46491 -0.37746
vt 0.12500 0.50364
vn -0.8578 -0.0335 -0.5129
v 0.03903 1.51113 -0.28645
vt 0.06250 0.46092
vn -0.9183 -0.3656 0.1516
v 0.05192 1.46491 -0.37746
vt 0.12500 0.50364
vn -0.8578 -0.0335 -0.5129
v 0.06578 1.44359 -0.34313
vt 0.12500 0.46092
vn -0.8651 -0.5002 0.0387
v 0.06578 1.44359 -0.34313
vt 0.12500 0.46092
vn -0.8651 -0.5002 0.0387
v 0.05192 1.46491 -0.37746
vt 0.12500 0.50364
vn -0.8578 -0.0335 -0.5129
v 0.09674 1.40067 -0.43136
vt 0.18750 0.50364
vn -0.7720 -0.1564 -0.6161
v 0.06578 1.44359 -0.34313
vt 0.12500 0.46092
vn -0.8651 -0.5002 0.0387
v 0.09674 1.40067 -0.43136
vt 0.18750 0.50364
vn -0.7720 -0.1564 -0.6161
v 0.10921 1.38135 -0.39536
vt 0.18750 0.46092
vn -0.7785 -0.6242 -0.0654
v 0.10921 1.38135 -0.39536
vt 0.18750 0.46092
vn -0.7785 -0.6242 -0.0654
v 0.09674 1.40067 -0.43136
vt 0.18750 0.50364
vn -0.7720 -0.1564 -0.6161
v 0.15705 1.34437 -0.47860
vt 0.25000 0.50364
vn -0.6565 -0.2642 -0.7065
v 0.10921 1.38135 -0.39536
vt 0.18750 0.46092
vn -0.7785 -0.6242 -0.0654
v 0.15705 1.34437 -0.47860
vt 0.25000 0.50364
vn -0.6565 -0.2642 -0.7065
v 0.16766 1.32679 -0.44114
vt 0.25000 0.46092
vn -0.6621 -0.7329 -0.1566
v 0.16766 1.32679 -0.44114
vt 0.25000 0.46092
vn -0.6621 -0.7329 -0.1566
v 0.15705 1.34437 -0.47860
vt 0.25000 0.50364
vn -0.6565 -0.2642 -0.7065
v 0.23055 1.29817 -0.51737
vt 0.31250 0.50364
vn -0.5158 -0.3527 -0.7807
v 0.16766 1.32679 -0.44114
vt 0.25000 0.46092
vn -0.6621 -0.7329 -0.1566
v 0.23055 1.29817 -0.51737
vt 0.31250 0.50364
vn -0.5158 -0.3527 -0.7807
v 0.23888 1.28201 -0.47871
vt 0.31250 0.46092
vn -0.5202 -0.8221 -0.2315
v 0.23888 1.28201 -0.47871
vt 0.31250 0.46092
vn -0.5202 -0.8221 -0.2315
v 0.23055 1.29817 -0.51737
vt 0.31250 0.50364
vn -0.5158 -0.3527 -0.7807
v 0.31440 1.26384 -0.54618
vt 0.37500 0.50364
vn -0.3553 -0.4184 -0.8359
v 0.23888 1.28201 -0.47871
vt 0.31250 0.46092
vn -0.5202 -0.8221 -0.2315
v 0.31440 1.26384 -0.54618
vt 0.37500 0.50364
vn -0.3553 -0.4184 -0.8359
v 0.32014 1.24874 -0.50663
vt 0.37500 0.46092
vn -0.3583 -0.8884 -0.2871
v 0.32014 1.24874 -0.50663
vt 0.37500 0.46092
vn -0.3583 -0.8884 -0.2871
v 0.31440 1.26384 -0.54618
vt 0.37500 0.50364
vn -0.3553 -0.4184 -0.8359
v 0.40538 1.24269 -0.56392
vt 0.43750 0.50364
vn -0.1811 -0.4589 -0.8698
v 0.32014 1.24874 -0.50663
vt 0.37500 0.46092
vn -0.3583 -0.8884 -0.2871
v 0.40538 1.24269 -0.56392
vt 0.43750 0.50364
vn -0.1811 -0.4589 -0.8698
v 0.40831 1.22825 -0.52382
vt 0.43750 0.46092
vn -0.1827 -0.9292 -0.3213
v 0.40831 1.22825 -0.52382
vt 0.43750 0.46092
vn -0.1827 -0.9292 -0.3213
v 0.40538 1.24269 -0.56392
vt 0.43750 0.50364
vn -0.1811 -0.4589 -0.8698
v 0.50000 1.23555 -0.56991
vt 0.50000 0.50364
vn -0.0000 -0.4725 -0.8813
v 0.40831 1.22825 -0.52382
vt 0.43750 0.46092
vn -0.1827 -0.9292 -0.3213
v 0.50000 1.23555 -0.56991
vt 0.50000 0.50364
vn -0.0000 -0.4725 -0.8813
v 0.50000 1.22133 -0.52962
vt 0.50000 0.46092
vn -0.0000 -0.9430 -0.3329
v 0.50000 1.22133 -0.52962
vt 0.50000 0.46092
vn -0.0000 -0.9430 -0.3329
v 0.50000 1.23555 -0.56991
vt 0.50000 0.50364
vn -0.0000 -0.4725 -0.8813
v 0.59462 1.24269 -0.56392
vt 0.56250 0.50364
vn 0.1811 -0.4589 -0.8698
v 0.50000 1.22133 -0.52962
vt 0.50000 0.46092
vn -0.0000 -0.9430 -0.3329
v 0.59462 1.24269 -0.56392
vt 0.56250 0.50364
vn 0.1811 -0.4589 -0.8698
v 0.59169 1.22825 -0.52382
vt 0.56250 0.46092
vn 0.1827 -0.9292 -0.3213
v 0.59169 1.22825 -0.52382
vt 0.56250 0.46092
vn 0.1827 -0.9292 -0.3213
v 0.59462 1.24269 -0.56392
vt 0.56250 0.50364
vn 0.1811 -0.4589 -0.8698
v 0.68560 1.26384 -0.54618
vt 0.62500 0.50364
vn 0.3553 -0.4184 -0.8359
v 0.59169 1.22825 -0.52382
vt 0.56250 0.46092
vn 0.1827 -0.9292 -0.3213
v 0.68560 1.26384 -0.54618
vt 0.62500 0.50364
vn 0.3553 -0.4184 -0.8359
v 0.67986 1.24874 -0.50663
vt 0.62500 0.46092
vn 0.3583 -0.8884 -0.2871
v 0.67986 1.24874 -0.50663
vt 0.62500 0.46092
vn 0.3583 -0.8884 -0.2871
v 0.68560 1.26384 -0.54618
vt 0.62500 0.50364
vn 0.3553 -0.4184 -0.8359
v 0.76945 1.29817 -0.51737
vt 0.68750 0.50364
vn 0.5158 -0.3527 -0.7807
v 0.67986 1.24874 -0.50663
vt 0.62500 0.46092
vn 0.3583 -0.8884 -0.2871
v 0.76945 1.29817 -0.51737
vt 0.68750 0.50364
vn 0.5158 -0.3527 -0.7807
v 0.76112 1.28201 -0.47871
vt 0.68750 0.46092
vn 0.5202 -0.8221 -0.2315
v 0.76112 1.28201 -0.47871
vt 0.68750 0.46092
vn 0.5202 -0.8221 -0.2315
v 0.76945 1.29817 -0.51737
vt 0.68750 0.50364
vn 0.5158 -0.3527 -0.7807
v 0.84295 1.34437 -0.47860
vt 0.75000 0.50364
vn 0.6565 -0.2642 -0.7065
v 0.76112 1.28201 -0.47871
vt 0.68750 0.46092
vn 0.5202 -0.8221 -0.2315
v 0.84295 1.34437 -0.47860
vt 0.75000 0.50364
vn 0.6565 -0.2642 -0.7065
v 0.83234 1.32679 -0.44114
vt 0.75000 0.46092
vn 0.6621 -0.7329 -0.1566
v 0.83234 1.32679 -0.44114
vt 0.75000 0.46092
vn 0.6621 -0.7329 -0.1566
v 0.84295 1.34437 -0.47860
vt 0.75000 0.50364
vn 0.6565 -0.2642 -0.7065
v 0.90326 1.40067 -0.43136
vt 0.81250 0.50364
vn 0.7720 -0.1564 -0.6161
v 0.83234 1.32679 -0.44114
vt 0.75000 0.46092
vn 0.6621 -0.7329 -0.1566
v 0.90326 1.40067 -0.43136
vt 0.81250 0.50364
vn 0.7720 -0.1564 -0.6161
v 0.89079 1.38135 -0.39536
vt 0.81250 0.46092
vn 0.7785 -0.6242 -0.0654
v 0.89079 1.38135 -0.39536
vt 0.81250 0.46092
vn 0.7785 -0.6242 -0.0654
v 0.90326 1.40067 -0.43136
vt 0.81250 0.50364
vn 0.7720 -0.1564 -0.6161
v 0.94808 1.46491 -0.37746
vt 0.87500 0.50364
vn 0.8578 -0.0335 -0.5129
v 0.89079 1.38135 -0.39536
vt 0.81250 0.46092
vn 0.7785 -0.6242 -0.0654
v 0.94808 1.46491 -0.37746
vt 0.87500 0.50364
vn 0.8578 -0.0335 -0.5129
v 0.93422 1.44359 -0.34313
vt 0.87500 0.46092
vn 0.8651 -0.5002 0.0387
v 0.93422 1.44359 -0.34313
vt 0.87500 0.46092
vn 0.8651 -0.5002 0.0387
v 0.94808 1.46491 -0.37746
vt 0.87500 0.50364
vn 0.8578 -0.0335 -0.5129
v 0.97568 1.53460 -0.31898
vt 0.93750 0.50364
vn 0.9106 0.1000 -0.4009
v 0.93422 1.44359 -0.34313
vt 0.87500 0.46092
vn 0.8651 -0.5002 0.0387
v 0.97568 1.53460 -0.31898
vt 0.93750 0.50364
vn 0.9106 0.1000 -0.4009
v 0.96097 1.51113 -0.28645
vt 0.93750 0.46092
vn 0.9183 -0.3656 0.1516
v 0.96097 1.51113 -0.28645
vt 0.93750 0.46092
vn 0.9183 -0.3656 0.1516
v 0.97568 1.53460 -0.31898
vt 0.93750 0.50364
vn 0.9106 0.1000 -0.4009
v 0.98500 1.60709 -0.25816
vt 1.00000 0.50364
vn 0.9285 0.2387 -0.2845
v 0.96097 1.51113 -0.28645
vt 0.93750 0.46092
vn 0.9183 -0.3656 0.1516
v 0.98500 1.60709 -0.25816
vt 1.00000 0.50364
vn 0.9285 0.2387 -0.2845
v 0.97000 1.58137 -0.22751
vt 1.00000 0.46092
vn 0.9363 -0.2257 0.2690
v 0.98500 1.60709 -0.25816
vt 0.00000 0.50364
vn 0.9285 0.2387 -0.2845
v 0.94000 1.62958 -0.28497
vt 0.00000 0.56065
vn 0.1560 0.6349 -0.7567
v 0.93155 1.69534 -0.22979
vt 0.06250 0.56065
vn 0.1530 0.6582 -0.7371
v 0.98500 1.60709 -0.25816
vt 0.00000 0.50364
vn 0.9285 0.2387 -0.2845
v 0.93155 1.69534 -0.22979
vt 0.06250 0.56065
vn 0.1530 0.6582 -0.7371
v 0.97568 1.67957 -0.19734
vt 0.06250 0.50364
vn 0.9106 0.3775 -0.1681
v 0.97568 1.67957 -0.19734
vt 0.06250 0.50364
vn 0.9106 0.3775 -0.1681
v 0.93155 1.69534 -0.22979
vt 0.06250 0.56065
vn 0.1530 0.6582 -0.7371
v 0.90651 1.75857 -0.17673
vt 0.12500 0.56065
vn 0.1441 0.6806 -0.7183
v 0.97568 1.67957 -0.19734
vt 0.06250 0.50364
vn 0.9106 0.3775 -0.1681
v 0.90651 1.75857 -0.17673
vt 0.12500 0.56065
vn 0.1441 0.6806 -0.7183
v 0.94808 1.74926 -0.13885
vt 0.12500 0.50364
vn 0.8578 0.5109 -0.0561
v 0.94808 1.74926 -0.13885
vt 0.12500 0.50364
vn 0.8578 0.5109 -0.0561
v 0.90651 1.75857 -0.17673
vt 0.12500 0.56065
vn 0.1441 0.6806 -0.7183
v 0.86585 1.81684 -0.12784
vt 0.18750 0.56065
vn 0.1297 0.7013 -0.7010
v 0.94808 1.74926 -0.13885
vt 0.12500 0.50364
vn 0.8578 0.5109 -0.0561
v 0.86585 1.81684 -0.12784
vt 0.18750 0.56065
vn 0.1297 0.7013 -0.7010
v 0.90326 1.81350 -0.08496
vt 0.18750 0.50364
vn 0.7720 0.6339 0.0471
v 0.90326 1.81350 -0.08496
vt 0.18750 0.50364
vn 0.7720 0.6339 0.0471
v 0.86585 1.81684 -0.12784
vt 0.18750 0.56065
vn 0.1297 0.7013 -0.7010
v 0.81113 1.86792 -0.08498
vt 0.25000 0.56065
vn 0.1103 0.7194 -0.6858
v 0.90326 1.81350 -0.08496
vt 0.18750 0.50364
vn 0.7720 0.6339 0.0471
v 0.81113 1.86792 -0.08498
vt 0.25000 0.56065
vn 0.1103 0.7194 -0.6858
v 0.84295 1.86980 -0.03771
vt 0.25000 0.50364
vn 0.6565 0.7417 0.1375
v 0.84295 1.86980 -0.03771
vt 0.25000 0.50364
vn 0.6565 0.7417 0.1375
v 0.81113 1.86792 -0.08498
vt 0.25000 0.56065
vn 0.1103 0.7194 -0.6858
v 0.74445 1.90984 -0.04981
vt 0.31250 0.56065
vn 0.0866 0.7343 -0.6733
v 0.84295 1.86980 -0.03771
vt 0.25000 0.50364
vn 0.6565 0.7417 0.1375
v 0.74445 1.90984 -0.04981
vt 0.31250 0.56065
vn 0.0866 0.7343 -0.6733
v 0.76945 1.91600 0.00106
vt 0.31250 0.50364
vn 0.5158 0.8301 0.2117
v 0.76945 1.91600 0.00106
vt 0.31250 0.50364
vn 0.5158 0.8301 0.2117
v 0.74445 1.90984 -0.04981
vt 0.31250 0.56065
vn 0.0866 0.7343 -0.6733
v 0.66838 1.94099 -0.02367
vt 0.37500 0.56065
vn 0.0597 0.7453 -0.6641
v 0.76945 1.91600 0.00106
vt 0.31250 0.50364
vn 0.5158 0.8301 0.2117
v 0.66838 1.94099 -0.02367
vt 0.37500 0.56065
vn 0.0597 0.7453 -0.6641
v 0.68560 1.95034 0.02986
vt 0.37500 0.50364
vn 0.3553 0.8958 0.2669
v 0.68560 1.95034 0.02986
vt 0.37500 0.50364
vn 0.3553 0.8958 0.2669
v 0.66838 1.94099 -0.02367
vt 0.37500 0.56065
vn 0.0597 0.7453 -0.6641
v 0.58584 1.96017 -0.00758
vt 0.43750 0.56065
vn 0.0304 0.7521 -0.6583
v 0.68560 1.95034 0.02986
vt 0.37500 0.50364
vn 0.3553 0.8958 0.2669
v 0.58584 1.96017 -0.00758
vt 0.43750 0.56065
vn 0.0304 0.7521 -0.6583
v 0.59462 1.97148 0.04761
vt 0.43750 0.50364
vn 0.1811 0.9363 0.3008
v 0.59462 1.97148 0.04761
vt 0.43750 0.50364
vn 0.1811 0.9363 0.3008
v 0.58584 1.96017 -0.00758
vt 0.43750 0.56065
vn 0.0304 0.7521 -0.6583
v 0.50000 1.96664 -0.00214
vt 0.50000 0.56065
vn 0.0000 0.7544 -0.6564
v 0.59462 1.97148 0.04761
vt 0.43750 0.50364
vn 0.1811 0.9363 0.3008
v 0.50000 1.96664 -0.00214
vt 0.50000 0.56065
vn 0.0000 0.7544 -0.6564
v 0.50000 1.97862 0.05360
vt 0.50000 0.50364
vn 0.0000 0.9500 0.3123
v 0.50000 1.97862 0.05360
vt 0.50000 0.50364
vn 0.0000 0.9500 0.3123
v 0.50000 1.96664 -0.00214
vt 0.50000 0.56065
vn 0.0000 0.7544 -0.6564
v 0.41416 1.96017 -0.00758
vt 0.56250 0.56065
vn -0.0304 0.7521 -0.6583
v 0.50000 1.97862 0.05360
vt 0.50000 0.50364
vn 0.0000 0.9500 0.3123
v 0.41416 1.96017 -0.00758
vt 0.56250 0.56065
vn -0.0304 0.7521 -0.6583
v 0.40538 1.97148 0.04761
vt 0.56250 0.50364
vn -0.1811 0.9363 0.3008
v 0.40538 1.97148 0.04761
vt 0.56250 0.50364
vn -0.1811 0.9363 0.3008
v 0.41416 1.96017 -0.00758
vt 0.56250 0.56065
vn -0.0304 0.7521 -0.6583
v 0.33162 1.94099 -0.02367
vt 0.62500 0.56065
vn -0.0597 0.7453 -0.6641
v 0.40538 1.97148 0.04761
vt 0.56250 0.50364
vn -0.1811 0.9363 0.3008
v 0.33162 1.94099 -0.02367
vt 0.62500 0.56065
vn -0.0597 0.7453 -0.6641
v 0.31440 1.95034 0.02986
vt 0.62500 0.50364
vn -0.3553 0.8958 0.2669
v 0.31440 1.95034 0.02986
vt 0.62500 0.50364
vn -0.3553 0.8958 0.2669
v 0.33162 1.94099 -0.02367
vt 0.62500 0.56065
vn -0.0597 0.7453 -0.6641
v 0.25555 1.90984 -0.04981
vt 0.68750 0.56065
vn -0.0866 0.7343 -0.6733
v 0.31440 1.95034 0.02986
vt 0.62500 0.50364
vn -0.3553 0.8958 0.2669
v 0.25555 1.90984 -0.04981
vt 0.68750 0.56065
vn -0.0866 0.7343 -0.6733
v 0.23055 1.91600 0.00106
vt 0.68750 0.50364
vn -0.5158 0.8301 0.2117
v 0.23055 1.91600 0.00106
vt 0.68750 0.50364
vn -0.5158 0.8301 0.2117
v 0.25555 1.90984 -0.04981
vt 0.68750 0.56065
vn -0.0866 0.7343 -0.6733
v 0.18887 1.86792 -0.08498
vt 0.75000 0.56065
vn -0.1103 0.7194 -0.6858
v 0.23055 1.91600 0.00106
vt 0.68750 0.50364
vn -0.5158 0.8301 0.2117
v 0.18887 1.86792 -0.08498
vt 0.75000 0.56065
vn -0.1103 0.7194 -0.6858
v 0.15705 1.86980 -0.03771
vt 0.75000 0.50364
vn -0.6565 0.7417 0.1375
v 0.15705 1.86980 -0.03771
vt 0.75000 0.50364
vn -0.6565 0.7417 0.1375
v 0.18887 1.86792 -0.08498
vt 0.75000 0.56065
vn -0.1103 0.7194 -0.6858
v 0.13415 1.81684 -0.12784
vt 0.81250 0.56065
vn -0.1297 0.7013 -0.7010
v 0.15705 1.86980 -0.03771
vt 0.75000 0.50364
vn -0.6565 0.7417 0.1375
v 0.13415 1.81684 -0.12784
vt 0.81250 0.56065
vn -0.1297 0.7013 -0.7010
v 0.09674 1.81350 -0.08496
vt 0.81250 0.50364
vn -0.7720 0.6339 0.0471
v 0.09674 1.81350 -0.08496
vt 0.81250 0.50364
vn -0.7720 0.6339 0.0471
v 0.13415 1.81684 -0.12784
vt 0.81250 0.56065
vn -0.1297 0.7013 -0.7010
v 0.09349 1.75857 -0.17673
vt 0.87500 0.56065
vn -0.1441 0.6806 -0.7183
v 0.09674 1.81350 -0.08496
vt 0.81250 0.50364
vn -0.7720 0.6339 0.0471
v 0.09349 1.75857 -0.17673
vt 0.87500 0.56065
vn -0.1441 0.6806 -0.7183
v 0.05192 1.74926 -0.13885
vt 0.87500 0.50364
vn -0.8578 0.5109 -0.0561
v 0.05192 1.74926 -0.13885
vt 0.87500 0.50364
vn -0.8578 0.5109 -0.0561
v 0.09349 1.75857 -0.17673
vt 0.87500 0.56065
vn -0.1441 0.6806 -0.7183
v 0.06845 1.69534 -0.22979
vt 0.93750 0.56065
vn -0.1530 0.6582 -0.7371
v 0.05192 1.74926 -0.13885
vt 0.87500 0.50364
vn -0.8578 0.5109 -0.0561
v 0.06845 1.69534 -0.22979
vt 0.93750 0.56065
vn -0.1530 0.6582 -0.7371
v 0.02432 1.67957 -0.19734
vt 0.93750 0.50364
vn -0.9106 0.3775 -0.1681
v 0.02432 1.67957 -0.19734
vt 0.93750 0.50364
vn -0.9106 0.3775 -0.1681
v 0.06845 1.69534 -0.22979
vt 0.93750 0.56065
vn -0.1530 0.6582 -0.7371
v 0.06000 1.62958 -0.28497
vt 1.00000 0.56065
vn -0.1560 0.6349 -0.7567
v 0.02432 1.67957 -0.19734
vt 0.93750 0.50364
vn -0.9106 0.3775 -0.1681
v 0.06000 1.62958 -0.28497
vt 1.00000 0.56065
vn -0.1560 0.6349 -0.7567
v 0.01500 1.60709 -0.25816
vt 1.00000 0.50364
vn -0.9285 0.2387 -0.2845
v 0.01500 1.60709 -0.25816
vt 0.00000 0.50364
vn -0.9285 0.2387 -0.2845
v 0.06000 1.62958 -0.28497
vt 0.00000 0.56065
vn -0.1560 0.6349 -0.7567
v 0.06845 1.56383 -0.34014
vt 0.06250 0.56065
vn -0.1530 0.6116 -0.7762
v 0.01500 1.60709 -0.25816
vt 0.00000 0.50364
vn -0.9285 0.2387 -0.2845
v 0.06845 1.56383 -0.34014
vt 0.06250 0.56065
vn -0.1530 0.6116 -0.7762
v 0.02432 1.53460 -0.31898
vt 0.06250 0.50364
vn -0.9106 0.1000 -0.4009
v 0.02432 1.53460 -0.31898
vt 0.06250 0.50364
vn -0.9106 0.1000 -0.4009
v 0.06845 1.56383 -0.34014
vt 0.06250 0.56065
vn -0.1530 0.6116 -0.7762
v 0.09349 1.50060 -0.39320
vt 0.12500 0.56065
vn -0.1441 0.5892 -0.7950
v 0.02432 1.53460 -0.31898
vt 0.06250 0.50364
vn -0.9106 0.1000 -0.4009
v 0.09349 1.50060 -0.39320
vt 0.12500 0.56065
vn -0.1441 0.5892 -0.7950
v 0.05192 1.46491 -0.37746
vt 0.12500 0.50364
vn -0.8578 -0.0335 -0.5129
v 0.05192 1.46491 -0.37746
vt 0.12500 0.50364
vn -0.8578 -0.0335 -0.5129
v 0.09349 1.50060 -0.39320
vt 0.12500 0.56065
vn -0.1441 0.5892 -0.7950
v 0.13415 1.44232 -0.44210
vt 0.18750 0.56065
vn -0.1297 0.5685 -0.8124
v 0.05192 1.46491 -0.37746
vt 0.12500 0.50364
vn -0.8578 -0.0335 -0.5129
v 0.13415 1.44232 -0.44210
vt 0.18750 0.56065
vn -0.1297 0.5685 -0.8124
v 0.09674 1.40067 -0.43136
vt 0.18750 0.50364
vn -0.7720 -0.1564 -0.6161
v 0.09674 1.40067 -0.43136
vt 0.18750 0.50364
vn -0.7720 -0.1564 -0.6161
v 0.13415 1.44232 -0.44210
vt 0.18750 0.56065
vn -0.1297 0.5685 -0.8124
v 0.18887 1.39125 -0.48496
vt 0.25000 0.56065
vn -0.1103 0.5504 -0.8276
v 0.09674 1.40067 -0.43136
vt 0.18750 0.50364
vn -0.7720 -0.1564 -0.6161
v 0.18887 1.39125 -0.48496
vt 0.25000 0.56065
vn -0.1103 0.5504 -0.8276
v 0.15705 1.34437 -0.47860
vt 0.25000 0.50364
vn -0.6565 -0.2642 -0.7065
v 0.15705 1.34437 -0.47860
vt 0.25000 0.50364
vn -0.6565 -0.2642 -0.7065
v 0.18887 1.39125 -0.48496
vt 0.25000 0.56065
vn -0.1103 0.5504 -0.8276
v 0.25555 1.34933 -0.52013
vt 0.31250 0.56065
vn -0.0866 0.5356 -0.8400
v 0.15705 1.34437 -0.47860
vt 0.25000 0.50364
vn -0.6565 -0.2642 -0.7065
v 0.25555 1.34933 -0.52013
vt 0.31250 0.56065
vn -0.0866 0.5356 -0.8400
v 0.23055 1.29817 -0.51737
vt 0.31250 0.50364
vn -0.5158 -0.3527 -0.7807
v 0.23055 1.29817 -0.51737
vt 0.31250 0.50364
vn -0.5158 -0.3527 -0.7807
v 0.25555 1.34933 -0.52013
vt 0.31250 0.56065
vn -0.0866 0.5356 -0.8400
v 0.33162 1.31818 -0.54627
vt 0.37500 0.56065
vn -0.0597 0.5245 -0.8493
v 0.23055 1.29817 -0.51737
vt 0.31250 0.50364
vn -0.5158 -0.3527 -0.7807
v 0.33162 1.31818 -0.54627
vt 0.37500 0.56065
vn -0.0597 0.5245 -0.8493
v 0.31440 1.26384 -0.54618
vt 0.37500 0.50364
vn -0.3553 -0.4184 -0.8359
v 0.31440 1.26384 -0.54618
vt 0.37500 0.50364
vn -0.3553 -0.4184 -0.8359
v 0.33162 1.31818 -0.54627
vt 0.37500 0.56065
vn -0.0597 0.5245 -0.8493
v 0.41416 1.29900 -0.56236
vt 0.43750 0.56065
vn -0.0304 0.5177 -0.8550
v 0.31440 1.26384 -0.54618
vt 0.37500 0.50364
vn -0.3553 -0.4184 -0.8359
v 0.41416 1.29900 -0.56236
vt 0.43750 0.56065
vn -0.0304 0.5177 -0.8550
v 0.40538 1.24269 -0.56392
vt 0.43750 0.50364
vn -0.1811 -0.4589 -0.8698
v 0.40538 1.24269 -0.56392
vt 0.43750 0.50364
vn -0.1811 -0.4589 -0.8698
v 0.41416 1.29900 -0.56236
vt 0.43750 0.56065
vn -0.0304 0.5177 -0.8550
v 0.50000 1.29252 -0.56779
vt 0.50000 0.56065
vn -0.0000 0.5154 -0.8569
v 0.40538 1.24269 -0.56392
vt 0.43750 0.50364
vn -0.1811 -0.4589 -0.8698
v 0.50000 1.29252 -0.56779
vt 0.50000 0.56065
vn -0.0000 0.5154 -0.8569
v 0.50000 1.23555 -0.56991
vt 0.50000 0.50364
vn -0.0000 -0.4725 -0.8813
v 0.50000 1.23555 -0.56991
vt 0.50000 0.50364
vn -0.0000 -0.4725 -0.8813
v 0.50000 1.29252 -0.56779
vt 0.50000 0.56065
vn -0.0000 0.5154 -0.8569
v 0.58584 1.29900 -0.56236
vt 0.56250 0.56065
vn 0.0304 0.5177 -0.8550
v 0.50000 1.23555 -0.56991
vt 0.50000 0.50364
vn -0.0000 -0.4725 -0.8813
v 0.58584 1.29900 -0.56236
vt 0.56250 0.56065
vn 0.0304 0.5177 -0.8550
v 0.59462 1.24269 -0.56392
vt 0.56250 0.50364
vn 0.1811 -0.4589 -0.8698
v 0.59462 1.24269 -0.56392
vt 0.56250 0.50364
vn 0.1811 -0.4589 -0.8698
v 0.58584 1.29900 -0.56236
vt 0.56250 0.56065
vn 0.0304 0.5177 -0.8550
v 0.66838 1.31818 -0.54627
vt 0.62500 0.56065
vn 0.0597 0.5245 -0.8493
v 0.59462 1.24269 -0.56392
vt 0.56250 0.50364
vn 0.1811 -0.4589 -0.8698
v 0.66838 1.31818 -0.54627
vt 0.62500 0.56065
vn 0.0597 0.5245 -0.8493
v 0.68560 1.26384 -0.54618
vt 0.62500 0.50364
vn 0.3553 -0.4184 -0.8359
v 0.68560 1.26384 -0.54618
vt 0.62500 0.50364
vn 0.3553 -0.4184 -0.8359
v 0.66838 1.31818 -0.54627
vt 0.62500 0.56065
vn 0.0597 0.5245 -0.8493
v 0.74445 1.34933 -0.52013
vt 0.68750 0.56065
vn 0.0866 0.5356 -0.8400
v 0.68560 1.26384 -0.54618
vt 0.62500 0.50364
vn 0.3553 -0.4184 -0.8359
v 0.74445 1.34933 -0.52013
vt 0.68750 0.56065
vn 0.0866 0.5356 -0.8400
v 0.76945 1.29817 -0.51737
vt 0.68750 0.50364
vn 0.5158 -0.3527 -0.7807
v 0.76945 1.29817 -0.51737
vt 0.68750 0.50364
vn 0.5158 -0.3527 -0.7807
v 0.74445 1.34933 -0.52013
vt 0.68750 0.56065
vn 0.0866 0.5356 -0.8400
v 0.81113 1.39125 -0.48496
vt 0.75000 0.56065
vn 0.1103 0.5504 -0.8276
v 0.76945 1.29817 -0.51737
vt 0.68750 0.50364
vn 0.5158 -0.3527 -0.7807
v 0.81113 1.39125 -0.48496
vt 0.75000 0.56065
vn 0.1103 0.5504 -0.8276
v 0.84295 1.34437 -0.47860
vt 0.75000 0.50364
vn 0.6565 -0.2642 -0.7065
v 0.84295 1.34437 -0.47860
vt 0.75000 0.50364
vn 0.6565 -0.2642 -0.7065
v 0.81113 1.39125 -0.48496
vt 0.75000 0.56065
vn 0.1103 0.5504 -0.8276
v 0.86585 1.44232 -0.44210
vt 0.81250 0.56065
vn 0.1297 0.5685 -0.8124
v 0.84295 1.34437 -0.47860
vt 0.75000 0.50364
vn 0.6565 -0.2642 -0.7065
v 0.86585 1.44232 -0.44210
vt 0.81250 0.56065
vn 0.1297 0.5685 -0.8124
v 0.90326 1.40067 -0.43136
vt 0.81250 0.50364
vn 0.7720 -0.1564 -0.6161
v 0.90326 1.40067 -0.43136
vt 0.81250 0.50364
vn 0.7720 -0.1564 -0.6161
v 0.86585 1.44232 -0.44210
vt 0.81250 0.56065
vn 0.1297 0.5685 -0.8124
v 0.90651 1.50060 -0.39320
vt 0.87500 0.56065
vn 0.1441 0.5892 -0.7950
v 0.90326 1.40067 -0.43136
vt 0.81250 0.50364
vn 0.7720 -0.1564 -0.6161
v 0.90651 1.50060 -0.39320
vt 0.87500 0.56065
vn 0.1441 0.5892 -0.7950
v 0.94808 1.46491 -0.37746
vt 0.87500 0.50364
vn 0.8578 -0.0335 -0.5129
v 0.94808 1.46491 -0.37746
vt 0.87500 0.50364
vn 0.8578 -0.0335 -0.5129
v 0.90651 1.50060 -0.39320
vt 0.87500 0.56065
vn 0.1441 0.5892 -0.7950
v 0.93155 1.56383 -0.34014
vt 0.93750 0.56065
vn 0.1530 0.6116 -0.7762
v 0.94808 1.46491 -0.37746
vt 0.87500 0.50364
vn 0.8578 -0.0335 -0.5129
v 0.93155 1.56383 -0.34014
vt 0.93750 0.56065
vn 0.1530 0.6116 -0.7762
v 0.97568 1.53460 -0.31898
vt 0.93750 0.50364
vn 0.9106 0.1000 -0.4009
v 0.97568 1.53460 -0.31898
vt 0.93750 0.50364
vn 0.9106 0.1000 -0.4009
v 0.93155 1.56383 -0.34014
vt 0.93750 0.56065
vn 0.1530 0.6116 -0.7762
v 0.94000 1.62958 -0.28497
vt 1.00000 0.56065
vn 0.1560 0.6349 -0.7567
v 0.97568 1.53460 -0.31898
vt 0.93750 0.50364
vn 0.9106 0.1000 -0.4009
v 0.94000 1.62958 -0.28497
vt 1.00000 0.56065
vn 0.1560 0.6349 -0.7567
v 0.98500 1.60709 -0.25816
vt 1.00000 0.50364
vn 0.9285 0.2387 -0.2845
v 0.94000 1.62958 -0.28497
vt 0.00000 0.56065
vn 0.1560 0.6349 -0.7567
v 0.88251 1.67501 -0.22074
vt 0.06250 0.61450
vn 0.3643 -0.5413 0.7578
v 0.89000 1.61673 -0.26965
vt 0.00000 0.61450
vn 0.3714 -0.5968 0.7113
v 0.94000 1.62958 -0.28497
vt 0.00000 0.56065
vn 0.1560 0.6349 -0.7567
v 0.88251 1.67501 -0.22074
vt 0.06250 0.61450
vn 0.3643 -0.5413 0.7578
v 0.93155 1.69534 -0.22979
vt 0.06250 0.56065
vn 0.1530 0.6582 -0.7371
v 0.93155 1.69534 -0.22979
vt 0.06250 0.56065
vn 0.1530 0.6582 -0.7371
v 0.86031 1.73106 -0.17371
vt 0.12500 0.61450
vn 0.3431 -0.4879 0.8026
v 0.88251 1.67501 -0.22074
vt 0.06250 0.61450
vn 0.3643 -0.5413 0.7578
v 0.93155 1.69534 -0.22979
vt 0.06250 0.56065
vn 0.1530 0.6582 -0.7371
v 0.86031 1.73106 -0.17371
vt 0.12500 0.61450
vn 0.3431 -0.4879 0.8026
v 0.90651 1.75857 -0.17673
vt 0.12500 0.56065
vn 0.1441 0.6806 -0.7183
v 0.90651 1.75857 -0.17673
vt 0.12500 0.56065
vn 0.1441 0.6806 -0.7183
v 0.82427 1.78271 -0.13037
vt 0.18750 0.61450
vn 0.3088 -0.4388 0.8439
v 0.86031 1.73106 -0.17371
vt 0.12500 0.61450
vn 0.3431 -0.4879 0.8026
v 0.90651 1.75857 -0.17673
vt 0.12500 0.56065
vn 0.1441 0.6806 -0.7183
v 0.82427 1.78271 -0.13037
vt 0.18750 0.61450
vn 0.3088 -0.4388 0.8439
v 0.86585 1.81684 -0.12784
vt 0.18750 0.56065
vn 0.1297 0.7013 -0.7010
v 0.86585 1.81684 -0.12784
vt 0.18750 0.56065
vn 0.1297 0.7013 -0.7010
v 0.77577 1.82798 -0.09238
vt 0.25000 0.61450
vn 0.2626 -0.3956 0.8801
v 0.82427 1.78271 -0.13037
vt 0.18750 0.61450
vn 0.3088 -0.4388 0.8439
v 0.86585 1.81684 -0.12784
vt 0.18750 0.56065
vn 0.1297 0.7013 -0.7010
v 0.77577 1.82798 -0.09238
vt 0.25000 0.61450
vn 0.2626 -0.3956 0.8801
v 0.81113 1.86792 -0.08498
vt 0.25000 0.56065
vn 0.1103 0.7194 -0.6858
v 0.81113 1.86792 -0.08498
vt 0.25000 0.56065
vn 0.1103 0.7194 -0.6858
v 0.71667 1.86514 -0.06121
vt 0.31250 0.61450
vn 0.2063 -0.3603 0.9097
v 0.77577 1.82798 -0.09238
vt 0.25000 0.61450
vn 0.2626 -0.3956 0.8801
v 0.81113 1.86792 -0.08498
vt 0.25000 0.56065
vn 0.1103 0.7194 -0.6858
v 0.71667 1.86514 -0.06121
vt 0.31250 0.61450
vn 0.2063 -0.3603 0.9097
v 0.74445 1.90984 -0.04981
vt 0.31250 0.56065
vn 0.0866 0.7343 -0.6733
v 0.74445 1.90984 -0.04981
vt 0.31250 0.56065
vn 0.0866 0.7343 -0.6733
v 0.64925 1.89274 -0.03804
vt 0.37500 0.61450
vn 0.1421 -0.3340 0.9318
v 0.71667 1.86514 -0.06121
vt 0.31250 0.61450
vn 0.2063 -0.3603 0.9097
v 0.74445 1.90984 -0.04981
vt 0.31250 0.56065
vn 0.0866 0.7343 -0.6733
v 0.64925 1.89274 -0.03804
vt 0.37500 0.61450
vn 0.1421 -0.3340 0.9318
v 0.66838 1.94099 -0.02367
vt 0.37500 0.56065
vn 0.0597 0.7453 -0.6641
v 0.66838 1.94099 -0.02367
vt 0.37500 0.56065
vn 0.0597 0.7453 -0.6641
v 0.57609 1.90974 -0.02378
vt 0.43750 0.61450
vn 0.0725 -0.3178 0.9454
v 0.64925 1.89274 -0.03804
vt 0.37500 0.61450
vn 0.1421 -0.3340 0.9318
v 0.66838 1.94099 -0.02367
vt 0.37500 0.56065
vn 0.0597 0.7453 -0.6641
v 0.57609 1.90974 -0.02378
vt 0.43750 0.61450
vn 0.0725 -0.3178 0.9454
v 0.58584 1.96017 -0.00758
vt 0.43750 0.56065
vn 0.0304 0.7521 -0.6583
v 0.58584 1.96017 -0.00758
vt 0.43750 0.56065
vn 0.0304 0.7521 -0.6583
v 0.50000 1.91548 -0.01896
vt 0.50000 0.61450
vn 0.0000 -0.3123 0.9500
v 0.57609 1.90974 -0.02378
vt 0.43750 0.61450
vn 0.0725 -0.3178 0.9454
v 0.58584 1.96017 -0.00758
vt 0.43750 0.56065
vn 0.0304 0.7521 -0.6583
v 0.50000 1.91548 -0.01896
vt 0.50000 0.61450
vn 0.0000 -0.3123 0.9500
v 0.50000 1.96664 -0.00214
vt 0.50000 0.56065
vn 0.0000 0.7544 -0.6564
v 0.50000 1.96664 -0.00214
vt 0.50000 0.56065
vn 0.0000 0.7544 -0.6564
v 0.42391 1.90974 -0.02378
vt 0.56250 0.61450
vn -0.0725 -0.3178 0.9454
v 0.50000 1.91548 -0.01896
vt 0.50000 0.61450
vn 0.0000 -0.3123 0.9500
v 0.50000 1.96664 -0.00214
vt 0.50000 0.56065
vn 0.0000 0.7544 -0.6564
v 0.42391 1.90974 -0.02378
vt 0.56250 0.61450
vn -0.0725 -0.3178 0.9454
v 0.41416 1.96017 -0.00758
vt 0.56250 0.56065
vn -0.0304 0.7521 -0.6583
v 0.41416 1.96017 -0.00758
vt 0.56250 0.56065
vn -0.0304 0.7521 -0.6583
v 0.35075 1.89274 -0.03804
vt 0.62500 0.61450
vn -0.1421 -0.3340 0.9318
v 0.42391 1.90974 -0.02378
vt 0.56250 0.61450
vn -0.0725 -0.3178 0.9454
v 0.41416 1.96017 -0.00758
vt 0.56250 0.56065
vn -0.0304 0.7521 -0.6583
v 0.35075 1.89274 -0.03804
vt 0.62500 0.61450
vn -0.1421 -0.3340 0.9318
v 0.33162 1.94099 -0.02367
vt 0.62500 0.56065
vn -0.0597 0.7453 -0.6641
v 0.33162 1.94099 -0.02367
vt 0.62500 0.56065
vn -0.0597 0.7453 -0.6641
v 0.28333 1.86514 -0.06121
vt 0.68750 0.61450
vn -0.2063 -0.3603 0.9097
v 0.35075 1.89274 -0.03804
vt 0.62500 0.61450
vn -0.1421 -0.3340 0.9318
v 0.33162 1.94099 -0.02367
vt 0.62500 0.56065
vn -0.0597 0.7453 -0.6641
v 0.28333 1.86514 -0.06121
vt 0.68750 0.61450
vn -0.2063 -0.3603 0.9097
v 0.25555 1.90984 -0.04981
vt 0.68750 0.56065
vn -0.0866 0.7343 -0.6733
v 0.25555 1.90984 -0.04981
vt 0.68750 0.56065
vn -0.0866 0.7343 -0.6733
v 0.22423 1.82798 -0.09238
vt 0.75000 0.61450
vn -0.2626 -0.3956 0.8801
v 0.28333 1.86514 -0.06121
vt 0.68750 0.61450
vn -0.2063 -0.3603 0.9097
v 0.25555 1.90984 -0.04981
vt 0.68750 0.56065
vn -0.0866 0.7343 -0.6733
v 0.22423 1.82798 -0.09238
vt 0.75000 0.61450
vn -0.2626 -0.3956 0.8801
v 0.18887 1.86792 -0.08498
vt 0.75000 0.56065
vn -0.1103 0.7194 -0.6858
v 0.18887 1.86792 -0.08498
vt 0.75000 0.56065
vn -0.1103 0.7194 -0.6858
v 0.17573 1.78271 -0.13037
vt 0.81250 0.61450
vn -0.3088 -0.4388 0.8439
v 0.22423 1.82798 -0.09238
vt 0.75000 0.61450
vn -0.2626 -0.3956 0.8801
v 0.18887 1.86792 -0.08498
vt 0.75000 0.56065
vn -0.1103 0.7194 -0.6858
v 0.17573 1.78271 -0.13037
vt 0.81250 0.61450
vn -0.3088 -0.4388 0.8439
v 0.13415 1.81684 -0.12784
vt 0.81250 0.56065
vn -0.1297 0.7013 -0.7010
v 0.13415 1.81684 -0.12784
vt 0.81250 0.56065
vn -0.1297 0.7013 -0.7010
v 0.13969 1.73106 -0.17371
vt 0.87500 0.61450
vn -0.3431 -0.4879 0.8026
v 0.17573 1.78271 -0.13037
vt 0.81250 0.61450
vn -0.3088 -0.4388 0.8439
v 0.13415 1.81684 -0.12784
vt 0.81250 0.56065
vn -0.1297 0.7013 -0.7010
v 0.13969 1.73106 -0.17371
vt 0.87500 0.61450
vn -0.3431 -0.4879 0.8026
v 0.09349 1.75857 -0.17673
vt 0.87500 0.56065
vn -0.1441 0.6806 -0.7183
v 0.09349 1.75857 -0.17673
vt 0.87500 0.56065
vn -0.1441 0.6806 -0.7183
v 0.11749 1.67501 -0.22074
vt 0.93750 0.61450
vn -0.3643 -0.5413 0.7578
v 0.13969 1.73106 -0.17371
vt 0.87500 0.61450
vn -0.3431 -0.4879 0.8026
v 0.09349 1.75857 -0.17673
vt 0.87500 0.56065
vn -0.1441 0.6806 -0.7183
v 0.11749 1.67501 -0.22074
vt 0.93750 0.61450
vn -0.3643 -0.5413 0.7578
v 0.06845 1.69534 -0.22979
vt 0.93750 0.56065
vn -0.1530 0.6582 -0.7371
v 0.06845 1.69534 -0.22979
vt 0.93750 0.56065
vn -0.1530 0.6582 -0.7371
v 0.11000 1.61673 -0.26965
vt 1.00000 0.61450
vn -0.3714 -0.5968 0.7113
v 0.11749 1.67501 -0.22074
vt 0.93750 0.61450
vn -0.3643 -0.5413 0.7578
v 0.06845 1.69534 -0.22979
vt 0.93750 0.56065
vn -0.1530 0.6582 -0.7371
v 0.11000 1.61673 -0.26965
vt 1.00000 0.61450
vn -0.3714 -0.5968 0.7113
v 0.06000 1.62958 -0.28497
vt 1.00000 0.56065
vn -0.1560 0.6349 -0.7567
v 0.06000 1.62958 -0.28497
vt 0.00000 0.56065
vn -0.1560 0.6349 -0.7567
v 0.11749 1.55844 -0.31855
vt 0.06250 0.61450
vn -0.3643 -0.6523 0.6647
v 0.11000 1.61673 -0.26965
vt 0.00000 0.61450
vn -0.3714 -0.5968 0.7113
v 0.06000 1.62958 -0.28497
vt 0.00000 0.56065
vn -0.1560 0.6349 -0.7567
v 0.11749 1.55844 -0.31855
vt 0.06250 0.61450
vn -0.3643 -0.6523 0.6647
v 0.06845 1.56383 -0.34014
vt 0.06250 0.56065
vn -0.1530 0.6116 -0.7762
v 0.06845 1.56383 -0.34014
vt 0.06250 0.56065
vn -0.1530 0.6116 -0.7762
v 0.13969 1.50240 -0.36558
vt 0.12500 0.61450
vn -0.3431 -0.7057 0.6199
v 0.11749 1.55844 -0.31855
vt 0.06250 0.61450
vn -0.3643 -0.6523 0.6647
v 0.06845 1.56383 -0.34014
vt 0.06250 0.56065
vn -0.1530 0.6116 -0.7762
v 0.13969 1.50240 -0.36558
vt 0.12500 0.61450
vn -0.3431 -0.7057 0.6199
v 0.09349 1.50060 -0.39320
vt 0.12500 0.56065
vn -0.1441 0.5892 -0.7950
v 0.09349 1.50060 -0.39320
vt 0.12500 0.56065
vn -0.1441 0.5892 -0.7950
v 0.17573 1.45075 -0.40892
vt 0.18750 0.61450
vn -0.3088 -0.7549 0.5786
v 0.13969 1.50240 -0.36558
vt 0.12500 0.61450
vn -0.3431 -0.7057 0.6199
v 0.09349 1.50060 -0.39320
vt 0.12500 0.56065
vn -0.1441 0.5892 -0.7950
v 0.17573 1.45075 -0.40892
vt 0.18750 0.61450
vn -0.3088 -0.7549 0.5786
v 0.13415 1.44232 -0.44210
vt 0.18750 0.56065
vn -0.1297 0.5685 -0.8124
v 0.13415 1.44232 -0.44210
vt 0.18750 0.56065
vn -0.1297 0.5685 -0.8124
v 0.22423 1.40547 -0.44691
vt 0.25000 0.61450
vn -0.2626 -0.7980 0.5425
v 0.17573 1.45075 -0.40892
vt 0.18750 0.61450
vn -0.3088 -0.7549 0.5786
v 0.13415 1.44232 -0.44210
vt 0.18750 0.56065
vn -0.1297 0.5685 -0.8124
v 0.22423 1.40547 -0.44691
vt 0.25000 0.61450
vn -0.2626 -0.7980 0.5425
v 0.18887 1.39125 -0.48496
vt 0.25000 0.56065
vn -0.1103 0.5504 -0.8276
v 0.18887 1.39125 -0.48496
vt 0.25000 0.56065
vn -0.1103 0.5504 -0.8276
v 0.28333 1.36832 -0.47809
vt 0.31250 0.61450
vn -0.2063 -0.8334 0.5128
v 0.22423 1.40547 -0.44691
vt 0.25000 0.61450
vn -0.2626 -0.7980 0.5425
v 0.18887 1.39125 -0.48496
vt 0.25000 0.56065
vn -0.1103 0.5504 -0.8276
v 0.28333 1.36832 -0.47809
vt 0.31250 0.61450
vn -0.2063 -0.8334 0.5128
v 0.25555 1.34933 -0.52013
vt 0.31250 0.56065
vn -0.0866 0.5356 -0.8400
v 0.25555 1.34933 -0.52013
vt 0.31250 0.56065
vn -0.0866 0.5356 -0.8400
v 0.35075 1.34071 -0.50125
vt 0.37500 0.61450
vn -0.1421 -0.8597 0.4907
v 0.28333 1.36832 -0.47809
vt 0.31250 0.61450
vn -0.2063 -0.8334 0.5128
v 0.25555 1.34933 -0.52013
vt 0.31250 0.56065
vn -0.0866 0.5356 -0.8400
v 0.35075 1.34071 -0.50125
vt 0.37500 0.61450
vn -0.1421 -0.8597 0.4907
v 0.33162 1.31818 -0.54627
vt 0.37500 0.56065
vn -0.0597 0.5245 -0.8493
v 0.33162 1.31818 -0.54627
vt 0.37500 0.56065
vn -0.0597 0.5245 -0.8493
v 0.42391 1.32371 -0.51552
vt 0.43750 0.61450
vn -0.0725 -0.8758 0.4771
v 0.35075 1.34071 -0.50125
vt 0.37500 0.61450
vn -0.1421 -0.8597 0.4907
v 0.33162 1.31818 -0.54627
vt 0.37500 0.56065
vn -0.0597 0.5245 -0.8493
v 0.42391 1.32371 -0.51552
vt 0.43750 0.61450
vn -0.0725 -0.8758 0.4771
v 0.41416 1.29900 -0.56236
vt 0.43750 0.56065
vn -0.0304 0.5177 -0.8550
v 0.41416 1.29900 -0.56236
vt 0.43750 0.56065
vn -0.0304 0.5177 -0.8550
v 0.50000 1.31797 -0.52033
vt 0.50000 0.61450
vn -0.0000 -0.8813 0.4725
v 0.42391 1.32371 -0.51552
vt 0.43750 0.61450
vn -0.0725 -0.8758 0.4771
v 0.41416 1.29900 -0.56236
vt 0.43750 0.56065
vn -0.0304 0.5177 -0.8550
v 0.50000 1.31797 -0.52033
vt 0.50000 0.61450
vn -0.0000 -0.8813 0.4725
v 0.50000 1.29252 -0.56779
vt 0.50000 0.56065
vn -0.0000 0.5154 -0.8569
v 0.50000 1.29252 -0.56779
vt 0.50000 0.56065
vn -0.0000 0.5154 -0.8569
v 0.57609 1.32371 -0.51552
vt 0.56250 0.61450
vn 0.0725 -0.8758 0.4771
v 0.50000 1.31797 -0.52033
vt 0.50000 0.61450
vn -0.0000 -0.8813 0.4725
v 0.50000 1.29252 -0.56779
vt 0.50000 0.56065
vn -0.0000 0.5154 -0.8569
v 0.57609 1.32371 -0.51552
vt 0.56250 0.61450
vn 0.0725 -0.8758 0.4771
v 0.58584 1.29900 -0.56236
vt 0.56250 0.56065
vn 0.0304 0.5177 -0.8550
v 0.58584 1.29900 -0.56236
vt 0.56250 0.56065
vn 0.0304 0.5177 -0.8550
v 0.64925 1.34071 -0.50125
vt 0.62500 0.61450
vn 0.1421 -0.8597 0.4907
v 0.57609 1.32371 -0.51552
vt 0.56250 0.61450
vn 0.0725 -0.8758 0.4771
v 0.58584 1.29900 -0.56236
vt 0.56250 0.56065
vn 0.0304 0.5177 -0.8550
v 0.64925 1.34071 -0.50125
vt 0.62500 0.61450
vn 0.1421 -0.8597 0.4907
v 0.66838 1.31818 -0.54627
vt 0.62500 0.56065
vn 0.0597 0.5245 -0.8493
v 0.66838 1.31818 -0.54627
vt 0.62500 0.56065
vn 0.0597 0.5245 -0.8493
v 0.71667 1.36832 -0.47809
vt 0.68750 0.61450
vn 0.2063 -0.8334 0.5128
v 0.64925 1.34071 -0.50125
vt 0.62500 0.61450
vn 0.1421 -0.8597 0.4907
v 0.66838 1.31818 -0.54627
vt 0.62500 0.56065
vn 0.0597 0.5245 -0.8493
v 0.71667 1.36832 -0.47809
vt 0.68750 0.61450
vn 0.2063 -0.8334 0.5128
v 0.74445 1.34933 -0.52013
vt 0.68750 0.56065
vn 0.0866 0.5356 -0.8400
v 0.74445 1.34933 -0.52013
vt 0.68750 0.56065
vn 0.0866 0.5356 -0.8400
v 0.77577 1.40547 -0.44691
vt 0.75000 0.61450
vn 0.2626 -0.7980 0.5425
v 0.71667 1.36832 -0.47809
vt 0.68750 0.61450
vn 0.2063 -0.8334 0.5128
v 0.74445 1.34933 -0.52013
vt 0.68750 0.56065
vn 0.0866 0.5356 -0.8400
v 0.77577 1.40547 -0.44691
vt 0.75000 0.61450
vn 0.2626 -0.7980 0.5425
v 0.81113 1.39125 -0.48496
vt 0.75000 0.56065
vn 0.1103 0.5504 -0.8276
v 0.81113 1.39125 -0.48496
vt 0.75000 0.56065
vn 0.1103 0.5504 -0.8276
v 0.82427 1.45075 -0.40892
vt 0.81250 0.61450
vn 0.3088 -0.7549 0.5786
v 0.77577 1.40547 -0.44691
vt 0.75000 0.61450
vn 0.2626 -0.7980 0.5425
v 0.81113 1.39125 -0.48496
vt 0.75000 0.56065
vn 0.1103 0.5504 -0.8276
v 0.82427 1.45075 -0.40892
vt 0.81250 0.61450
vn 0.3088 -0.7549 0.5786
v 0.86585 1.44232 -0.44210
vt 0.81250 0.56065
vn 0.1297 0.5685 -0.8124
v 0.86585 1.44232 -0.44210
vt 0.81250 0.56065
vn 0.1297 0.5685 -0.8124
v 0.86031 1.50240 -0.36558
vt 0.87500 0.61450
vn 0.3431 -0.7057 0.6199
v 0.82427 1.45075 -0.40892
vt 0.81250 0.61450
vn 0.3088 -0.7549 0.5786
v 0.86585 1.44232 -0.44210
vt 0.81250 0.56065
vn 0.1297 0.5685 -0.8124
v 0.86031 1.50240 -0.36558
vt 0.87500 0.61450
vn 0.3431 -0.7057 0.6199
v 0.90651 1.50060 -0.39320
vt 0.87500 0.56065
vn 0.1441 0.5892 -0.7950
v 0.90651 1.50060 -0.39320
vt 0.87500 0.56065
vn 0.1441 0.5892 -0.7950
v 0.88251 1.55844 -0.31855
vt 0.93750 0.61450
vn 0.3643 -0.6523 0.6647
v 0.86031 1.50240 -0.36558
vt 0.87500 0.61450
vn 0.3431 -0.7057 0.6199
v 0.90651 1.50060 -0.39320
vt 0.87500 0.56065
vn 0.1441 0.5892 -0.7950
v 0.88251 1.55844 -0.31855
vt 0.93750 0.61450
vn 0.3643 -0.6523 0.6647
v 0.93155 1.56383 -0.34014
vt 0.93750 0.56065
vn 0.1530 0.6116 -0.7762
v 0.93155 1.56383 -0.34014
vt 0.93750 0.56065
vn 0.1530 0.6116 -0.7762
v 0.89000 1.61673 -0.26965
vt 1.00000 0.61450
vn 0.3714 -0.5968 0.7113
v 0.88251 1.55844 -0.31855
vt 0.93750 0.61450
vn 0.3643 -0.6523 0.6647
v 0.93155 1.56383 -0.34014
vt 0.93750 0.56065
vn 0.1530 0.6116 -0.7762
v 0.89000 1.61673 -0.26965
vt 1.00000 0.61450
vn 0.3714 -0.5968 0.7113
v 0.94000 1.62958 -0.28497
vt 1.00000 0.56065
vn 0.1560 0.6349 -0.7567
v 0.83400 1.07357 0.37766
vt 0.00000 0.00000
vn 0.7740 -0.4070 0.4851
v 0.85200 1.08771 0.36081
vt 0.00000 0.02843
vn 0.9842 -0.1139 0.1357
v 0.84524 1.14032 0.40495
vt 0.06250 0.02843
vn 0.9653 0.0332 0.2591
v 0.83400 1.07357 0.37766
vt 0.00000 0.00000
vn 0.7740 -0.4070 0.4851
v 0.84524 1.14032 0.40495
vt 0.06250 0.02843
vn 0.9653 0.0332 0.2591
v 0.82758 1.12349 0.41954
vt 0.06250 0.00000
vn 0.7591 -0.2914 0.5821
v 0.82758 1.12349 0.41954
vt 0.06250 0.00000
vn 0.7591 -0.2914 0.5821
v 0.84524 1.14032 0.40495
vt 0.06250 0.02843
vn 0.9653 0.0332 0.2591
v 0.82521 1.19090 0.44739
vt 0.12500 0.02843
vn 0.9093 0.1746 0.3778
v 0.82758 1.12349 0.41954
vt 0.06250 0.00000
vn 0.7591 -0.2914 0.5821
v 0.82521 1.19090 0.44739
vt 0.12500 0.02843
vn 0.9093 0.1746 0.3778
v 0.80858 1.17149 0.45982
vt 0.12500 0.00000
vn 0.7150 -0.1801 0.6755
v 0.80858 1.17149 0.45982
vt 0.12500 0.00000
vn 0.7150 -0.1801 0.6755
v 0.82521 1.19090 0.44739
vt 0.12500 0.02843
vn 0.9093 0.1746 0.3778
v 0.79268 1.23752 0.48651
vt 0.18750 0.02843
vn 0.8183 0.3050 0.4872
v 0.80858 1.17149 0.45982
vt 0.12500 0.00000
vn 0.7150 -0.1801 0.6755
v 0.79268 1.23752 0.48651
vt 0.18750 0.02843
vn 0.8183 0.3050 0.4872
v 0.77771 1.21572 0.49694
vt 0.18750 0.00000
vn 0.6435 -0.0776 0.7615
v 0.77771 1.21572 0.49694
vt 0.18750 0.00000
vn 0.6435 -0.0776 0.7615
v 0.79268 1.23752 0.48651
vt 0.18750 0.02843
vn 0.8183 0.3050 0.4872
v 0.74890 1.27838 0.52080
vt 0.25000 0.02843
vn 0.6959 0.4192 0.5830
v 0.77771 1.21572 0.49694
vt 0.18750 0.00000
vn 0.6435 -0.0776 0.7615
v 0.74890 1.27838 0.52080
vt 0.25000 0.02843
vn 0.6959 0.4192 0.5830
v 0.73617 1.25449 0.52947
vt 0.25000 0.00000
vn 0.5473 0.0122 0.8369
v 0.73617 1.25449 0.52947
vt 0.25000 0.00000
vn 0.5473 0.0122 0.8369
v 0.74890 1.27838 0.52080
vt 0.25000 0.02843
vn 0.6959 0.4192 0.5830
v 0.69556 1.31192 0.54894
vt 0.31250 0.02843
vn 0.5468 0.5130 0.6617
v 0.73617 1.25449 0.52947
vt 0.25000 0.00000
vn 0.5473 0.0122 0.8369
v 0.69556 1.31192 0.54894
vt 0.31250 0.02843
vn 0.5468 0.5130 0.6617
v 0.68556 1.28631 0.55617
vt 0.31250 0.00000
vn 0.4300 0.0859 0.8987
v 0.68556 1.28631 0.55617
vt 0.31250 0.00000
vn 0.4300 0.0859 0.8987
v 0.69556 1.31192 0.54894
vt 0.31250 0.02843
vn 0.5468 0.5130 0.6617
v 0.63470 1.33684 0.56985
vt 0.37500 0.02843
vn 0.3766 0.5827 0.7202
v 0.68556 1.28631 0.55617
vt 0.31250 0.00000
vn 0.4300 0.0859 0.8987
v 0.63470 1.33684 0.56985
vt 0.37500 0.02843
vn 0.3766 0.5827 0.7202
v 0.62782 1.30995 0.57601
vt 0.37500 0.00000
vn 0.2962 0.1407 0.9447
v 0.62782 1.30995 0.57601
vt 0.37500 0.00000
vn 0.2962 0.1407 0.9447
v 0.63470 1.33684 0.56985
vt 0.37500 0.02843
vn 0.3766 0.5827 0.7202
v 0.56867 1.35218 0.58272
vt 0.43750 0.02843
vn 0.1920 0.6256 0.7562
v 0.62782 1.30995 0.57601
vt 0.37500 0.00000
vn 0.2962 0.1407 0.9447
v 0.56867 1.35218 0.58272
vt 0.43750 0.02843
vn 0.1920 0.6256 0.7562
v 0.56516 1.32451 0.58823
vt 0.43750 0.00000
vn 0.1510 0.1745 0.9730
v 0.56516 1.32451 0.58823
vt 0.43750 0.00000
vn 0.1510 0.1745 0.9730
v 0.56867 1.35218 0.58272
vt 0.43750 0.02843
vn 0.1920 0.6256 0.7562
v 0.50000 1.35736 0.58707
vt 0.50000 0.02843
vn 0.0000 0.6401 0.7683
v 0.56516 1.32451 0.58823
vt 0.43750 0.00000
vn 0.1510 0.1745 0.9730
v 0.50000 1.35736 0.58707
vt 0.50000 0.02843
vn 0.0000 0.6401 0.7683
v 0.50000 1.32943 0.59235
vt 0.50000 0.00000
vn 0.0000 0.1858 0.9826
v 0.50000 1.32943 0.59235
vt 0.50000 0.00000
vn 0.0000 0.1858 0.9826
v 0.50000 1.35736 0.58707
vt 0.50000 0.02843
vn 0.0000 0.6401 0.7683
v 0.43133 1.35218 0.58272
vt 0.56250 0.02843
vn -0.1920 0.6256 0.7562
v 0.50000 1.32943 0.59235
vt 0.50000 0.00000
vn 0.0000 0.1858 0.9826
v 0.43133 1.35218 0.58272
vt 0.56250 0.02843
vn -0.1920 0.6256 0.7562
v 0.43484 1.32451 0.58823
vt 0.56250 0.00000
vn -0.1510 0.1745 0.9730
v 0.43484 1.32451 0.58823
vt 0.56250 0.00000
vn -0.1510 0.1745 0.9730
v 0.43133 1.35218 0.58272
vt 0.56250 0.02843
vn -0.1920 0.6256 0.7562
v 0.36530 1.33684 0.56985
vt 0.62500 0.02843
vn -0.3766 0.5827 0.7202
v 0.43484 1.32451 0.58823
vt 0.56250 0.00000
vn -0.1510 0.1745 0.9730
v 0.36530 1.33684 0.56985
vt 0.62500 0.02843
vn -0.3766 0.5827 0.7202
v 0.37218 1.30995 0.57601
vt 0.62500 0.00000
vn -0.2962 0.1407 0.9447
v 0.37218 1.30995 0.57601
vt 0.62500 0.00000
vn -0.2962 0.1407 0.9447
v 0.36530 1.33684 0.56985
vt 0.62500 0.02843
vn -0.3766 0.5827 0.7202
v 0.30444 1.31192 0.54894
vt 0.68750 0.02843
vn -0.5468 0.5130 0.6617
v 0.37218 1.30995 0.57601
vt 0.62500 0.00000
vn -0.2962 0.1407 0.9447
v 0.30444 1.31192 0.54894
vt 0.68750 0.02843
vn -0.5468 0.5130 0.6617
v 0.31444 1.28631 0.55617
vt 0.68750 0.00000
vn -0.4300 0.0859 0.8987
v 0.31444 1.28631 0.55617
vt 0.68750 0.00000
vn -0.4300 0.0859 0.8987
v 0.30444 1.31192 0.54894
vt 0.68750 0.02843
vn -0.5468 0.5130 0.6617
v 0.25110 1.27838 0.52080
vt 0.75000 0.02843
vn -0.6959 0.4192 0.5830
v 0.31444 1.28631 0.55617
vt 0.68750 0.00000
vn -0.4300 0.0859 0.8987
v 0.25110 1.27838 0.52080
vt 0.75000 0.02843
vn -0.6959 0.4192 0.5830
v 0.26383 1.25449 0.52947
vt 0.75000 0.00000
vn -0.5473 0.0122 0.8369
v 0.26383 1.25449 0.52947
vt 0.75000 0.00000
vn -0.5473 0.0122 0.8369
v 0.25110 1.27838 0.52080
vt 0.75000 0.02843
vn -0.6959 0.4192 0.5830
v 0.20732 1.23752 0.48651
vt 0.81250 0.02843
vn -0.8183 0.3050 0.4872
v 0.26383 1.25449 0.52947
vt 0.75000 0.00000
vn -0.5473 0.0122 0.8369
v 0.20732 1.23752 0.48651
vt 0.81250 0.02843
vn -0.8183 0.3050 0.4872
v 0.22229 1.21572 0.49694
vt 0.81250 0.00000
vn -0.6435 -0.0776 0.7615
v 0.22229 1.21572 0.49694
vt 0.81250 0.00000
vn -0.6435 -0.0776 0.7615
v 0.20732 1.23752 0.48651
vt 0.81250 0.02843
vn -0.8183 0.3050 0.4872
v 0.17479 1.19090 0.44739
vt 0.87500 0.02843
vn -0.9093 0.1746 0.3778
v 0.22229 1.21572 0.49694
vt 0.81250 0.00000
vn -0.6435 -0.0776 0.7615
v 0.17479 1.19090 0.44739
vt 0.87500 0.02843
vn -0.9093 0.1746 0.3778
v 0.19142 1.17149 0.45982
vt 0.87500 0.00000
vn -0.7150 -0.1801 0.6755
v 0.19142 1.17149 0.45982
vt 0.87500 0.00000
vn -0.7150 -0.1801 0.6755
v 0.17479 1.19090 0.44739
vt 0.87500 0.02843
vn -0.9093 0.1746 0.3778
v 0.15476 1.14032 0.40495
vt 0.93750 0.02843
vn -0.9653 0.0332 0.2591
v 0.19142 1.17149 0.45982
vt 0.87500 0.00000
vn -0.7150 -0.1801 0.6755
v 0.15476 1.14032 0.40495
vt 0.93750 0.02843
vn -0.9653 0.0332 0.2591
v 0.17242 1.12349 0.41954
vt 0.93750 0.00000
vn -0.7591 -0.2914 0.5821
v 0.17242 1.12349 0.41954
vt 0.93750 0.00000
vn -0.7591 -0.2914 0.5821
v 0.15476 1.14032 0.40495
vt 0.93750 0.02843
vn -0.9653 0.0332 0.2591
v 0.14800 1.08771 0.36081
vt 1.00000 0.02843
vn -0.9842 -0.1139 0.1357
v 0.17242 1.12349 0.41954
vt 0.93750 0.00000
vn -0.7591 -0.2914 0.5821
v 0.14800 1.08771 0.36081
vt 1.00000 0.02843
vn -0.9842 -0.1139 0.1357
v 0.16600 1.07357 0.37766
vt 1.00000 0.00000
vn -0.7740 -0.4070 0.4851
v 0.16600 1.07357 0.37766
vt 0.00000 0.00000
vn -0.7740 -0.4070 0.4851
v 0.14800 1.08771 0.36081
vt 0.00000 0.02843
vn -0.9842 -0.1139 0.1357
v 0.15476 1.03511 0.31667
vt 0.06250 0.02843
vn -0.9653 -0.2610 0.0123
v 0.16600 1.07357 0.37766
vt 0.00000 0.00000
vn -0.7740 -0.4070 0.4851
v 0.15476 1.03511 0.31667
vt 0.06250 0.02843
vn -0.9653 -0.2610 0.0123
v 0.17242 1.02366 0.33578
vt 0.06250 0.00000
vn -0.7591 -0.5227 0.3880
v 0.17242 1.02366 0.33578
vt 0.06250 0.00000
vn -0.7591 -0.5227 0.3880
v 0.15476 1.03511 0.31667
vt 0.06250 0.02843
vn -0.9653 -0.2610 0.0123
v 0.17479 0.98452 0.27422
vt 0.12500 0.02843
vn -0.9093 -0.4024 -0.1064
v 0.17242 1.02366 0.33578
vt 0.06250 0.00000
vn -0.7591 -0.5227 0.3880
v 0.17479 0.98452 0.27422
vt 0.12500 0.02843
vn -0.9093 -0.4024 -0.1064
v 0.19142 0.97566 0.29550
vt 0.12500 0.00000
vn -0.7150 -0.6339 0.2947
v 0.19142 0.97566 0.29550
vt 0.12500 0.00000
vn -0.7150 -0.6339 0.2947
v 0.17479 0.98452 0.27422
vt 0.12500 0.02843
vn -0.9093 -0.4024 -0.1064
v 0.20732 0.93791 0.23510
vt 0.18750 0.02843
vn -0.8183 -0.5327 -0.2158
v 0.19142 0.97566 0.29550
vt 0.12500 0.00000
vn -0.7150 -0.6339 0.2947
v 0.20732 0.93791 0.23510
vt 0.18750 0.02843
vn -0.8183 -0.5327 -0.2158
v 0.22229 0.93142 0.25838
vt 0.18750 0.00000
vn -0.6435 -0.7364 0.2087
v 0.22229 0.93142 0.25838
vt 0.18750 0.00000
vn -0.6435 -0.7364 0.2087
v 0.20732 0.93791 0.23510
vt 0.18750 0.02843
vn -0.8183 -0.5327 -0.2158
v 0.25110 0.89704 0.20082
vt 0.25000 0.02843
vn -0.6959 -0.6470 -0.3116
v 0.22229 0.93142 0.25838
vt 0.18750 0.00000
vn -0.6435 -0.7364 0.2087
v 0.25110 0.89704 0.20082
vt 0.25000 0.02843
vn -0.6959 -0.6470 -0.3116
v 0.26383 0.89265 0.22585
vt 0.25000 0.00000
vn -0.5473 -0.8263 0.1333
v 0.26383 0.89265 0.22585
vt 0.25000 0.00000
vn -0.5473 -0.8263 0.1333
v 0.25110 0.89704 0.20082
vt 0.25000 0.02843
vn -0.6959 -0.6470 -0.3116
v 0.30444 0.86351 0.17268
vt 0.31250 0.02843
vn -0.5468 -0.7407 -0.3903
v 0.26383 0.89265 0.22585
vt 0.25000 0.00000
vn -0.5473 -0.8263 0.1333
v 0.30444 0.86351 0.17268
vt 0.31250 0.02843
vn -0.5468 -0.7407 -0.3903
v 0.31444 0.86083 0.19915
vt 0.31250 0.00000
vn -0.4300 -0.9000 0.0714
v 0.31444 0.86083 0.19915
vt 0.31250 0.00000
vn -0.4300 -0.9000 0.0714
v 0.30444 0.86351 0.17268
vt 0.31250 0.02843
vn -0.5468 -0.7407 -0.3903
v 0.36530 0.83859 0.15177
vt 0.37500 0.02843
vn -0.3766 -0.8104 -0.4488
v 0.31444 0.86083 0.19915
vt 0.31250 0.00000
vn -0.4300 -0.9000 0.0714
v 0.36530 0.83859 0.15177
vt 0.37500 0.02843
vn -0.3766 -0.8104 -0.4488
v 0.37218 0.83719 0.17931
vt 0.37500 0.00000
vn -0.2962 -0.9548 0.0255
v 0.37218 0.83719 0.17931
vt 0.37500 0.00000
vn -0.2962 -0.9548 0.0255
v 0.36530 0.83859 0.15177
vt 0.37500 0.02843
vn -0.3766 -0.8104 -0.4488
v 0.43133 0.82325 0.13889
vt 0.43750 0.02843
vn -0.1920 -0.8533 -0.4848
v 0.37218 0.83719 0.17931
vt 0.37500 0.00000
vn -0.2962 -0.9548 0.0255
v 0.43133 0.82325 0.13889
vt 0.43750 0.02843
vn -0.1920 -0.8533 -0.4848
v 0.43484 0.82263 0.16709
vt 0.43750 0.00000
vn -0.1510 -0.9885 -0.0028
v 0.43484 0.82263 0.16709
vt 0.43750 0.00000
vn -0.1510 -0.9885 -0.0028
v 0.43133 0.82325 0.13889
vt 0.43750 0.02843
vn -0.1920 -0.8533 -0.4848
v 0.50000 0.81807 0.13455
vt 0.50000 0.02843
vn -0.0000 -0.8678 -0.4969
v 0.43484 0.82263 0.16709
vt 0.43750 0.00000
vn -0.1510 -0.9885 -0.0028
v 0.50000 0.81807 0.13455
vt 0.50000 0.02843
vn -0.0000 -0.8678 -0.4969
v 0.50000 0.81771 0.16297
vt 0.50000 0.00000
vn -0.0000 -0.9999 -0.0124
v 0.50000 0.81771 0.16297
vt 0.50000 0.00000
vn -0.0000 -0.9999 -0.0124
v 0.50000 0.81807 0.13455
vt 0.50000 0.02843
vn -0.0000 -0.8678 -0.4969
v 0.56867 0.82325 0.13889
vt 0.56250 0.02843
vn 0.1920 -0.8533 -0.4848
v 0.50000 0.81771 0.16297
vt 0.50000 0.00000
vn -0.0000 -0.9999 -0.0124
v 0.56867 0.82325 0.13889
vt 0.56250 0.02843
vn 0.1920 -0.8533 -0.4848
v 0.56516 0.82263 0.16709
vt 0.56250 0.00000
vn 0.1510 -0.9885 -0.0028
v 0.56516 0.82263 0.16709
vt 0.56250 0.00000
vn 0.1510 -0.9885 -0.0028
v 0.56867 0.82325 0.13889
vt 0.56250 0.02843
vn 0.1920 -0.8533 -0.4848
v 0.63470 0.83859 0.15177
vt 0.62500 0.02843
vn 0.3766 -0.8104 -0.4488
v 0.56516 0.82263 0.16709
vt 0.56250 0.00000
vn 0.1510 -0.9885 -0.0028
v 0.63470 0.83859 0.15177
vt 0.62500 0.02843
vn 0.3766 -0.8104 -0.4488
v 0.62782 0.83719 0.17931
vt 0.62500 0.00000
vn 0.2962 -0.9548 0.0255
v 0.62782 0.83719 0.17931
vt 0.62500 0.00000
vn 0.2962 -0.9548 0.0255
v 0.63470 0.83859 0.15177
vt 0.62500 0.02843
vn 0.3766 -0.8104 -0.4488
v 0.69556 0.86351 0.17268
vt 0.68750 0.02843
vn 0.5468 -0.7407 -0.3903
v 0.62782 0.83719 0.17931
vt 0.62500 0.00000
vn 0.2962 -0.9548 0.0255
v 0.69556 0.86351 0.17268
vt 0.68750 0.02843
vn 0.5468 -0.7407 -0.3903
v 0.68556 0.86083 0.19915
vt 0.68750 0.00000
vn 0.4300 -0.9000 0.0714
v 0.68556 0.86083 0.19915
vt 0.68750 0.00000
vn 0.4300 -0.9000 0.0714
v 0.69556 0.86351 0.17268
vt 0.68750 0.02843
vn 0.5468 -0.7407 -0.3903
v 0.74890 0.89704 0.20082
vt 0.75000 0.02843
vn 0.6959 -0.6470 -0.3116
v 0.68556 0.86083 0.19915
vt 0.68750 0.00000
vn 0.4300 -0.9000 0.0714
v 0.74890 0.89704 0.20082
vt 0.75000 0.02843
vn 0.6959 -0.6470 -0.3116
v 0.73617 0.89265 0.22585
vt 0.75000 0.00000
vn 0.5473 -0.8263 0.1333
v 0.73617 0.89265 0.22585
vt 0.75000 0.00000
vn 0.5473 -0.8263 0.1333
v 0.74890 0.89704 0.20082
vt 0.75000 0.02843
vn 0.6959 -0.6470 -0.3116
v 0.79268 0.93791 0.23510
vt 0.81250 0.02843
vn 0.8183 -0.5327 -0.2158
v 0.73617 0.89265 0.22585
vt 0.75000 0.00000
vn 0.5473 -0.8263 0.1333
v 0.79268 0.93791 0.23510
vt 0.81250 0.02843
vn 0.8183 -0.5327 -0.2158
v 0.77771 0.93142 0.25838
vt 0.81250 0.00000
vn 0.6435 -0.7364 0.2087
v 0.77771 0.93142 0.25838
vt 0.81250 0.00000
vn 0.6435 -0.7364 0.2087
v 0.79268 0.93791 0.23510
vt 0.81250 0.02843
vn 0.8183 -0.5327 -0.2158
v 0.82521 0.98452 0.27422
vt 0.87500 0.02843
vn 0.9093 -0.4024 -0.1064
v 0.77771 0.93142 0.25838
vt 0.81250 0.00000
vn 0.6435 -0.7364 0.2087
v 0.82521 0.98452 0.27422
vt 0.87500 0.02843
vn 0.9093 -0.4024 -0.1064
v 0.80858 0.97566 0.29550
vt 0.87500 0.00000
vn 0.7150 -0.6339 0.2947
v 0.80858 0.97566 0.29550
vt 0.87500 0.00000
vn 0.7150 -0.6339 0.2947
v 0.82521 0.98452 0.27422
vt 0.87500 0.02843
vn 0.9093 -0.4024 -0.1064
v 0.84524 1.03511 0.31667
vt 0.93750 0.02843
vn 0.9653 -0.2610 0.0123
v 0.80858 0.97566 0.29550
vt 0.87500 0.00000
vn 0.7150 -0.6339 0.2947
v 0.84524 1.03511 0.31667
vt 0.93750 0.02843
vn 0.9653 -0.2610 0.0123
v 0.82758 1.02366 0.33578
vt 0.93750 0.00000
vn 0.7591 -0.5227 0.3880
v 0.82758 1.02366 0.33578
vt 0.93750 0.00000
vn 0.7591 -0.5227 0.3880
v 0.84524 1.03511 0.31667
vt 0.93750 0.02843
vn 0.9653 -0.2610 0.0123
v 0.85200 1.08771 0.36081
vt 1.00000 0.02843
vn 0.9842 -0.1139 0.1357
v 0.82758 1.02366 0.33578
vt 0.93750 0.00000
vn 0.7591 -0.5227 0.3880
v 0.85200 1.08771 0.36081
vt 1.00000 0.02843
vn 0.9842 -0.1139 0.1357
v 0.83400 1.07357 0.37766
vt 1.00000 0.00000
vn 0.7740 -0.4070 0.4851
v 0.85200 1.08771 0.36081
vt 0.00000 0.02843
vn 0.9842 -0.1139 0.1357
v 0.85200 1.13785 0.30106
vt 0.00000 0.10643
vn 0.9842 0.1139 -0.1357
v 0.84524 1.19046 0.34520
vt 0.06250 0.10643
vn 0.9653 0.2610 -0.0123
v 0.85200 1.08771 0.36081
vt 0.00000 0.02843
vn 0.9842 -0.1139 0.1357
v 0.84524 1.19046 0.34520
vt 0.06250 0.10643
vn 0.9653 0.2610 -0.0123
v 0.84524 1.14032 0.40495
vt 0.06250 0.02843
vn 0.9653 0.0332 0.2591
v 0.84524 1.14032 0.40495
vt 0.06250 0.02843
vn 0.9653 0.0332 0.2591
v 0.84524 1.19046 0.34520
vt 0.06250 0.10643
vn 0.9653 0.2610 -0.0123
v 0.82521 1.24104 0.38764
vt 0.12500 0.10643
vn 0.9093 0.4024 0.1064
v 0.84524 1.14032 0.40495
vt 0.06250 0.02843
vn 0.9653 0.0332 0.2591
v 0.82521 1.24104 0.38764
vt 0.12500 0.10643
vn 0.9093 0.4024 0.1064
v 0.82521 1.19090 0.44739
vt 0.12500 0.02843
vn 0.9093 0.1746 0.3778
v 0.82521 1.19090 0.44739
vt 0.12500 0.02843
vn 0.9093 0.1746 0.3778
v 0.82521 1.24104 0.38764
vt 0.12500 0.10643
vn 0.9093 0.4024 0.1064
v 0.79268 1.28766 0.42676
vt 0.18750 0.10643
vn 0.8183 0.5327 0.2158
v 0.82521 1.19090 0.44739
vt 0.12500 0.02843
vn 0.9093 0.1746 0.3778
v 0.79268 1.28766 0.42676
vt 0.18750 0.10643
vn 0.8183 0.5327 0.2158
v 0.79268 1.23752 0.48651
vt 0.18750 0.02843
vn 0.8183 0.3050 0.4872
v 0.79268 1.23752 0.48651
vt 0.18750 0.02843
vn 0.8183 0.3050 0.4872
v 0.79268 1.28766 0.42676
vt 0.18750 0.10643
vn 0.8183 0.5327 0.2158
v 0.74890 1.32852 0.46105
vt 0.25000 0.10643
vn 0.6959 0.6470 0.3116
v 0.79268 1.23752 0.48651
vt 0.18750 0.02843
vn 0.8183 0.3050 0.4872
v 0.74890 1.32852 0.46105
vt 0.25000 0.10643
vn 0.6959 0.6470 0.3116
v 0.74890 1.27838 0.52080
vt 0.25000 0.02843
vn 0.6959 0.4192 0.5830
v 0.74890 1.27838 0.52080
vt 0.25000 0.02843
vn 0.6959 0.4192 0.5830
v 0.74890 1.32852 0.46105
vt 0.25000 0.10643
vn 0.6959 0.6470 0.3116
v 0.69556 1.36205 0.48919
vt 0.31250 0.10643
vn 0.5468 0.7407 0.3903
v 0.74890 1.27838 0.52080
vt 0.25000 0.02843
vn 0.6959 0.4192 0.5830
v 0.69556 1.36205 0.48919
vt 0.31250 0.10643
vn 0.5468 0.7407 0.3903
v 0.69556 1.31192 0.54894
vt 0.31250 0.02843
vn 0.5468 0.5130 0.6617
v 0.69556 1.31192 0.54894
vt 0.31250 0.02843
vn 0.5468 0.5130 0.6617
v 0.69556 1.36205 0.48919
vt 0.31250 0.10643
vn 0.5468 0.7407 0.3903
v 0.63470 1.38697 0.51009
vt 0.37500 0.10643
vn 0.3766 0.8104 0.4488
v 0.69556 1.31192 0.54894
vt 0.31250 0.02843
vn 0.5468 0.5130 0.6617
v 0.63470 1.38697 0.51009
vt 0.37500 0.10643
vn 0.3766 0.8104 0.4488
v 0.63470 1.33684 0.56985
vt 0.37500 0.02843
vn 0.3766 0.5827 0.7202
v 0.63470 1.33684 0.56985
vt 0.37500 0.02843
vn 0.3766 0.5827 0.7202
v 0.63470 1.38697 0.51009
vt 0.37500 0.10643
vn 0.3766 0.8104 0.4488
v 0.56867 1.40232 0.52297
vt 0.43750 0.10643
vn 0.1920 0.8533 0.4848
v 0.63470 1.33684 0.56985
vt 0.37500 0.02843
vn 0.3766 0.5827 0.7202
v 0.56867 1.40232 0.52297
vt 0.43750 0.10643
vn 0.1920 0.8533 0.4848
v 0.56867 1.35218 0.58272
vt 0.43750 0.02843
vn 0.1920 0.6256 0.7562
v 0.56867 1.35218 0.58272
vt 0.43750 0.02843
vn 0.1920 0.6256 0.7562
v 0.56867 1.40232 0.52297
vt 0.43750 0.10643
vn 0.1920 0.8533 0.4848
v 0.50000 1.40750 0.52732
vt 0.50000 0.10643
vn 0.0000 0.8678 0.4969
v 0.56867 1.35218 0.58272
vt 0.43750 0.02843
vn 0.1920 0.6256 0.7562
v 0.50000 1.40750 0.52732
vt 0.50000 0.10643
vn 0.0000 0.8678 0.4969
v 0.50000 1.35736 0.58707
vt 0.50000 0.02843
vn 0.0000 0.6401 0.7683
v 0.50000 1.35736 0.58707
vt 0.50000 0.02843
vn 0.0000 0.6401 0.7683
v 0.50000 1.40750 0.52732
vt 0.50000 0.10643
vn 0.0000 0.8678 0.4969
v 0.43133 1.40232 0.52297
vt 0.56250 0.10643
vn -0.1920 0.8533 0.4848
v 0.50000 1.35736 0.58707
vt 0.50000 0.02843
vn 0.0000 0.6401 0.7683
v 0.43133 1.40232 0.52297
vt 0.56250 0.10643
vn -0.1920 0.8533 0.4848
v 0.43133 1.35218 0.58272
vt 0.56250 0.02843
vn -0.1920 0.6256 0.7562
v 0.43133 1.35218 0.58272
vt 0.56250 0.02843
vn -0.1920 0.6256 0.7562
v 0.43133 1.40232 0.52297
vt 0.56250 0.10643
vn -0.1920 0.8533 0.4848
v 0.36530 1.38697 0.51009
vt 0.62500 0.10643
vn -0.3766 0.8104 0.4488
v 0.43133 1.35218 0.58272
vt 0.56250 0.02843
vn -0.1920 0.6256 0.7562
v 0.36530 1.38697 0.51009
vt 0.62500 0.10643
vn -0.3766 0.8104 0.4488
v 0.36530 1.33684 0.56985
vt 0.62500 0.02843
vn -0.3766 0.5827 0.7202
v 0.36530 1.33684 0.56985
vt 0.62500 0.02843
vn -0.3766 0.5827 0.7202
v 0.36530 1.38697 0.51009
vt 0.62500 0.10643
vn -0.3766 0.8104 0.4488
v 0.30444 1.36205 0.48919
vt 0.68750 0.10643
vn -0.5468 0.7407 0.3903
v 0.36530 1.33684 0.56985
vt 0.62500 0.02843
vn -0.3766 0.5827 0.7202
v 0.30444 1.36205 0.48919
vt 0.68750 0.10643
vn -0.5468 0.7407 0.3903
v 0.30444 1.31192 0.54894
vt 0.68750 0.02843
vn -0.5468 0.5130 0.6617
v 0.30444 1.31192 0.54894
vt 0.68750 0.02843
vn -0.5468 0.5130 0.6617
v 0.30444 1.36205 0.48919
vt 0.68750 0.10643
vn -0.5468 0.7407 0.3903
v 0.25110 1.32852 0.46105
vt 0.75000 0.10643
vn -0.6959 0.6470 0.3116
v 0.30444 1.31192 0.54894
vt 0.68750 0.02843
vn -0.5468 0.5130 0.6617
v 0.25110 1.32852 0.46105
vt 0.75000 0.10643
vn -0.6959 0.6470 0.3116
v 0.25110 1.27838 0.52080
vt 0.75000 0.02843
vn -0.6959 0.4192 0.5830
v 0.25110 1.27838 0.52080
vt 0.75000 0.02843
vn -0.6959 0.4192 0.5830
v 0.25110 1.32852 0.46105
vt 0.75000 0.10643
vn -0.6959 0.6470 0.3116
v 0.20732 1.28766 0.42676
vt 0.81250 0.10643
vn -0.8183 0.5327 0.2158
v 0.25110 1.27838 0.52080
vt 0.75000 0.02843
vn -0.6959 0.4192 0.5830
v 0.20732 1.28766 0.42676
vt 0.81250 0.10643
vn -0.8183 0.5327 0.2158
v 0.20732 1.23752 0.48651
vt 0.81250 0.02843
vn -0.8183 0.3050 0.4872
v 0.20732 1.23752 0.48651
vt 0.81250 0.02843
vn -0.8183 0.3050 0.4872
v 0.20732 1.28766 0.42676
vt 0.81250 0.10643
vn -0.8183 0.5327 0.2158
v 0.17479 1.24104 0.38764
vt 0.87500 0.10643
vn -0.9093 0.4024 0.1064
v 0.20732 1.23752 0.48651
vt 0.81250 0.02843
vn -0.8183 0.3050 0.4872
v 0.17479 1.24104 0.38764
vt 0.87500 0.10643
vn -0.9093 0.4024 0.1064
v 0.17479 1.19090 0.44739
vt 0.87500 0.02843
vn -0.9093 0.1746 0.3778
v 0.17479 1.19090 0.44739
vt 0.87500 0.02843
vn -0.9093 0.1746 0.3778
v 0.17479 1.24104 0.38764
vt 0.87500 0.10643
vn -0.9093 0.4024 0.1064
v 0.15476 1.19046 0.34520
vt 0.93750 0.10643
vn -0.9653 0.2610 -0.0123
v 0.17479 1.19090 0.44739
vt 0.87500 0.02843
vn -0.9093 0.1746 0.3778
v 0.15476 1.19046 0.34520
vt 0.93750 0.10643
vn -0.9653 0.2610 -0.0123
v 0.15476 1.14032 0.40495
vt 0.93750 0.02843
vn -0.9653 0.0332 0.2591
v 0.15476 1.14032 0.40495
vt 0.93750 0.02843
vn -0.9653 0.0332 0.2591
v 0.15476 1.19046 0.34520
vt 0.93750 0.10643
vn -0.9653 0.2610 -0.0123
v 0.14800 1.13785 0.30106
vt 1.00000 0.10643
vn -0.9842 0.1139 -0.1357
v 0.15476 1.14032 0.40495
vt 0.93750 0.02843
vn -0.9653 0.0332 0.2591
v 0.14800 1.13785 0.30106
vt 1.00000 0.10643
vn -0.9842 0.1139 -0.1357
v 0.14800 1.08771 0.36081
vt 1.00000 0.02843
vn -0.9842 -0.1139 0.1357
v 0.14800 1.08771 0.36081
vt 0.00000 0.02843
vn -0.9842 -0.1139 0.1357
v 0.14800 1.13785 0.30106
vt 0.00000 0.10643
vn -0.9842 0.1139 -0.1357
v 0.15476 1.08525 0.25691
vt 0.06250 0.10643
vn -0.9653 -0.0332 -0.2591
v 0.14800 1.08771 0.36081
vt 0.00000 0.02843
vn -0.9842 -0.1139 0.1357
v 0.15476 1.08525 0.25691
vt 0.06250 0.10643
vn -0.9653 -0.0332 -0.2591
v 0.15476 1.03511 0.31667
vt 0.06250 0.02843
vn -0.9653 -0.2610 0.0123
v 0.15476 1.03511 0.31667
vt 0.06250 0.02843
vn -0.9653 -0.2610 0.0123
v 0.15476 1.08525 0.25691
vt 0.06250 0.10643
vn -0.9653 -0.0332 -0.2591
v 0.17479 1.03466 0.21447
vt 0.12500 0.10643
vn -0.9093 -0.1746 -0.3778
v 0.15476 1.03511 0.31667
vt 0.06250 0.02843
vn -0.9653 -0.2610 0.0123
v 0.17479 1.03466 0.21447
vt 0.12500 0.10643
vn -0.9093 -0.1746 -0.3778
v 0.17479 0.98452 0.27422
vt 0.12500 0.02843
vn -0.9093 -0.4024 -0.1064
v 0.17479 0.98452 0.27422
vt 0.12500 0.02843
vn -0.9093 -0.4024 -0.1064
v 0.17479 1.03466 0.21447
vt 0.12500 0.10643
vn -0.9093 -0.1746 -0.3778
v 0.20732 0.98804 0.17535
vt 0.18750 0.10643
vn -0.8183 -0.3050 -0.4872
v 0.17479 0.98452 0.27422
vt 0.12500 0.02843
vn -0.9093 -0.4024 -0.1064
v 0.20732 0.98804 0.17535
vt 0.18750 0.10643
vn -0.8183 -0.3050 -0.4872
v 0.20732 0.93791 0.23510
vt 0.18750 0.02843
vn -0.8183 -0.5327 -0.2158
v 0.20732 0.93791 0.23510
vt 0.18750 0.02843
vn -0.8183 -0.5327 -0.2158
v 0.20732 0.98804 0.17535
vt 0.18750 0.10643
vn -0.8183 -0.3050 -0.4872
v 0.25110 0.94718 0.14107
vt 0.25000 0.10643
vn -0.6959 -0.4192 -0.5830
v 0.20732 0.93791 0.23510
vt 0.18750 0.02843
vn -0.8183 -0.5327 -0.2158
v 0.25110 0.94718 0.14107
vt 0.25000 0.10643
vn -0.6959 -0.4192 -0.5830
v 0.25110 0.89704 0.20082
vt 0.25000 0.02843
vn -0.6959 -0.6470 -0.3116
v 0.25110 0.89704 0.20082
vt 0.25000 0.02843
vn -0.6959 -0.6470 -0.3116
v 0.25110 0.94718 0.14107
vt 0.25000 0.10643
vn -0.6959 -0.4192 -0.5830
v 0.30444 0.91365 0.11293
vt 0.31250 0.10643
vn -0.5468 -0.5130 -0.6617
v 0.25110 0.89704 0.20082
vt 0.25000 0.02843
vn -0.6959 -0.6470 -0.3116
v 0.30444 0.91365 0.11293
vt 0.31250 0.10643
vn -0.5468 -0.5130 -0.6617
v 0.30444 0.86351 0.17268
vt 0.31250 0.02843
vn -0.5468 -0.7407 -0.3903
v 0.30444 0.86351 0.17268
vt 0.31250 0.02843
vn -0.5468 -0.7407 -0.3903
v 0.30444 0.91365 0.11293
vt 0.31250 0.10643
vn -0.5468 -0.5130 -0.6617
v 0.36530 0.88873 0.09202
vt 0.37500 0.10643
vn -0.3766 -0.5827 -0.7202
v 0.30444 0.86351 0.17268
vt 0.31250 0.02843
vn -0.5468 -0.7407 -0.3903
v 0.36530 0.88873 0.09202
vt 0.37500 0.10643
vn -0.3766 -0.5827 -0.7202
v 0.36530 0.83859 0.15177
vt 0.37500 0.02843
vn -0.3766 -0.8104 -0.4488
v 0.36530 0.83859 0.15177
vt 0.37500 0.02843
vn -0.3766 -0.8104 -0.4488
v 0.36530 0.88873 0.09202
vt 0.37500 0.10643
vn -0.3766 -0.5827 -0.7202
v 0.43133 0.87338 0.07914
vt 0.43750 0.10643
vn -0.1920 -0.6256 -0.7562
v 0.36530 0.83859 0.15177
vt 0.37500 0.02843
vn -0.3766 -0.8104 -0.4488
v 0.43133 0.87338 0.07914
vt 0.43750 0.10643
vn -0.1920 -0.6256 -0.7562
v 0.43133 0.82325 0.13889
vt 0.43750 0.02843
vn -0.1920 -0.8533 -0.4848
v 0.43133 0.82325 0.13889
vt 0.43750 0.02843
vn -0.1920 -0.8533 -0.4848
v 0.43133 0.87338 0.07914
vt 0.43750 0.10643
vn -0.1920 -0.6256 -0.7562
v 0.50000 0.86820 0.07479
vt 0.50000 0.10643
vn -0.0000 -0.6401 -0.7683
v 0.43133 0.82325 0.13889
vt 0.43750 0.02843
vn -0.1920 -0.8533 -0.4848
v 0.50000 0.86820 0.07479
vt 0.50000 0.10643
vn -0.0000 -0.6401 -0.7683
v 0.50000 0.81807 0.13455
vt 0.50000 0.02843
vn -0.0000 -0.8678 -0.4969
v 0.50000 0.81807 0.13455
vt 0.50000 0.02843
vn -0.0000 -0.8678 -0.4969
v 0.50000 0.86820 0.07479
vt 0.50000 0.10643
vn -0.0000 -0.6401 -0.7683
v 0.56867 0.87338 0.07914
vt 0.56250 0.10643
vn 0.1920 -0.6256 -0.7562
v 0.50000 0.81807 0.13455
vt 0.50000 0.02843
vn -0.0000 -0.8678 -0.4969
v 0.56867 0.87338 0.07914
vt 0.56250 0.10643
vn 0.1920 -0.6256 -0.7562
v 0.56867 0.82325 0.13889
vt 0.56250 0.02843
vn 0.1920 -0.8533 -0.4848
v 0.56867 0.82325 0.13889
vt 0.56250 0.02843
vn 0.1920 -0.8533 -0.4848
v 0.56867 0.87338 0.07914
vt 0.56250 0.10643
vn 0.1920 -0.6256 -0.7562
v 0.63470 0.88873 0.09202
vt 0.62500 0.10643
vn 0.3766 -0.5827 -0.7202
v 0.56867 0.82325 0.13889
vt 0.56250 0.02843
vn 0.1920 -0.8533 -0.4848
v 0.63470 0.88873 0.09202
vt 0.62500 0.10643
vn 0.3766 -0.5827 -0.7202
v 0.63470 0.83859 0.15177
vt 0.62500 0.02843
vn 0.3766 -0.8104 -0.4488
v 0.63470 0.83859 0.15177
vt 0.62500 0.02843
vn 0.3766 -0.8104 -0.4488
v 0.63470 0.88873 0.09202
vt 0.62500 0.10643
vn 0.3766 -0.5827 -0.7202
v 0.69556 0.91365 0.11293
vt 0.68750 0.10643
vn 0.5468 -0.5130 -0.6617
v 0.63470 0.83859 0.15177
vt 0.62500 0.02843
vn 0.3766 -0.8104 -0.4488
v 0.69556 0.91365 0.11293
vt 0.68750 0.10643
vn 0.5468 -0.5130 -0.6617
v 0.69556 0.86351 0.17268
vt 0.68750 0.02843
vn 0.5468 -0.7407 -0.3903
v 0.69556 0.86351 0.17268
vt 0.68750 0.02843
vn 0.5468 -0.7407 -0.3903
v 0.69556 0.91365 0.11293
vt 0.68750 0.10643
vn 0.5468 -0.5130 -0.6617
v 0.74890 0.94718 0.14107
vt 0.75000 0.10643
vn 0.6959 -0.4192 -0.5830
v 0.69556 0.86351 0.17268
vt 0.68750 0.02843
vn 0.5468 -0.7407 -0.3903
v 0.74890 0.94718 0.14107
vt 0.75000 0.10643
vn 0.6959 -0.4192 -0.5830
v 0.74890 0.89704 0.20082
vt 0.75000 0.02843
vn 0.6959 -0.6470 -0.3116
v 0.74890 0.89704 0.20082
vt 0.75000 0.02843
vn 0.6959 -0.6470 -0.3116
v 0.74890 0.94718 0.14107
vt 0.75000 0.10643
vn 0.6959 -0.4192 -0.5830
v 0.79268 0.98804 0.17535
vt 0.81250 0.10643
vn 0.8183 -0.3050 -0.4872
v 0.74890 0.89704 0.20082
vt 0.75000 0.02843
vn 0.6959 -0.6470 -0.3116
v 0.79268 0.98804 0.17535
vt 0.81250 0.10643
vn 0.8183 -0.3050 -0.4872
v 0.79268 0.93791 0.23510
vt 0.81250 0.02843
vn 0.8183 -0.5327 -0.2158
v 0.79268 0.93791 0.23510
vt 0.81250 0.02843
vn 0.8183 -0.5327 -0.2158
v 0.79268 0.98804 0.17535
vt 0.81250 0.10643
vn 0.8183 -0.3050 -0.4872
v 0.82521 1.03466 0.21447
vt 0.87500 0.10643
vn 0.9093 -0.1746 -0.3778
v 0.79268 0.93791 0.23510
vt 0.81250 0.02843
vn 0.8183 -0.5327 -0.2158
v 0.82521 1.03466 0.21447
vt 0.87500 0.10643
vn 0.9093 -0.1746 -0.3778
v 0.82521 0.98452 0.27422
vt 0.87500 0.02843
vn 0.9093 -0.4024 -0.1064
v 0.82521 0.98452 0.27422
vt 0.87500 0.02843
vn 0.9093 -0.4024 -0.1064
v 0.82521 1.03466 0.21447
vt 0.87500 0.10643
vn 0.9093 -0.1746 -0.3778
v 0.84524 1.08525 0.25691
vt 0.93750 0.10643
vn 0.9653 -0.0332 -0.2591
v 0.82521 0.98452 0.27422
vt 0.87500 0.02843
vn 0.9093 -0.4024 -0.1064
v 0.84524 1.08525 0.25691
vt 0.93750 0.10643
vn 0.9653 -0.0332 -0.2591
v 0.84524 1.03511 0.31667
vt 0.93750 0.02843
vn 0.9653 -0.2610 0.0123
v 0.84524 1.03511 0.31667
vt 0.93750 0.02843
vn 0.9653 -0.2610 0.0123
v 0.84524 1.08525 0.25691
vt 0.93750 0.10643
vn 0.9653 -0.0332 -0.2591
v 0.85200 1.13785 0.30106
vt 1.00000 0.10643
vn 0.9842 0.1139 -0.1357
v 0.84524 1.03511 0.31667
vt 0.93750 0.02843
vn 0.9653 -0.2610 0.0123
v 0.85200 1.13785 0.30106
vt 1.00000 0.10643
vn 0.9842 0.1139 -0.1357
v 0.85200 1.08771 0.36081
vt 1.00000 0.02843
vn 0.9842 -0.1139 0.1357
v 0.85200 1.13785 0.30106
vt 0.00000 0.10643
vn 0.9842 0.1139 -0.1357
v 0.83400 1.15199 0.28420
vt 0.00000 0.13485
vn 0.7740 0.4070 -0.4851
v 0.82758 1.20191 0.32609
vt 0.06250 0.13485
vn 0.7591 0.5227 -0.3880
v 0.85200 1.13785 0.30106
vt 0.00000 0.10643
vn 0.9842 0.1139 -0.1357
v 0.82758 1.20191 0.32609
vt 0.06250 0.13485
vn 0.7591 0.5227 -0.3880
v 0.84524 1.19046 0.34520
vt 0.06250 0.10643
vn 0.9653 0.2610 -0.0123
v 0.84524 1.19046 0.34520
vt 0.06250 0.10643
vn 0.9653 0.2610 -0.0123
v 0.82758 1.20191 0.32609
vt 0.06250 0.13485
vn 0.7591 0.5227 -0.3880
v 0.80858 1.24991 0.36636
vt 0.12500 0.13485
vn 0.7150 0.6339 -0.2947
v 0.84524 1.19046 0.34520
vt 0.06250 0.10643
vn 0.9653 0.2610 -0.0123
v 0.80858 1.24991 0.36636
vt 0.12500 0.13485
vn 0.7150 0.6339 -0.2947
v 0.82521 1.24104 0.38764
vt 0.12500 0.10643
vn 0.9093 0.4024 0.1064
v 0.82521 1.24104 0.38764
vt 0.12500 0.10643
vn 0.9093 0.4024 0.1064
v 0.80858 1.24991 0.36636
vt 0.12500 0.13485
vn 0.7150 0.6339 -0.2947
v 0.77771 1.29414 0.40348
vt 0.18750 0.13485
vn 0.6435 0.7364 -0.2087
v 0.82521 1.24104 0.38764
vt 0.12500 0.10643
vn 0.9093 0.4024 0.1064
v 0.77771 1.29414 0.40348
vt 0.18750 0.13485
vn 0.6435 0.7364 -0.2087
v 0.79268 1.28766 0.42676
vt 0.18750 0.10643
vn 0.8183 0.5327 0.2158
v 0.79268 1.28766 0.42676
vt 0.18750 0.10643
vn 0.8183 0.5327 0.2158
v 0.77771 1.29414 0.40348
vt 0.18750 0.13485
vn 0.6435 0.7364 -0.2087
v 0.73617 1.33291 0.43601
vt 0.25000 0.13485
vn 0.5473 0.8263 -0.1333
v 0.79268 1.28766 0.42676
vt 0.18750 0.10643
vn 0.8183 0.5327 0.2158
v 0.73617 1.33291 0.43601
vt 0.25000 0.13485
vn 0.5473 0.8263 -0.1333
v 0.74890 1.32852 0.46105
vt 0.25000 0.10643
vn 0.6959 0.6470 0.3116
v 0.74890 1.32852 0.46105
vt 0.25000 0.10643
vn 0.6959 0.6470 0.3116
v 0.73617 1.33291 0.43601
vt 0.25000 0.13485
vn 0.5473 0.8263 -0.1333
v 0.68556 1.36473 0.46271
vt 0.31250 0.13485
vn 0.4300 0.9000 -0.0714
v 0.74890 1.32852 0.46105
vt 0.25000 0.10643
vn 0.6959 0.6470 0.3116
v 0.68556 1.36473 0.46271
vt 0.31250 0.13485
vn 0.4300 0.9000 -0.0714
v 0.69556 1.36205 0.48919
vt 0.31250 0.10643
vn 0.5468 0.7407 0.3903
v 0.69556 1.36205 0.48919
vt 0.31250 0.10643
vn 0.5468 0.7407 0.3903
v 0.68556 1.36473 0.46271
vt 0.31250 0.13485
vn 0.4300 0.9000 -0.0714
v 0.62782 1.38837 0.48255
vt 0.37500 0.13485
vn 0.2962 0.9548 -0.0255
v 0.69556 1.36205 0.48919
vt 0.31250 0.10643
vn 0.5468 0.7407 0.3903
v 0.62782 1.38837 0.48255
vt 0.37500 0.13485
vn 0.2962 0.9548 -0.0255
v 0.63470 1.38697 0.51009
vt 0.37500 0.10643
vn 0.3766 0.8104 0.4488
v 0.63470 1.38697 0.51009
vt 0.37500 0.10643
vn 0.3766 0.8104 0.4488
v 0.62782 1.38837 0.48255
vt 0.37500 0.13485
vn 0.2962 0.9548 -0.0255
v 0.56516 1.40293 0.49477
vt 0.43750 0.13485
vn 0.1510 0.9885 0.0028
v 0.63470 1.38697 0.51009
vt 0.37500 0.10643
vn 0.3766 0.8104 0.4488
v 0.56516 1.40293 0.49477
vt 0.43750 0.13485
vn 0.1510 0.9885 0.0028
v 0.56867 1.40232 0.52297
vt 0.43750 0.10643
vn 0.1920 0.8533 0.4848
v 0.56867 1.40232 0.52297
vt 0.43750 0.10643
vn 0.1920 0.8533 0.4848
v 0.56516 1.40293 0.49477
vt 0.43750 0.13485
vn 0.1510 0.9885 0.0028
v 0.50000 1.40785 0.49889
vt 0.50000 0.13485
vn 0.0000 0.9999 0.0124
v 0.56867 1.40232 0.52297
vt 0.43750 0.10643
vn 0.1920 0.8533 0.4848
v 0.50000 1.40785 0.49889
vt 0.50000 0.13485
vn 0.0000 0.9999 0.0124
v 0.50000 1.40750 0.52732
vt 0.50000 0.10643
vn 0.0000 0.8678 0.4969
v 0.50000 1.40750 0.52732
vt 0.50000 0.10643
vn 0.0000 0.8678 0.4969
v 0.50000 1.40785 0.49889
vt 0.50000 0.13485
vn 0.0000 0.9999 0.0124
v 0.43484 1.40293 0.49477
vt 0.56250 0.13485
vn -0.1510 0.9885 0.0028
v 0.50000 1.40750 0.52732
vt 0.50000 0.10643
vn 0.0000 0.8678 0.4969
v 0.43484 1.40293 0.49477
vt 0.56250 0.13485
vn -0.1510 0.9885 0.0028
v 0.43133 1.40232 0.52297
vt 0.56250 0.10643
vn -0.1920 0.8533 0.4848
v 0.43133 1.40232 0.52297
vt 0.56250 0.10643
vn -0.1920 0.8533 0.4848
v 0.43484 1.40293 0.49477
vt 0.56250 0.13485
vn -0.1510 0.9885 0.0028
v 0.37218 1.38837 0.48255
vt 0.62500 0.13485
vn -0.2962 0.9548 -0.0255
v 0.43133 1.40232 0.52297
vt 0.56250 0.10643
vn -0.1920 0.8533 0.4848
v 0.37218 1.38837 0.48255
vt 0.62500 0.13485
vn -0.2962 0.9548 -0.0255
v 0.36530 1.38697 0.51009
vt 0.62500 0.10643
vn -0.3766 0.8104 0.4488
v 0.36530 1.38697 0.51009
vt 0.62500 0.10643
vn -0.3766 0.8104 0.4488
v 0.37218 1.38837 0.48255
vt 0.62500 0.13485
vn -0.2962 0.9548 -0.0255
v 0.31444 1.36473 0.46271
vt 0.68750 0.13485
vn -0.4300 0.9000 -0.0714
v 0.36530 1.38697 0.51009
vt 0.62500 0.10643
vn -0.3766 0.8104 0.4488
v 0.31444 1.36473 0.46271
vt 0.68750 0.13485
vn -0.4300 0.9000 -0.0714
v 0.30444 1.36205 0.48919
vt 0.68750 0.10643
vn -0.5468 0.7407 0.3903
v 0.30444 1.36205 0.48919
vt 0.68750 0.10643
vn -0.5468 0.7407 0.3903
v 0.31444 1.36473 0.46271
vt 0.68750 0.13485
vn -0.4300 0.9000 -0.0714
v 0.26383 1.33291 0.43601
vt 0.75000 0.13485
vn -0.5473 0.8263 -0.1333
v 0.30444 1.36205 0.48919
vt 0.68750 0.10643
vn -0.5468 0.7407 0.3903
v 0.26383 1.33291 0.43601
vt 0.75000 0.13485
vn -0.5473 0.8263 -0.1333
v 0.25110 1.32852 0.46105
vt 0.75000 0.10643
vn -0.6959 0.6470 0.3116
v 0.25110 1.32852 0.46105
vt 0.75000 0.10643
vn -0.6959 0.6470 0.3116
v 0.26383 1.33291 0.43601
vt 0.75000 0.13485
vn -0.5473 0.8263 -0.1333
v 0.22229 1.29414 0.40348
vt 0.81250 0.13485
vn -0.6435 0.7364 -0.2087
v 0.25110 1.32852 0.46105
vt 0.75000 0.10643
vn -0.6959 0.6470 0.3116
v 0.22229 1.29414 0.40348
vt 0.81250 0.13485
vn -0.6435 0.7364 -0.2087
v 0.20732 1.28766 0.42676
vt 0.81250 0.10643
vn -0.8183 0.5327 0.2158
v 0.20732 1.28766 0.42676
vt 0.81250 0.10643
vn -0.8183 0.5327 0.2158
v 0.22229 1.29414 0.40348
vt 0.81250 0.13485
vn -0.6435 0.7364 -0.2087
v 0.19142 1.24991 0.36636
vt 0.87500 0.13485
vn -0.7150 0.6339 -0.2947
v 0.20732 1.28766 0.42676
vt 0.81250 0.10643
vn -0.8183 0.5327 0.2158
v 0.19142 1.24991 0.36636
vt 0.87500 0.13485
vn -0.7150 0.6339 -0.2947
v 0.17479 1.24104 0.38764
vt 0.87500 0.10643
vn -0.9093 0.4024 0.1064
v 0.17479 1.24104 0.38764
vt 0.87500 0.10643
vn -0.9093 0.4024 0.1064
v 0.19142 1.24991 0.36636
vt 0.87500 0.13485
vn -0.7150 0.6339 -0.2947
v 0.17242 1.20191 0.32609
vt 0.93750 0.13485
vn -0.7591 0.5227 -0.3880
v 0.17479 1.24104 0.38764
vt 0.87500 0.10643
vn -0.9093 0.4024 0.1064
v 0.17242 1.20191 0.32609
vt 0.93750 0.13485
vn -0.7591 0.5227 -0.3880
v 0.15476 1.19046 0.34520
vt 0.93750 0.10643
vn -0.9653 0.2610 -0.0123
v 0.15476 1.19046 0.34520
vt 0.93750 0.10643
vn -0.9653 0.2610 -0.0123
v 0.17242 1.20191 0.32609
vt 0.93750 0.13485
vn -0.7591 0.5227 -0.3880
v 0.16600 1.15199 0.28420
vt 1.00000 0.13485
vn -0.7740 0.4070 -0.4851
v 0.15476 1.19046 0.34520
vt 0.93750 0.10643
vn -0.9653 0.2610 -0.0123
v 0.16600 1.15199 0.28420
vt 1.00000 0.13485
vn -0.7740 0.4070 -0.4851
v 0.14800 1.13785 0.30106
vt 1.00000 0.10643
vn -0.9842 0.1139 -0.1357
v 0.14800 1.13785 0.30106
vt 0.00000 0.10643
vn -0.9842 0.1139 -0.1357
v 0.16600 1.15199 0.28420
vt 0.00000 0.13485
vn -0.7740 0.4070 -0.4851
v 0.17242 1.10208 0.24232
vt 0.06250 0.13485
vn -0.7591 0.2914 -0.5821
v 0.14800 1.13785 0.30106
vt 0.00000 0.10643
vn -0.9842 0.1139 -0.1357
v 0.17242 1.10208 0.24232
vt 0.06250 0.13485
vn -0.7591 0.2914 -0.5821
v 0.15476 1.08525 0.25691
vt 0.06250 0.10643
vn -0.9653 -0.0332 -0.2591
v 0.15476 1.08525 0.25691
vt 0.06250 0.10643
vn -0.9653 -0.0332 -0.2591
v 0.17242 1.10208 0.24232
vt 0.06250 0.13485
vn -0.7591 0.2914 -0.5821
v 0.19142 1.05408 0.20204
vt 0.12500 0.13485
vn -0.7150 0.1801 -0.6755
v 0.15476 1.08525 0.25691
vt 0.06250 0.10643
vn -0.9653 -0.0332 -0.2591
v 0.19142 1.05408 0.20204
vt 0.12500 0.13485
vn -0.7150 0.1801 -0.6755
v 0.17479 1.03466 0.21447
vt 0.12500 0.10643
vn -0.9093 -0.1746 -0.3778
v 0.17479 1.03466 0.21447
vt 0.12500 0.10643
vn -0.9093 -0.1746 -0.3778
v 0.19142 1.05408 0.20204
vt 0.12500 0.13485
vn -0.7150 0.1801 -0.6755
v 0.22229 1.00984 0.16493
vt 0.18750 0.13485
vn -0.6435 0.0776 -0.7615
v 0.17479 1.03466 0.21447
vt 0.12500 0.10643
vn -0.9093 -0.1746 -0.3778
v 0.22229 1.00984 0.16493
vt 0.18750 0.13485
vn -0.6435 0.0776 -0.7615
v 0.20732 0.98804 0.17535
vt 0.18750 0.10643
vn -0.8183 -0.3050 -0.4872
v 0.20732 0.98804 0.17535
vt 0.18750 0.10643
vn -0.8183 -0.3050 -0.4872
v 0.22229 1.00984 0.16493
vt 0.18750 0.13485
vn -0.6435 0.0776 -0.7615
v 0.26383 0.97107 0.13239
vt 0.25000 0.13485
vn -0.5473 -0.0122 -0.8369
v 0.20732 0.98804 0.17535
vt 0.18750 0.10643
vn -0.8183 -0.3050 -0.4872
v 0.26383 0.97107 0.13239
vt 0.25000 0.13485
vn -0.5473 -0.0122 -0.8369
v 0.25110 0.94718 0.14107
vt 0.25000 0.10643
vn -0.6959 -0.4192 -0.5830
v 0.25110 0.94718 0.14107
vt 0.25000 0.10643
vn -0.6959 -0.4192 -0.5830
v 0.26383 0.97107 0.13239
vt 0.25000 0.13485
vn -0.5473 -0.0122 -0.8369
v 0.31444 0.93925 0.10569
vt 0.31250 0.13485
vn -0.4300 -0.0859 -0.8987
v 0.25110 0.94718 0.14107
vt 0.25000 0.10643
vn -0.6959 -0.4192 -0.5830
v 0.31444 0.93925 0.10569
vt 0.31250 0.13485
vn -0.4300 -0.0859 -0.8987
v 0.30444 0.91365 0.11293
vt 0.31250 0.10643
vn -0.5468 -0.5130 -0.6617
v 0.30444 0.91365 0.11293
vt 0.31250 0.10643
vn -0.5468 -0.5130 -0.6617
v 0.31444 0.93925 0.10569
vt 0.31250 0.13485
vn -0.4300 -0.0859 -0.8987
v 0.37218 0.91561 0.08585
vt 0.37500 0.13485
vn -0.2962 -0.1407 -0.9447
v 0.30444 0.91365 0.11293
vt 0.31250 0.10643
vn -0.5468 -0.5130 -0.6617
v 0.37218 0.91561 0.08585
vt 0.37500 0.13485
vn -0.2962 -0.1407 -0.9447
v 0.36530 0.88873 0.09202
vt 0.37500 0.10643
vn -0.3766 -0.5827 -0.7202
v 0.36530 0.88873 0.09202
vt 0.37500 0.10643
vn -0.3766 -0.5827 -0.7202
v 0.37218 0.91561 0.08585
vt 0.37500 0.13485
vn -0.2962 -0.1407 -0.9447
v 0.43484 0.90105 0.07364
vt 0.43750 0.13485
vn -0.1510 -0.1745 -0.9730
v 0.36530 0.88873 0.09202
vt 0.37500 0.10643
vn -0.3766 -0.5827 -0.7202
v 0.43484 0.90105 0.07364
vt 0.43750 0.13485
vn -0.1510 -0.1745 -0.9730
v 0.43133 0.87338 0.07914
vt 0.43750 0.10643
vn -0.1920 -0.6256 -0.7562
v 0.43133 0.87338 0.07914
vt 0.43750 0.10643
vn -0.1920 -0.6256 -0.7562
v 0.43484 0.90105 0.07364
vt 0.43750 0.13485
vn -0.1510 -0.1745 -0.9730
v 0.50000 0.89613 0.06951
vt 0.50000 0.13485
vn -0.0000 -0.1858 -0.9826
v 0.43133 0.87338 0.07914
vt 0.43750 0.10643
vn -0.1920 -0.6256 -0.7562
v 0.50000 0.89613 0.06951
vt 0.50000 0.13485
vn -0.0000 -0.1858 -0.9826
v 0.50000 0.86820 0.07479
vt 0.50000 0.10643
vn -0.0000 -0.6401 -0.7683
v 0.50000 0.86820 0.07479
vt 0.50000 0.10643
vn -0.0000 -0.6401 -0.7683
v 0.50000 0.89613 0.06951
vt 0.50000 0.13485
vn -0.0000 -0.1858 -0.9826
v 0.56516 0.90105 0.07364
vt 0.56250 0.13485
vn 0.1510 -0.1745 -0.9730
v 0.50000 0.86820 0.07479
vt 0.50000 0.10643
vn -0.0000 -0.6401 -0.7683
v 0.56516 0.90105 0.07364
vt 0.56250 0.13485
vn 0.1510 -0.1745 -0.9730
v 0.56867 0.87338 0.07914
vt 0.56250 0.10643
vn 0.1920 -0.6256 -0.7562
v 0.56867 0.87338 0.07914
vt 0.56250 0.10643
vn 0.1920 -0.6256 -0.7562
v 0.56516 0.90105 0.07364
vt 0.56250 0.13485
vn 0.1510 -0.1745 -0.9730
v 0.62782 0.91561 0.08585
vt 0.62500 0.13485
vn 0.2962 -0.1407 -0.9447
v 0.56867 0.87338 0.07914
vt 0.56250 0.10643
vn 0.1920 -0.6256 -0.7562
v 0.62782 0.91561 0.08585
vt 0.62500 0.13485
vn 0.2962 -0.1407 -0.9447
v 0.63470 0.88873 0.09202
vt 0.62500 0.10643
vn 0.3766 -0.5827 -0.7202
v 0.63470 0.88873 0.09202
vt 0.62500 0.10643
vn 0.3766 -0.5827 -0.7202
v 0.62782 0.91561 0.08585
vt 0.62500 0.13485
vn 0.2962 -0.1407 -0.9447
v 0.68556 0.93925 0.10569
vt 0.68750 0.13485
vn 0.4300 -0.0859 -0.8987
v 0.63470 0.88873 0.09202
vt 0.62500 0.10643
vn 0.3766 -0.5827 -0.7202
v 0.68556 0.93925 0.10569
vt 0.68750 0.13485
vn 0.4300 -0.0859 -0.8987
v 0.69556 0.91365 0.11293
vt 0.68750 0.10643
vn 0.5468 -0.5130 -0.6617
v 0.69556 0.91365 0.11293
vt 0.68750 0.10643
vn 0.5468 -0.5130 -0.6617
v 0.68556 0.93925 0.10569
vt 0.68750 0.13485
vn 0.4300 -0.0859 -0.8987
v 0.73617 0.97107 0.13239
vt 0.75000 0.13485
vn 0.5473 -0.0122 -0.8369
v 0.69556 0.91365 0.11293
vt 0.68750 0.10643
vn 0.5468 -0.5130 -0.6617
v 0.73617 0.97107 0.13239
vt 0.75000 0.13485
vn 0.5473 -0.0122 -0.8369
v 0.74890 0.94718 0.14107
vt 0.75000 0.10643
vn 0.6959 -0.4192 -0.5830
v 0.74890 0.94718 0.14107
vt 0.75000 0.10643
vn 0.6959 -0.4192 -0.5830
v 0.73617 0.97107 0.13239
vt 0.75000 0.13485
vn 0.5473 -0.0122 -0.8369
v 0.77771 1.00984 0.16493
vt 0.81250 0.13485
vn 0.6435 0.0776 -0.7615
v 0.74890 0.94718 0.14107
vt 0.75000 0.10643
vn 0.6959 -0.4192 -0.5830
v 0.77771 1.00984 0.16493
vt 0.81250 0.13485
vn 0.6435 0.0776 -0.7615
v 0.79268 0.98804 0.17535
vt 0.81250 0.10643
vn 0.8183 -0.3050 -0.4872
v 0.79268 0.98804 0.17535
vt 0.81250 0.10643
vn 0.8183 -0.3050 -0.4872
v 0.77771 1.00984 0.16493
vt 0.81250 0.13485
vn 0.6435 0.0776 -0.7615
v 0.80858 1.05408 0.20204
vt 0.87500 0.13485
vn 0.7150 0.1801 -0.6755
v 0.79268 0.98804 0.17535
vt 0.81250 0.10643
vn 0.8183 -0.3050 -0.4872
v 0.80858 1.05408 0.20204
vt 0.87500 0.13485
vn 0.7150 0.1801 -0.6755
v 0.82521 1.03466 0.21447
vt 0.87500 0.10643
vn 0.9093 -0.1746 -0.3778
v 0.82521 1.03466 0.21447
vt 0.87500 0.10643
vn 0.9093 -0.1746 -0.3778
v 0.80858 1.05408 0.20204
vt 0.87500 0.13485
vn 0.7150 0.1801 -0.6755
v 0.82758 1.10208 0.24232
vt 0.93750 0.13485
vn 0.7591 0.2914 -0.5821
v 0.82521 1.03466 0.21447
vt 0.87500 0.10643
vn 0.9093 -0.1746 -0.3778
v 0.82758 1.10208 0.24232
vt 0.93750 0.13485
vn 0.7591 0.2914 -0.5821
v 0.84524 1.08525 0.25691
vt 0.93750 0.10643
vn 0.9653 -0.0332 -0.2591
v 0.84524 1.08525 0.25691
vt 0.93750 0.10643
vn 0.9653 -0.0332 -0.2591
v 0.82758 1.10208 0.24232
vt 0.93750 0.13485
vn 0.7591 0.2914 -0.5821
v 0.83400 1.15199 0.28420
vt 1.00000 0.13485
vn 0.7740 0.4070 -0.4851
v 0.84524 1.08525 0.25691
vt 0.93750 0.10643
vn 0.9653 -0.0332 -0.2591
v 0.83400 1.15199 0.28420
vt 1.00000 0.13485
vn 0.7740 0.4070 -0.4851
v 0.85200 1.13785 0.30106
vt 1.00000 0.10643
vn 0.9842 0.1139 -0.1357
v 0.90000 1.55566 -0.19687
vt 0.00000 0.00000
vn 0.3363 -0.6053 0.7214
v 0.97000 1.57173 -0.21602
vt 0.00000 0.07433
vn 0.5087 -0.5534 0.6595
v 0.96097 1.64197 -0.15709
vt 0.06250 0.07433
vn 0.4990 -0.4774 0.7233
v 0.90000 1.55566 -0.19687
vt 0.00000 0.00000
vn 0.3363 -0.6053 0.7214
v 0.96097 1.64197 -0.15709
vt 0.06250 0.07433
vn 0.4990 -0.4774 0.7233
v 0.89231 1.61544 -0.14671
vt 0.06250 0.00000
vn 0.3299 -0.5551 0.7636
v 0.89231 1.61544 -0.14671
vt 0.06250 0.00000
vn 0.3299 -0.5551 0.7636
v 0.96097 1.64197 -0.15709
vt 0.06250 0.07433
vn 0.4990 -0.4774 0.7233
v 0.93422 1.70951 -0.10041
vt 0.12500 0.07433
vn 0.4700 -0.4043 0.7846
v 0.89231 1.61544 -0.14671
vt 0.06250 0.00000
vn 0.3299 -0.5551 0.7636
v 0.93422 1.70951 -0.10041
vt 0.12500 0.07433
vn 0.4700 -0.4043 0.7846
v 0.86955 1.67292 -0.09848
vt 0.12500 0.00000
vn 0.3107 -0.5067 0.8041
v 0.86955 1.67292 -0.09848
vt 0.12500 0.00000
vn 0.3107 -0.5067 0.8041
v 0.93422 1.70951 -0.10041
vt 0.12500 0.07433
vn 0.4700 -0.4043 0.7846
v 0.89079 1.77176 -0.04818
vt 0.18750 0.07433
vn 0.4230 -0.3369 0.8412
v 0.86955 1.67292 -0.09848
vt 0.12500 0.00000
vn 0.3107 -0.5067 0.8041
v 0.89079 1.77176 -0.04818
vt 0.18750 0.07433
vn 0.4230 -0.3369 0.8412
v 0.83259 1.72590 -0.05403
vt 0.18750 0.00000
vn 0.2797 -0.4622 0.8415
v 0.83259 1.72590 -0.05403
vt 0.18750 0.00000
vn 0.2797 -0.4622 0.8415
v 0.89079 1.77176 -0.04818
vt 0.18750 0.07433
vn 0.4230 -0.3369 0.8412
v 0.83234 1.82632 -0.00240
vt 0.25000 0.07433
vn 0.3597 -0.2778 0.8907
v 0.83259 1.72590 -0.05403
vt 0.18750 0.00000
vn 0.2797 -0.4622 0.8415
v 0.83234 1.82632 -0.00240
vt 0.25000 0.07433
vn 0.3597 -0.2778 0.8907
v 0.78284 1.77233 -0.01507
vt 0.25000 0.00000
vn 0.2378 -0.4232 0.8743
v 0.78284 1.77233 -0.01507
vt 0.25000 0.00000
vn 0.2378 -0.4232 0.8743
v 0.83234 1.82632 -0.00240
vt 0.25000 0.07433
vn 0.3597 -0.2778 0.8907
v 0.76112 1.87110 0.03517
vt 0.31250 0.07433
vn 0.2826 -0.2294 0.9314
v 0.78284 1.77233 -0.01507
vt 0.25000 0.00000
vn 0.2378 -0.4232 0.8743
v 0.76112 1.87110 0.03517
vt 0.31250 0.07433
vn 0.2826 -0.2294 0.9314
v 0.72223 1.81044 0.01691
vt 0.31250 0.00000
vn 0.1869 -0.3911 0.9012
v 0.72223 1.81044 0.01691
vt 0.31250 0.00000
vn 0.1869 -0.3911 0.9012
v 0.76112 1.87110 0.03517
vt 0.31250 0.07433
vn 0.2826 -0.2294 0.9314
v 0.67986 1.90437 0.06309
vt 0.37500 0.07433
vn 0.1947 -0.1933 0.9616
v 0.72223 1.81044 0.01691
vt 0.31250 0.00000
vn 0.1869 -0.3911 0.9012
v 0.67986 1.90437 0.06309
vt 0.37500 0.07433
vn 0.1947 -0.1933 0.9616
v 0.65307 1.83876 0.04067
vt 0.37500 0.00000
vn 0.1287 -0.3673 0.9212
v 0.65307 1.83876 0.04067
vt 0.37500 0.00000
vn 0.1287 -0.3673 0.9212
v 0.67986 1.90437 0.06309
vt 0.37500 0.07433
vn 0.1947 -0.1933 0.9616
v 0.59169 1.92486 0.08028
vt 0.43750 0.07433
vn 0.0992 -0.1712 0.9802
v 0.65307 1.83876 0.04067
vt 0.37500 0.00000
vn 0.1287 -0.3673 0.9212
v 0.59169 1.92486 0.08028
vt 0.43750 0.07433
vn 0.0992 -0.1712 0.9802
v 0.57804 1.85619 0.05530
vt 0.43750 0.00000
vn 0.0656 -0.3526 0.9335
v 0.57804 1.85619 0.05530
vt 0.43750 0.00000
vn 0.0656 -0.3526 0.9335
v 0.59169 1.92486 0.08028
vt 0.43750 0.07433
vn 0.0992 -0.1712 0.9802
v 0.50000 1.93177 0.08609
vt 0.50000 0.07433
vn 0.0000 -0.1637 0.9865
v 0.57804 1.85619 0.05530
vt 0.43750 0.00000
vn 0.0656 -0.3526 0.9335
v 0.50000 1.93177 0.08609
vt 0.50000 0.07433
vn 0.0000 -0.1637 0.9865
v 0.50000 1.86208 0.06024
vt 0.50000 0.00000
vn 0.0000 -0.3477 0.9376
v 0.50000 1.86208 0.06024
vt 0.50000 0.00000
vn 0.0000 -0.3477 0.9376
v 0.50000 1.93177 0.08609
vt 0.50000 0.07433
vn 0.0000 -0.1637 0.9865
v 0.40831 1.92486 0.08028
vt 0.56250 0.07433
vn -0.0992 -0.1712 0.9802
v 0.50000 1.86208 0.06024
vt 0.50000 0.00000
vn 0.0000 -0.3477 0.9376
v 0.40831 1.92486 0.08028
vt 0.56250 0.07433
vn -0.0992 -0.1712 0.9802
v 0.42196 1.85619 0.05530
vt 0.56250 0.00000
vn -0.0656 -0.3526 0.9335
v 0.42196 1.85619 0.05530
vt 0.56250 0.00000
vn -0.0656 -0.3526 0.9335
v 0.40831 1.92486 0.08028
vt 0.56250 0.07433
vn -0.0992 -0.1712 0.9802
v 0.32014 1.90437 0.06309
vt 0.62500 0.07433
vn -0.1947 -0.1933 0.9616
v 0.42196 1.85619 0.05530
vt 0.56250 0.00000
vn -0.0656 -0.3526 0.9335
v 0.32014 1.90437 0.06309
vt 0.62500 0.07433
vn -0.1947 -0.1933 0.9616
v 0.34693 1.83876 0.04067
vt 0.62500 0.00000
vn -0.1287 -0.3673 0.9212
v 0.34693 1.83876 0.04067
vt 0.62500 0.00000
vn -0.1287 -0.3673 0.9212
v 0.32014 1.90437 0.06309
vt 0.62500 0.07433
vn -0.1947 -0.1933 0.9616
v 0.23888 1.87110 0.03517
vt 0.68750 0.07433
vn -0.2826 -0.2294 0.9314
v 0.34693 1.83876 0.04067
vt 0.62500 0.00000
vn -0.1287 -0.3673 0.9212
v 0.23888 1.87110 0.03517
vt 0.68750 0.07433
vn -0.2826 -0.2294 0.9314
v 0.27777 1.81044 0.01691
vt 0.68750 0.00000
vn -0.1869 -0.3911 0.9012
v 0.27777 1.81044 0.01691
vt 0.68750 0.00000
vn -0.1869 -0.3911 0.9012
v 0.23888 1.87110 0.03517
vt 0.68750 0.07433
vn -0.2826 -0.2294 0.9314
v 0.16766 1.82632 -0.00240
vt 0.75000 0.07433
vn -0.3597 -0.2778 0.8907
v 0.27777 1.81044 0.01691
vt 0.68750 0.00000
vn -0.1869 -0.3911 0.9012
v 0.16766 1.82632 -0.00240
vt 0.75000 0.07433
vn -0.3597 -0.2778 0.8907
v 0.21716 1.77233 -0.01507
vt 0.75000 0.00000
vn -0.2378 -0.4232 0.8743
v 0.21716 1.77233 -0.01507
vt 0.75000 0.00000
vn -0.2378 -0.4232 0.8743
v 0.16766 1.82632 -0.00240
vt 0.75000 0.07433
vn -0.3597 -0.2778 0.8907
v 0.10921 1.77176 -0.04818
vt 0.81250 0.07433
vn -0.4230 -0.3369 0.8412
v 0.21716 1.77233 -0.01507
vt 0.75000 0.00000
vn -0.2378 -0.4232 0.8743
v 0.10921 1.77176 -0.04818
vt 0.81250 0.07433
vn -0.4230 -0.3369 0.8412
v 0.16741 1.72590 -0.05403
vt 0.81250 0.00000
vn -0.2797 -0.4622 0.8415
v 0.16741 1.72590 -0.05403
vt 0.81250 0.00000
vn -0.2797 -0.4622 0.8415
v 0.10921 1.77176 -0.04818
vt 0.81250 0.07433
vn -0.4230 -0.3369 0.8412
v 0.06578 1.70951 -0.10041
vt 0.87500 0.07433
vn -0.4700 -0.4043 0.7846
v 0.16741 1.72590 -0.05403
vt 0.81250 0.00000
vn -0.2797 -0.4622 0.8415
v 0.06578 1.70951 -0.10041
vt 0.87500 0.07433
vn -0.4700 -0.4043 0.7846
v 0.13045 1.67292 -0.09848
vt 0.87500 0.00000
vn -0.3107 -0.5067 0.8041
v 0.13045 1.67292 -0.09848
vt 0.87500 0.00000
vn -0.3107 -0.5067 0.8041
v 0.06578 1.70951 -0.10041
vt 0.87500 0.07433
vn -0.4700 -0.4043 0.7846
v 0.03903 1.64197 -0.15709
vt 0.93750 0.07433
vn -0.4990 -0.4774 0.7233
v 0.13045 1.67292 -0.09848
vt 0.87500 0.00000
vn -0.3107 -0.5067 0.8041
v 0.03903 1.64197 -0.15709
vt 0.93750 0.07433
vn -0.4990 -0.4774 0.7233
v 0.10769 1.61544 -0.14671
vt 0.93750 0.00000
vn -0.3299 -0.5551 0.7636
v 0.10769 1.61544 -0.14671
vt 0.93750 0.00000
vn -0.3299 -0.5551 0.7636
v 0.03903 1.64197 -0.15709
vt 0.93750 0.07433
vn -0.4990 -0.4774 0.7233
v 0.03000 1.57173 -0.21602
vt 1.00000 0.07433
vn -0.5087 -0.5534 0.6595
v 0.10769 1.61544 -0.14671
vt 0.93750 0.00000
vn -0.3299 -0.5551 0.7636
v 0.03000 1.57173 -0.21602
vt 1.00000 0.07433
vn -0.5087 -0.5534 0.6595
v 0.10000 1.55566 -0.19687
vt 1.00000 0.00000
vn -0.3363 -0.6053 0.7214
v 0.10000 1.55566 -0.19687
vt 0.00000 0.00000
vn -0.3363 -0.6053 0.7214
v 0.03000 1.57173 -0.21602
vt 0.00000 0.07433
vn -0.5087 -0.5534 0.6595
v 0.03903 1.50149 -0.27496
vt 0.06250 0.07433
vn -0.4990 -0.6294 0.5957
v 0.10000 1.55566 -0.19687
vt 0.00000 0.00000
vn -0.3363 -0.6053 0.7214
v 0.03903 1.50149 -0.27496
vt 0.06250 0.07433
vn -0.4990 -0.6294 0.5957
v 0.10769 1.49588 -0.24703
vt 0.06250 0.00000
vn -0.3299 -0.6556 0.6792
v 0.10769 1.49588 -0.24703
vt 0.06250 0.00000
vn -0.3299 -0.6556 0.6792
v 0.03903 1.50149 -0.27496
vt 0.06250 0.07433
vn -0.4990 -0.6294 0.5957
v 0.06578 1.43395 -0.33164
vt 0.12500 0.07433
vn -0.4700 -0.7025 0.5344
v 0.10769 1.49588 -0.24703
vt 0.06250 0.00000
vn -0.3299 -0.6556 0.6792
v 0.06578 1.43395 -0.33164
vt 0.12500 0.07433
vn -0.4700 -0.7025 0.5344
v 0.13045 1.43840 -0.29527
vt 0.12500 0.00000
vn -0.3107 -0.7039 0.6387
v 0.13045 1.43840 -0.29527
vt 0.12500 0.00000
vn -0.3107 -0.7039 0.6387
v 0.06578 1.43395 -0.33164
vt 0.12500 0.07433
vn -0.4700 -0.7025 0.5344
v 0.10921 1.37170 -0.38387
vt 0.18750 0.07433
vn -0.4230 -0.7699 0.4778
v 0.13045 1.43840 -0.29527
vt 0.12500 0.00000
vn -0.3107 -0.7039 0.6387
v 0.10921 1.37170 -0.38387
vt 0.18750 0.07433
vn -0.4230 -0.7699 0.4778
v 0.16741 1.38543 -0.33972
vt 0.18750 0.00000
vn -0.2797 -0.7485 0.6013
v 0.16741 1.38543 -0.33972
vt 0.18750 0.00000
vn -0.2797 -0.7485 0.6013
v 0.10921 1.37170 -0.38387
vt 0.18750 0.07433
vn -0.4230 -0.7699 0.4778
v 0.16766 1.31715 -0.42965
vt 0.25000 0.07433
vn -0.3597 -0.8290 0.4283
v 0.16741 1.38543 -0.33972
vt 0.18750 0.00000
vn -0.2797 -0.7485 0.6013
v 0.16766 1.31715 -0.42965
vt 0.25000 0.07433
vn -0.3597 -0.8290 0.4283
v 0.21716 1.33899 -0.37868
vt 0.25000 0.00000
vn -0.2378 -0.7875 0.5685
v 0.21716 1.33899 -0.37868
vt 0.25000 0.00000
vn -0.2378 -0.7875 0.5685
v 0.16766 1.31715 -0.42965
vt 0.25000 0.07433
vn -0.3597 -0.8290 0.4283
v 0.23888 1.27237 -0.46722
vt 0.31250 0.07433
vn -0.2826 -0.8774 0.3876
v 0.21716 1.33899 -0.37868
vt 0.25000 0.00000
vn -0.2378 -0.7875 0.5685
v 0.23888 1.27237 -0.46722
vt 0.31250 0.07433
vn -0.2826 -0.8774 0.3876
v 0.27777 1.30089 -0.41066
vt 0.31250 0.00000
vn -0.1869 -0.8196 0.5417
v 0.27777 1.30089 -0.41066
vt 0.31250 0.00000
vn -0.1869 -0.8196 0.5417
v 0.23888 1.27237 -0.46722
vt 0.31250 0.07433
vn -0.2826 -0.8774 0.3876
v 0.32014 1.23910 -0.49514
vt 0.37500 0.07433
vn -0.1947 -0.9134 0.3574
v 0.27777 1.30089 -0.41066
vt 0.31250 0.00000
vn -0.1869 -0.8196 0.5417
v 0.32014 1.23910 -0.49514
vt 0.37500 0.07433
vn -0.1947 -0.9134 0.3574
v 0.34693 1.27257 -0.43442
vt 0.37500 0.00000
vn -0.1287 -0.8434 0.5217
v 0.34693 1.27257 -0.43442
vt 0.37500 0.00000
vn -0.1287 -0.8434 0.5217
v 0.32014 1.23910 -0.49514
vt 0.37500 0.07433
vn -0.1947 -0.9134 0.3574
v 0.40831 1.21861 -0.51233
vt 0.43750 0.07433
vn -0.0992 -0.9356 0.3388
v 0.34693 1.27257 -0.43442
vt 0.37500 0.00000
vn -0.1287 -0.8434 0.5217
v 0.40831 1.21861 -0.51233
vt 0.43750 0.07433
vn -0.0992 -0.9356 0.3388
v 0.42196 1.25513 -0.44905
vt 0.43750 0.00000
vn -0.0656 -0.8580 0.5094
v 0.42196 1.25513 -0.44905
vt 0.43750 0.00000
vn -0.0656 -0.8580 0.5094
v 0.40831 1.21861 -0.51233
vt 0.43750 0.07433
vn -0.0992 -0.9356 0.3388
v 0.50000 1.21169 -0.51813
vt 0.50000 0.07433
vn -0.0000 -0.9431 0.3325
v 0.42196 1.25513 -0.44905
vt 0.43750 0.00000
vn -0.0656 -0.8580 0.5094
v 0.50000 1.21169 -0.51813
vt 0.50000 0.07433
vn -0.0000 -0.9431 0.3325
v 0.50000 1.24925 -0.45399
vt 0.50000 0.00000
vn -0.0000 -0.8630 0.5052
v 0.50000 1.24925 -0.45399
vt 0.50000 0.00000
vn -0.0000 -0.8630 0.5052
v 0.50000 1.21169 -0.51813
vt 0.50000 0.07433
vn -0.0000 -0.9431 0.3325
v 0.59169 1.21861 -0.51233
vt 0.56250 0.07433
vn 0.0992 -0.9356 0.3388
v 0.50000 1.24925 -0.45399
vt 0.50000 0.00000
vn -0.0000 -0.8630 0.5052
v 0.59169 1.21861 -0.51233
vt 0.56250 0.07433
vn 0.0992 -0.9356 0.3388
v 0.57804 1.25513 -0.44905
vt 0.56250 0.00000
vn 0.0656 -0.8580 0.5094
v 0.57804 1.25513 -0.44905
vt 0.56250 0.00000
vn 0.0656 -0.8580 0.5094
v 0.59169 1.21861 -0.51233
vt 0.56250 0.07433
vn 0.0992 -0.9356 0.3388
v 0.67986 1.23910 -0.49514
vt 0.62500 0.07433
vn 0.1947 -0.9134 0.3574
v 0.57804 1.25513 -0.44905
vt 0.56250 0.00000
vn 0.0656 -0.8580 0.5094
v 0.67986 1.23910 -0.49514
vt 0.62500 0.07433
vn 0.1947 -0.9134 0.3574
v 0.65307 1.27257 -0.43442
vt 0.62500 0.00000
vn 0.1287 -0.8434 0.5217
v 0.65307 1.27257 -0.43442
vt 0.62500 0.00000
vn 0.1287 -0.8434 0.5217
v 0.67986 1.23910 -0.49514
vt 0.62500 0.07433
vn 0.1947 -0.9134 0.3574
v 0.76112 1.27237 -0.46722
vt 0.68750 0.07433
vn 0.2826 -0.8774 0.3876
v 0.65307 1.27257 -0.43442
vt 0.62500 0.00000
vn 0.1287 -0.8434 0.5217
v 0.76112 1.27237 -0.46722
vt 0.68750 0.07433
vn 0.2826 -0.8774 0.3876
v 0.72223 1.30089 -0.41066
vt 0.68750 0.00000
vn 0.1869 -0.8196 0.5417
v 0.72223 1.30089 -0.41066
vt 0.68750 0.00000
vn 0.1869 -0.8196 0.5417
v 0.76112 1.27237 -0.46722
vt 0.68750 0.07433
vn 0.2826 -0.8774 0.3876
v 0.83234 1.31715 -0.42965
vt 0.75000 0.07433
vn 0.3597 -0.8290 0.4283
v 0.72223 1.30089 -0.41066
vt 0.68750 0.00000
vn 0.1869 -0.8196 0.5417
v 0.83234 1.31715 -0.42965
vt 0.75000 0.07433
vn 0.3597 -0.8290 0.4283
v 0.78284 1.33899 -0.37868
vt 0.75000 0.00000
vn 0.2378 -0.7875 0.5685
v 0.78284 1.33899 -0.37868
vt 0.75000 0.00000
vn 0.2378 -0.7875 0.5685
v 0.83234 1.31715 -0.42965
vt 0.75000 0.07433
vn 0.3597 -0.8290 0.4283
v 0.89079 1.37170 -0.38387
vt 0.81250 0.07433
vn 0.4230 -0.7699 0.4778
v 0.78284 1.33899 -0.37868
vt 0.75000 0.00000
vn 0.2378 -0.7875 0.5685
v 0.89079 1.37170 -0.38387
vt 0.81250 0.07433
vn 0.4230 -0.7699 0.4778
v 0.83259 1.38543 -0.33972
vt 0.81250 0.00000
vn 0.2797 -0.7485 0.6013
v 0.83259 1.38543 -0.33972
vt 0.81250 0.00000
vn 0.2797 -0.7485 0.6013
v 0.89079 1.37170 -0.38387
vt 0.81250 0.07433
vn 0.4230 -0.7699 0.4778
v 0.93422 1.43395 -0.33164
vt 0.87500 0.07433
vn 0.4700 -0.7025 0.5344
v 0.83259 1.38543 -0.33972
vt 0.81250 0.00000
vn 0.2797 -0.7485 0.6013
v 0.93422 1.43395 -0.33164
vt 0.87500 0.07433
vn 0.4700 -0.7025 0.5344
v 0.86955 1.43840 -0.29527
vt 0.87500 0.00000
vn 0.3107 -0.7039 0.6387
v 0.86955 1.43840 -0.29527
vt 0.87500 0.00000
vn 0.3107 -0.7039 0.6387
v 0.93422 1.43395 -0.33164
vt 0.87500 0.07433
vn 0.4700 -0.7025 0.5344
v 0.96097 1.50149 -0.27496
vt 0.93750 0.07433
vn 0.4990 -0.6294 0.5957
v 0.86955 1.43840 -0.29527
vt 0.87500 0.00000
vn 0.3107 -0.7039 0.6387
v 0.96097 1.50149 -0.27496
vt 0.93750 0.07433
vn 0.4990 -0.6294 0.5957
v 0.89231 1.49588 -0.24703
vt 0.93750 0.00000
vn 0.3299 -0.6556 0.6792
v 0.89231 1.49588 -0.24703
vt 0.93750 0.00000
vn 0.3299 -0.6556 0.6792
v 0.96097 1.50149 -0.27496
vt 0.93750 0.07433
vn 0.4990 -0.6294 0.5957
v 0.97000 1.57173 -0.21602
vt 1.00000 0.07433
vn 0.5087 -0.5534 0.6595
v 0.89231 1.49588 -0.24703
vt 0.93750 0.00000
vn 0.3299 -0.6556 0.6792
v 0.97000 1.57173 -0.21602
vt 1.00000 0.07433
vn 0.5087 -0.5534 0.6595
v 0.90000 1.55566 -0.19687
vt 1.00000 0.00000
vn 0.3363 -0.6053 0.7214
v 0.97000 1.57173 -0.21602
vt 0.00000 0.07433
vn 0.5087 -0.5534 0.6595
v 1.01000 1.59744 -0.24667
vt 0.00000 0.13090
vn 0.8247 -0.3635 0.4332
v 1.00020 1.67366 -0.18271
vt 0.06250 0.13090
vn 0.8089 -0.2403 0.5366
v 0.97000 1.57173 -0.21602
vt 0.00000 0.07433
vn 0.5087 -0.5534 0.6595
v 1.00020 1.67366 -0.18271
vt 0.06250 0.13090
vn 0.8089 -0.2403 0.5366
v 0.96097 1.64197 -0.15709
vt 0.06250 0.07433
vn 0.4990 -0.4774 0.7233
v 0.96097 1.64197 -0.15709
vt 0.06250 0.07433
vn 0.4990 -0.4774 0.7233
v 1.00020 1.67366 -0.18271
vt 0.06250 0.13090
vn 0.8089 -0.2403 0.5366
v 0.97118 1.74695 -0.12121
vt 0.12500 0.13090
vn 0.7620 -0.1217 0.6361
v 0.96097 1.64197 -0.15709
vt 0.06250 0.07433
vn 0.4990 -0.4774 0.7233
v 0.97118 1.74695 -0.12121
vt 0.12500 0.13090
vn 0.7620 -0.1217 0.6361
v 0.93422 1.70951 -0.10041
vt 0.12500 0.07433
vn 0.4700 -0.4043 0.7846
v 0.93422 1.70951 -0.10041
vt 0.12500 0.07433
vn 0.4700 -0.4043 0.7846
v 0.97118 1.74695 -0.12121
vt 0.12500 0.13090
vn 0.7620 -0.1217 0.6361
v 0.92405 1.81450 -0.06454
vt 0.18750 0.13090
vn 0.6857 -0.0125 0.7277
v 0.93422 1.70951 -0.10041
vt 0.12500 0.07433
vn 0.4700 -0.4043 0.7846
v 0.92405 1.81450 -0.06454
vt 0.18750 0.13090
vn 0.6857 -0.0125 0.7277
v 0.89079 1.77176 -0.04818
vt 0.18750 0.07433
vn 0.4230 -0.3369 0.8412
v 0.89079 1.77176 -0.04818
vt 0.18750 0.07433
vn 0.4230 -0.3369 0.8412
v 0.92405 1.81450 -0.06454
vt 0.18750 0.13090
vn 0.6857 -0.0125 0.7277
v 0.86062 1.87370 -0.01486
vt 0.25000 0.13090
vn 0.5832 0.0832 0.8081
v 0.89079 1.77176 -0.04818
vt 0.18750 0.07433
vn 0.4230 -0.3369 0.8412
v 0.86062 1.87370 -0.01486
vt 0.25000 0.13090
vn 0.5832 0.0832 0.8081
v 0.83234 1.82632 -0.00240
vt 0.25000 0.07433
vn 0.3597 -0.2778 0.8907
v 0.83234 1.82632 -0.00240
vt 0.25000 0.07433
vn 0.3597 -0.2778 0.8907
v 0.86062 1.87370 -0.01486
vt 0.25000 0.13090
vn 0.5832 0.0832 0.8081
v 0.78334 1.92228 0.02591
vt 0.31250 0.13090
vn 0.4582 0.1618 0.8740
v 0.83234 1.82632 -0.00240
vt 0.25000 0.07433
vn 0.3597 -0.2778 0.8907
v 0.78334 1.92228 0.02591
vt 0.31250 0.13090
vn 0.4582 0.1618 0.8740
v 0.76112 1.87110 0.03517
vt 0.31250 0.07433
vn 0.2826 -0.2294 0.9314
v 0.76112 1.87110 0.03517
vt 0.31250 0.07433
vn 0.2826 -0.2294 0.9314
v 0.78334 1.92228 0.02591
vt 0.31250 0.13090
vn 0.4582 0.1618 0.8740
v 0.69517 1.95839 0.05620
vt 0.37500 0.13090
vn 0.3156 0.2202 0.9230
v 0.76112 1.87110 0.03517
vt 0.31250 0.07433
vn 0.2826 -0.2294 0.9314
v 0.69517 1.95839 0.05620
vt 0.37500 0.13090
vn 0.3156 0.2202 0.9230
v 0.67986 1.90437 0.06309
vt 0.37500 0.07433
vn 0.1947 -0.1933 0.9616
v 0.67986 1.90437 0.06309
vt 0.37500 0.07433
vn 0.1947 -0.1933 0.9616
v 0.69517 1.95839 0.05620
vt 0.37500 0.13090
vn 0.3156 0.2202 0.9230
v 0.59950 1.98062 0.07486
vt 0.43750 0.13090
vn 0.1609 0.2561 0.9532
v 0.67986 1.90437 0.06309
vt 0.37500 0.07433
vn 0.1947 -0.1933 0.9616
v 0.59950 1.98062 0.07486
vt 0.43750 0.13090
vn 0.1609 0.2561 0.9532
v 0.59169 1.92486 0.08028
vt 0.43750 0.07433
vn 0.0992 -0.1712 0.9802
v 0.59169 1.92486 0.08028
vt 0.43750 0.07433
vn 0.0992 -0.1712 0.9802
v 0.59950 1.98062 0.07486
vt 0.43750 0.13090
vn 0.1609 0.2561 0.9532
v 0.50000 1.98813 0.08116
vt 0.50000 0.13090
vn 0.0000 0.2683 0.9633
v 0.59169 1.92486 0.08028
vt 0.43750 0.07433
vn 0.0992 -0.1712 0.9802
v 0.50000 1.98813 0.08116
vt 0.50000 0.13090
vn 0.0000 0.2683 0.9633
v 0.50000 1.93177 0.08609
vt 0.50000 0.07433
vn 0.0000 -0.1637 0.9865
v 0.50000 1.93177 0.08609
vt 0.50000 0.07433
vn 0.0000 -0.1637 0.9865
v 0.50000 1.98813 0.08116
vt 0.50000 0.13090
vn 0.0000 0.2683 0.9633
v 0.40050 1.98062 0.07486
vt 0.56250 0.13090
vn -0.1609 0.2561 0.9532
v 0.50000 1.93177 0.08609
vt 0.50000 0.07433
vn 0.0000 -0.1637 0.9865
v 0.40050 1.98062 0.07486
vt 0.56250 0.13090
vn -0.1609 0.2561 0.9532
v 0.40831 1.92486 0.08028
vt 0.56250 0.07433
vn -0.0992 -0.1712 0.9802
v 0.40831 1.92486 0.08028
vt 0.56250 0.07433
vn -0.0992 -0.1712 0.9802
v 0.40050 1.98062 0.07486
vt 0.56250 0.13090
vn -0.1609 0.2561 0.9532
v 0.30483 1.95839 0.05620
vt 0.62500 0.13090
vn -0.3156 0.2202 0.9230
v 0.40831 1.92486 0.08028
vt 0.56250 0.07433
vn -0.0992 -0.1712 0.9802
v 0.30483 1.95839 0.05620
vt 0.62500 0.13090
vn -0.3156 0.2202 0.9230
v 0.32014 1.90437 0.06309
vt 0.62500 0.07433
vn -0.1947 -0.1933 0.9616
v 0.32014 1.90437 0.06309
vt 0.62500 0.07433
vn -0.1947 -0.1933 0.9616
v 0.30483 1.95839 0.05620
vt 0.62500 0.13090
vn -0.3156 0.2202 0.9230
v 0.21666 1.92228 0.02591
vt 0.68750 0.13090
vn -0.4582 0.1618 0.8740
v 0.32014 1.90437 0.06309
vt 0.62500 0.07433
vn -0.1947 -0.1933 0.9616
v 0.21666 1.92228 0.02591
vt 0.68750 0.13090
vn -0.4582 0.1618 0.8740
v 0.23888 1.87110 0.03517
vt 0.68750 0.07433
vn -0.2826 -0.2294 0.9314
v 0.23888 1.87110 0.03517
vt 0.68750 0.07433
vn -0.2826 -0.2294 0.9314
v 0.21666 1.92228 0.02591
vt 0.68750 0.13090
vn -0.4582 0.1618 0.8740
v 0.13938 1.87370 -0.01486
vt 0.75000 0.13090
vn -0.5832 0.0832 0.8081
v 0.23888 1.87110 0.03517
vt 0.68750 0.07433
vn -0.2826 -0.2294 0.9314
v 0.13938 1.87370 -0.01486
vt 0.75000 0.13090
vn -0.5832 0.0832 0.8081
v 0.16766 1.82632 -0.00240
vt 0.75000 0.07433
vn -0.3597 -0.2778 0.8907
v 0.16766 1.82632 -0.00240
vt 0.75000 0.07433
vn -0.3597 -0.2778 0.8907
v 0.13938 1.87370 -0.01486
vt 0.75000 0.13090
vn -0.5832 0.0832 0.8081
v 0.07595 1.81450 -0.06454
vt 0.81250 0.13090
vn -0.6857 -0.0125 0.7277
v 0.16766 1.82632 -0.00240
vt 0.75000 0.07433
vn -0.3597 -0.2778 0.8907
v 0.07595 1.81450 -0.06454
vt 0.81250 0.13090
vn -0.6857 -0.0125 0.7277
v 0.10921 1.77176 -0.04818
vt 0.81250 0.07433
vn -0.4230 -0.3369 0.8412
v 0.10921 1.77176 -0.04818
vt 0.81250 0.07433
vn -0.4230 -0.3369 0.8412
v 0.07595 1.81450 -0.06454
vt 0.81250 0.13090
vn -0.6857 -0.0125 0.7277
v 0.02882 1.74695 -0.12121
vt 0.87500 0.13090
vn -0.7620 -0.1217 0.6361
v 0.10921 1.77176 -0.04818
vt 0.81250 0.07433
vn -0.4230 -0.3369 0.8412
v 0.02882 1.74695 -0.12121
vt 0.87500 0.13090
vn -0.7620 -0.1217 0.6361
v 0.06578 1.70951 -0.10041
vt 0.87500 0.07433
vn -0.4700 -0.4043 0.7846
v 0.06578 1.70951 -0.10041
vt 0.87500 0.07433
vn -0.4700 -0.4043 0.7846
v 0.02882 1.74695 -0.12121
vt 0.87500 0.13090
vn -0.7620 -0.1217 0.6361
v -0.00020 1.67366 -0.18271
vt 0.93750 0.13090
vn -0.8089 -0.2403 0.5366
v 0.06578 1.70951 -0.10041
vt 0.87500 0.07433
vn -0.4700 -0.4043 0.7846
v -0.00020 1.67366 -0.18271
vt 0.93750 0.13090
vn -0.8089 -0.2403 0.5366
v 0.03903 1.64197 -0.15709
vt 0.93750 0.07433
vn -0.4990 -0.4774 0.7233
v 0.03903 1.64197 -0.15709
vt 0.93750 0.07433
vn -0.4990 -0.4774 0.7233
v -0.00020 1.67366 -0.18271
vt 0.93750 0.13090
vn -0.8089 -0.2403 0.5366
v -0.01000 1.59744 -0.24667
vt 1.00000 0.13090
vn -0.8247 -0.3635 0.4332
v 0.03903 1.64197 -0.15709
vt 0.93750 0.07433
vn -0.4990 -0.4774 0.7233
v -0.01000 1.59744 -0.24667
vt 1.00000 0.13090
vn -0.8247 -0.3635 0.4332
v 0.03000 1.57173 -0.21602
vt 1.00000 0.07433
vn -0.5087 -0.5534 0.6595
v 0.03000 1.57173 -0.21602
vt 0.00000 0.07433
vn -0.5087 -0.5534 0.6595
v -0.01000 1.59744 -0.24667
vt 0.00000 0.13090
vn -0.8247 -0.3635 0.4332
v -0.00020 1.52123 -0.31062
vt 0.06250 0.13090
vn -0.8089 -0.4868 0.3298
v 0.03000 1.57173 -0.21602
vt 0.00000 0.07433
vn -0.5087 -0.5534 0.6595
v -0.00020 1.52123 -0.31062
vt 0.06250 0.13090
vn -0.8089 -0.4868 0.3298
v 0.03903 1.50149 -0.27496
vt 0.06250 0.07433
vn -0.4990 -0.6294 0.5957
v 0.03903 1.50149 -0.27496
vt 0.06250 0.07433
vn -0.4990 -0.6294 0.5957
v -0.00020 1.52123 -0.31062
vt 0.06250 0.13090
vn -0.8089 -0.4868 0.3298
v 0.02882 1.44794 -0.37212
vt 0.12500 0.13090
vn -0.7620 -0.6053 0.2303
v 0.03903 1.50149 -0.27496
vt 0.06250 0.07433
vn -0.4990 -0.6294 0.5957
v 0.02882 1.44794 -0.37212
vt 0.12500 0.13090
vn -0.7620 -0.6053 0.2303
v 0.06578 1.43395 -0.33164
vt 0.12500 0.07433
vn -0.4700 -0.7025 0.5344
v 0.06578 1.43395 -0.33164
vt 0.12500 0.07433
vn -0.4700 -0.7025 0.5344
v 0.02882 1.44794 -0.37212
vt 0.12500 0.13090
vn -0.7620 -0.6053 0.2303
v 0.07595 1.38039 -0.42879
vt 0.18750 0.13090
vn -0.6857 -0.7145 0.1387
v 0.06578 1.43395 -0.33164
vt 0.12500 0.07433
vn -0.4700 -0.7025 0.5344
v 0.07595 1.38039 -0.42879
vt 0.18750 0.13090
vn -0.6857 -0.7145 0.1387
v 0.10921 1.37170 -0.38387
vt 0.18750 0.07433
vn -0.4230 -0.7699 0.4778
v 0.10921 1.37170 -0.38387
vt 0.18750 0.07433
vn -0.4230 -0.7699 0.4778
v 0.07595 1.38039 -0.42879
vt 0.18750 0.13090
vn -0.6857 -0.7145 0.1387
v 0.13938 1.32119 -0.47847
vt 0.25000 0.13090
vn -0.5832 -0.8102 0.0584
v 0.10921 1.37170 -0.38387
vt 0.18750 0.07433
vn -0.4230 -0.7699 0.4778
v 0.13938 1.32119 -0.47847
vt 0.25000 0.13090
vn -0.5832 -0.8102 0.0584
v 0.16766 1.31715 -0.42965
vt 0.25000 0.07433
vn -0.3597 -0.8290 0.4283
v 0.16766 1.31715 -0.42965
vt 0.25000 0.07433
vn -0.3597 -0.8290 0.4283
v 0.13938 1.32119 -0.47847
vt 0.25000 0.13090
vn -0.5832 -0.8102 0.0584
v 0.21666 1.27260 -0.51924
vt 0.31250 0.13090
vn -0.4582 -0.8888 -0.0076
v 0.16766 1.31715 -0.42965
vt 0.25000 0.07433
vn -0.3597 -0.8290 0.4283
v 0.21666 1.27260 -0.51924
vt 0.31250 0.13090
vn -0.4582 -0.8888 -0.0076
v 0.23888 1.27237 -0.46722
vt 0.31250 0.07433
vn -0.2826 -0.8774 0.3876
v 0.23888 1.27237 -0.46722
vt 0.31250 0.07433
vn -0.2826 -0.8774 0.3876
v 0.21666 1.27260 -0.51924
vt 0.31250 0.13090
vn -0.4582 -0.8888 -0.0076
v 0.30483 1.23650 -0.54953
vt 0.37500 0.13090
vn -0.3156 -0.9472 -0.0566
v 0.23888 1.27237 -0.46722
vt 0.31250 0.07433
vn -0.2826 -0.8774 0.3876
v 0.30483 1.23650 -0.54953
vt 0.37500 0.13090
vn -0.3156 -0.9472 -0.0566
v 0.32014 1.23910 -0.49514
vt 0.37500 0.07433
vn -0.1947 -0.9134 0.3574
v 0.32014 1.23910 -0.49514
vt 0.37500 0.07433
vn -0.1947 -0.9134 0.3574
v 0.30483 1.23650 -0.54953
vt 0.37500 0.13090
vn -0.3156 -0.9472 -0.0566
v 0.40050 1.21427 -0.56819
vt 0.43750 0.13090
vn -0.1609 -0.9832 -0.0867
v 0.32014 1.23910 -0.49514
vt 0.37500 0.07433
vn -0.1947 -0.9134 0.3574
v 0.40050 1.21427 -0.56819
vt 0.43750 0.13090
vn -0.1609 -0.9832 -0.0867
v 0.40831 1.21861 -0.51233
vt 0.43750 0.07433
vn -0.0992 -0.9356 0.3388
v 0.40831 1.21861 -0.51233
vt 0.43750 0.07433
vn -0.0992 -0.9356 0.3388
v 0.40050 1.21427 -0.56819
vt 0.43750 0.13090
vn -0.1609 -0.9832 -0.0867
v 0.50000 1.20676 -0.57449
vt 0.50000 0.13090
vn 0.0000 -0.9953 -0.0969
v 0.40831 1.21861 -0.51233
vt 0.43750 0.07433
vn -0.0992 -0.9356 0.3388
v 0.50000 1.20676 -0.57449
vt 0.50000 0.13090
vn 0.0000 -0.9953 -0.0969
v 0.50000 1.21169 -0.51813
vt 0.50000 0.07433
vn -0.0000 -0.9431 0.3325
v 0.50000 1.21169 -0.51813
vt 0.50000 0.07433
vn -0.0000 -0.9431 0.3325
v 0.50000 1.20676 -0.57449
vt 0.50000 0.13090
vn 0.0000 -0.9953 -0.0969
v 0.59950 1.21427 -0.56819
vt 0.56250 0.13090
vn 0.1609 -0.9832 -0.0867
v 0.50000 1.21169 -0.51813
vt 0.50000 0.07433
vn -0.0000 -0.9431 0.3325
v 0.59950 1.21427 -0.56819
vt 0.56250 0.13090
vn 0.1609 -0.9832 -0.0867
v 0.59169 1.21861 -0.51233
vt 0.56250 0.07433
vn 0.0992 -0.9356 0.3388
v 0.59169 1.21861 -0.51233
vt 0.56250 0.07433
vn 0.0992 -0.9356 0.3388
v 0.59950 1.21427 -0.56819
vt 0.56250 0.13090
vn 0.1609 -0.9832 -0.0867
v 0.69517 1.23650 -0.54953
vt 0.62500 0.13090
vn 0.3156 -0.9472 -0.0566
v 0.59169 1.21861 -0.51233
vt 0.56250 0.07433
vn 0.0992 -0.9356 0.3388
v 0.69517 1.23650 -0.54953
vt 0.62500 0.13090
vn 0.3156 -0.9472 -0.0566
v 0.67986 1.23910 -0.49514
vt 0.62500 0.07433
vn 0.1947 -0.9134 0.3574
v 0.67986 1.23910 -0.49514
vt 0.62500 0.07433
vn 0.1947 -0.9134 0.3574
v 0.69517 1.23650 -0.54953
vt 0.62500 0.13090
vn 0.3156 -0.9472 -0.0566
v 0.78334 1.27260 -0.51924
vt 0.68750 0.13090
vn 0.4582 -0.8888 -0.0076
v 0.67986 1.23910 -0.49514
vt 0.62500 0.07433
vn 0.1947 -0.9134 0.3574
v 0.78334 1.27260 -0.51924
vt 0.68750 0.13090
vn 0.4582 -0.8888 -0.0076
v 0.76112 1.27237 -0.46722
vt 0.68750 0.07433
vn 0.2826 -0.8774 0.3876
v 0.76112 1.27237 -0.46722
vt 0.68750 0.07433
vn 0.2826 -0.8774 0.3876
v 0.78334 1.27260 -0.51924
vt 0.68750 0.13090
vn 0.4582 -0.8888 -0.0076
v 0.86062 1.32119 -0.47847
vt 0.75000 0.13090
vn 0.5832 -0.8102 0.0584
v 0.76112 1.27237 -0.46722
vt 0.68750 0.07433
vn 0.2826 -0.8774 0.3876
v 0.86062 1.32119 -0.47847
vt 0.75000 0.13090
vn 0.5832 -0.8102 0.0584
v 0.83234 1.31715 -0.42965
vt 0.75000 0.07433
vn 0.3597 -0.8290 0.4283
v 0.83234 1.31715 -0.42965
vt 0.75000 0.07433
vn 0.3597 -0.8290 0.4283
v 0.86062 1.32119 -0.47847
vt 0.75000 0.13090
vn 0.5832 -0.8102 0.0584
v 0.92405 1.38039 -0.42879
vt 0.81250 0.13090
vn 0.6857 -0.7145 0.1387
v 0.83234 1.31715 -0.42965
vt 0.75000 0.07433
vn 0.3597 -0.8290 0.4283
v 0.92405 1.38039 -0.42879
vt 0.81250 0.13090
vn 0.6857 -0.7145 0.1387
v 0.89079 1.37170 -0.38387
vt 0.81250 0.07433
vn 0.4230 -0.7699 0.4778
v 0.89079 1.37170 -0.38387
vt 0.81250 0.07433
vn 0.4230 -0.7699 0.4778
v 0.92405 1.38039 -0.42879
vt 0.81250 0.13090
vn 0.6857 -0.7145 0.1387
v 0.97118 1.44794 -0.37212
vt 0.87500 0.13090
vn 0.7620 -0.6053 0.2303
v 0.89079 1.37170 -0.38387
vt 0.81250 0.07433
vn 0.4230 -0.7699 0.4778
v 0.97118 1.44794 -0.37212
vt 0.87500 0.13090
vn 0.7620 -0.6053 0.2303
v 0.93422 1.43395 -0.33164
vt 0.87500 0.07433
vn 0.4700 -0.7025 0.5344
v 0.93422 1.43395 -0.33164
vt 0.87500 0.07433
vn 0.4700 -0.7025 0.5344
v 0.97118 1.44794 -0.37212
vt 0.87500 0.13090
vn 0.7620 -0.6053 0.2303
v 1.00020 1.52123 -0.31062
vt 0.93750 0.13090
vn 0.8089 -0.4868 0.3298
v 0.93422 1.43395 -0.33164
vt 0.87500 0.07433
vn 0.4700 -0.7025 0.5344
v 1.00020 1.52123 -0.31062
vt 0.93750 0.13090
vn 0.8089 -0.4868 0.3298
v 0.96097 1.50149 -0.27496
vt 0.93750 0.07433
vn 0.4990 -0.6294 0.5957
v 0.96097 1.50149 -0.27496
vt 0.93750 0.07433
vn 0.4990 -0.6294 0.5957
v 1.00020 1.52123 -0.31062
vt 0.93750 0.13090
vn 0.8089 -0.4868 0.3298
v 1.01000 1.59744 -0.24667
vt 1.00000 0.13090
vn 0.8247 -0.3635 0.4332
v 0.96097 1.50149 -0.27496
vt 0.93750 0.07433
vn 0.4990 -0.6294 0.5957
v 1.01000 1.59744 -0.24667
vt 1.00000 0.13090
vn 0.8247 -0.3635 0.4332
v 0.97000 1.57173 -0.21602
vt 1.00000 0.07433
vn 0.5087 -0.5534 0.6595
v 1.01000 1.59744 -0.24667
vt 0.00000 0.13090
vn 0.8247 -0.3635 0.4332
v 1.01800 1.61673 -0.26965
vt 0.00000 0.16195
vn 0.9531 0.1945 -0.2318
v 1.00805 1.69414 -0.20469
vt 0.06250 0.16195
vn 0.9348 0.3369 -0.1123
v 1.01000 1.59744 -0.24667
vt 0.00000 0.13090
vn 0.8247 -0.3635 0.4332
v 1.00805 1.69414 -0.20469
vt 0.06250 0.16195
vn 0.9348 0.3369 -0.1123
v 1.00020 1.67366 -0.18271
vt 0.06250 0.13090
vn 0.8089 -0.2403 0.5366
v 1.00020 1.67366 -0.18271
vt 0.06250 0.13090
vn 0.8089 -0.2403 0.5366
v 1.00805 1.69414 -0.20469
vt 0.06250 0.16195
vn 0.9348 0.3369 -0.1123
v 0.97857 1.76858 -0.14223
vt 0.12500 0.16195
vn 0.8806 0.4739 0.0027
v 1.00020 1.67366 -0.18271
vt 0.06250 0.13090
vn 0.8089 -0.2403 0.5366
v 0.97857 1.76858 -0.14223
vt 0.12500 0.16195
vn 0.8806 0.4739 0.0027
v 0.97118 1.74695 -0.12121
vt 0.12500 0.13090
vn 0.7620 -0.1217 0.6361
v 0.97118 1.74695 -0.12121
vt 0.12500 0.13090
vn 0.7620 -0.1217 0.6361
v 0.97857 1.76858 -0.14223
vt 0.12500 0.16195
vn 0.8806 0.4739 0.0027
v 0.93070 1.83718 -0.08466
vt 0.18750 0.16195
vn 0.7925 0.6001 0.1086
v 0.97118 1.74695 -0.12121
vt 0.12500 0.13090
vn 0.7620 -0.1217 0.6361
v 0.93070 1.83718 -0.08466
vt 0.18750 0.16195
vn 0.7925 0.6001 0.1086
v 0.92405 1.81450 -0.06454
vt 0.18750 0.13090
vn 0.6857 -0.0125 0.7277
v 0.92405 1.81450 -0.06454
vt 0.18750 0.13090
vn 0.6857 -0.0125 0.7277
v 0.93070 1.83718 -0.08466
vt 0.18750 0.16195
vn 0.7925 0.6001 0.1086
v 0.86628 1.89732 -0.03421
vt 0.25000 0.16195
vn 0.6740 0.7108 0.2014
v 0.92405 1.81450 -0.06454
vt 0.18750 0.13090
vn 0.6857 -0.0125 0.7277
v 0.86628 1.89732 -0.03421
vt 0.25000 0.16195
vn 0.6740 0.7108 0.2014
v 0.86062 1.87370 -0.01486
vt 0.25000 0.13090
vn 0.5832 0.0832 0.8081
v 0.86062 1.87370 -0.01486
vt 0.25000 0.13090
vn 0.5832 0.0832 0.8081
v 0.86628 1.89732 -0.03421
vt 0.25000 0.16195
vn 0.6740 0.7108 0.2014
v 0.78779 1.94666 0.00720
vt 0.31250 0.16195
vn 0.5295 0.8016 0.2776
v 0.86062 1.87370 -0.01486
vt 0.25000 0.13090
vn 0.5832 0.0832 0.8081
v 0.78779 1.94666 0.00720
vt 0.31250 0.16195
vn 0.5295 0.8016 0.2776
v 0.78334 1.92228 0.02591
vt 0.31250 0.13090
vn 0.4582 0.1618 0.8740
v 0.78334 1.92228 0.02591
vt 0.31250 0.13090
vn 0.4582 0.1618 0.8740
v 0.78779 1.94666 0.00720
vt 0.31250 0.16195
vn 0.5295 0.8016 0.2776
v 0.69823 1.98333 0.03797
vt 0.37500 0.16195
vn 0.3647 0.8691 0.3342
v 0.78334 1.92228 0.02591
vt 0.31250 0.13090
vn 0.4582 0.1618 0.8740
v 0.69823 1.98333 0.03797
vt 0.37500 0.16195
vn 0.3647 0.8691 0.3342
v 0.69517 1.95839 0.05620
vt 0.37500 0.13090
vn 0.3156 0.2202 0.9230
v 0.69517 1.95839 0.05620
vt 0.37500 0.13090
vn 0.3156 0.2202 0.9230
v 0.69823 1.98333 0.03797
vt 0.37500 0.16195
vn 0.3647 0.8691 0.3342
v 0.60106 2.00591 0.05692
vt 0.43750 0.16195
vn 0.1859 0.9106 0.3691
v 0.69517 1.95839 0.05620
vt 0.37500 0.13090
vn 0.3156 0.2202 0.9230
v 0.60106 2.00591 0.05692
vt 0.43750 0.16195
vn 0.1859 0.9106 0.3691
v 0.59950 1.98062 0.07486
vt 0.43750 0.13090
vn 0.1609 0.2561 0.9532
v 0.59950 1.98062 0.07486
vt 0.43750 0.13090
vn 0.1609 0.2561 0.9532
v 0.60106 2.00591 0.05692
vt 0.43750 0.16195
vn 0.1859 0.9106 0.3691
v 0.50000 2.01354 0.06332
vt 0.50000 0.16195
vn 0.0000 0.9246 0.3809
v 0.59950 1.98062 0.07486
vt 0.43750 0.13090
vn 0.1609 0.2561 0.9532
v 0.50000 2.01354 0.06332
vt 0.50000 0.16195
vn 0.0000 0.9246 0.3809
v 0.50000 1.98813 0.08116
vt 0.50000 0.13090
vn 0.0000 0.2683 0.9633
v 0.50000 1.98813 0.08116
vt 0.50000 0.13090
vn 0.0000 0.2683 0.9633
v 0.50000 2.01354 0.06332
vt 0.50000 0.16195
vn 0.0000 0.9246 0.3809
v 0.39894 2.00591 0.05692
vt 0.56250 0.16195
vn -0.1859 0.9106 0.3691
v 0.50000 1.98813 0.08116
vt 0.50000 0.13090
vn 0.0000 0.2683 0.9633
v 0.39894 2.00591 0.05692
vt 0.56250 0.16195
vn -0.1859 0.9106 0.3691
v 0.40050 1.98062 0.07486
vt 0.56250 0.13090
vn -0.1609 0.2561 0.9532
v 0.40050 1.98062 0.07486
vt 0.56250 0.13090
vn -0.1609 0.2561 0.9532
v 0.39894 2.00591 0.05692
vt 0.56250 0.16195
vn -0.1859 0.9106 0.3691
v 0.30177 1.98333 0.03797
vt 0.62500 0.16195
vn -0.3647 0.8691 0.3342
v 0.40050 1.98062 0.07486
vt 0.56250 0.13090
vn -0.1609 0.2561 0.9532
v 0.30177 1.98333 0.03797
vt 0.62500 0.16195
vn -0.3647 0.8691 0.3342
v 0.30483 1.95839 0.05620
vt 0.62500 0.13090
vn -0.3156 0.2202 0.9230
v 0.30483 1.95839 0.05620
vt 0.62500 0.13090
vn -0.3156 0.2202 0.9230
v 0.30177 1.98333 0.03797
vt 0.62500 0.16195
vn -0.3647 0.8691 0.3342
v 0.21221 1.94666 0.00720
vt 0.68750 0.16195
vn -0.5295 0.8016 0.2776
v 0.30483 1.95839 0.05620
vt 0.62500 0.13090
vn -0.3156 0.2202 0.9230
v 0.21221 1.94666 0.00720
vt 0.68750 0.16195
vn -0.5295 0.8016 0.2776
v 0.21666 1.92228 0.02591
vt 0.68750 0.13090
vn -0.4582 0.1618 0.8740
v 0.21666 1.92228 0.02591
vt 0.68750 0.13090
vn -0.4582 0.1618 0.8740
v 0.21221 1.94666 0.00720
vt 0.68750 0.16195
vn -0.5295 0.8016 0.2776
v 0.13372 1.89732 -0.03421
vt 0.75000 0.16195
vn -0.6740 0.7108 0.2014
v 0.21666 1.92228 0.02591
vt 0.68750 0.13090
vn -0.4582 0.1618 0.8740
v 0.13372 1.89732 -0.03421
vt 0.75000 0.16195
vn -0.6740 0.7108 0.2014
v 0.13938 1.87370 -0.01486
vt 0.75000 0.13090
vn -0.5832 0.0832 0.8081
v 0.13938 1.87370 -0.01486
vt 0.75000 0.13090
vn -0.5832 0.0832 0.8081
v 0.13372 1.89732 -0.03421
vt 0.75000 0.16195
vn -0.6740 0.7108 0.2014
v 0.06930 1.83718 -0.08466
vt 0.81250 0.16195
vn -0.7925 0.6001 0.1086
v 0.13938 1.87370 -0.01486
vt 0.75000 0.13090
vn -0.5832 0.0832 0.8081
v 0.06930 1.83718 -0.08466
vt 0.81250 0.16195
vn -0.7925 0.6001 0.1086
v 0.07595 1.81450 -0.06454
vt 0.81250 0.13090
vn -0.6857 -0.0125 0.7277
v 0.07595 1.81450 -0.06454
vt 0.81250 0.13090
vn -0.6857 -0.0125 0.7277
v 0.06930 1.83718 -0.08466
vt 0.81250 0.16195
vn -0.7925 0.6001 0.1086
v 0.02143 1.76858 -0.14223
vt 0.87500 0.16195
vn -0.8806 0.4739 0.0027
v 0.07595 1.81450 -0.06454
vt 0.81250 0.13090
vn -0.6857 -0.0125 0.7277
v 0.02143 1.76858 -0.14223
vt 0.87500 0.16195
vn -0.8806 0.4739 0.0027
v 0.02882 1.74695 -0.12121
vt 0.87500 0.13090
vn -0.7620 -0.1217 0.6361
v 0.02882 1.74695 -0.12121
vt 0.87500 0.13090
vn -0.7620 -0.1217 0.6361
v 0.02143 1.76858 -0.14223
vt 0.87500 0.16195
vn -0.8806 0.4739 0.0027
v -0.00805 1.69414 -0.20469
vt 0.93750 0.16195
vn -0.9348 0.3369 -0.1123
v 0.02882 1.74695 -0.12121
vt 0.87500 0.13090
vn -0.7620 -0.1217 0.6361
v -0.00805 1.69414 -0.20469
vt 0.93750 0.16195
vn -0.9348 0.3369 -0.1123
v -0.00020 1.67366 -0.18271
vt 0.93750 0.13090
vn -0.8089 -0.2403 0.5366
v -0.00020 1.67366 -0.18271
vt 0.93750 0.13090
vn -0.8089 -0.2403 0.5366
v -0.00805 1.69414 -0.20469
vt 0.93750 0.16195
vn -0.9348 0.3369 -0.1123
v -0.01800 1.61673 -0.26965
vt 1.00000 0.16195
vn -0.9531 0.1945 -0.2318
v -0.00020 1.67366 -0.18271
vt 0.93750 0.13090
vn -0.8089 -0.2403 0.5366
v -0.01800 1.61673 -0.26965
vt 1.00000 0.16195
vn -0.9531 0.1945 -0.2318
v -0.01000 1.59744 -0.24667
vt 1.00000 0.13090
vn -0.8247 -0.3635 0.4332
v -0.01000 1.59744 -0.24667
vt 0.00000 0.13090
vn -0.8247 -0.3635 0.4332
v -0.01800 1.61673 -0.26965
vt 0.00000 0.16195
vn -0.9531 0.1945 -0.2318
v -0.00805 1.53931 -0.33461
vt 0.06250 0.16195
vn -0.9348 0.0521 -0.3513
v -0.01000 1.59744 -0.24667
vt 0.00000 0.13090
vn -0.8247 -0.3635 0.4332
v -0.00805 1.53931 -0.33461
vt 0.06250 0.16195
vn -0.9348 0.0521 -0.3513
v -0.00020 1.52123 -0.31062
vt 0.06250 0.13090
vn -0.8089 -0.4868 0.3298
v -0.00020 1.52123 -0.31062
vt 0.06250 0.13090
vn -0.8089 -0.4868 0.3298
v -0.00805 1.53931 -0.33461
vt 0.06250 0.16195
vn -0.9348 0.0521 -0.3513
v 0.02143 1.46487 -0.39707
vt 0.12500 0.16195
vn -0.8806 -0.0849 -0.4662
v -0.00020 1.52123 -0.31062
vt 0.06250 0.13090
vn -0.8089 -0.4868 0.3298
v 0.02143 1.46487 -0.39707
vt 0.12500 0.16195
vn -0.8806 -0.0849 -0.4662
v 0.02882 1.44794 -0.37212
vt 0.12500 0.13090
vn -0.7620 -0.6053 0.2303
v 0.02882 1.44794 -0.37212
vt 0.12500 0.13090
vn -0.7620 -0.6053 0.2303
v 0.02143 1.46487 -0.39707
vt 0.12500 0.16195
vn -0.8806 -0.0849 -0.4662
v 0.06930 1.39627 -0.45463
vt 0.18750 0.16195
vn -0.7925 -0.2111 -0.5722
v 0.02882 1.44794 -0.37212
vt 0.12500 0.13090
vn -0.7620 -0.6053 0.2303
v 0.06930 1.39627 -0.45463
vt 0.18750 0.16195
vn -0.7925 -0.2111 -0.5722
v 0.07595 1.38039 -0.42879
vt 0.18750 0.13090
vn -0.6857 -0.7145 0.1387
v 0.07595 1.38039 -0.42879
vt 0.18750 0.13090
vn -0.6857 -0.7145 0.1387
v 0.06930 1.39627 -0.45463
vt 0.18750 0.16195
vn -0.7925 -0.2111 -0.5722
v 0.13372 1.33614 -0.50509
vt 0.25000 0.16195
vn -0.6740 -0.3218 -0.6650
v 0.07595 1.38039 -0.42879
vt 0.18750 0.13090
vn -0.6857 -0.7145 0.1387
v 0.13372 1.33614 -0.50509
vt 0.25000 0.16195
vn -0.6740 -0.3218 -0.6650
v 0.13938 1.32119 -0.47847
vt 0.25000 0.13090
vn -0.5832 -0.8102 0.0584
v 0.13938 1.32119 -0.47847
vt 0.25000 0.13090
vn -0.5832 -0.8102 0.0584
v 0.13372 1.33614 -0.50509
vt 0.25000 0.16195
vn -0.6740 -0.3218 -0.6650
v 0.21221 1.28679 -0.54650
vt 0.31250 0.16195
vn -0.5295 -0.4126 -0.7412
v 0.13938 1.32119 -0.47847
vt 0.25000 0.13090
vn -0.5832 -0.8102 0.0584
v 0.21221 1.28679 -0.54650
vt 0.31250 0.16195
vn -0.5295 -0.4126 -0.7412
v 0.21666 1.27260 -0.51924
vt 0.31250 0.13090
vn -0.4582 -0.8888 -0.0076
v 0.21666 1.27260 -0.51924
vt 0.31250 0.13090
vn -0.4582 -0.8888 -0.0076
v 0.21221 1.28679 -0.54650
vt 0.31250 0.16195
vn -0.5295 -0.4126 -0.7412
v 0.30177 1.25012 -0.57727
vt 0.37500 0.16195
vn -0.3647 -0.4801 -0.7978
v 0.21666 1.27260 -0.51924
vt 0.31250 0.13090
vn -0.4582 -0.8888 -0.0076
v 0.30177 1.25012 -0.57727
vt 0.37500 0.16195
vn -0.3647 -0.4801 -0.7978
v 0.30483 1.23650 -0.54953
vt 0.37500 0.13090
vn -0.3156 -0.9472 -0.0566
v 0.30483 1.23650 -0.54953
vt 0.37500 0.13090
vn -0.3156 -0.9472 -0.0566
v 0.30177 1.25012 -0.57727
vt 0.37500 0.16195
vn -0.3647 -0.4801 -0.7978
v 0.39894 1.22754 -0.59621
vt 0.43750 0.16195
vn -0.1859 -0.5216 -0.8327
v 0.30483 1.23650 -0.54953
vt 0.37500 0.13090
vn -0.3156 -0.9472 -0.0566
v 0.39894 1.22754 -0.59621
vt 0.43750 0.16195
vn -0.1859 -0.5216 -0.8327
v 0.40050 1.21427 -0.56819
vt 0.43750 0.13090
vn -0.1609 -0.9832 -0.0867
v 0.40050 1.21427 -0.56819
vt 0.43750 0.13090
vn -0.1609 -0.9832 -0.0867
v 0.39894 1.22754 -0.59621
vt 0.43750 0.16195
vn -0.1859 -0.5216 -0.8327
v 0.50000 1.21992 -0.60261
vt 0.50000 0.16195
vn -0.0000 -0.5356 -0.8444
v 0.40050 1.21427 -0.56819
vt 0.43750 0.13090
vn -0.1609 -0.9832 -0.0867
v 0.50000 1.21992 -0.60261
vt 0.50000 0.16195
vn -0.0000 -0.5356 -0.8444
v 0.50000 1.20676 -0.57449
vt 0.50000 0.13090
vn 0.0000 -0.9953 -0.0969
v 0.50000 1.20676 -0.57449
vt 0.50000 0.13090
vn 0.0000 -0.9953 -0.0969
v 0.50000 1.21992 -0.60261
vt 0.50000 0.16195
vn -0.0000 -0.5356 -0.8444
v 0.60106 1.22754 -0.59621
vt 0.56250 0.16195
vn 0.1859 -0.5216 -0.8327
v 0.50000 1.20676 -0.57449
vt 0.50000 0.13090
vn 0.0000 -0.9953 -0.0969
v 0.60106 1.22754 -0.59621
vt 0.56250 0.16195
vn 0.1859 -0.5216 -0.8327
v 0.59950 1.21427 -0.56819
vt 0.56250 0.13090
vn 0.1609 -0.9832 -0.0867
v 0.59950 1.21427 -0.56819
vt 0.56250 0.13090
vn 0.1609 -0.9832 -0.0867
v 0.60106 1.22754 -0.59621
vt 0.56250 0.16195
vn 0.1859 -0.5216 -0.8327
v 0.69823 1.25012 -0.57727
vt 0.62500 0.16195
vn 0.3647 -0.4801 -0.7978
v 0.59950 1.21427 -0.56819
vt 0.56250 0.13090
vn 0.1609 -0.9832 -0.0867
v 0.69823 1.25012 -0.57727
vt 0.62500 0.16195
vn 0.3647 -0.4801 -0.7978
v 0.69517 1.23650 -0.54953
vt 0.62500 0.13090
vn 0.3156 -0.9472 -0.0566
v 0.69517 1.23650 -0.54953
vt 0.62500 0.13090
vn 0.3156 -0.9472 -0.0566
v 0.69823 1.25012 -0.57727
vt 0.62500 0.16195
vn 0.3647 -0.4801 -0.7978
v 0.78779 1.28679 -0.54650
vt 0.68750 0.16195
vn 0.5295 -0.4126 -0.7412
v 0.69517 1.23650 -0.54953
vt 0.62500 0.13090
vn 0.3156 -0.9472 -0.0566
v 0.78779 1.28679 -0.54650
vt 0.68750 0.16195
vn 0.5295 -0.4126 -0.7412
v 0.78334 1.27260 -0.51924
vt 0.68750 0.13090
vn 0.4582 -0.8888 -0.0076
v 0.78334 1.27260 -0.51924
vt 0.68750 0.13090
vn 0.4582 -0.8888 -0.0076
v 0.78779 1.28679 -0.54650
vt 0.68750 0.16195
vn 0.5295 -0.4126 -0.7412
v 0.86628 1.33614 -0.50509
vt 0.75000 0.16195
vn 0.6740 -0.3218 -0.6650
v 0.78334 1.27260 -0.51924
vt 0.68750 0.13090
vn 0.4582 -0.8888 -0.0076
v 0.86628 1.33614 -0.50509
vt 0.75000 0.16195
vn 0.6740 -0.3218 -0.6650
v 0.86062 1.32119 -0.47847
vt 0.75000 0.13090
vn 0.5832 -0.8102 0.0584
v 0.86062 1.32119 -0.47847
vt 0.75000 0.13090
vn 0.5832 -0.8102 0.0584
v 0.86628 1.33614 -0.50509
vt 0.75000 0.16195
vn 0.6740 -0.3218 -0.6650
v 0.93070 1.39627 -0.45463
vt 0.81250 0.16195
vn 0.7925 -0.2111 -0.5722
v 0.86062 1.32119 -0.47847
vt 0.75000 0.13090
vn 0.5832 -0.8102 0.0584
v 0.93070 1.39627 -0.45463
vt 0.81250 0.16195
vn 0.7925 -0.2111 -0.5722
v 0.92405 1.38039 -0.42879
vt 0.81250 0.13090
vn 0.6857 -0.7145 0.1387
v 0.92405 1.38039 -0.42879
vt 0.81250 0.13090
vn 0.6857 -0.7145 0.1387
v 0.93070 1.39627 -0.45463
vt 0.81250 0.16195
vn 0.7925 -0.2111 -0.5722
v 0.97857 1.46487 -0.39707
vt 0.87500 0.16195
vn 0.8806 -0.0849 -0.4662
v 0.92405 1.38039 -0.42879
vt 0.81250 0.13090
vn 0.6857 -0.7145 0.1387
v 0.97857 1.46487 -0.39707
vt 0.87500 0.16195
vn 0.8806 -0.0849 -0.4662
v 0.97118 1.44794 -0.37212
vt 0.87500 0.13090
vn 0.7620 -0.6053 0.2303
v 0.97118 1.44794 -0.37212
vt 0.87500 0.13090
vn 0.7620 -0.6053 0.2303
v 0.97857 1.46487 -0.39707
vt 0.87500 0.16195
vn 0.8806 -0.0849 -0.4662
v 1.00805 1.53931 -0.33461
vt 0.93750 0.16195
vn 0.9348 0.0521 -0.3513
v 0.97118 1.44794 -0.37212
vt 0.87500 0.13090
vn 0.7620 -0.6053 0.2303
v 1.00805 1.53931 -0.33461
vt 0.93750 0.16195
vn 0.9348 0.0521 -0.3513
v 1.00020 1.52123 -0.31062
vt 0.93750 0.13090
vn 0.8089 -0.4868 0.3298
v 1.00020 1.52123 -0.31062
vt 0.93750 0.13090
vn 0.8089 -0.4868 0.3298
v 1.00805 1.53931 -0.33461
vt 0.93750 0.16195
vn 0.9348 0.0521 -0.3513
v 1.01800 1.61673 -0.26965
vt 1.00000 0.16195
vn 0.9531 0.1945 -0.2318
v 1.00020 1.52123 -0.31062
vt 0.93750 0.13090
vn 0.8089 -0.4868 0.3298
v 1.01800 1.61673 -0.26965
vt 1.00000 0.16195
vn 0.9531 0.1945 -0.2318
v 1.01000 1.59744 -0.24667
vt 1.00000 0.13090
vn 0.8247 -0.3635 0.4332
v 1.01800 1.61673 -0.26965
vt 0.00000 0.16195
vn 0.9531 0.1945 -0.2318
v 0.99000 1.63794 -0.29493
vt 0.00000 0.20523
vn 0.3620 0.5992 -0.7141
v 0.98058 1.71117 -0.23348
vt 0.06250 0.20523
vn 0.3551 0.6533 -0.6687
v 1.01800 1.61673 -0.26965
vt 0.00000 0.16195
vn 0.9531 0.1945 -0.2318
v 0.98058 1.71117 -0.23348
vt 0.06250 0.20523
vn 0.3551 0.6533 -0.6687
v 1.00805 1.69414 -0.20469
vt 0.06250 0.16195
vn 0.9348 0.3369 -0.1123
v 1.00805 1.69414 -0.20469
vt 0.06250 0.16195
vn 0.9348 0.3369 -0.1123
v 0.98058 1.71117 -0.23348
vt 0.06250 0.20523
vn 0.3551 0.6533 -0.6687
v 0.95270 1.78158 -0.17439
vt 0.12500 0.20523
vn 0.3345 0.7053 -0.6250
v 1.00805 1.69414 -0.20469
vt 0.06250 0.16195
vn 0.9348 0.3369 -0.1123
v 0.95270 1.78158 -0.17439
vt 0.12500 0.20523
vn 0.3345 0.7053 -0.6250
v 0.97857 1.76858 -0.14223
vt 0.12500 0.16195
vn 0.8806 0.4739 0.0027
v 0.97857 1.76858 -0.14223
vt 0.12500 0.16195
vn 0.8806 0.4739 0.0027
v 0.95270 1.78158 -0.17439
vt 0.12500 0.20523
vn 0.3345 0.7053 -0.6250
v 0.90742 1.84648 -0.11994
vt 0.18750 0.20523
vn 0.3010 0.7533 -0.5848
v 0.97857 1.76858 -0.14223
vt 0.12500 0.16195
vn 0.8806 0.4739 0.0027
v 0.90742 1.84648 -0.11994
vt 0.18750 0.20523
vn 0.3010 0.7533 -0.5848
v 0.93070 1.83718 -0.08466
vt 0.18750 0.16195
vn 0.7925 0.6001 0.1086
v 0.93070 1.83718 -0.08466
vt 0.18750 0.16195
vn 0.7925 0.6001 0.1086
v 0.90742 1.84648 -0.11994
vt 0.18750 0.20523
vn 0.3010 0.7533 -0.5848
v 0.84648 1.90336 -0.07221
vt 0.25000 0.20523
vn 0.2560 0.7953 -0.5495
v 0.93070 1.83718 -0.08466
vt 0.18750 0.16195
vn 0.7925 0.6001 0.1086
v 0.84648 1.90336 -0.07221
vt 0.25000 0.20523
vn 0.2560 0.7953 -0.5495
v 0.86628 1.89732 -0.03421
vt 0.25000 0.16195
vn 0.6740 0.7108 0.2014
v 0.86628 1.89732 -0.03421
vt 0.25000 0.16195
vn 0.6740 0.7108 0.2014
v 0.84648 1.90336 -0.07221
vt 0.25000 0.20523
vn 0.2560 0.7953 -0.5495
v 0.77223 1.95004 -0.03304
vt 0.31250 0.20523
vn 0.2011 0.8298 -0.5206
v 0.86628 1.89732 -0.03421
vt 0.25000 0.16195
vn 0.6740 0.7108 0.2014
v 0.77223 1.95004 -0.03304
vt 0.31250 0.20523
vn 0.2011 0.8298 -0.5206
v 0.78779 1.94666 0.00720
vt 0.31250 0.16195
vn 0.5295 0.8016 0.2776
v 0.78779 1.94666 0.00720
vt 0.31250 0.16195
vn 0.5295 0.8016 0.2776
v 0.77223 1.95004 -0.03304
vt 0.31250 0.20523
vn 0.2011 0.8298 -0.5206
v 0.68751 1.98473 -0.00394
vt 0.37500 0.20523
vn 0.1385 0.8554 -0.4991
v 0.78779 1.94666 0.00720
vt 0.31250 0.16195
vn 0.5295 0.8016 0.2776
v 0.68751 1.98473 -0.00394
vt 0.37500 0.20523
vn 0.1385 0.8554 -0.4991
v 0.69823 1.98333 0.03797
vt 0.37500 0.16195
vn 0.3647 0.8691 0.3342
v 0.69823 1.98333 0.03797
vt 0.37500 0.16195
vn 0.3647 0.8691 0.3342
v 0.68751 1.98473 -0.00394
vt 0.37500 0.20523
vn 0.1385 0.8554 -0.4991
v 0.59559 2.00609 0.01399
vt 0.43750 0.20523
vn 0.0706 0.8712 -0.4859
v 0.69823 1.98333 0.03797
vt 0.37500 0.16195
vn 0.3647 0.8691 0.3342
v 0.59559 2.00609 0.01399
vt 0.43750 0.20523
vn 0.0706 0.8712 -0.4859
v 0.60106 2.00591 0.05692
vt 0.43750 0.16195
vn 0.1859 0.9106 0.3691
v 0.60106 2.00591 0.05692
vt 0.43750 0.16195
vn 0.1859 0.9106 0.3691
v 0.59559 2.00609 0.01399
vt 0.43750 0.20523
vn 0.0706 0.8712 -0.4859
v 0.50000 2.01330 0.02004
vt 0.50000 0.20523
vn 0.0000 0.8765 -0.4814
v 0.60106 2.00591 0.05692
vt 0.43750 0.16195
vn 0.1859 0.9106 0.3691
v 0.50000 2.01330 0.02004
vt 0.50000 0.20523
vn 0.0000 0.8765 -0.4814
v 0.50000 2.01354 0.06332
vt 0.50000 0.16195
vn 0.0000 0.9246 0.3809
v 0.50000 2.01354 0.06332
vt 0.50000 0.16195
vn 0.0000 0.9246 0.3809
v 0.50000 2.01330 0.02004
vt 0.50000 0.20523
vn 0.0000 0.8765 -0.4814
v 0.40441 2.00609 0.01399
vt 0.56250 0.20523
vn -0.0706 0.8712 -0.4859
v 0.50000 2.01354 0.06332
vt 0.50000 0.16195
vn 0.0000 0.9246 0.3809
v 0.40441 2.00609 0.01399
vt 0.56250 0.20523
vn -0.0706 0.8712 -0.4859
v 0.39894 2.00591 0.05692
vt 0.56250 0.16195
vn -0.1859 0.9106 0.3691
v 0.39894 2.00591 0.05692
vt 0.56250 0.16195
vn -0.1859 0.9106 0.3691
v 0.40441 2.00609 0.01399
vt 0.56250 0.20523
vn -0.0706 0.8712 -0.4859
v 0.31249 1.98473 -0.00394
vt 0.62500 0.20523
vn -0.1385 0.8554 -0.4991
v 0.39894 2.00591 0.05692
vt 0.56250 0.16195
vn -0.1859 0.9106 0.3691
v 0.31249 1.98473 -0.00394
vt 0.62500 0.20523
vn -0.1385 0.8554 -0.4991
v 0.30177 1.98333 0.03797
vt 0.62500 0.16195
vn -0.3647 0.8691 0.3342
v 0.30177 1.98333 0.03797
vt 0.62500 0.16195
vn -0.3647 0.8691 0.3342
v 0.31249 1.98473 -0.00394
vt 0.62500 0.20523
vn -0.1385 0.8554 -0.4991
v 0.22777 1.95004 -0.03304
vt 0.68750 0.20523
vn -0.2011 0.8298 -0.5206
v 0.30177 1.98333 0.03797
vt 0.62500 0.16195
vn -0.3647 0.8691 0.3342
v 0.22777 1.95004 -0.03304
vt 0.68750 0.20523
vn -0.2011 0.8298 -0.5206
v 0.21221 1.94666 0.00720
vt 0.68750 0.16195
vn -0.5295 0.8016 0.2776
v 0.21221 1.94666 0.00720
vt 0.68750 0.16195
vn -0.5295 0.8016 0.2776
v 0.22777 1.95004 -0.03304
vt 0.68750 0.20523
vn -0.2011 0.8298 -0.5206
v 0.15352 1.90336 -0.07221
vt 0.75000 0.20523
vn -0.2560 0.7953 -0.5495
v 0.21221 1.94666 0.00720
vt 0.68750 0.16195
vn -0.5295 0.8016 0.2776
v 0.15352 1.90336 -0.07221
vt 0.75000 0.20523
vn -0.2560 0.7953 -0.5495
v 0.13372 1.89732 -0.03421
vt 0.75000 0.16195
vn -0.6740 0.7108 0.2014
v 0.13372 1.89732 -0.03421
vt 0.75000 0.16195
vn -0.6740 0.7108 0.2014
v 0.15352 1.90336 -0.07221
vt 0.75000 0.20523
vn -0.2560 0.7953 -0.5495
v 0.09258 1.84648 -0.11994
vt 0.81250 0.20523
vn -0.3010 0.7533 -0.5848
v 0.13372 1.89732 -0.03421
vt 0.75000 0.16195
vn -0.6740 0.7108 0.2014
v 0.09258 1.84648 -0.11994
vt 0.81250 0.20523
vn -0.3010 0.7533 -0.5848
v 0.06930 1.83718 -0.08466
vt 0.81250 0.16195
vn -0.7925 0.6001 0.1086
v 0.06930 1.83718 -0.08466
vt 0.81250 0.16195
vn -0.7925 0.6001 0.1086
v 0.09258 1.84648 -0.11994
vt 0.81250 0.20523
vn -0.3010 0.7533 -0.5848
v 0.04730 1.78158 -0.17439
vt 0.87500 0.20523
vn -0.3345 0.7053 -0.6250
v 0.06930 1.83718 -0.08466
vt 0.81250 0.16195
vn -0.7925 0.6001 0.1086
v 0.04730 1.78158 -0.17439
vt 0.87500 0.20523
vn -0.3345 0.7053 -0.6250
v 0.02143 1.76858 -0.14223
vt 0.87500 0.16195
vn -0.8806 0.4739 0.0027
v 0.02143 1.76858 -0.14223
vt 0.87500 0.16195
vn -0.8806 0.4739 0.0027
v 0.04730 1.78158 -0.17439
vt 0.87500 0.20523
vn -0.3345 0.7053 -0.6250
v 0.01942 1.71117 -0.23348
vt 0.93750 0.20523
vn -0.3551 0.6533 -0.6687
v 0.02143 1.76858 -0.14223
vt 0.87500 0.16195
vn -0.8806 0.4739 0.0027
v 0.01942 1.71117 -0.23348
vt 0.93750 0.20523
vn -0.3551 0.6533 -0.6687
v -0.00805 1.69414 -0.20469
vt 0.93750 0.16195
vn -0.9348 0.3369 -0.1123
v -0.00805 1.69414 -0.20469
vt 0.93750 0.16195
vn -0.9348 0.3369 -0.1123
v 0.01942 1.71117 -0.23348
vt 0.93750 0.20523
vn -0.3551 0.6533 -0.6687
v 0.01000 1.63794 -0.29493
vt 1.00000 0.20523
vn -0.3620 0.5992 -0.7141
v -0.00805 1.69414 -0.20469
vt 0.93750 0.16195
vn -0.9348 0.3369 -0.1123
v 0.01000 1.63794 -0.29493
vt 1.00000 0.20523
vn -0.3620 0.5992 -0.7141
v -0.01800 1.61673 -0.26965
vt 1.00000 0.16195
vn -0.9531 0.1945 -0.2318
v -0.01800 1.61673 -0.26965
vt 0.00000 0.16195
vn -0.9531 0.1945 -0.2318
v 0.01000 1.63794 -0.29493
vt 0.00000 0.20523
vn -0.3620 0.5992 -0.7141
v 0.01942 1.56471 -0.35637
vt 0.06250 0.20523
vn -0.3551 0.5451 -0.7595
v -0.01800 1.61673 -0.26965
vt 0.00000 0.16195
vn -0.9531 0.1945 -0.2318
v 0.01942 1.56471 -0.35637
vt 0.06250 0.20523
vn -0.3551 0.5451 -0.7595
v -0.00805 1.53931 -0.33461
vt 0.06250 0.16195
vn -0.9348 0.0521 -0.3513
v -0.00805 1.53931 -0.33461
vt 0.06250 0.16195
vn -0.9348 0.0521 -0.3513
v 0.01942 1.56471 -0.35637
vt 0.06250 0.20523
vn -0.3551 0.5451 -0.7595
v 0.04730 1.49429 -0.41546
vt 0.12500 0.20523
vn -0.3345 0.4931 -0.8031
v -0.00805 1.53931 -0.33461
vt 0.06250 0.16195
vn -0.9348 0.0521 -0.3513
v 0.04730 1.49429 -0.41546
vt 0.12500 0.20523
vn -0.3345 0.4931 -0.8031
v 0.02143 1.46487 -0.39707
vt 0.12500 0.16195
vn -0.8806 -0.0849 -0.4662
v 0.02143 1.46487 -0.39707
vt 0.12500 0.16195
vn -0.8806 -0.0849 -0.4662
v 0.04730 1.49429 -0.41546
vt 0.12500 0.20523
vn -0.3345 0.4931 -0.8031
v 0.09258 1.42940 -0.46991
vt 0.18750 0.20523
vn -0.3010 0.4451 -0.8434
v 0.02143 1.46487 -0.39707
vt 0.12500 0.16195
vn -0.8806 -0.0849 -0.4662
v 0.09258 1.42940 -0.46991
vt 0.18750 0.20523
vn -0.3010 0.4451 -0.8434
v 0.06930 1.39627 -0.45463
vt 0.18750 0.16195
vn -0.7925 -0.2111 -0.5722
v 0.06930 1.39627 -0.45463
vt 0.18750 0.16195
vn -0.7925 -0.2111 -0.5722
v 0.09258 1.42940 -0.46991
vt 0.18750 0.20523
vn -0.3010 0.4451 -0.8434
v 0.15352 1.37252 -0.51764
vt 0.25000 0.20523
vn -0.2560 0.4031 -0.8786
v 0.06930 1.39627 -0.45463
vt 0.18750 0.16195
vn -0.7925 -0.2111 -0.5722
v 0.15352 1.37252 -0.51764
vt 0.25000 0.20523
vn -0.2560 0.4031 -0.8786
v 0.13372 1.33614 -0.50509
vt 0.25000 0.16195
vn -0.6740 -0.3218 -0.6650
v 0.13372 1.33614 -0.50509
vt 0.25000 0.16195
vn -0.6740 -0.3218 -0.6650
v 0.15352 1.37252 -0.51764
vt 0.25000 0.20523
vn -0.2560 0.4031 -0.8786
v 0.22777 1.32584 -0.55681
vt 0.31250 0.20523
vn -0.2011 0.3686 -0.9076
v 0.13372 1.33614 -0.50509
vt 0.25000 0.16195
vn -0.6740 -0.3218 -0.6650
v 0.22777 1.32584 -0.55681
vt 0.31250 0.20523
vn -0.2011 0.3686 -0.9076
v 0.21221 1.28679 -0.54650
vt 0.31250 0.16195
vn -0.5295 -0.4126 -0.7412
v 0.21221 1.28679 -0.54650
vt 0.31250 0.16195
vn -0.5295 -0.4126 -0.7412
v 0.22777 1.32584 -0.55681
vt 0.31250 0.20523
vn -0.2011 0.3686 -0.9076
v 0.31249 1.29115 -0.58592
vt 0.37500 0.20523
vn -0.1385 0.3430 -0.9291
v 0.21221 1.28679 -0.54650
vt 0.31250 0.16195
vn -0.5295 -0.4126 -0.7412
v 0.31249 1.29115 -0.58592
vt 0.37500 0.20523
vn -0.1385 0.3430 -0.9291
v 0.30177 1.25012 -0.57727
vt 0.37500 0.16195
vn -0.3647 -0.4801 -0.7978
v 0.30177 1.25012 -0.57727
vt 0.37500 0.16195
vn -0.3647 -0.4801 -0.7978
v 0.31249 1.29115 -0.58592
vt 0.37500 0.20523
vn -0.1385 0.3430 -0.9291
v 0.40441 1.26979 -0.60384
vt 0.43750 0.20523
vn -0.0706 0.3272 -0.9423
v 0.30177 1.25012 -0.57727
vt 0.37500 0.16195
vn -0.3647 -0.4801 -0.7978
v 0.40441 1.26979 -0.60384
vt 0.43750 0.20523
vn -0.0706 0.3272 -0.9423
v 0.39894 1.22754 -0.59621
vt 0.43750 0.16195
vn -0.1859 -0.5216 -0.8327
v 0.39894 1.22754 -0.59621
vt 0.43750 0.16195
vn -0.1859 -0.5216 -0.8327
v 0.40441 1.26979 -0.60384
vt 0.43750 0.20523
vn -0.0706 0.3272 -0.9423
v 0.50000 1.26258 -0.60989
vt 0.50000 0.20523
vn -0.0000 0.3219 -0.9468
v 0.39894 1.22754 -0.59621
vt 0.43750 0.16195
vn -0.1859 -0.5216 -0.8327
v 0.50000 1.26258 -0.60989
vt 0.50000 0.20523
vn -0.0000 0.3219 -0.9468
v 0.50000 1.21992 -0.60261
vt 0.50000 0.16195
vn -0.0000 -0.5356 -0.8444
v 0.50000 1.21992 -0.60261
vt 0.50000 0.16195
vn -0.0000 -0.5356 -0.8444
v 0.50000 1.26258 -0.60989
vt 0.50000 0.20523
vn -0.0000 0.3219 -0.9468
v 0.59559 1.26979 -0.60384
vt 0.56250 0.20523
vn 0.0706 0.3272 -0.9423
v 0.50000 1.21992 -0.60261
vt 0.50000 0.16195
vn -0.0000 -0.5356 -0.8444
v 0.59559 1.26979 -0.60384
vt 0.56250 0.20523
vn 0.0706 0.3272 -0.9423
v 0.60106 1.22754 -0.59621
vt 0.56250 0.16195
vn 0.1859 -0.5216 -0.8327
v 0.60106 1.22754 -0.59621
vt 0.56250 0.16195
vn 0.1859 -0.5216 -0.8327
v 0.59559 1.26979 -0.60384
vt 0.56250 0.20523
vn 0.0706 0.3272 -0.9423
v 0.68751 1.29115 -0.58592
vt 0.62500 0.20523
vn 0.1385 0.3430 -0.9291
v 0.60106 1.22754 -0.59621
vt 0.56250 0.16195
vn 0.1859 -0.5216 -0.8327
v 0.68751 1.29115 -0.58592
vt 0.62500 0.20523
vn 0.1385 0.3430 -0.9291
v 0.69823 1.25012 -0.57727
vt 0.62500 0.16195
vn 0.3647 -0.4801 -0.7978
v 0.69823 1.25012 -0.57727
vt 0.62500 0.16195
vn 0.3647 -0.4801 -0.7978
v 0.68751 1.29115 -0.58592
vt 0.62500 0.20523
vn 0.1385 0.3430 -0.9291
v 0.77223 1.32584 -0.55681
vt 0.68750 0.20523
vn 0.2011 0.3686 -0.9076
v 0.69823 1.25012 -0.57727
vt 0.62500 0.16195
vn 0.3647 -0.4801 -0.7978
v 0.77223 1.32584 -0.55681
vt 0.68750 0.20523
vn 0.2011 0.3686 -0.9076
v 0.78779 1.28679 -0.54650
vt 0.68750 0.16195
vn 0.5295 -0.4126 -0.7412
v 0.78779 1.28679 -0.54650
vt 0.68750 0.16195
vn 0.5295 -0.4126 -0.7412
v 0.77223 1.32584 -0.55681
vt 0.68750 0.20523
vn 0.2011 0.3686 -0.9076
v 0.84648 1.37252 -0.51764
vt 0.75000 0.20523
vn 0.2560 0.4031 -0.8786
v 0.78779 1.28679 -0.54650
vt 0.68750 0.16195
vn 0.5295 -0.4126 -0.7412
v 0.84648 1.37252 -0.51764
vt 0.75000 0.20523
vn 0.2560 0.4031 -0.8786
v 0.86628 1.33614 -0.50509
vt 0.75000 0.16195
vn 0.6740 -0.3218 -0.6650
v 0.86628 1.33614 -0.50509
vt 0.75000 0.16195
vn 0.6740 -0.3218 -0.6650
v 0.84648 1.37252 -0.51764
vt 0.75000 0.20523
vn 0.2560 0.4031 -0.8786
v 0.90742 1.42940 -0.46991
vt 0.81250 0.20523
vn 0.3010 0.4451 -0.8434
v 0.86628 1.33614 -0.50509
vt 0.75000 0.16195
vn 0.6740 -0.3218 -0.6650
v 0.90742 1.42940 -0.46991
vt 0.81250 0.20523
vn 0.3010 0.4451 -0.8434
v 0.93070 1.39627 -0.45463
vt 0.81250 0.16195
vn 0.7925 -0.2111 -0.5722
v 0.93070 1.39627 -0.45463
vt 0.81250 0.16195
vn 0.7925 -0.2111 -0.5722
v 0.90742 1.42940 -0.46991
vt 0.81250 0.20523
vn 0.3010 0.4451 -0.8434
v 0.95270 1.49429 -0.41546
vt 0.87500 0.20523
vn 0.3345 0.4931 -0.8031
v 0.93070 1.39627 -0.45463
vt 0.81250 0.16195
vn 0.7925 -0.2111 -0.5722
v 0.95270 1.49429 -0.41546
vt 0.87500 0.20523
vn 0.3345 0.4931 -0.8031
v 0.97857 1.46487 -0.39707
vt 0.87500 0.16195
vn 0.8806 -0.0849 -0.4662
v 0.97857 1.46487 -0.39707
vt 0.87500 0.16195
vn 0.8806 -0.0849 -0.4662
v 0.95270 1.49429 -0.41546
vt 0.87500 0.20523
vn 0.3345 0.4931 -0.8031
v 0.98058 1.56471 -0.35637
vt 0.93750 0.20523
vn 0.3551 0.5451 -0.7595
v 0.97857 1.46487 -0.39707
vt 0.87500 0.16195
vn 0.8806 -0.0849 -0.4662
v 0.98058 1.56471 -0.35637
vt 0.93750 0.20523
vn 0.3551 0.5451 -0.7595
v 1.00805 1.53931 -0.33461
vt 0.93750 0.16195
vn 0.9348 0.0521 -0.3513
v 1.00805 1.53931 -0.33461
vt 0.93750 0.16195
vn 0.9348 0.0521 -0.3513
v 0.98058 1.56471 -0.35637
vt 0.93750 0.20523
vn 0.3551 0.5451 -0.7595
v 0.99000 1.63794 -0.29493
vt 1.00000 0.20523
vn 0.3620 0.5992 -0.7141
v 1.00805 1.53931 -0.33461
vt 0.93750 0.16195
vn 0.9348 0.0521 -0.3513
v 0.99000 1.63794 -0.29493
vt 1.00000 0.20523
vn 0.3620 0.5992 -0.7141
v 1.01800 1.61673 -0.26965
vt 1.00000 0.16195
vn 0.9531 0.1945 -0.2318
v 0.99000 1.63794 -0.29493
vt 0.00000 0.20523
vn 0.3620 0.5992 -0.7141
v 0.91500 1.64244 -0.30029
vt 0.00000 0.28055
vn 0.0929 0.6400 -0.7627
v 0.90703 1.70446 -0.24825
vt 0.06250 0.28055
vn 0.0911 0.6539 -0.7511
v 0.99000 1.63794 -0.29493
vt 0.00000 0.20523
vn 0.3620 0.5992 -0.7141
v 0.90703 1.70446 -0.24825
vt 0.06250 0.28055
vn 0.0911 0.6539 -0.7511
v 0.98058 1.71117 -0.23348
vt 0.06250 0.20523
vn 0.3551 0.6533 -0.6687
v 0.98058 1.71117 -0.23348
vt 0.06250 0.20523
vn 0.3551 0.6533 -0.6687
v 0.90703 1.70446 -0.24825
vt 0.06250 0.28055
vn 0.0911 0.6539 -0.7511
v 0.88341 1.76410 -0.19821
vt 0.12500 0.28055
vn 0.0859 0.6672 -0.7399
v 0.98058 1.71117 -0.23348
vt 0.06250 0.20523
vn 0.3551 0.6533 -0.6687
v 0.88341 1.76410 -0.19821
vt 0.12500 0.28055
vn 0.0859 0.6672 -0.7399
v 0.95270 1.78158 -0.17439
vt 0.12500 0.20523
vn 0.3345 0.7053 -0.6250
v 0.95270 1.78158 -0.17439
vt 0.12500 0.20523
vn 0.3345 0.7053 -0.6250
v 0.88341 1.76410 -0.19821
vt 0.12500 0.28055
vn 0.0859 0.6672 -0.7399
v 0.84506 1.81906 -0.15209
vt 0.18750 0.28055
vn 0.0773 0.6796 -0.7295
v 0.95270 1.78158 -0.17439
vt 0.12500 0.20523
vn 0.3345 0.7053 -0.6250
v 0.84506 1.81906 -0.15209
vt 0.18750 0.28055
vn 0.0773 0.6796 -0.7295
v 0.90742 1.84648 -0.11994
vt 0.18750 0.20523
vn 0.3010 0.7533 -0.5848
v 0.90742 1.84648 -0.11994
vt 0.18750 0.20523
vn 0.3010 0.7533 -0.5848
v 0.84506 1.81906 -0.15209
vt 0.18750 0.28055
vn 0.0773 0.6796 -0.7295
v 0.79345 1.86723 -0.11166
vt 0.25000 0.28055
vn 0.0657 0.6903 -0.7205
v 0.90742 1.84648 -0.11994
vt 0.18750 0.20523
vn 0.3010 0.7533 -0.5848
v 0.79345 1.86723 -0.11166
vt 0.25000 0.28055
vn 0.0657 0.6903 -0.7205
v 0.84648 1.90336 -0.07221
vt 0.25000 0.20523
vn 0.2560 0.7953 -0.5495
v 0.84648 1.90336 -0.07221
vt 0.25000 0.20523
vn 0.2560 0.7953 -0.5495
v 0.79345 1.86723 -0.11166
vt 0.25000 0.28055
vn 0.0657 0.6903 -0.7205
v 0.73056 1.90677 -0.07849
vt 0.31250 0.28055
vn 0.0516 0.6992 -0.7131
v 0.84648 1.90336 -0.07221
vt 0.25000 0.20523
vn 0.2560 0.7953 -0.5495
v 0.73056 1.90677 -0.07849
vt 0.31250 0.28055
vn 0.0516 0.6992 -0.7131
v 0.77223 1.95004 -0.03304
vt 0.31250 0.20523
vn 0.2011 0.8298 -0.5206
v 0.77223 1.95004 -0.03304
vt 0.31250 0.20523
vn 0.2011 0.8298 -0.5206
v 0.73056 1.90677 -0.07849
vt 0.31250 0.28055
vn 0.0516 0.6992 -0.7131
v 0.65881 1.93615 -0.05384
vt 0.37500 0.28055
vn 0.0356 0.7058 -0.7075
v 0.77223 1.95004 -0.03304
vt 0.31250 0.20523
vn 0.2011 0.8298 -0.5206
v 0.65881 1.93615 -0.05384
vt 0.37500 0.28055
vn 0.0356 0.7058 -0.7075
v 0.68751 1.98473 -0.00394
vt 0.37500 0.20523
vn 0.1385 0.8554 -0.4991
v 0.68751 1.98473 -0.00394
vt 0.37500 0.20523
vn 0.1385 0.8554 -0.4991
v 0.65881 1.93615 -0.05384
vt 0.37500 0.28055
vn 0.0356 0.7058 -0.7075
v 0.58096 1.95424 -0.03866
vt 0.43750 0.28055
vn 0.0181 0.7098 -0.7041
v 0.68751 1.98473 -0.00394
vt 0.37500 0.20523
vn 0.1385 0.8554 -0.4991
v 0.58096 1.95424 -0.03866
vt 0.43750 0.28055
vn 0.0181 0.7098 -0.7041
v 0.59559 2.00609 0.01399
vt 0.43750 0.20523
vn 0.0706 0.8712 -0.4859
v 0.59559 2.00609 0.01399
vt 0.43750 0.20523
vn 0.0706 0.8712 -0.4859
v 0.58096 1.95424 -0.03866
vt 0.43750 0.28055
vn 0.0181 0.7098 -0.7041
v 0.50000 1.96035 -0.03353
vt 0.50000 0.28055
vn 0.0000 0.7112 -0.7030
v 0.59559 2.00609 0.01399
vt 0.43750 0.20523
vn 0.0706 0.8712 -0.4859
v 0.50000 1.96035 -0.03353
vt 0.50000 0.28055
vn 0.0000 0.7112 -0.7030
v 0.50000 2.01330 0.02004
vt 0.50000 0.20523
vn 0.0000 0.8765 -0.4814
v 0.50000 2.01330 0.02004
vt 0.50000 0.20523
vn 0.0000 0.8765 -0.4814
v 0.50000 1.96035 -0.03353
vt 0.50000 0.28055
vn 0.0000 0.7112 -0.7030
v 0.41904 1.95424 -0.03866
vt 0.56250 0.28055
vn -0.0181 0.7098 -0.7041
v 0.50000 2.01330 0.02004
vt 0.50000 0.20523
vn 0.0000 0.8765 -0.4814
v 0.41904 1.95424 -0.03866
vt 0.56250 0.28055
vn -0.0181 0.7098 -0.7041
v 0.40441 2.00609 0.01399
vt 0.56250 0.20523
vn -0.0706 0.8712 -0.4859
v 0.40441 2.00609 0.01399
vt 0.56250 0.20523
vn -0.0706 0.8712 -0.4859
v 0.41904 1.95424 -0.03866
vt 0.56250 0.28055
vn -0.0181 0.7098 -0.7041
v 0.34119 1.93615 -0.05384
vt 0.62500 0.28055
vn -0.0356 0.7058 -0.7075
v 0.40441 2.00609 0.01399
vt 0.56250 0.20523
vn -0.0706 0.8712 -0.4859
v 0.34119 1.93615 -0.05384
vt 0.62500 0.28055
vn -0.0356 0.7058 -0.7075
v 0.31249 1.98473 -0.00394
vt 0.62500 0.20523
vn -0.1385 0.8554 -0.4991
v 0.31249 1.98473 -0.00394
vt 0.62500 0.20523
vn -0.1385 0.8554 -0.4991
v 0.34119 1.93615 -0.05384
vt 0.62500 0.28055
vn -0.0356 0.7058 -0.7075
v 0.26944 1.90677 -0.07849
vt 0.68750 0.28055
vn -0.0516 0.6992 -0.7131
v 0.31249 1.98473 -0.00394
vt 0.62500 0.20523
vn -0.1385 0.8554 -0.4991
v 0.26944 1.90677 -0.07849
vt 0.68750 0.28055
vn -0.0516 0.6992 -0.7131
v 0.22777 1.95004 -0.03304
vt 0.68750 0.20523
vn -0.2011 0.8298 -0.5206
v 0.22777 1.95004 -0.03304
vt 0.68750 0.20523
vn -0.2011 0.8298 -0.5206
v 0.26944 1.90677 -0.07849
vt 0.68750 0.28055
vn -0.0516 0.6992 -0.7131
v 0.20655 1.86723 -0.11166
vt 0.75000 0.28055
vn -0.0657 0.6903 -0.7205
v 0.22777 1.95004 -0.03304
vt 0.68750 0.20523
vn -0.2011 0.8298 -0.5206
v 0.20655 1.86723 -0.11166
vt 0.75000 0.28055
vn -0.0657 0.6903 -0.7205
v 0.15352 1.90336 -0.07221
vt 0.75000 0.20523
vn -0.2560 0.7953 -0.5495
v 0.15352 1.90336 -0.07221
vt 0.75000 0.20523
vn -0.2560 0.7953 -0.5495
v 0.20655 1.86723 -0.11166
vt 0.75000 0.28055
vn -0.0657 0.6903 -0.7205
v 0.15494 1.81906 -0.15209
vt 0.81250 0.28055
vn -0.0773 0.6796 -0.7295
v 0.15352 1.90336 -0.07221
vt 0.75000 0.20523
vn -0.2560 0.7953 -0.5495
v 0.15494 1.81906 -0.15209
vt 0.81250 0.28055
vn -0.0773 0.6796 -0.7295
v 0.09258 1.84648 -0.11994
vt 0.81250 0.20523
vn -0.3010 0.7533 -0.5848
v 0.09258 1.84648 -0.11994
vt 0.81250 0.20523
vn -0.3010 0.7533 -0.5848
v 0.15494 1.81906 -0.15209
vt 0.81250 0.28055
vn -0.0773 0.6796 -0.7295
v 0.11659 1.76410 -0.19821
vt 0.87500 0.28055
vn -0.0859 0.6672 -0.7399
v 0.09258 1.84648 -0.11994
vt 0.81250 0.20523
vn -0.3010 0.7533 -0.5848
v 0.11659 1.76410 -0.19821
vt 0.87500 0.28055
vn -0.0859 0.6672 -0.7399
v 0.04730 1.78158 -0.17439
vt 0.87500 0.20523
vn -0.3345 0.7053 -0.6250
v 0.04730 1.78158 -0.17439
vt 0.87500 0.20523
vn -0.3345 0.7053 -0.6250
v 0.11659 1.76410 -0.19821
vt 0.87500 0.28055
vn -0.0859 0.6672 -0.7399
v 0.09297 1.70446 -0.24825
vt 0.93750 0.28055
vn -0.0911 0.6539 -0.7511
v 0.04730 1.78158 -0.17439
vt 0.87500 0.20523
vn -0.3345 0.7053 -0.6250
v 0.09297 1.70446 -0.24825
vt 0.93750 0.28055
vn -0.0911 0.6539 -0.7511
v 0.01942 1.71117 -0.23348
vt 0.93750 0.20523
vn -0.3551 0.6533 -0.6687
v 0.01942 1.71117 -0.23348
vt 0.93750 0.20523
vn -0.3551 0.6533 -0.6687
v 0.09297 1.70446 -0.24825
vt 0.93750 0.28055
vn -0.0911 0.6539 -0.7511
v 0.08500 1.64244 -0.30029
vt 1.00000 0.28055
vn -0.0929 0.6400 -0.7627
v 0.01942 1.71117 -0.23348
vt 0.93750 0.20523
vn -0.3551 0.6533 -0.6687
v 0.08500 1.64244 -0.30029
vt 1.00000 0.28055
vn -0.0929 0.6400 -0.7627
v 0.01000 1.63794 -0.29493
vt 1.00000 0.20523
vn -0.3620 0.5992 -0.7141
v 0.01000 1.63794 -0.29493
vt 0.00000 0.20523
vn -0.3620 0.5992 -0.7141
v 0.08500 1.64244 -0.30029
vt 0.00000 0.28055
vn -0.0929 0.6400 -0.7627
v 0.09297 1.58042 -0.35233
vt 0.06250 0.28055
vn -0.0911 0.6261 -0.7744
v 0.01000 1.63794 -0.29493
vt 0.00000 0.20523
vn -0.3620 0.5992 -0.7141
v 0.09297 1.58042 -0.35233
vt 0.06250 0.28055
vn -0.0911 0.6261 -0.7744
v 0.01942 1.56471 -0.35637
vt 0.06250 0.20523
vn -0.3551 0.5451 -0.7595
v 0.01942 1.56471 -0.35637
vt 0.06250 0.20523
vn -0.3551 0.5451 -0.7595
v 0.09297 1.58042 -0.35233
vt 0.06250 0.28055
vn -0.0911 0.6261 -0.7744
v 0.11659 1.52078 -0.40237
vt 0.12500 0.28055
vn -0.0859 0.6128 -0.7856
v 0.01942 1.56471 -0.35637
vt 0.06250 0.20523
vn -0.3551 0.5451 -0.7595
v 0.11659 1.52078 -0.40237
vt 0.12500 0.28055
vn -0.0859 0.6128 -0.7856
v 0.04730 1.49429 -0.41546
vt 0.12500 0.20523
vn -0.3345 0.4931 -0.8031
v 0.04730 1.49429 -0.41546
vt 0.12500 0.20523
vn -0.3345 0.4931 -0.8031
v 0.11659 1.52078 -0.40237
vt 0.12500 0.28055
vn -0.0859 0.6128 -0.7856
v 0.15494 1.46582 -0.44849
vt 0.18750 0.28055
vn -0.0773 0.6005 -0.7959
v 0.04730 1.49429 -0.41546
vt 0.12500 0.20523
vn -0.3345 0.4931 -0.8031
v 0.15494 1.46582 -0.44849
vt 0.18750 0.28055
vn -0.0773 0.6005 -0.7959
v 0.09258 1.42940 -0.46991
vt 0.18750 0.20523
vn -0.3010 0.4451 -0.8434
v 0.09258 1.42940 -0.46991
vt 0.18750 0.20523
vn -0.3010 0.4451 -0.8434
v 0.15494 1.46582 -0.44849
vt 0.18750 0.28055
vn -0.0773 0.6005 -0.7959
v 0.20655 1.41764 -0.48891
vt 0.25000 0.28055
vn -0.0657 0.5897 -0.8050
v 0.09258 1.42940 -0.46991
vt 0.18750 0.20523
vn -0.3010 0.4451 -0.8434
v 0.20655 1.41764 -0.48891
vt 0.25000 0.28055
vn -0.0657 0.5897 -0.8050
v 0.15352 1.37252 -0.51764
vt 0.25000 0.20523
vn -0.2560 0.4031 -0.8786
v 0.15352 1.37252 -0.51764
vt 0.25000 0.20523
vn -0.2560 0.4031 -0.8786
v 0.20655 1.41764 -0.48891
vt 0.25000 0.28055
vn -0.0657 0.5897 -0.8050
v 0.26944 1.37811 -0.52209
vt 0.31250 0.28055
vn -0.0516 0.5808 -0.8124
v 0.15352 1.37252 -0.51764
vt 0.25000 0.20523
vn -0.2560 0.4031 -0.8786
v 0.26944 1.37811 -0.52209
vt 0.31250 0.28055
vn -0.0516 0.5808 -0.8124
v 0.22777 1.32584 -0.55681
vt 0.31250 0.20523
vn -0.2011 0.3686 -0.9076
v 0.22777 1.32584 -0.55681
vt 0.31250 0.20523
vn -0.2011 0.3686 -0.9076
v 0.26944 1.37811 -0.52209
vt 0.31250 0.28055
vn -0.0516 0.5808 -0.8124
v 0.34119 1.34873 -0.54674
vt 0.37500 0.28055
vn -0.0356 0.5742 -0.8179
v 0.22777 1.32584 -0.55681
vt 0.31250 0.20523
vn -0.2011 0.3686 -0.9076
v 0.34119 1.34873 -0.54674
vt 0.37500 0.28055
vn -0.0356 0.5742 -0.8179
v 0.31249 1.29115 -0.58592
vt 0.37500 0.20523
vn -0.1385 0.3430 -0.9291
v 0.31249 1.29115 -0.58592
vt 0.37500 0.20523
vn -0.1385 0.3430 -0.9291
v 0.34119 1.34873 -0.54674
vt 0.37500 0.28055
vn -0.0356 0.5742 -0.8179
v 0.41904 1.33064 -0.56192
vt 0.43750 0.28055
vn -0.0181 0.5702 -0.8213
v 0.31249 1.29115 -0.58592
vt 0.37500 0.20523
vn -0.1385 0.3430 -0.9291
v 0.41904 1.33064 -0.56192
vt 0.43750 0.28055
vn -0.0181 0.5702 -0.8213
v 0.40441 1.26979 -0.60384
vt 0.43750 0.20523
vn -0.0706 0.3272 -0.9423
v 0.40441 1.26979 -0.60384
vt 0.43750 0.20523
vn -0.0706 0.3272 -0.9423
v 0.41904 1.33064 -0.56192
vt 0.43750 0.28055
vn -0.0181 0.5702 -0.8213
v 0.50000 1.32453 -0.56705
vt 0.50000 0.28055
vn -0.0000 0.5688 -0.8225
v 0.40441 1.26979 -0.60384
vt 0.43750 0.20523
vn -0.0706 0.3272 -0.9423
v 0.50000 1.32453 -0.56705
vt 0.50000 0.28055
vn -0.0000 0.5688 -0.8225
v 0.50000 1.26258 -0.60989
vt 0.50000 0.20523
vn -0.0000 0.3219 -0.9468
v 0.50000 1.26258 -0.60989
vt 0.50000 0.20523
vn -0.0000 0.3219 -0.9468
v 0.50000 1.32453 -0.56705
vt 0.50000 0.28055
vn -0.0000 0.5688 -0.8225
v 0.58096 1.33064 -0.56192
vt 0.56250 0.28055
vn 0.0181 0.5702 -0.8213
v 0.50000 1.26258 -0.60989
vt 0.50000 0.20523
vn -0.0000 0.3219 -0.9468
v 0.58096 1.33064 -0.56192
vt 0.56250 0.28055
vn 0.0181 0.5702 -0.8213
v 0.59559 1.26979 -0.60384
vt 0.56250 0.20523
vn 0.0706 0.3272 -0.9423
v 0.59559 1.26979 -0.60384
vt 0.56250 0.20523
vn 0.0706 0.3272 -0.9423
v 0.58096 1.33064 -0.56192
vt 0.56250 0.28055
vn 0.0181 0.5702 -0.8213
v 0.65881 1.34873 -0.54674
vt 0.62500 0.28055
vn 0.0356 0.5742 -0.8179
v 0.59559 1.26979 -0.60384
vt 0.56250 0.20523
vn 0.0706 0.3272 -0.9423
v 0.65881 1.34873 -0.54674
vt 0.62500 0.28055
vn 0.0356 0.5742 -0.8179
v 0.68751 1.29115 -0.58592
vt 0.62500 0.20523
vn 0.1385 0.3430 -0.9291
v 0.68751 1.29115 -0.58592
vt 0.62500 0.20523
vn 0.1385 0.3430 -0.9291
v 0.65881 1.34873 -0.54674
vt 0.62500 0.28055
vn 0.0356 0.5742 -0.8179
v 0.73056 1.37811 -0.52209
vt 0.68750 0.28055
vn 0.0516 0.5808 -0.8124
v 0.68751 1.29115 -0.58592
vt 0.62500 0.20523
vn 0.1385 0.3430 -0.9291
v 0.73056 1.37811 -0.52209
vt 0.68750 0.28055
vn 0.0516 0.5808 -0.8124
v 0.77223 1.32584 -0.55681
vt 0.68750 0.20523
vn 0.2011 0.3686 -0.9076
v 0.77223 1.32584 -0.55681
vt 0.68750 0.20523
vn 0.2011 0.3686 -0.9076
v 0.73056 1.37811 -0.52209
vt 0.68750 0.28055
vn 0.0516 0.5808 -0.8124
v 0.79345 1.41764 -0.48891
vt 0.75000 0.28055
vn 0.0657 0.5897 -0.8050
v 0.77223 1.32584 -0.55681
vt 0.68750 0.20523
vn 0.2011 0.3686 -0.9076
v 0.79345 1.41764 -0.48891
vt 0.75000 0.28055
vn 0.0657 0.5897 -0.8050
v 0.84648 1.37252 -0.51764
vt 0.75000 0.20523
vn 0.2560 0.4031 -0.8786
v 0.84648 1.37252 -0.51764
vt 0.75000 0.20523
vn 0.2560 0.4031 -0.8786
v 0.79345 1.41764 -0.48891
vt 0.75000 0.28055
vn 0.0657 0.5897 -0.8050
v 0.84506 1.46582 -0.44849
vt 0.81250 0.28055
vn 0.0773 0.6005 -0.7959
v 0.84648 1.37252 -0.51764
vt 0.75000 0.20523
vn 0.2560 0.4031 -0.8786
v 0.84506 1.46582 -0.44849
vt 0.81250 0.28055
vn 0.0773 0.6005 -0.7959
v 0.90742 1.42940 -0.46991
vt 0.81250 0.20523
vn 0.3010 0.4451 -0.8434
v 0.90742 1.42940 -0.46991
vt 0.81250 0.20523
vn 0.3010 0.4451 -0.8434
v 0.84506 1.46582 -0.44849
vt 0.81250 0.28055
vn 0.0773 0.6005 -0.7959
v 0.88341 1.52078 -0.40237
vt 0.87500 0.28055
vn 0.0859 0.6128 -0.7856
v 0.90742 1.42940 -0.46991
vt 0.81250 0.20523
vn 0.3010 0.4451 -0.8434
v 0.88341 1.52078 -0.40237
vt 0.87500 0.28055
vn 0.0859 0.6128 -0.7856
v 0.95270 1.49429 -0.41546
vt 0.87500 0.20523
vn 0.3345 0.4931 -0.8031
v 0.95270 1.49429 -0.41546
vt 0.87500 0.20523
vn 0.3345 0.4931 -0.8031
v 0.88341 1.52078 -0.40237
vt 0.87500 0.28055
vn 0.0859 0.6128 -0.7856
v 0.90703 1.58042 -0.35233
vt 0.93750 0.28055
vn 0.0911 0.6261 -0.7744
v 0.95270 1.49429 -0.41546
vt 0.87500 0.20523
vn 0.3345 0.4931 -0.8031
v 0.90703 1.58042 -0.35233
vt 0.93750 0.28055
vn 0.0911 0.6261 -0.7744
v 0.98058 1.56471 -0.35637
vt 0.93750 0.20523
vn 0.3551 0.5451 -0.7595
v 0.98058 1.56471 -0.35637
vt 0.93750 0.20523
vn 0.3551 0.5451 -0.7595
v 0.90703 1.58042 -0.35233
vt 0.93750 0.28055
vn 0.0911 0.6261 -0.7744
v 0.91500 1.64244 -0.30029
vt 1.00000 0.28055
vn 0.0929 0.6400 -0.7627
v 0.98058 1.56471 -0.35637
vt 0.93750 0.20523
vn 0.3551 0.5451 -0.7595
v 0.91500 1.64244 -0.30029
vt 1.00000 0.28055
vn 0.0929 0.6400 -0.7627
v 0.99000 1.63794 -0.29493
vt 1.00000 0.20523
vn 0.3620 0.5992 -0.7141
v 0.80000 0.69433 0.82963
vt 0.00000 0.00000
vn 0.4856 -0.5619 0.6696
v 0.84500 0.71040 0.81048
vt 0.00000 0.05148
vn 0.7740 -0.4070 0.4851
v 0.83635 0.76921 0.85982
vt 0.07143 0.05148
vn 0.7546 -0.2751 0.5958
v 0.80000 0.69433 0.82963
vt 0.00000 0.00000
vn 0.4856 -0.5619 0.6696
v 0.83635 0.76921 0.85982
vt 0.07143 0.05148
vn 0.7546 -0.2751 0.5958
v 0.79248 0.74547 0.87254
vt 0.07143 0.00000
vn 0.4735 -0.4791 0.7391
v 0.79248 0.74547 0.87254
vt 0.07143 0.00000
vn 0.4735 -0.4791 0.7391
v 0.83635 0.76921 0.85982
vt 0.07143 0.05148
vn 0.7546 -0.2751 0.5958
v 0.81083 0.82507 0.90669
vt 0.14286 0.05148
vn 0.6973 -0.1498 0.7009
v 0.79248 0.74547 0.87254
vt 0.07143 0.00000
vn 0.4735 -0.4791 0.7391
v 0.81083 0.82507 0.90669
vt 0.14286 0.05148
vn 0.6973 -0.1498 0.7009
v 0.77029 0.79404 0.91330
vt 0.14286 0.00000
vn 0.4375 -0.4005 0.8051
v 0.77029 0.79404 0.91330
vt 0.14286 0.00000
vn 0.4375 -0.4005 0.8051
v 0.81083 0.82507 0.90669
vt 0.14286 0.05148
vn 0.6973 -0.1498 0.7009
v 0.76973 0.87518 0.94874
vt 0.21429 0.05148
vn 0.6051 -0.0374 0.7953
v 0.77029 0.79404 0.91330
vt 0.14286 0.00000
vn 0.4375 -0.4005 0.8051
v 0.76973 0.87518 0.94874
vt 0.21429 0.05148
vn 0.6051 -0.0374 0.7953
v 0.73455 0.83761 0.94986
vt 0.21429 0.00000
vn 0.3797 -0.3299 0.8643
v 0.73455 0.83761 0.94986
vt 0.21429 0.00000
vn 0.3797 -0.3299 0.8643
v 0.76973 0.87518 0.94874
vt 0.21429 0.05148
vn 0.6051 -0.0374 0.7953
v 0.71510 0.91702 0.98386
vt 0.28571 0.05148
vn 0.4826 0.0565 0.8740
v 0.73455 0.83761 0.94986
vt 0.21429 0.00000
vn 0.3797 -0.3299 0.8643
v 0.71510 0.91702 0.98386
vt 0.28571 0.05148
vn 0.4826 0.0565 0.8740
v 0.68705 0.87400 0.98039
vt 0.28571 0.00000
vn 0.3028 -0.2710 0.9137
v 0.68705 0.87400 0.98039
vt 0.28571 0.00000
vn 0.3028 -0.2710 0.9137
v 0.71510 0.91702 0.98386
vt 0.28571 0.05148
vn 0.4826 0.0565 0.8740
v 0.64969 0.94851 1.01028
vt 0.35714 0.05148
vn 0.3358 0.1271 0.9333
v 0.68705 0.87400 0.98039
vt 0.28571 0.00000
vn 0.3028 -0.2710 0.9137
v 0.64969 0.94851 1.01028
vt 0.35714 0.05148
vn 0.3358 0.1271 0.9333
v 0.63017 0.90138 1.00337
vt 0.35714 0.00000
vn 0.2107 -0.2267 0.9509
v 0.63017 0.90138 1.00337
vt 0.35714 0.00000
vn 0.2107 -0.2267 0.9509
v 0.64969 0.94851 1.01028
vt 0.35714 0.05148
vn 0.3358 0.1271 0.9333
v 0.57677 0.96806 1.02668
vt 0.42857 0.05148
vn 0.1722 0.1710 0.9701
v 0.63017 0.90138 1.00337
vt 0.35714 0.00000
vn 0.2107 -0.2267 0.9509
v 0.57677 0.96806 1.02668
vt 0.42857 0.05148
vn 0.1722 0.1710 0.9701
v 0.56676 0.91838 1.01763
vt 0.42857 0.00000
vn 0.1081 -0.1992 0.9740
v 0.56676 0.91838 1.01763
vt 0.42857 0.00000
vn 0.1081 -0.1992 0.9740
v 0.57677 0.96806 1.02668
vt 0.42857 0.05148
vn 0.1722 0.1710 0.9701
v 0.50000 0.97468 1.03224
vt 0.50000 0.05148
vn 0.0000 0.1858 0.9826
v 0.56676 0.91838 1.01763
vt 0.42857 0.00000
vn 0.1081 -0.1992 0.9740
v 0.50000 0.97468 1.03224
vt 0.50000 0.05148
vn 0.0000 0.1858 0.9826
v 0.50000 0.92414 1.02246
vt 0.50000 0.00000
vn 0.0000 -0.1899 0.9818
v 0.50000 0.92414 1.02246
vt 0.50000 0.00000
vn 0.0000 -0.1899 0.9818
v 0.50000 0.97468 1.03224
vt 0.50000 0.05148
vn 0.0000 0.1858 0.9826
v 0.42323 0.96806 1.02668
vt 0.57143 0.05148
vn -0.1722 0.1710 0.9701
v 0.50000 0.92414 1.02246
vt 0.50000 0.00000
vn 0.0000 -0.1899 0.9818
v 0.42323 0.96806 1.02668
vt 0.57143 0.05148
vn -0.1722 0.1710 0.9701
v 0.43324 0.91838 1.01763
vt 0.57143 0.00000
vn -0.1081 -0.1992 0.9740
v 0.43324 0.91838 1.01763
vt 0.57143 0.00000
vn -0.1081 -0.1992 0.9740
v 0.42323 0.96806 1.02668
vt 0.57143 0.05148
vn -0.1722 0.1710 0.9701
v 0.35031 0.94851 1.01028
vt 0.64286 0.05148
vn -0.3358 0.1271 0.9333
v 0.43324 0.91838 1.01763
vt 0.57143 0.00000
vn -0.1081 -0.1992 0.9740
v 0.35031 0.94851 1.01028
vt 0.64286 0.05148
vn -0.3358 0.1271 0.9333
v 0.36983 0.90138 1.00337
vt 0.64286 0.00000
vn -0.2107 -0.2267 0.9509
v 0.36983 0.90138 1.00337
vt 0.64286 0.00000
vn -0.2107 -0.2267 0.9509
v 0.35031 0.94851 1.01028
vt 0.64286 0.05148
vn -0.3358 0.1271 0.9333
v 0.28490 0.91702 0.98386
vt 0.71429 0.05148
vn -0.4826 0.0565 0.8740
v 0.36983 0.90138 1.00337
vt 0.64286 0.00000
vn -0.2107 -0.2267 0.9509
v 0.28490 0.91702 0.98386
vt 0.71429 0.05148
vn -0.4826 0.0565 0.8740
v 0.31295 0.87400 0.98039
vt 0.71429 0.00000
vn -0.3028 -0.2710 0.9137
v 0.31295 0.87400 0.98039
vt 0.71429 0.00000
vn -0.3028 -0.2710 0.9137
v 0.28490 0.91702 0.98386
vt 0.71429 0.05148
vn -0.4826 0.0565 0.8740
v 0.23027 0.87518 0.94874
vt 0.78571 0.05148
vn -0.6051 -0.0374 0.7953
v 0.31295 0.87400 0.98039
vt 0.71429 0.00000
vn -0.3028 -0.2710 0.9137
v 0.23027 0.87518 0.94874
vt 0.78571 0.05148
vn -0.6051 -0.0374 0.7953
v 0.26545 0.83761 0.94986
vt 0.78571 0.00000
vn -0.3797 -0.3299 0.8643
v 0.26545 0.83761 0.94986
vt 0.78571 0.00000
vn -0.3797 -0.3299 0.8643
v 0.23027 0.87518 0.94874
vt 0.78571 0.05148
vn -0.6051 -0.0374 0.7953
v 0.18917 0.82507 0.90669
vt 0.85714 0.05148
vn -0.6973 -0.1498 0.7009
v 0.26545 0.83761 0.94986
vt 0.78571 0.00000
vn -0.3797 -0.3299 0.8643
v 0.18917 0.82507 0.90669
vt 0.85714 0.05148
vn -0.6973 -0.1498 0.7009
v 0.22971 0.79404 0.91330
vt 0.85714 0.00000
vn -0.4375 -0.4005 0.8051
v 0.22971 0.79404 0.91330
vt 0.85714 0.00000
vn -0.4375 -0.4005 0.8051
v 0.18917 0.82507 0.90669
vt 0.85714 0.05148
vn -0.6973 -0.1498 0.7009
v 0.16365 0.76921 0.85982
vt 0.92857 0.05148
vn -0.7546 -0.2751 0.5958
v 0.22971 0.79404 0.91330
vt 0.85714 0.00000
vn -0.4375 -0.4005 0.8051
v 0.16365 0.76921 0.85982
vt 0.92857 0.05148
vn -0.7546 -0.2751 0.5958
v 0.20752 0.74547 0.87254
vt 0.92857 0.00000
vn -0.4735 -0.4791 0.7391
v 0.20752 0.74547 0.87254
vt 0.92857 0.00000
vn -0.4735 -0.4791 0.7391
v 0.16365 0.76921 0.85982
vt 0.92857 0.05148
vn -0.7546 -0.2751 0.5958
v 0.15500 0.71040 0.81048
vt 1.00000 0.05148
vn -0.7740 -0.4070 0.4851
v 0.20752 0.74547 0.87254
vt 0.92857 0.00000
vn -0.4735 -0.4791 0.7391
v 0.15500 0.71040 0.81048
vt 1.00000 0.05148
vn -0.7740 -0.4070 0.4851
v 0.20000 0.69433 0.82963
vt 1.00000 0.00000
vn -0.4856 -0.5619 0.6696
v 0.20000 0.69433 0.82963
vt 0.00000 0.00000
vn -0.4856 -0.5619 0.6696
v 0.15500 0.71040 0.81048
vt 0.00000 0.05148
vn -0.7740 -0.4070 0.4851
v 0.16365 0.65159 0.76113
vt 0.07143 0.05148
vn -0.7546 -0.5390 0.3744
v 0.20000 0.69433 0.82963
vt 0.00000 0.00000
vn -0.4856 -0.5619 0.6696
v 0.16365 0.65159 0.76113
vt 0.07143 0.05148
vn -0.7546 -0.5390 0.3744
v 0.20752 0.64319 0.78672
vt 0.07143 0.00000
vn -0.4735 -0.6447 0.6002
v 0.20752 0.64319 0.78672
vt 0.07143 0.00000
vn -0.4735 -0.6447 0.6002
v 0.16365 0.65159 0.76113
vt 0.07143 0.05148
vn -0.7546 -0.5390 0.3744
v 0.18917 0.59573 0.71426
vt 0.14286 0.05148
vn -0.6973 -0.6643 0.2692
v 0.20752 0.64319 0.78672
vt 0.07143 0.00000
vn -0.4735 -0.6447 0.6002
v 0.18917 0.59573 0.71426
vt 0.14286 0.05148
vn -0.6973 -0.6643 0.2692
v 0.22971 0.59462 0.74596
vt 0.14286 0.00000
vn -0.4375 -0.7233 0.5342
v 0.22971 0.59462 0.74596
vt 0.14286 0.00000
vn -0.4375 -0.7233 0.5342
v 0.18917 0.59573 0.71426
vt 0.14286 0.05148
vn -0.6973 -0.6643 0.2692
v 0.23027 0.54562 0.67221
vt 0.21429 0.05148
vn -0.6051 -0.7767 0.1749
v 0.22971 0.59462 0.74596
vt 0.14286 0.00000
vn -0.4375 -0.7233 0.5342
v 0.23027 0.54562 0.67221
vt 0.21429 0.05148
vn -0.6051 -0.7767 0.1749
v 0.26545 0.55104 0.70940
vt 0.21429 0.00000
vn -0.3797 -0.7939 0.4750
v 0.26545 0.55104 0.70940
vt 0.21429 0.00000
vn -0.3797 -0.7939 0.4750
v 0.23027 0.54562 0.67221
vt 0.21429 0.05148
vn -0.6051 -0.7767 0.1749
v 0.28490 0.50377 0.63710
vt 0.28571 0.05148
vn -0.4826 -0.8706 0.0961
v 0.26545 0.55104 0.70940
vt 0.21429 0.00000
vn -0.3797 -0.7939 0.4750
v 0.28490 0.50377 0.63710
vt 0.28571 0.05148
vn -0.4826 -0.8706 0.0961
v 0.31295 0.51465 0.67886
vt 0.28571 0.00000
vn -0.3028 -0.8528 0.4256
v 0.31295 0.51465 0.67886
vt 0.28571 0.00000
vn -0.3028 -0.8528 0.4256
v 0.28490 0.50377 0.63710
vt 0.28571 0.05148
vn -0.4826 -0.8706 0.0961
v 0.35031 0.47228 0.61068
vt 0.35714 0.05148
vn -0.3358 -0.9412 0.0369
v 0.31295 0.51465 0.67886
vt 0.28571 0.00000
vn -0.3028 -0.8528 0.4256
v 0.35031 0.47228 0.61068
vt 0.35714 0.05148
vn -0.3358 -0.9412 0.0369
v 0.36983 0.48727 0.65589
vt 0.35714 0.00000
vn -0.2107 -0.8971 0.3884
v 0.36983 0.48727 0.65589
vt 0.35714 0.00000
vn -0.2107 -0.8971 0.3884
v 0.35031 0.47228 0.61068
vt 0.35714 0.05148
vn -0.3358 -0.9412 0.0369
v 0.42323 0.45274 0.59427
vt 0.42857 0.05148
vn -0.1722 -0.9851 0.0001
v 0.36983 0.48727 0.65589
vt 0.35714 0.00000
vn -0.2107 -0.8971 0.3884
v 0.42323 0.45274 0.59427
vt 0.42857 0.05148
vn -0.1722 -0.9851 0.0001
v 0.43324 0.47028 0.64163
vt 0.42857 0.00000
vn -0.1081 -0.9246 0.3653
v 0.43324 0.47028 0.64163
vt 0.42857 0.00000
vn -0.1081 -0.9246 0.3653
v 0.42323 0.45274 0.59427
vt 0.42857 0.05148
vn -0.1722 -0.9851 0.0001
v 0.50000 0.44611 0.58871
vt 0.50000 0.05148
vn -0.0000 -0.9999 -0.0124
v 0.43324 0.47028 0.64163
vt 0.42857 0.00000
vn -0.1081 -0.9246 0.3653
v 0.50000 0.44611 0.58871
vt 0.50000 0.05148
vn -0.0000 -0.9999 -0.0124
v 0.50000 0.46451 0.63679
vt 0.50000 0.00000
vn -0.0000 -0.9339 0.3575
v 0.50000 0.46451 0.63679
vt 0.50000 0.00000
vn -0.0000 -0.9339 0.3575
v 0.50000 0.44611 0.58871
vt 0.50000 0.05148
vn -0.0000 -0.9999 -0.0124
v 0.57677 0.45274 0.59427
vt 0.57143 0.05148
vn 0.1722 -0.9851 0.0001
v 0.50000 0.46451 0.63679
vt 0.50000 0.00000
vn -0.0000 -0.9339 0.3575
v 0.57677 0.45274 0.59427
vt 0.57143 0.05148
vn 0.1722 -0.9851 0.0001
v 0.56676 0.47028 0.64163
vt 0.57143 0.00000
vn 0.1081 -0.9246 0.3653
v 0.56676 0.47028 0.64163
vt 0.57143 0.00000
vn 0.1081 -0.9246 0.3653
v 0.57677 0.45274 0.59427
vt 0.57143 0.05148
vn 0.1722 -0.9851 0.0001
v 0.64969 0.47228 0.61068
vt 0.64286 0.05148
vn 0.3358 -0.9412 0.0369
v 0.56676 0.47028 0.64163
vt 0.57143 0.00000
vn 0.1081 -0.9246 0.3653
v 0.64969 0.47228 0.61068
vt 0.64286 0.05148
vn 0.3358 -0.9412 0.0369
v 0.63017 0.48727 0.65589
vt 0.64286 0.00000
vn 0.2107 -0.8971 0.3884
v 0.63017 0.48727 0.65589
vt 0.64286 0.00000
vn 0.2107 -0.8971 0.3884
v 0.64969 0.47228 0.61068
vt 0.64286 0.05148
vn 0.3358 -0.9412 0.0369
v 0.71510 0.50377 0.63710
vt 0.71429 0.05148
vn 0.4826 -0.8706 0.0961
v 0.63017 0.48727 0.65589
vt 0.64286 0.00000
vn 0.2107 -0.8971 0.3884
v 0.71510 0.50377 0.63710
vt 0.71429 0.05148
vn 0.4826 -0.8706 0.0961
v 0.68705 0.51465 0.67886
vt 0.71429 0.00000
vn 0.3028 -0.8528 0.4256
v 0.68705 0.51465 0.67886
vt 0.71429 0.00000
vn 0.3028 -0.8528 0.4256
v 0.71510 0.50377 0.63710
vt 0.71429 0.05148
vn 0.4826 -0.8706 0.0961
v 0.76973 0.54562 0.67221
vt 0.78571 0.05148
vn 0.6051 -0.7767 0.1749
v 0.68705 0.51465 0.67886
vt 0.71429 0.00000
vn 0.3028 -0.8528 0.4256
v 0.76973 0.54562 0.67221
vt 0.78571 0.05148
vn 0.6051 -0.7767 0.1749
v 0.73455 0.55104 0.70940
vt 0.78571 0.00000
vn 0.3797 -0.7939 0.4750
v 0.73455 0.55104 0.70940
vt 0.78571 0.00000
vn 0.3797 -0.7939 0.4750
v 0.76973 0.54562 0.67221
vt 0.78571 0.05148
vn 0.6051 -0.7767 0.1749
v 0.81083 0.59573 0.71426
vt 0.85714 0.05148
vn 0.6973 -0.6643 0.2692
v 0.73455 0.55104 0.70940
vt 0.78571 0.00000
vn 0.3797 -0.7939 0.4750
v 0.81083 0.59573 0.71426
vt 0.85714 0.05148
vn 0.6973 -0.6643 0.2692
v 0.77029 0.59462 0.74596
vt 0.85714 0.00000
vn 0.4375 -0.7233 0.5342
v 0.77029 0.59462 0.74596
vt 0.85714 0.00000
vn 0.4375 -0.7233 0.5342
v 0.81083 0.59573 0.71426
vt 0.85714 0.05148
vn 0.6973 -0.6643 0.2692
v 0.83635 0.65159 0.76113
vt 0.92857 0.05148
vn 0.7546 -0.5390 0.3744
v 0.77029 0.59462 0.74596
vt 0.85714 0.00000
vn 0.4375 -0.7233 0.5342
v 0.83635 0.65159 0.76113
vt 0.92857 0.05148
vn 0.7546 -0.5390 0.3744
v 0.79248 0.64319 0.78672
vt 0.92857 0.00000
vn 0.4735 -0.6447 0.6002
v 0.79248 0.64319 0.78672
vt 0.92857 0.00000
vn 0.4735 -0.6447 0.6002
v 0.83635 0.65159 0.76113
vt 0.92857 0.05148
vn 0.7546 -0.5390 0.3744
v 0.84500 0.71040 0.81048
vt 1.00000 0.05148
vn 0.7740 -0.4070 0.4851
v 0.79248 0.64319 0.78672
vt 0.92857 0.00000
vn 0.4735 -0.6447 0.6002
v 0.84500 0.71040 0.81048
vt 1.00000 0.05148
vn 0.7740 -0.4070 0.4851
v 0.80000 0.69433 0.82963
vt 1.00000 0.00000
vn 0.4856 -0.5619 0.6696
v 0.84500 0.71040 0.81048
vt 0.00000 0.05148
vn 0.7740 -0.4070 0.4851
v 0.84500 0.72968 0.78749
vt 0.00000 0.08148
vn 0.7071 0.4545 -0.5417
v 0.83635 0.78849 0.83684
vt 0.07143 0.08148
vn 0.6894 0.5751 -0.4405
v 0.84500 0.71040 0.81048
vt 0.00000 0.05148
vn 0.7740 -0.4070 0.4851
v 0.83635 0.78849 0.83684
vt 0.07143 0.08148
vn 0.6894 0.5751 -0.4405
v 0.83635 0.76921 0.85982
vt 0.07143 0.05148
vn 0.7546 -0.2751 0.5958
v 0.83635 0.76921 0.85982
vt 0.07143 0.05148
vn 0.7546 -0.2751 0.5958
v 0.83635 0.78849 0.83684
vt 0.07143 0.08148
vn 0.6894 0.5751 -0.4405
v 0.81083 0.84435 0.88371
vt 0.14286 0.08148
vn 0.6371 0.6895 -0.3445
v 0.83635 0.76921 0.85982
vt 0.07143 0.05148
vn 0.7546 -0.2751 0.5958
v 0.81083 0.84435 0.88371
vt 0.14286 0.08148
vn 0.6371 0.6895 -0.3445
v 0.81083 0.82507 0.90669
vt 0.14286 0.05148
vn 0.6973 -0.1498 0.7009
v 0.81083 0.82507 0.90669
vt 0.14286 0.05148
vn 0.6973 -0.1498 0.7009
v 0.81083 0.84435 0.88371
vt 0.14286 0.08148
vn 0.6371 0.6895 -0.3445
v 0.76973 0.89446 0.92576
vt 0.21429 0.08148
vn 0.5528 0.7922 -0.2583
v 0.81083 0.82507 0.90669
vt 0.14286 0.05148
vn 0.6973 -0.1498 0.7009
v 0.76973 0.89446 0.92576
vt 0.21429 0.08148
vn 0.5528 0.7922 -0.2583
v 0.76973 0.87518 0.94874
vt 0.21429 0.05148
vn 0.6051 -0.0374 0.7953
v 0.76973 0.87518 0.94874
vt 0.21429 0.05148
vn 0.6051 -0.0374 0.7953
v 0.76973 0.89446 0.92576
vt 0.21429 0.08148
vn 0.5528 0.7922 -0.2583
v 0.71510 0.93631 0.96087
vt 0.28571 0.08148
vn 0.4409 0.8780 -0.1863
v 0.76973 0.87518 0.94874
vt 0.21429 0.05148
vn 0.6051 -0.0374 0.7953
v 0.71510 0.93631 0.96087
vt 0.28571 0.08148
vn 0.4409 0.8780 -0.1863
v 0.71510 0.91702 0.98386
vt 0.28571 0.05148
vn 0.4826 0.0565 0.8740
v 0.71510 0.91702 0.98386
vt 0.28571 0.05148
vn 0.4826 0.0565 0.8740
v 0.71510 0.93631 0.96087
vt 0.28571 0.08148
vn 0.4409 0.8780 -0.1863
v 0.64969 0.96779 0.98729
vt 0.35714 0.08148
vn 0.3068 0.9426 -0.1322
v 0.71510 0.91702 0.98386
vt 0.28571 0.05148
vn 0.4826 0.0565 0.8740
v 0.64969 0.96779 0.98729
vt 0.35714 0.08148
vn 0.3068 0.9426 -0.1322
v 0.64969 0.94851 1.01028
vt 0.35714 0.05148
vn 0.3358 0.1271 0.9333
v 0.64969 0.94851 1.01028
vt 0.35714 0.05148
vn 0.3358 0.1271 0.9333
v 0.64969 0.96779 0.98729
vt 0.35714 0.08148
vn 0.3068 0.9426 -0.1322
v 0.57677 0.98734 1.00370
vt 0.42857 0.08148
vn 0.1573 0.9826 -0.0986
v 0.64969 0.94851 1.01028
vt 0.35714 0.05148
vn 0.3358 0.1271 0.9333
v 0.57677 0.98734 1.00370
vt 0.42857 0.08148
vn 0.1573 0.9826 -0.0986
v 0.57677 0.96806 1.02668
vt 0.42857 0.05148
vn 0.1722 0.1710 0.9701
v 0.57677 0.96806 1.02668
vt 0.42857 0.05148
vn 0.1722 0.1710 0.9701
v 0.57677 0.98734 1.00370
vt 0.42857 0.08148
vn 0.1573 0.9826 -0.0986
v 0.50000 0.99397 1.00926
vt 0.50000 0.08148
vn 0.0000 0.9962 -0.0872
v 0.57677 0.96806 1.02668
vt 0.42857 0.05148
vn 0.1722 0.1710 0.9701
v 0.50000 0.99397 1.00926
vt 0.50000 0.08148
vn 0.0000 0.9962 -0.0872
v 0.50000 0.97468 1.03224
vt 0.50000 0.05148
vn 0.0000 0.1858 0.9826
v 0.50000 0.97468 1.03224
vt 0.50000 0.05148
vn 0.0000 0.1858 0.9826
v 0.50000 0.99397 1.00926
vt 0.50000 0.08148
vn 0.0000 0.9962 -0.0872
v 0.42323 0.98734 1.00370
vt 0.57143 0.08148
vn -0.1573 0.9826 -0.0986
v 0.50000 0.97468 1.03224
vt 0.50000 0.05148
vn 0.0000 0.1858 0.9826
v 0.42323 0.98734 1.00370
vt 0.57143 0.08148
vn -0.1573 0.9826 -0.0986
v 0.42323 0.96806 1.02668
vt 0.57143 0.05148
vn -0.1722 0.1710 0.9701
v 0.42323 0.96806 1.02668
vt 0.57143 0.05148
vn -0.1722 0.1710 0.9701
v 0.42323 0.98734 1.00370
vt 0.57143 0.08148
vn -0.1573 0.9826 -0.0986
v 0.35031 0.96779 0.98729
vt 0.64286 0.08148
vn -0.3068 0.9426 -0.1322
v 0.42323 0.96806 1.02668
vt 0.57143 0.05148
vn -0.1722 0.1710 0.9701
v 0.35031 0.96779 0.98729
vt 0.64286 0.08148
vn -0.3068 0.9426 -0.1322
v 0.35031 0.94851 1.01028
vt 0.64286 0.05148
vn -0.3358 0.1271 0.9333
v 0.35031 0.94851 1.01028
vt 0.64286 0.05148
vn -0.3358 0.1271 0.9333
v 0.35031 0.96779 0.98729
vt 0.64286 0.08148
vn -0.3068 0.9426 -0.1322
v 0.28490 0.93631 0.96087
vt 0.71429 0.08148
vn -0.4409 0.8780 -0.1863
v 0.35031 0.94851 1.01028
vt 0.64286 0.05148
vn -0.3358 0.1271 0.9333
v 0.28490 0.93631 0.96087
vt 0.71429 0.08148
vn -0.4409 0.8780 -0.1863
v 0.28490 0.91702 0.98386
vt 0.71429 0.05148
vn -0.4826 0.0565 0.8740
v 0.28490 0.91702 0.98386
vt 0.71429 0.05148
vn -0.4826 0.0565 0.8740
v 0.28490 0.93631 0.96087
vt 0.71429 0.08148
vn -0.4409 0.8780 -0.1863
v 0.23027 0.89446 0.92576
vt 0.78571 0.08148
vn -0.5528 0.7922 -0.2583
v 0.28490 0.91702 0.98386
vt 0.71429 0.05148
vn -0.4826 0.0565 0.8740
v 0.23027 0.89446 0.92576
vt 0.78571 0.08148
vn -0.5528 0.7922 -0.2583
v 0.23027 0.87518 0.94874
vt 0.78571 0.05148
vn -0.6051 -0.0374 0.7953
v 0.23027 0.87518 0.94874
vt 0.78571 0.05148
vn -0.6051 -0.0374 0.7953
v 0.23027 0.89446 0.92576
vt 0.78571 0.08148
vn -0.5528 0.7922 -0.2583
v 0.18917 0.84435 0.88371
vt 0.85714 0.08148
vn -0.6371 0.6895 -0.3445
v 0.23027 0.87518 0.94874
vt 0.78571 0.05148
vn -0.6051 -0.0374 0.7953
v 0.18917 0.84435 0.88371
vt 0.85714 0.08148
vn -0.6371 0.6895 -0.3445
v 0.18917 0.82507 0.90669
vt 0.85714 0.05148
vn -0.6973 -0.1498 0.7009
v 0.18917 0.82507 0.90669
vt 0.85714 0.05148
vn -0.6973 -0.1498 0.7009
v 0.18917 0.84435 0.88371
vt 0.85714 0.08148
vn -0.6371 0.6895 -0.3445
v 0.16365 0.78849 0.83684
vt 0.92857 0.08148
vn -0.6894 0.5751 -0.4405
v 0.18917 0.82507 0.90669
vt 0.85714 0.05148
vn -0.6973 -0.1498 0.7009
v 0.16365 0.78849 0.83684
vt 0.92857 0.08148
vn -0.6894 0.5751 -0.4405
v 0.16365 0.76921 0.85982
vt 0.92857 0.05148
vn -0.7546 -0.2751 0.5958
v 0.16365 0.76921 0.85982
vt 0.92857 0.05148
vn -0.7546 -0.2751 0.5958
v 0.16365 0.78849 0.83684
vt 0.92857 0.08148
vn -0.6894 0.5751 -0.4405
v 0.15500 0.72968 0.78749
vt 1.00000 0.08148
vn -0.7071 0.4545 -0.5417
v 0.16365 0.76921 0.85982
vt 0.92857 0.05148
vn -0.7546 -0.2751 0.5958
v 0.15500 0.72968 0.78749
vt 1.00000 0.08148
vn -0.7071 0.4545 -0.5417
v 0.15500 0.71040 0.81048
vt 1.00000 0.05148
vn -0.7740 -0.4070 0.4851
v 0.15500 0.71040 0.81048
vt 0.00000 0.05148
vn -0.7740 -0.4070 0.4851
v 0.15500 0.72968 0.78749
vt 0.00000 0.08148
vn -0.7071 0.4545 -0.5417
v 0.16365 0.67087 0.73815
vt 0.07143 0.08148
vn -0.6894 0.3340 -0.6428
v 0.15500 0.71040 0.81048
vt 0.00000 0.05148
vn -0.7740 -0.4070 0.4851
v 0.16365 0.67087 0.73815
vt 0.07143 0.08148
vn -0.6894 0.3340 -0.6428
v 0.16365 0.65159 0.76113
vt 0.07143 0.05148
vn -0.7546 -0.5390 0.3744
v 0.16365 0.65159 0.76113
vt 0.07143 0.05148
vn -0.7546 -0.5390 0.3744
v 0.16365 0.67087 0.73815
vt 0.07143 0.08148
vn -0.6894 0.3340 -0.6428
v 0.18917 0.61501 0.69128
vt 0.14286 0.08148
vn -0.6371 0.2195 -0.7389
v 0.16365 0.65159 0.76113
vt 0.07143 0.05148
vn -0.7546 -0.5390 0.3744
v 0.18917 0.61501 0.69128
vt 0.14286 0.08148
vn -0.6371 0.2195 -0.7389
v 0.18917 0.59573 0.71426
vt 0.14286 0.05148
vn -0.6973 -0.6643 0.2692
v 0.18917 0.59573 0.71426
vt 0.14286 0.05148
vn -0.6973 -0.6643 0.2692
v 0.18917 0.61501 0.69128
vt 0.14286 0.08148
vn -0.6371 0.2195 -0.7389
v 0.23027 0.56490 0.64923
vt 0.21429 0.08148
vn -0.5528 0.1168 -0.8251
v 0.18917 0.59573 0.71426
vt 0.14286 0.05148
vn -0.6973 -0.6643 0.2692
v 0.23027 0.56490 0.64923
vt 0.21429 0.08148
vn -0.5528 0.1168 -0.8251
v 0.23027 0.54562 0.67221
vt 0.21429 0.05148
vn -0.6051 -0.7767 0.1749
v 0.23027 0.54562 0.67221
vt 0.21429 0.05148
vn -0.6051 -0.7767 0.1749
v 0.23027 0.56490 0.64923
vt 0.21429 0.08148
vn -0.5528 0.1168 -0.8251
v 0.28490 0.52305 0.61411
vt 0.28571 0.08148
vn -0.4409 0.0310 -0.8970
v 0.23027 0.54562 0.67221
vt 0.21429 0.05148
vn -0.6051 -0.7767 0.1749
v 0.28490 0.52305 0.61411
vt 0.28571 0.08148
vn -0.4409 0.0310 -0.8970
v 0.28490 0.50377 0.63710
vt 0.28571 0.05148
vn -0.4826 -0.8706 0.0961
v 0.28490 0.50377 0.63710
vt 0.28571 0.05148
vn -0.4826 -0.8706 0.0961
v 0.28490 0.52305 0.61411
vt 0.28571 0.08148
vn -0.4409 0.0310 -0.8970
v 0.35031 0.49157 0.58769
vt 0.35714 0.08148
vn -0.3068 -0.0335 -0.9512
v 0.28490 0.50377 0.63710
vt 0.28571 0.05148
vn -0.4826 -0.8706 0.0961
v 0.35031 0.49157 0.58769
vt 0.35714 0.08148
vn -0.3068 -0.0335 -0.9512
v 0.35031 0.47228 0.61068
vt 0.35714 0.05148
vn -0.3358 -0.9412 0.0369
v 0.35031 0.47228 0.61068
vt 0.35714 0.05148
vn -0.3358 -0.9412 0.0369
v 0.35031 0.49157 0.58769
vt 0.35714 0.08148
vn -0.3068 -0.0335 -0.9512
v 0.42323 0.47202 0.57129
vt 0.42857 0.08148
vn -0.1573 -0.0736 -0.9848
v 0.35031 0.47228 0.61068
vt 0.35714 0.05148
vn -0.3358 -0.9412 0.0369
v 0.42323 0.47202 0.57129
vt 0.42857 0.08148
vn -0.1573 -0.0736 -0.9848
v 0.42323 0.45274 0.59427
vt 0.42857 0.05148
vn -0.1722 -0.9851 0.0001
v 0.42323 0.45274 0.59427
vt 0.42857 0.05148
vn -0.1722 -0.9851 0.0001
v 0.42323 0.47202 0.57129
vt 0.42857 0.08148
vn -0.1573 -0.0736 -0.9848
v 0.50000 0.46540 0.56573
vt 0.50000 0.08148
vn -0.0000 -0.0872 -0.9962
v 0.42323 0.45274 0.59427
vt 0.42857 0.05148
vn -0.1722 -0.9851 0.0001
v 0.50000 0.46540 0.56573
vt 0.50000 0.08148
vn -0.0000 -0.0872 -0.9962
v 0.50000 0.44611 0.58871
vt 0.50000 0.05148
vn -0.0000 -0.9999 -0.0124
v 0.50000 0.44611 0.58871
vt 0.50000 0.05148
vn -0.0000 -0.9999 -0.0124
v 0.50000 0.46540 0.56573
vt 0.50000 0.08148
vn -0.0000 -0.0872 -0.9962
v 0.57677 0.47202 0.57129
vt 0.57143 0.08148
vn 0.1573 -0.0736 -0.9848
v 0.50000 0.44611 0.58871
vt 0.50000 0.05148
vn -0.0000 -0.9999 -0.0124
v 0.57677 0.47202 0.57129
vt 0.57143 0.08148
vn 0.1573 -0.0736 -0.9848
v 0.57677 0.45274 0.59427
vt 0.57143 0.05148
vn 0.1722 -0.9851 0.0001
v 0.57677 0.45274 0.59427
vt 0.57143 0.05148
vn 0.1722 -0.9851 0.0001
v 0.57677 0.47202 0.57129
vt 0.57143 0.08148
vn 0.1573 -0.0736 -0.9848
v 0.64969 0.49157 0.58769
vt 0.64286 0.08148
vn 0.3068 -0.0335 -0.9512
v 0.57677 0.45274 0.59427
vt 0.57143 0.05148
vn 0.1722 -0.9851 0.0001
v 0.64969 0.49157 0.58769
vt 0.64286 0.08148
vn 0.3068 -0.0335 -0.9512
v 0.64969 0.47228 0.61068
vt 0.64286 0.05148
vn 0.3358 -0.9412 0.0369
v 0.64969 0.47228 0.61068
vt 0.64286 0.05148
vn 0.3358 -0.9412 0.0369
v 0.64969 0.49157 0.58769
vt 0.64286 0.08148
vn 0.3068 -0.0335 -0.9512
v 0.71510 0.52305 0.61411
vt 0.71429 0.08148
vn 0.4409 0.0310 -0.8970
v 0.64969 0.47228 0.61068
vt 0.64286 0.05148
vn 0.3358 -0.9412 0.0369
v 0.71510 0.52305 0.61411
vt 0.71429 0.08148
vn 0.4409 0.0310 -0.8970
v 0.71510 0.50377 0.63710
vt 0.71429 0.05148
vn 0.4826 -0.8706 0.0961
v 0.71510 0.50377 0.63710
vt 0.71429 0.05148
vn 0.4826 -0.8706 0.0961
v 0.71510 0.52305 0.61411
vt 0.71429 0.08148
vn 0.4409 0.0310 -0.8970
v 0.76973 0.56490 0.64923
vt 0.78571 0.08148
vn 0.5528 0.1168 -0.8251
v 0.71510 0.50377 0.63710
vt 0.71429 0.05148
vn 0.4826 -0.8706 0.0961
v 0.76973 0.56490 0.64923
vt 0.78571 0.08148
vn 0.5528 0.1168 -0.8251
v 0.76973 0.54562 0.67221
vt 0.78571 0.05148
vn 0.6051 -0.7767 0.1749
v 0.76973 0.54562 0.67221
vt 0.78571 0.05148
vn 0.6051 -0.7767 0.1749
v 0.76973 0.56490 0.64923
vt 0.78571 0.08148
vn 0.5528 0.1168 -0.8251
v 0.81083 0.61501 0.69128
vt 0.85714 0.08148
vn 0.6371 0.2195 -0.7389
v 0.76973 0.54562 0.67221
vt 0.78571 0.05148
vn 0.6051 -0.7767 0.1749
v 0.81083 0.61501 0.69128
vt 0.85714 0.08148
vn 0.6371 0.2195 -0.7389
v 0.81083 0.59573 0.71426
vt 0.85714 0.05148
vn 0.6973 -0.6643 0.2692
v 0.81083 0.59573 0.71426
vt 0.85714 0.05148
vn 0.6973 -0.6643 0.2692
v 0.81083 0.61501 0.69128
vt 0.85714 0.08148
vn 0.6371 0.2195 -0.7389
v 0.83635 0.67087 0.73815
vt 0.92857 0.08148
vn 0.6894 0.3340 -0.6428
v 0.81083 0.59573 0.71426
vt 0.85714 0.05148
vn 0.6973 -0.6643 0.2692
v 0.83635 0.67087 0.73815
vt 0.92857 0.08148
vn 0.6894 0.3340 -0.6428
v 0.83635 0.65159 0.76113
vt 0.92857 0.05148
vn 0.7546 -0.5390 0.3744
v 0.83635 0.65159 0.76113
vt 0.92857 0.05148
vn 0.7546 -0.5390 0.3744
v 0.83635 0.67087 0.73815
vt 0.92857 0.08148
vn 0.6894 0.3340 -0.6428
v 0.84500 0.72968 0.78749
vt 1.00000 0.08148
vn 0.7071 0.4545 -0.5417
v 0.83635 0.65159 0.76113
vt 0.92857 0.05148
vn 0.7546 -0.5390 0.3744
v 0.84500 0.72968 0.78749
vt 1.00000 0.08148
vn 0.7071 0.4545 -0.5417
v 0.84500 0.71040 0.81048
vt 1.00000 0.05148
vn 0.7740 -0.4070 0.4851
v 0.84500 0.72968 0.78749
vt 0.00000 0.08148
vn 0.7071 0.4545 -0.5417
v 0.80000 0.73932 0.77600
vt 0.00000 0.12891
vn 0.3162 0.6098 -0.7267
v 0.79248 0.79046 0.81891
vt 0.07143 0.12891
vn 0.3083 0.6637 -0.6815
v 0.84500 0.72968 0.78749
vt 0.00000 0.08148
vn 0.7071 0.4545 -0.5417
v 0.79248 0.79046 0.81891
vt 0.07143 0.12891
vn 0.3083 0.6637 -0.6815
v 0.83635 0.78849 0.83684
vt 0.07143 0.08148
vn 0.6894 0.5751 -0.4405
v 0.83635 0.78849 0.83684
vt 0.07143 0.08148
vn 0.6894 0.5751 -0.4405
v 0.79248 0.79046 0.81891
vt 0.07143 0.12891
vn 0.3083 0.6637 -0.6815
v 0.77029 0.83903 0.85967
vt 0.14286 0.12891
vn 0.2849 0.7149 -0.6385
v 0.83635 0.78849 0.83684
vt 0.07143 0.08148
vn 0.6894 0.5751 -0.4405
v 0.77029 0.83903 0.85967
vt 0.14286 0.12891
vn 0.2849 0.7149 -0.6385
v 0.81083 0.84435 0.88371
vt 0.14286 0.08148
vn 0.6371 0.6895 -0.3445
v 0.81083 0.84435 0.88371
vt 0.14286 0.08148
vn 0.6371 0.6895 -0.3445
v 0.77029 0.83903 0.85967
vt 0.14286 0.12891
vn 0.2849 0.7149 -0.6385
v 0.73455 0.88261 0.89624
vt 0.21429 0.12891
vn 0.2472 0.7608 -0.6000
v 0.81083 0.84435 0.88371
vt 0.14286 0.08148
vn 0.6371 0.6895 -0.3445
v 0.73455 0.88261 0.89624
vt 0.21429 0.12891
vn 0.2472 0.7608 -0.6000
v 0.76973 0.89446 0.92576
vt 0.21429 0.08148
vn 0.5528 0.7922 -0.2583
v 0.76973 0.89446 0.92576
vt 0.21429 0.08148
vn 0.5528 0.7922 -0.2583
v 0.73455 0.88261 0.89624
vt 0.21429 0.12891
vn 0.2472 0.7608 -0.6000
v 0.68705 0.91900 0.92677
vt 0.28571 0.12891
vn 0.1972 0.7992 -0.5678
v 0.76973 0.89446 0.92576
vt 0.21429 0.08148
vn 0.5528 0.7922 -0.2583
v 0.68705 0.91900 0.92677
vt 0.28571 0.12891
vn 0.1972 0.7992 -0.5678
v 0.71510 0.93631 0.96087
vt 0.28571 0.08148
vn 0.4409 0.8780 -0.1863
v 0.71510 0.93631 0.96087
vt 0.28571 0.08148
vn 0.4409 0.8780 -0.1863
v 0.68705 0.91900 0.92677
vt 0.28571 0.12891
vn 0.1972 0.7992 -0.5678
v 0.63017 0.94638 0.94974
vt 0.35714 0.12891
vn 0.1372 0.8281 -0.5436
v 0.71510 0.93631 0.96087
vt 0.28571 0.08148
vn 0.4409 0.8780 -0.1863
v 0.63017 0.94638 0.94974
vt 0.35714 0.12891
vn 0.1372 0.8281 -0.5436
v 0.64969 0.96779 0.98729
vt 0.35714 0.08148
vn 0.3068 0.9426 -0.1322
v 0.64969 0.96779 0.98729
vt 0.35714 0.08148
vn 0.3068 0.9426 -0.1322
v 0.63017 0.94638 0.94974
vt 0.35714 0.12891
vn 0.1372 0.8281 -0.5436
v 0.56676 0.96337 0.96401
vt 0.42857 0.12891
vn 0.0704 0.8460 -0.5286
v 0.64969 0.96779 0.98729
vt 0.35714 0.08148
vn 0.3068 0.9426 -0.1322
v 0.56676 0.96337 0.96401
vt 0.42857 0.12891
vn 0.0704 0.8460 -0.5286
v 0.57677 0.98734 1.00370
vt 0.42857 0.08148
vn 0.1573 0.9826 -0.0986
v 0.57677 0.98734 1.00370
vt 0.42857 0.08148
vn 0.1573 0.9826 -0.0986
v 0.56676 0.96337 0.96401
vt 0.42857 0.12891
vn 0.0704 0.8460 -0.5286
v 0.50000 0.96914 0.96884
vt 0.50000 0.12891
vn 0.0000 0.8520 -0.5235
v 0.57677 0.98734 1.00370
vt 0.42857 0.08148
vn 0.1573 0.9826 -0.0986
v 0.50000 0.96914 0.96884
vt 0.50000 0.12891
vn 0.0000 0.8520 -0.5235
v 0.50000 0.99397 1.00926
vt 0.50000 0.08148
vn 0.0000 0.9962 -0.0872
v 0.50000 0.99397 1.00926
vt 0.50000 0.08148
vn 0.0000 0.9962 -0.0872
v 0.50000 0.96914 0.96884
vt 0.50000 0.12891
vn 0.0000 0.8520 -0.5235
v 0.43324 0.96337 0.96401
vt 0.57143 0.12891
vn -0.0704 0.8460 -0.5286
v 0.50000 0.99397 1.00926
vt 0.50000 0.08148
vn 0.0000 0.9962 -0.0872
v 0.43324 0.96337 0.96401
vt 0.57143 0.12891
vn -0.0704 0.8460 -0.5286
v 0.42323 0.98734 1.00370
vt 0.57143 0.08148
vn -0.1573 0.9826 -0.0986
v 0.42323 0.98734 1.00370
vt 0.57143 0.08148
vn -0.1573 0.9826 -0.0986
v 0.43324 0.96337 0.96401
vt 0.57143 0.12891
vn -0.0704 0.8460 -0.5286
v 0.36983 0.94638 0.94974
vt 0.64286 0.12891
vn -0.1372 0.8281 -0.5436
v 0.42323 0.98734 1.00370
vt 0.57143 0.08148
vn -0.1573 0.9826 -0.0986
v 0.36983 0.94638 0.94974
vt 0.64286 0.12891
vn -0.1372 0.8281 -0.5436
v 0.35031 0.96779 0.98729
vt 0.64286 0.08148
vn -0.3068 0.9426 -0.1322
v 0.35031 0.96779 0.98729
vt 0.64286 0.08148
vn -0.3068 0.9426 -0.1322
v 0.36983 0.94638 0.94974
vt 0.64286 0.12891
vn -0.1372 0.8281 -0.5436
v 0.31295 0.91900 0.92677
vt 0.71429 0.12891
vn -0.1972 0.7992 -0.5678
v 0.35031 0.96779 0.98729
vt 0.64286 0.08148
vn -0.3068 0.9426 -0.1322
v 0.31295 0.91900 0.92677
vt 0.71429 0.12891
vn -0.1972 0.7992 -0.5678
v 0.28490 0.93631 0.96087
vt 0.71429 0.08148
vn -0.4409 0.8780 -0.1863
v 0.28490 0.93631 0.96087
vt 0.71429 0.08148
vn -0.4409 0.8780 -0.1863
v 0.31295 0.91900 0.92677
vt 0.71429 0.12891
vn -0.1972 0.7992 -0.5678
v 0.26545 0.88261 0.89624
vt 0.78571 0.12891
vn -0.2472 0.7608 -0.6000
v 0.28490 0.93631 0.96087
vt 0.71429 0.08148
vn -0.4409 0.8780 -0.1863
v 0.26545 0.88261 0.89624
vt 0.78571 0.12891
vn -0.2472 0.7608 -0.6000
v 0.23027 0.89446 0.92576
vt 0.78571 0.08148
vn -0.5528 0.7922 -0.2583
v 0.23027 0.89446 0.92576
vt 0.78571 0.08148
vn -0.5528 0.7922 -0.2583
v 0.26545 0.88261 0.89624
vt 0.78571 0.12891
vn -0.2472 0.7608 -0.6000
v 0.22971 0.83903 0.85967
vt 0.85714 0.12891
vn -0.2849 0.7149 -0.6385
v 0.23027 0.89446 0.92576
vt 0.78571 0.08148
vn -0.5528 0.7922 -0.2583
v 0.22971 0.83903 0.85967
vt 0.85714 0.12891
vn -0.2849 0.7149 -0.6385
v 0.18917 0.84435 0.88371
vt 0.85714 0.08148
vn -0.6371 0.6895 -0.3445
v 0.18917 0.84435 0.88371
vt 0.85714 0.08148
vn -0.6371 0.6895 -0.3445
v 0.22971 0.83903 0.85967
vt 0.85714 0.12891
vn -0.2849 0.7149 -0.6385
v 0.20752 0.79046 0.81891
vt 0.92857 0.12891
vn -0.3083 0.6637 -0.6815
v 0.18917 0.84435 0.88371
vt 0.85714 0.08148
vn -0.6371 0.6895 -0.3445
v 0.20752 0.79046 0.81891
vt 0.92857 0.12891
vn -0.3083 0.6637 -0.6815
v 0.16365 0.78849 0.83684
vt 0.92857 0.08148
vn -0.6894 0.5751 -0.4405
v 0.16365 0.78849 0.83684
vt 0.92857 0.08148
vn -0.6894 0.5751 -0.4405
v 0.20752 0.79046 0.81891
vt 0.92857 0.12891
vn -0.3083 0.6637 -0.6815
v 0.20000 0.73932 0.77600
vt 1.00000 0.12891
vn -0.3162 0.6098 -0.7267
v 0.16365 0.78849 0.83684
vt 0.92857 0.08148
vn -0.6894 0.5751 -0.4405
v 0.20000 0.73932 0.77600
vt 1.00000 0.12891
vn -0.3162 0.6098 -0.7267
v 0.15500 0.72968 0.78749
vt 1.00000 0.08148
vn -0.7071 0.4545 -0.5417
v 0.15500 0.72968 0.78749
vt 0.00000 0.08148
vn -0.7071 0.4545 -0.5417
v 0.20000 0.73932 0.77600
vt 0.00000 0.12891
vn -0.3162 0.6098 -0.7267
v 0.20752 0.68818 0.73309
vt 0.07143 0.12891
vn -0.3083 0.5559 -0.7720
v 0.15500 0.72968 0.78749
vt 0.00000 0.08148
vn -0.7071 0.4545 -0.5417
v 0.20752 0.68818 0.73309
vt 0.07143 0.12891
vn -0.3083 0.5559 -0.7720
v 0.16365 0.67087 0.73815
vt 0.07143 0.08148
vn -0.6894 0.3340 -0.6428
v 0.16365 0.67087 0.73815
vt 0.07143 0.08148
vn -0.6894 0.3340 -0.6428
v 0.20752 0.68818 0.73309
vt 0.07143 0.12891
vn -0.3083 0.5559 -0.7720
v 0.22971 0.63961 0.69234
vt 0.14286 0.12891
vn -0.2849 0.5047 -0.8149
v 0.16365 0.67087 0.73815
vt 0.07143 0.08148
vn -0.6894 0.3340 -0.6428
v 0.22971 0.63961 0.69234
vt 0.14286 0.12891
vn -0.2849 0.5047 -0.8149
v 0.18917 0.61501 0.69128
vt 0.14286 0.08148
vn -0.6371 0.2195 -0.7389
v 0.18917 0.61501 0.69128
vt 0.14286 0.08148
vn -0.6371 0.2195 -0.7389
v 0.22971 0.63961 0.69234
vt 0.14286 0.12891
vn -0.2849 0.5047 -0.8149
v 0.26545 0.59604 0.65577
vt 0.21429 0.12891
vn -0.2472 0.4588 -0.8535
v 0.18917 0.61501 0.69128
vt 0.14286 0.08148
vn -0.6371 0.2195 -0.7389
v 0.26545 0.59604 0.65577
vt 0.21429 0.12891
vn -0.2472 0.4588 -0.8535
v 0.23027 0.56490 0.64923
vt 0.21429 0.08148
vn -0.5528 0.1168 -0.8251
v 0.23027 0.56490 0.64923
vt 0.21429 0.08148
vn -0.5528 0.1168 -0.8251
v 0.26545 0.59604 0.65577
vt 0.21429 0.12891
vn -0.2472 0.4588 -0.8535
v 0.31295 0.55965 0.62524
vt 0.28571 0.12891
vn -0.1972 0.4204 -0.8857
v 0.23027 0.56490 0.64923
vt 0.21429 0.08148
vn -0.5528 0.1168 -0.8251
v 0.31295 0.55965 0.62524
vt 0.28571 0.12891
vn -0.1972 0.4204 -0.8857
v 0.28490 0.52305 0.61411
vt 0.28571 0.08148
vn -0.4409 0.0310 -0.8970
v 0.28490 0.52305 0.61411
vt 0.28571 0.08148
vn -0.4409 0.0310 -0.8970
v 0.31295 0.55965 0.62524
vt 0.28571 0.12891
vn -0.1972 0.4204 -0.8857
v 0.36983 0.53227 0.60226
vt 0.35714 0.12891
vn -0.1372 0.3915 -0.9099
v 0.28490 0.52305 0.61411
vt 0.28571 0.08148
vn -0.4409 0.0310 -0.8970
v 0.36983 0.53227 0.60226
vt 0.35714 0.12891
vn -0.1372 0.3915 -0.9099
v 0.35031 0.49157 0.58769
vt 0.35714 0.08148
vn -0.3068 -0.0335 -0.9512
v 0.35031 0.49157 0.58769
vt 0.35714 0.08148
vn -0.3068 -0.0335 -0.9512
v 0.36983 0.53227 0.60226
vt 0.35714 0.12891
vn -0.1372 0.3915 -0.9099
v 0.43324 0.51527 0.58800
vt 0.42857 0.12891
vn -0.0704 0.3736 -0.9249
v 0.35031 0.49157 0.58769
vt 0.35714 0.08148
vn -0.3068 -0.0335 -0.9512
v 0.43324 0.51527 0.58800
vt 0.42857 0.12891
vn -0.0704 0.3736 -0.9249
v 0.42323 0.47202 0.57129
vt 0.42857 0.08148
vn -0.1573 -0.0736 -0.9848
v 0.42323 0.47202 0.57129
vt 0.42857 0.08148
vn -0.1573 -0.0736 -0.9848
v 0.43324 0.51527 0.58800
vt 0.42857 0.12891
vn -0.0704 0.3736 -0.9249
v 0.50000 0.50951 0.58317
vt 0.50000 0.12891
vn -0.0000 0.3676 -0.9300
v 0.42323 0.47202 0.57129
vt 0.42857 0.08148
vn -0.1573 -0.0736 -0.9848
v 0.50000 0.50951 0.58317
vt 0.50000 0.12891
vn -0.0000 0.3676 -0.9300
v 0.50000 0.46540 0.56573
vt 0.50000 0.08148
vn -0.0000 -0.0872 -0.9962
v 0.50000 0.46540 0.56573
vt 0.50000 0.08148
vn -0.0000 -0.0872 -0.9962
v 0.50000 0.50951 0.58317
vt 0.50000 0.12891
vn -0.0000 0.3676 -0.9300
v 0.56676 0.51527 0.58800
vt 0.57143 0.12891
vn 0.0704 0.3736 -0.9249
v 0.50000 0.46540 0.56573
vt 0.50000 0.08148
vn -0.0000 -0.0872 -0.9962
v 0.56676 0.51527 0.58800
vt 0.57143 0.12891
vn 0.0704 0.3736 -0.9249
v 0.57677 0.47202 0.57129
vt 0.57143 0.08148
vn 0.1573 -0.0736 -0.9848
v 0.57677 0.47202 0.57129
vt 0.57143 0.08148
vn 0.1573 -0.0736 -0.9848
v 0.56676 0.51527 0.58800
vt 0.57143 0.12891
vn 0.0704 0.3736 -0.9249
v 0.63017 0.53227 0.60226
vt 0.64286 0.12891
vn 0.1372 0.3915 -0.9099
v 0.57677 0.47202 0.57129
vt 0.57143 0.08148
vn 0.1573 -0.0736 -0.9848
v 0.63017 0.53227 0.60226
vt 0.64286 0.12891
vn 0.1372 0.3915 -0.9099
v 0.64969 0.49157 0.58769
vt 0.64286 0.08148
vn 0.3068 -0.0335 -0.9512
v 0.64969 0.49157 0.58769
vt 0.64286 0.08148
vn 0.3068 -0.0335 -0.9512
v 0.63017 0.53227 0.60226
vt 0.64286 0.12891
vn 0.1372 0.3915 -0.9099
v 0.68705 0.55965 0.62524
vt 0.71429 0.12891
vn 0.1972 0.4204 -0.8857
v 0.64969 0.49157 0.58769
vt 0.64286 0.08148
vn 0.3068 -0.0335 -0.9512
v 0.68705 0.55965 0.62524
vt 0.71429 0.12891
vn 0.1972 0.4204 -0.8857
v 0.71510 0.52305 0.61411
vt 0.71429 0.08148
vn 0.4409 0.0310 -0.8970
v 0.71510 0.52305 0.61411
vt 0.71429 0.08148
vn 0.4409 0.0310 -0.8970
v 0.68705 0.55965 0.62524
vt 0.71429 0.12891
vn 0.1972 0.4204 -0.8857
v 0.73455 0.59604 0.65577
vt 0.78571 0.12891
vn 0.2472 0.4588 -0.8535
v 0.71510 0.52305 0.61411
vt 0.71429 0.08148
vn 0.4409 0.0310 -0.8970
v 0.73455 0.59604 0.65577
vt 0.78571 0.12891
vn 0.2472 0.4588 -0.8535
v 0.76973 0.56490 0.64923
vt 0.78571 0.08148
vn 0.5528 0.1168 -0.8251
v 0.76973 0.56490 0.64923
vt 0.78571 0.08148
vn 0.5528 0.1168 -0.8251
v 0.73455 0.59604 0.65577
vt 0.78571 0.12891
vn 0.2472 0.4588 -0.8535
v 0.77029 0.63961 0.69234
vt 0.85714 0.12891
vn 0.2849 0.5047 -0.8149
v 0.76973 0.56490 0.64923
vt 0.78571 0.08148
vn 0.5528 0.1168 -0.8251
v 0.77029 0.63961 0.69234
vt 0.85714 0.12891
vn 0.2849 0.5047 -0.8149
v 0.81083 0.61501 0.69128
vt 0.85714 0.08148
vn 0.6371 0.2195 -0.7389
v 0.81083 0.61501 0.69128
vt 0.85714 0.08148
vn 0.6371 0.2195 -0.7389
v 0.77029 0.63961 0.69234
vt 0.85714 0.12891
vn 0.2849 0.5047 -0.8149
v 0.79248 0.68818 0.73309
vt 0.92857 0.12891
vn 0.3083 0.5559 -0.7720
v 0.81083 0.61501 0.69128
vt 0.85714 0.08148
vn 0.6371 0.2195 -0.7389
v 0.79248 0.68818 0.73309
vt 0.92857 0.12891
vn 0.3083 0.5559 -0.7720
v 0.83635 0.67087 0.73815
vt 0.92857 0.08148
vn 0.6894 0.3340 -0.6428
v 0.83635 0.67087 0.73815
vt 0.92857 0.08148
vn 0.6894 0.3340 -0.6428
v 0.79248 0.68818 0.73309
vt 0.92857 0.12891
vn 0.3083 0.5559 -0.7720
v 0.80000 0.73932 0.77600
vt 1.00000 0.12891
vn 0.3162 0.6098 -0.7267
v 0.83635 0.67087 0.73815
vt 0.92857 0.08148
vn 0.6894 0.3340 -0.6428
v 0.80000 0.73932 0.77600
vt 1.00000 0.12891
vn 0.3162 0.6098 -0.7267
v 0.84500 0.72968 0.78749
vt 1.00000 0.08148
vn 0.7071 0.4545 -0.5417
v 0.50000 0.68659 0.03471
vt 0.00000 0.00000
vn 0.0000 -0.2110 -0.9775
v 0.48869 0.91754 -0.01035
vt 0.12500 0.23526
vn -0.7071 -0.1492 -0.6912
v 0.50000 0.91655 -0.01493
vt 0.00000 0.23526
vn 0.0000 -0.2110 -0.9775
v 0.50000 0.68659 0.03471
vt 0.00000 0.00000
vn 0.0000 -0.2110 -0.9775
v 0.48869 0.68758 0.03930
vt 0.12500 0.00000
vn -0.7071 -0.1492 -0.6912
v 0.48869 0.91754 -0.01035
vt 0.12500 0.23526
vn -0.7071 -0.1492 -0.6912
v 0.48869 0.68758 0.03930
vt 0.12500 0.00000
vn -0.7071 -0.1492 -0.6912
v 0.48400 0.91993 0.00071
vt 0.25000 0.23526
vn -1.0000 -0.0000 -0.0000
v 0.48869 0.91754 -0.01035
vt 0.12500 0.23526
vn -0.7071 -0.1492 -0.6912
v 0.48869 0.68758 0.03930
vt 0.12500 0.00000
vn -0.7071 -0.1492 -0.6912
v 0.48400 0.68996 0.05035
vt 0.25000 0.00000
vn -1.0000 -0.0000 -0.0000
v 0.48400 0.91993 0.00071
vt 0.25000 0.23526
vn -1.0000 -0.0000 -0.0000
v 0.48400 0.68996 0.05035
vt 0.25000 0.00000
vn -1.0000 -0.0000 -0.0000
v 0.48869 0.92231 0.01177
vt 0.37500 0.23526
vn -0.7071 0.1492 0.6912
v 0.48400 0.91993 0.00071
vt 0.25000 0.23526
vn -1.0000 -0.0000 -0.0000
v 0.48400 0.68996 0.05035
vt 0.25000 0.00000
vn -1.0000 -0.0000 -0.0000
v 0.48869 0.69235 0.06141
vt 0.37500 0.00000
vn -0.7071 0.1492 0.6912
v 0.48869 0.92231 0.01177
vt 0.37500 0.23526
vn -0.7071 0.1492 0.6912
v 0.48869 0.69235 0.06141
vt 0.37500 0.00000
vn -0.7071 0.1492 0.6912
v 0.50000 0.92330 0.01635
vt 0.50000 0.23526
vn -0.0000 0.2110 0.9775
v 0.48869 0.92231 0.01177
vt 0.37500 0.23526
vn -0.7071 0.1492 0.6912
v 0.48869 0.69235 0.06141
vt 0.37500 0.00000
vn -0.7071 0.1492 0.6912
v 0.50000 0.69334 0.06599
vt 0.50000 0.00000
vn -0.0000 0.2110 0.9775
v 0.50000 0.92330 0.01635
vt 0.50000 0.23526
vn -0.0000 0.2110 0.9775
v 0.50000 0.69334 0.06599
vt 0.50000 0.00000
vn -0.0000 0.2110 0.9775
v 0.51131 0.92231 0.01177
vt 0.62500 0.23526
vn 0.7071 0.1492 0.6912
v 0.50000 0.92330 0.01635
vt 0.50000 0.23526
vn -0.0000 0.2110 0.9775
v 0.50000 0.69334 0.06599
vt 0.50000 0.00000
vn -0.0000 0.2110 0.9775
v 0.51131 0.69235 0.06141
vt 0.62500 0.00000
vn 0.7071 0.1492 0.6912
v 0.51131 0.92231 0.01177
vt 0.62500 0.23526
vn 0.7071 0.1492 0.6912
v 0.51131 0.69235 0.06141
vt 0.62500 0.00000
vn 0.7071 0.1492 0.6912
v 0.51600 0.91993 0.00071
vt 0.75000 0.23526
vn 1.0000 0.0000 0.0000
v 0.51131 0.92231 0.01177
vt 0.62500 0.23526
vn 0.7071 0.1492 0.6912
v 0.51131 0.69235 0.06141
vt 0.62500 0.00000
vn 0.7071 0.1492 0.6912
v 0.51600 0.68996 0.05035
vt 0.75000 0.00000
vn 1.0000 0.0000 0.0000
v 0.51600 0.91993 0.00071
vt 0.75000 0.23526
vn 1.0000 0.0000 0.0000
v 0.51600 0.68996 0.05035
vt 0.75000 0.00000
vn 1.0000 0.0000 0.0000
v 0.51131 0.91754 -0.01035
vt 0.87500 0.23526
vn 0.7071 -0.1492 -0.6912
v 0.51600 0.91993 0.00071
vt 0.75000 0.23526
vn 1.0000 0.0000 0.0000
v 0.51600 0.68996 0.05035
vt 0.75000 0.00000
vn 1.0000 0.0000 0.0000
v 0.51131 0.68758 0.03930
vt 0.87500 0.00000
vn 0.7071 -0.1492 -0.6912
v 0.51131 0.91754 -0.01035
vt 0.87500 0.23526
vn 0.7071 -0.1492 -0.6912
v 0.51131 0.68758 0.03930
vt 0.87500 0.00000
vn 0.7071 -0.1492 -0.6912
v 0.50000 0.91655 -0.01493
vt 1.00000 0.23526
vn 0.0000 -0.2110 -0.9775
v 0.51131 0.91754 -0.01035
vt 0.87500 0.23526
vn 0.7071 -0.1492 -0.6912
v 0.51131 0.68758 0.03930
vt 0.87500 0.00000
vn 0.7071 -0.1492 -0.6912
v 0.50000 0.68659 0.03471
vt 1.00000 0.00000
vn 0.0000 -0.2110 -0.9775
v 0.50000 0.91655 -0.01493
vt 1.00000 0.23526
vn 0.0000 -0.2110 -0.9775
v 0.50000 0.68996 0.05035
vt 0.00000 0.00000
vn -0.0000 -0.9775 0.2110
v 0.48869 0.68758 0.03930
vt 1.00000 0.00000
vn -0.0000 -0.9775 0.2110
v 0.50000 0.68659 0.03471
vt 1.00000 1.00000
vn -0.0000 -0.9775 0.2110
v 0.50000 0.68996 0.05035
vt 0.00000 0.00000
vn -0.0000 -0.9775 0.2110
v 0.48400 0.68996 0.05035
vt 1.00000 0.00000
vn -0.0000 -0.9775 0.2110
v 0.48869 0.68758 0.03930
vt 1.00000 1.00000
vn -0.0000 -0.9775 0.2110
v 0.50000 0.68996 0.05035
vt 0.00000 0.00000
vn -0.0000 -0.9775 0.2110
v 0.48869 0.69235 0.06141
vt 1.00000 0.00000
vn -0.0000 -0.9775 0.2110
v 0.48400 0.68996 0.05035
vt 1.00000 1.00000
vn -0.0000 -0.9775 0.2110
v 0.50000 0.68996 0.05035
vt 0.00000 0.00000
vn -0.0000 -0.9775 0.2110
v 0.50000 0.69334 0.06599
vt 1.00000 0.00000
vn -0.0000 -0.9775 0.2110
v 0.48869 0.69235 0.06141
vt 1.00000 1.00000
vn -0.0000 -0.9775 0.2110
v 0.50000 0.68996 0.05035
vt 0.00000 0.00000
vn -0.0000 -0.9775 0.2110
v 0.51131 0.69235 0.06141
vt 1.00000 0.00000
vn -0.0000 -0.9775 0.2110
v 0.50000 0.69334 0.06599
vt 1.00000 1.00000
vn -0.0000 -0.9775 0.2110
v 0.50000 0.68996 0.05035
vt 0.00000 0.00000
vn -0.0000 -0.9775 0.2110
v 0.51600 0.68996 0.05035
vt 1.00000 0.00000
vn -0.0000 -0.9775 0.2110
v 0.51131 0.69235 0.06141
vt 1.00000 1.00000
vn -0.0000 -0.9775 0.2110
v 0.50000 0.68996 0.05035
vt 0.00000 0.00000
vn -0.0000 -0.9775 0.2110
v 0.51131 0.68758 0.03930
vt 1.00000 0.00000
vn -0.0000 -0.9775 0.2110
v 0.51600 0.68996 0.05035
vt 1.00000 1.00000
vn -0.0000 -0.9775 0.2110
v 0.50000 0.68996 0.05035
vt 0.00000 0.00000
vn -0.0000 -0.9775 0.2110
v 0.50000 0.68659 0.03471
vt 1.00000 0.00000
vn -0.0000 -0.9775 0.2110
v 0.51131 0.68758 0.03930
vt 1.00000 1.00000
vn -0.0000 -0.9775 0.2110
v 0.50000 0.91993 0.00071
vt 0.00000 0.00000
vn 0.0000 0.9775 -0.2110
v 0.50000 0.91655 -0.01493
vt 1.00000 0.00000
vn 0.0000 0.9775 -0.2110
v 0.48869 0.91754 -0.01035
vt 1.00000 1.00000
vn 0.0000 0.9775 -0.2110
v 0.50000 0.91993 0.00071
vt 0.00000 0.00000
vn 0.0000 0.9775 -0.2110
v 0.48869 0.91754 -0.01035
vt 1.00000 0.00000
vn 0.0000 0.9775 -0.2110
v 0.48400 0.91993 0.00071
vt 1.00000 1.00000
vn 0.0000 0.9775 -0.2110
v 0.50000 0.91993 0.00071
vt 0.00000 0.00000
vn 0.0000 0.9775 -0.2110
v 0.48400 0.91993 0.00071
vt 1.00000 0.00000
vn 0.0000 0.9775 -0.2110
v 0.48869 0.92231 0.01177
vt 1.00000 1.00000
vn 0.0000 0.9775 -0.2110
v 0.50000 0.91993 0.00071
vt 0.00000 0.00000
vn 0.0000 0.9775 -0.2110
v 0.48869 0.92231 0.01177
vt 1.00000 0.00000
vn 0.0000 0.9775 -0.2110
v 0.50000 0.92330 0.01635
vt 1.00000 1.00000
vn 0.0000 0.9775 -0.2110
v 0.50000 0.91993 0.00071
vt 0.00000 0.00000
vn 0.0000 0.9775 -0.2110
v 0.50000 0.92330 0.01635
vt 1.00000 0.00000
vn 0.0000 0.9775 -0.2110
v 0.51131 0.92231 0.01177
vt 1.00000 1.00000
vn 0.0000 0.9775 -0.2110
v 0.50000 0.91993 0.00071
vt 0.00000 0.00000
vn 0.0000 0.9775 -0.2110
v 0.51131 0.92231 0.01177
vt 1.00000 0.00000
vn 0.0000 0.9775 -0.2110
v 0.51600 0.91993 0.00071
vt 1.00000 1.00000
vn 0.0000 0.9775 -0.2110
v 0.50000 0.91993 0.00071
vt 0.00000 0.00000
vn 0.0000 0.9775 -0.2110
v 0.51600 0.91993 0.00071
vt 1.00000 0.00000
vn 0.0000 0.9775 -0.2110
v 0.51131 0.91754 -0.01035
vt 1.00000 1.00000
vn 0.0000 0.9775 -0.2110
v 0.50000 0.91993 0.00071
vt 0.00000 0.00000
vn 0.0000 0.9775 -0.2110
v 0.51131 0.91754 -0.01035
vt 1.00000 0.00000
vn 0.0000 0.9775 -0.2110
v 0.50000 0.91655 -0.01493
vt 1.00000 1.00000
vn 0.0000 0.9775 -0.2110
v 0.42000 0.46000 0.11200
vt 0.00000 0.00000
vn 0.0000 0.0000 1.0000
v 0.58000 0.44961 0.10600
vt 0.16667 0.16000
vn 0.0000 -0.8660 0.5000
v 0.58000 0.46000 0.11200
vt 0.00000 0.16000
vn 0.0000 0.0000 1.0000
v 0.42000 0.46000 0.11200
vt 0.00000 0.00000
vn 0.0000 0.0000 1.0000
v 0.42000 0.44961 0.10600
vt 0.16667 0.00000
vn 0.0000 -0.8660 0.5000
v 0.58000 0.44961 0.10600
vt 0.16667 0.16000
vn 0.0000 -0.8660 0.5000
v 0.42000 0.44961 0.10600
vt 0.16667 0.00000
vn 0.0000 -0.8660 0.5000
v 0.58000 0.44961 0.09400
vt 0.33333 0.16000
vn 0.0000 -0.8660 -0.5000
v 0.58000 0.44961 0.10600
vt 0.16667 0.16000
vn 0.0000 -0.8660 0.5000
v 0.42000 0.44961 0.10600
vt 0.16667 0.00000
vn 0.0000 -0.8660 0.5000
v 0.42000 0.44961 0.09400
vt 0.33333 0.00000
vn 0.0000 -0.8660 -0.5000
v 0.58000 0.44961 0.09400
vt 0.33333 0.16000
vn 0.0000 -0.8660 -0.5000
v 0.42000 0.44961 0.09400
vt 0.33333 0.00000
vn 0.0000 -0.8660 -0.5000
v 0.58000 0.46000 0.08800
vt 0.50000 0.16000
vn 0.0000 -0.0000 -1.0000
v 0.58000 0.44961 0.09400
vt 0.33333 0.16000
vn 0.0000 -0.8660 -0.5000
v 0.42000 0.44961 0.09400
vt 0.33333 0.00000
vn 0.0000 -0.8660 -0.5000
v 0.42000 0.46000 0.08800
vt 0.50000 0.00000
vn 0.0000 -0.0000 -1.0000
v 0.58000 0.46000 0.08800
vt 0.50000 0.16000
vn 0.0000 -0.0000 -1.0000
v 0.42000 0.46000 0.08800
vt 0.50000 0.00000
vn 0.0000 -0.0000 -1.0000
v 0.58000 0.47039 0.09400
vt 0.66667 0.16000
vn -0.0000 0.8660 -0.5000
v 0.58000 0.46000 0.08800
vt 0.50000 0.16000
vn 0.0000 -0.0000 -1.0000
v 0.42000 0.46000 0.08800
vt 0.50000 0.00000
vn 0.0000 -0.0000 -1.0000
v 0.42000 0.47039 0.09400
vt 0.66667 0.00000
vn -0.0000 0.8660 -0.5000
v 0.58000 0.47039 0.09400
vt 0.66667 0.16000
vn -0.0000 0.8660 -0.5000
v 0.42000 0.47039 0.09400
vt 0.66667 0.00000
vn -0.0000 0.8660 -0.5000
v 0.58000 0.47039 0.10600
vt 0.83333 0.16000
vn 0.0000 0.8660 0.5000
v 0.58000 0.47039 0.09400
vt 0.66667 0.16000
vn -0.0000 0.8660 -0.5000
v 0.42000 0.47039 0.09400
vt 0.66667 0.00000
vn -0.0000 0.8660 -0.5000
v 0.42000 0.47039 0.10600
vt 0.83333 0.00000
vn 0.0000 0.8660 0.5000
v 0.58000 0.47039 0.10600
vt 0.83333 0.16000
vn 0.0000 0.8660 0.5000
v 0.42000 0.47039 0.10600
vt 0.83333 0.00000
vn 0.0000 0.8660 0.5000
v 0.58000 0.46000 0.11200
vt 1.00000 0.16000
vn 0.0000 0.0000 1.0000
v 0.58000 0.47039 0.10600
vt 0.83333 0.16000
vn 0.0000 0.8660 0.5000
v 0.42000 0.47039 0.10600
vt 0.83333 0.00000
vn 0.0000 0.8660 0.5000
v 0.42000 0.46000 0.11200
vt 1.00000 0.00000
vn 0.0000 0.0000 1.0000
v 0.58000 0.46000 0.11200
vt 1.00000 0.16000
vn 0.0000 0.0000 1.0000
v 0.42000 0.46000 0.10000
vt 0.00000 0.00000
vn -1.0000 -0.0000 -0.0000
v 0.42000 0.44961 0.10600
vt 1.00000 0.00000
vn -1.0000 -0.0000 -0.0000
v 0.42000 0.46000 0.11200
vt 1.00000 1.00000
vn -1.0000 -0.0000 -0.0000
v 0.42000 0.46000 0.10000
vt 0.00000 0.00000
vn -1.0000 -0.0000 -0.0000
v 0.42000 0.44961 0.09400
vt 1.00000 0.00000
vn -1.0000 -0.0000 -0.0000
v 0.42000 0.44961 0.10600
vt 1.00000 1.00000
vn -1.0000 -0.0000 -0.0000
v 0.42000 0.46000 0.10000
vt 0.00000 0.00000
vn -1.0000 -0.0000 -0.0000
v 0.42000 0.46000 0.08800
vt 1.00000 0.00000
vn -1.0000 -0.0000 -0.0000
v 0.42000 0.44961 0.09400
vt 1.00000 1.00000
vn -1.0000 -0.0000 -0.0000
v 0.42000 0.46000 0.10000
vt 0.00000 0.00000
vn -1.0000 -0.0000 -0.0000
v 0.42000 0.47039 0.09400
vt 1.00000 0.00000
vn -1.0000 -0.0000 -0.0000
v 0.42000 0.46000 0.08800
vt 1.00000 1.00000
vn -1.0000 -0.0000 -0.0000
v 0.42000 0.46000 0.10000
vt 0.00000 0.00000
vn -1.0000 -0.0000 -0.0000
v 0.42000 0.47039 0.10600
vt 1.00000 0.00000
vn -1.0000 -0.0000 -0.0000
v 0.42000 0.47039 0.09400
vt 1.00000 1.00000
vn -1.0000 -0.0000 -0.0000
v 0.42000 0.46000 0.10000
vt 0.00000 0.00000
vn -1.0000 -0.0000 -0.0000
v 0.42000 0.46000 0.11200
vt 1.00000 0.00000
vn -1.0000 -0.0000 -0.0000
v 0.42000 0.47039 0.10600
vt 1.00000 1.00000
vn -1.0000 -0.0000 -0.0000
v 0.58000 0.46000 0.10000
vt 0.00000 0.00000
vn 1.0000 0.0000 0.0000
v 0.58000 0.46000 0.11200
vt 1.00000 0.00000
vn 1.0000 0.0000 0.0000
v 0.58000 0.44961 0.10600
vt 1.00000 1.00000
vn 1.0000 0.0000 0.0000
v 0.58000 0.46000 0.10000
vt 0.00000 0.00000
vn 1.0000 0.0000 0.0000
v 0.58000 0.44961 0.10600
vt 1.00000 0.00000
vn 1.0000 0.0000 0.0000
v 0.58000 0.44961 0.09400
vt 1.00000 1.00000
vn 1.0000 0.0000 0.0000
v 0.58000 0.46000 0.10000
vt 0.00000 0.00000
vn 1.0000 0.0000 0.0000
v 0.58000 0.44961 0.09400
vt 1.00000 0.00000
vn 1.0000 0.0000 0.0000
v 0.58000 0.46000 0.08800
vt 1.00000 1.00000
vn 1.0000 0.0000 0.0000
v 0.58000 0.46000 0.10000
vt 0.00000 0.00000
vn 1.0000 0.0000 0.0000
v 0.58000 0.46000 0.08800
vt 1.00000 0.00000
vn 1.0000 0.0000 0.0000
v 0.58000 0.47039 0.09400
vt 1.00000 1.00000
vn 1.0000 0.0000 0.0000
v 0.58000 0.46000 0.10000
vt 0.00000 0.00000
vn 1.0000 0.0000 0.0000
v 0.58000 0.47039 0.09400
vt 1.00000 0.00000
vn 1.0000 0.0000 0.0000
v 0.58000 0.47039 0.10600
vt 1.00000 1.00000
vn 1.0000 0.0000 0.0000
v 0.58000 0.46000 0.10000
vt 0.00000 0.00000
vn 1.0000 0.0000 0.0000
v 0.58000 0.47039 0.10600
vt 1.00000 0.00000
vn 1.0000 0.0000 0.0000
v 0.58000 0.46000 0.11200
vt 1.00000 1.00000
vn 1.0000 0.0000 0.0000
v 0.82800 1.18285 0.24743
vt 0.00000 0.00000
vn 0.8321 -0.3566 0.4249
v 0.83800 1.19249 0.23594
vt 0.00000 0.01803
vn 0.9912 -0.0850 0.1012
v 0.83151 1.24300 0.27833
vt 0.06250 0.01803
vn 0.9722 0.0632 0.2255
v 0.82800 1.18285 0.24743
vt 0.00000 0.00000
vn 0.8321 -0.3566 0.4249
v 0.83151 1.24300 0.27833
vt 0.06250 0.01803
vn 0.9722 0.0632 0.2255
v 0.82170 1.23186 0.28856
vt 0.06250 0.00000
vn 0.8161 -0.2322 0.5293
v 0.82170 1.23186 0.28856
vt 0.06250 0.00000
vn 0.8161 -0.2322 0.5293
v 0.83151 1.24300 0.27833
vt 0.06250 0.01803
vn 0.9722 0.0632 0.2255
v 0.81227 1.29157 0.31908
vt 0.12500 0.01803
vn 0.9158 0.2056 0.3451
v 0.82170 1.23186 0.28856
vt 0.06250 0.00000
vn 0.8161 -0.2322 0.5293
v 0.81227 1.29157 0.31908
vt 0.12500 0.01803
vn 0.9158 0.2056 0.3451
v 0.80303 1.27900 0.32812
vt 0.12500 0.00000
vn 0.7687 -0.1126 0.6296
v 0.80303 1.27900 0.32812
vt 0.12500 0.00000
vn 0.7687 -0.1126 0.6296
v 0.81227 1.29157 0.31908
vt 0.12500 0.01803
vn 0.9158 0.2056 0.3451
v 0.78104 1.33634 0.35665
vt 0.18750 0.01803
vn 0.8242 0.3369 0.4552
v 0.80303 1.27900 0.32812
vt 0.12500 0.00000
vn 0.7687 -0.1126 0.6296
v 0.78104 1.33634 0.35665
vt 0.18750 0.01803
vn 0.8242 0.3369 0.4552
v 0.77272 1.32244 0.36457
vt 0.18750 0.00000
vn 0.6918 -0.0024 0.7221
v 0.77272 1.32244 0.36457
vt 0.18750 0.00000
vn 0.6918 -0.0024 0.7221
v 0.78104 1.33634 0.35665
vt 0.18750 0.01803
vn 0.8242 0.3369 0.4552
v 0.73900 1.37557 0.38957
vt 0.25000 0.01803
vn 0.7009 0.4520 0.5518
v 0.77272 1.32244 0.36457
vt 0.18750 0.00000
vn 0.6918 -0.0024 0.7221
v 0.73900 1.37557 0.38957
vt 0.25000 0.01803
vn 0.7009 0.4520 0.5518
v 0.73193 1.36052 0.39652
vt 0.25000 0.00000
vn 0.5883 0.0941 0.8031
v 0.73193 1.36052 0.39652
vt 0.25000 0.00000
vn 0.5883 0.0941 0.8031
v 0.73900 1.37557 0.38957
vt 0.25000 0.01803
vn 0.7009 0.4520 0.5518
v 0.68778 1.40777 0.41659
vt 0.31250 0.01803
vn 0.5507 0.5464 0.6310
v 0.73193 1.36052 0.39652
vt 0.25000 0.00000
vn 0.5883 0.0941 0.8031
v 0.68778 1.40777 0.41659
vt 0.31250 0.01803
vn 0.5507 0.5464 0.6310
v 0.68223 1.39176 0.42274
vt 0.31250 0.00000
vn 0.4623 0.1734 0.8696
v 0.68223 1.39176 0.42274
vt 0.31250 0.00000
vn 0.4623 0.1734 0.8696
v 0.68778 1.40777 0.41659
vt 0.31250 0.01803
vn 0.5507 0.5464 0.6310
v 0.62935 1.43170 0.43667
vt 0.37500 0.01803
vn 0.3793 0.6166 0.6899
v 0.68223 1.39176 0.42274
vt 0.31250 0.00000
vn 0.4623 0.1734 0.8696
v 0.62935 1.43170 0.43667
vt 0.37500 0.01803
vn 0.3793 0.6166 0.6899
v 0.62552 1.41498 0.44222
vt 0.37500 0.00000
vn 0.3184 0.2323 0.9190
v 0.62552 1.41498 0.44222
vt 0.37500 0.00000
vn 0.3184 0.2323 0.9190
v 0.62935 1.43170 0.43667
vt 0.37500 0.01803
vn 0.3793 0.6166 0.6899
v 0.56594 1.44644 0.44903
vt 0.43750 0.01803
vn 0.1934 0.6598 0.7261
v 0.62552 1.41498 0.44222
vt 0.37500 0.00000
vn 0.3184 0.2323 0.9190
v 0.56594 1.44644 0.44903
vt 0.43750 0.01803
vn 0.1934 0.6598 0.7261
v 0.56399 1.42928 0.45422
vt 0.43750 0.00000
vn 0.1623 0.2686 0.9495
v 0.56399 1.42928 0.45422
vt 0.43750 0.00000
vn 0.1623 0.2686 0.9495
v 0.56594 1.44644 0.44903
vt 0.43750 0.01803
vn 0.1934 0.6598 0.7261
v 0.50000 1.45141 0.45320
vt 0.50000 0.01803
vn 0.0000 0.6744 0.7384
v 0.56399 1.42928 0.45422
vt 0.43750 0.00000
vn 0.1623 0.2686 0.9495
v 0.50000 1.45141 0.45320
vt 0.50000 0.01803
vn 0.0000 0.6744 0.7384
v 0.50000 1.43411 0.45827
vt 0.50000 0.00000
vn 0.0000 0.2808 0.9598
v 0.50000 1.43411 0.45827
vt 0.50000 0.00000
vn 0.0000 0.2808 0.9598
v 0.50000 1.45141 0.45320
vt 0.50000 0.01803
vn 0.0000 0.6744 0.7384
v 0.43406 1.44644 0.44903
vt 0.56250 0.01803
vn -0.1934 0.6598 0.7261
v 0.50000 1.43411 0.45827
vt 0.50000 0.00000
vn 0.0000 0.2808 0.9598
v 0.43406 1.44644 0.44903
vt 0.56250 0.01803
vn -0.1934 0.6598 0.7261
v 0.43601 1.42928 0.45422
vt 0.56250 0.00000
vn -0.1623 0.2686 0.9495
v 0.43601 1.42928 0.45422
vt 0.56250 0.00000
vn -0.1623 0.2686 0.9495
v 0.43406 1.44644 0.44903
vt 0.56250 0.01803
vn -0.1934 0.6598 0.7261
v 0.37065 1.43170 0.43667
vt 0.62500 0.01803
vn -0.3793 0.6166 0.6899
v 0.43601 1.42928 0.45422
vt 0.56250 0.00000
vn -0.1623 0.2686 0.9495
v 0.37065 1.43170 0.43667
vt 0.62500 0.01803
vn -0.3793 0.6166 0.6899
v 0.37448 1.41498 0.44222
vt 0.62500 0.00000
vn -0.3184 0.2323 0.9190
v 0.37448 1.41498 0.44222
vt 0.62500 0.00000
vn -0.3184 0.2323 0.9190
v 0.37065 1.43170 0.43667
vt 0.62500 0.01803
vn -0.3793 0.6166 0.6899
v 0.31222 1.40777 0.41659
vt 0.68750 0.01803
vn -0.5507 0.5464 0.6310
v 0.37448 1.41498 0.44222
vt 0.62500 0.00000
vn -0.3184 0.2323 0.9190
v 0.31222 1.40777 0.41659
vt 0.68750 0.01803
vn -0.5507 0.5464 0.6310
v 0.31777 1.39176 0.42274
vt 0.68750 0.00000
vn -0.4623 0.1734 0.8696
v 0.31777 1.39176 0.42274
vt 0.68750 0.00000
vn -0.4623 0.1734 0.8696
v 0.31222 1.40777 0.41659
vt 0.68750 0.01803
vn -0.5507 0.5464 0.6310
v 0.26100 1.37557 0.38957
vt 0.75000 0.01803
vn -0.7009 0.4520 0.5518
v 0.31777 1.39176 0.42274
vt 0.68750 0.00000
vn -0.4623 0.1734 0.8696
v 0.26100 1.37557 0.38957
vt 0.75000 0.01803
vn -0.7009 0.4520 0.5518
v 0.26807 1.36052 0.39652
vt 0.75000 0.00000
vn -0.5883 0.0941 0.8031
v 0.26807 1.36052 0.39652
vt 0.75000 0.00000
vn -0.5883 0.0941 0.8031
v 0.26100 1.37557 0.38957
vt 0.75000 0.01803
vn -0.7009 0.4520 0.5518
v 0.21896 1.33634 0.35665
vt 0.81250 0.01803
vn -0.8242 0.3369 0.4552
v 0.26807 1.36052 0.39652
vt 0.75000 0.00000
vn -0.5883 0.0941 0.8031
v 0.21896 1.33634 0.35665
vt 0.81250 0.01803
vn -0.8242 0.3369 0.4552
v 0.22728 1.32244 0.36457
vt 0.81250 0.00000
vn -0.6918 -0.0024 0.7221
v 0.22728 1.32244 0.36457
vt 0.81250 0.00000
vn -0.6918 -0.0024 0.7221
v 0.21896 1.33634 0.35665
vt 0.81250 0.01803
vn -0.8242 0.3369 0.4552
v 0.18773 1.29157 0.31908
vt 0.87500 0.01803
vn -0.9158 0.2056 0.3451
v 0.22728 1.32244 0.36457
vt 0.81250 0.00000
vn -0.6918 -0.0024 0.7221
v 0.18773 1.29157 0.31908
vt 0.87500 0.01803
vn -0.9158 0.2056 0.3451
v 0.19697 1.27900 0.32812
vt 0.87500 0.00000
vn -0.7687 -0.1126 0.6296
v 0.19697 1.27900 0.32812
vt 0.87500 0.00000
vn -0.7687 -0.1126 0.6296
v 0.18773 1.29157 0.31908
vt 0.87500 0.01803
vn -0.9158 0.2056 0.3451
v 0.16849 1.24300 0.27833
vt 0.93750 0.01803
vn -0.9722 0.0632 0.2255
v 0.19697 1.27900 0.32812
vt 0.87500 0.00000
vn -0.7687 -0.1126 0.6296
v 0.16849 1.24300 0.27833
vt 0.93750 0.01803
vn -0.9722 0.0632 0.2255
v 0.17830 1.23186 0.28856
vt 0.93750 0.00000
vn -0.8161 -0.2322 0.5293
v 0.17830 1.23186 0.28856
vt 0.93750 0.00000
vn -0.8161 -0.2322 0.5293
v 0.16849 1.24300 0.27833
vt 0.93750 0.01803
vn -0.9722 0.0632 0.2255
v 0.16200 1.19249 0.23594
vt 1.00000 0.01803
vn -0.9912 -0.0850 0.1012
v 0.17830 1.23186 0.28856
vt 0.93750 0.00000
vn -0.8161 -0.2322 0.5293
v 0.16200 1.19249 0.23594
vt 1.00000 0.01803
vn -0.9912 -0.0850 0.1012
v 0.17200 1.18285 0.24743
vt 1.00000 0.00000
vn -0.8321 -0.3566 0.4249
v 0.17200 1.18285 0.24743
vt 0.00000 0.00000
vn -0.8321 -0.3566 0.4249
v 0.16200 1.19249 0.23594
vt 0.00000 0.01803
vn -0.9912 -0.0850 0.1012
v 0.16849 1.14197 0.19356
vt 0.06250 0.01803
vn -0.9722 -0.2331 -0.0231
v 0.17200 1.18285 0.24743
vt 0.00000 0.00000
vn -0.8321 -0.3566 0.4249
v 0.16849 1.14197 0.19356
vt 0.06250 0.01803
vn -0.9722 -0.2331 -0.0231
v 0.17830 1.13383 0.20630
vt 0.06250 0.00000
vn -0.8161 -0.4809 0.3206
v 0.17830 1.13383 0.20630
vt 0.06250 0.00000
vn -0.8161 -0.4809 0.3206
v 0.16849 1.14197 0.19356
vt 0.06250 0.01803
vn -0.9722 -0.2331 -0.0231
v 0.18773 1.09340 0.15280
vt 0.12500 0.01803
vn -0.9158 -0.3755 -0.1426
v 0.17830 1.13383 0.20630
vt 0.06250 0.00000
vn -0.8161 -0.4809 0.3206
v 0.18773 1.09340 0.15280
vt 0.12500 0.01803
vn -0.9158 -0.3755 -0.1426
v 0.19697 1.08669 0.16675
vt 0.12500 0.00000
vn -0.7687 -0.6005 0.2203
v 0.19697 1.08669 0.16675
vt 0.12500 0.00000
vn -0.7687 -0.6005 0.2203
v 0.18773 1.09340 0.15280
vt 0.12500 0.01803
vn -0.9158 -0.3755 -0.1426
v 0.21896 1.04864 0.11524
vt 0.18750 0.01803
vn -0.8242 -0.5068 -0.2527
v 0.19697 1.08669 0.16675
vt 0.12500 0.00000
vn -0.7687 -0.6005 0.2203
v 0.21896 1.04864 0.11524
vt 0.18750 0.01803
vn -0.8242 -0.5068 -0.2527
v 0.22728 1.04325 0.13030
vt 0.18750 0.00000
vn -0.6918 -0.7107 0.1278
v 0.22728 1.04325 0.13030
vt 0.18750 0.00000
vn -0.6918 -0.7107 0.1278
v 0.21896 1.04864 0.11524
vt 0.18750 0.01803
vn -0.8242 -0.5068 -0.2527
v 0.26100 1.00940 0.08231
vt 0.25000 0.01803
vn -0.7009 -0.6219 -0.3493
v 0.22728 1.04325 0.13030
vt 0.18750 0.00000
vn -0.6918 -0.7107 0.1278
v 0.26100 1.00940 0.08231
vt 0.25000 0.01803
vn -0.7009 -0.6219 -0.3493
v 0.26807 1.00518 0.09835
vt 0.25000 0.00000
vn -0.5883 -0.8073 0.0467
v 0.26807 1.00518 0.09835
vt 0.25000 0.00000
vn -0.5883 -0.8073 0.0467
v 0.26100 1.00940 0.08231
vt 0.25000 0.01803
vn -0.7009 -0.6219 -0.3493
v 0.31222 0.97720 0.05530
vt 0.31250 0.01803
vn -0.5507 -0.7163 -0.4285
v 0.26807 1.00518 0.09835
vt 0.25000 0.00000
vn -0.5883 -0.8073 0.0467
v 0.31222 0.97720 0.05530
vt 0.31250 0.01803
vn -0.5507 -0.7163 -0.4285
v 0.31777 0.97393 0.07213
vt 0.31250 0.00000
vn -0.4623 -0.8865 -0.0198
v 0.31777 0.97393 0.07213
vt 0.31250 0.00000
vn -0.4623 -0.8865 -0.0198
v 0.31222 0.97720 0.05530
vt 0.31250 0.01803
vn -0.5507 -0.7163 -0.4285
v 0.37065 0.95327 0.03522
vt 0.37500 0.01803
vn -0.3793 -0.7865 -0.4874
v 0.31777 0.97393 0.07213
vt 0.31250 0.00000
vn -0.4623 -0.8865 -0.0198
v 0.37065 0.95327 0.03522
vt 0.37500 0.01803
vn -0.3793 -0.7865 -0.4874
v 0.37448 0.95071 0.05265
vt 0.37500 0.00000
vn -0.3184 -0.9454 -0.0692
v 0.37448 0.95071 0.05265
vt 0.37500 0.00000
vn -0.3184 -0.9454 -0.0692
v 0.37065 0.95327 0.03522
vt 0.37500 0.01803
vn -0.3793 -0.7865 -0.4874
v 0.43406 0.93854 0.02285
vt 0.43750 0.01803
vn -0.1934 -0.8297 -0.5237
v 0.37448 0.95071 0.05265
vt 0.37500 0.00000
vn -0.3184 -0.9454 -0.0692
v 0.43406 0.93854 0.02285
vt 0.43750 0.01803
vn -0.1934 -0.8297 -0.5237
v 0.43601 0.93641 0.04065
vt 0.43750 0.00000
vn -0.1623 -0.9817 -0.0996
v 0.43601 0.93641 0.04065
vt 0.43750 0.00000
vn -0.1623 -0.9817 -0.0996
v 0.43406 0.93854 0.02285
vt 0.43750 0.01803
vn -0.1934 -0.8297 -0.5237
v 0.50000 0.93356 0.01868
vt 0.50000 0.01803
vn -0.0000 -0.8443 -0.5359
v 0.43601 0.93641 0.04065
vt 0.43750 0.00000
vn -0.1623 -0.9817 -0.0996
v 0.50000 0.93356 0.01868
vt 0.50000 0.01803
vn -0.0000 -0.8443 -0.5359
v 0.50000 0.93158 0.03660
vt 0.50000 0.00000
vn -0.0000 -0.9939 -0.1099
v 0.50000 0.93158 0.03660
vt 0.50000 0.00000
vn -0.0000 -0.9939 -0.1099
v 0.50000 0.93356 0.01868
vt 0.50000 0.01803
vn -0.0000 -0.8443 -0.5359
v 0.56594 0.93854 0.02285
vt 0.56250 0.01803
vn 0.1934 -0.8297 -0.5237
v 0.50000 0.93158 0.03660
vt 0.50000 0.00000
vn -0.0000 -0.9939 -0.1099
v 0.56594 0.93854 0.02285
vt 0.56250 0.01803
vn 0.1934 -0.8297 -0.5237
v 0.56399 0.93641 0.04065
vt 0.56250 0.00000
vn 0.1623 -0.9817 -0.0996
v 0.56399 0.93641 0.04065
vt 0.56250 0.00000
vn 0.1623 -0.9817 -0.0996
v 0.56594 0.93854 0.02285
vt 0.56250 0.01803
vn 0.1934 -0.8297 -0.5237
v 0.62935 0.95327 0.03522
vt 0.62500 0.01803
vn 0.3793 -0.7865 -0.4874
v 0.56399 0.93641 0.04065
vt 0.56250 0.00000
vn 0.1623 -0.9817 -0.0996
v 0.62935 0.95327 0.03522
vt 0.62500 0.01803
vn 0.3793 -0.7865 -0.4874
v 0.62552 0.95071 0.05265
vt 0.62500 0.00000
vn 0.3184 -0.9454 -0.0692
v 0.62552 0.95071 0.05265
vt 0.62500 0.00000
vn 0.3184 -0.9454 -0.0692
v 0.62935 0.95327 0.03522
vt 0.62500 0.01803
vn 0.3793 -0.7865 -0.4874
v 0.68778 0.97720 0.05530
vt 0.68750 0.01803
vn 0.5507 -0.7163 -0.4285
v 0.62552 0.95071 0.05265
vt 0.62500 0.00000
vn 0.3184 -0.9454 -0.0692
v 0.68778 0.97720 0.05530
vt 0.68750 0.01803
vn 0.5507 -0.7163 -0.4285
v 0.68223 0.97393 0.07213
vt 0.68750 0.00000
vn 0.4623 -0.8865 -0.0198
v 0.68223 0.97393 0.07213
vt 0.68750 0.00000
vn 0.4623 -0.8865 -0.0198
v 0.68778 0.97720 0.05530
vt 0.68750 0.01803
vn 0.5507 -0.7163 -0.4285
v 0.73900 1.00940 0.08231
vt 0.75000 0.01803
vn 0.7009 -0.6219 -0.3493
v 0.68223 0.97393 0.07213
vt 0.68750 0.00000
vn 0.4623 -0.8865 -0.0198
v 0.73900 1.00940 0.08231
vt 0.75000 0.01803
vn 0.7009 -0.6219 -0.3493
v 0.73193 1.00518 0.09835
vt 0.75000 0.00000
vn 0.5883 -0.8073 0.0467
v 0.73193 1.00518 0.09835
vt 0.75000 0.00000
vn 0.5883 -0.8073 0.0467
v 0.73900 1.00940 0.08231
vt 0.75000 0.01803
vn 0.7009 -0.6219 -0.3493
v 0.78104 1.04864 0.11524
vt 0.81250 0.01803
vn 0.8242 -0.5068 -0.2527
v 0.73193 1.00518 0.09835
vt 0.75000 0.00000
vn 0.5883 -0.8073 0.0467
v 0.78104 1.04864 0.11524
vt 0.81250 0.01803
vn 0.8242 -0.5068 -0.2527
v 0.77272 1.04325 0.13030
vt 0.81250 0.00000
vn 0.6918 -0.7107 0.1278
v 0.77272 1.04325 0.13030
vt 0.81250 0.00000
vn 0.6918 -0.7107 0.1278
v 0.78104 1.04864 0.11524
vt 0.81250 0.01803
vn 0.8242 -0.5068 -0.2527
v 0.81227 1.09340 0.15280
vt 0.87500 0.01803
vn 0.9158 -0.3755 -0.1426
v 0.77272 1.04325 0.13030
vt 0.81250 0.00000
vn 0.6918 -0.7107 0.1278
v 0.81227 1.09340 0.15280
vt 0.87500 0.01803
vn 0.9158 -0.3755 -0.1426
v 0.80303 1.08669 0.16675
vt 0.87500 0.00000
vn 0.7687 -0.6005 0.2203
v 0.80303 1.08669 0.16675
vt 0.87500 0.00000
vn 0.7687 -0.6005 0.2203
v 0.81227 1.09340 0.15280
vt 0.87500 0.01803
vn 0.9158 -0.3755 -0.1426
v 0.83151 1.14197 0.19356
vt 0.93750 0.01803
vn 0.9722 -0.2331 -0.0231
v 0.80303 1.08669 0.16675
vt 0.87500 0.00000
vn 0.7687 -0.6005 0.2203
v 0.83151 1.14197 0.19356
vt 0.93750 0.01803
vn 0.9722 -0.2331 -0.0231
v 0.82170 1.13383 0.20630
vt 0.93750 0.00000
vn 0.8161 -0.4809 0.3206
v 0.82170 1.13383 0.20630
vt 0.93750 0.00000
vn 0.8161 -0.4809 0.3206
v 0.83151 1.14197 0.19356
vt 0.93750 0.01803
vn 0.9722 -0.2331 -0.0231
v 0.83800 1.19249 0.23594
vt 1.00000 0.01803
vn 0.9912 -0.0850 0.1012
v 0.82170 1.13383 0.20630
vt 0.93750 0.00000
vn 0.8161 -0.4809 0.3206
v 0.83800 1.19249 0.23594
vt 1.00000 0.01803
vn 0.9912 -0.0850 0.1012
v 0.82800 1.18285 0.24743
vt 1.00000 0.00000
vn 0.8321 -0.3566 0.4249
v 0.83800 1.19249 0.23594
vt 0.00000 0.01803
vn 0.9912 -0.0850 0.1012
v 0.83800 1.23106 0.18998
vt 0.00000 0.07803
vn 0.9912 0.0850 -0.1012
v 0.83151 1.28157 0.23237
vt 0.06250 0.07803
vn 0.9722 0.2331 0.0231
v 0.83800 1.19249 0.23594
vt 0.00000 0.01803
vn 0.9912 -0.0850 0.1012
v 0.83151 1.28157 0.23237
vt 0.06250 0.07803
vn 0.9722 0.2331 0.0231
v 0.83151 1.24300 0.27833
vt 0.06250 0.01803
vn 0.9722 0.0632 0.2255
v 0.83151 1.24300 0.27833
vt 0.06250 0.01803
vn 0.9722 0.0632 0.2255
v 0.83151 1.28157 0.23237
vt 0.06250 0.07803
vn 0.9722 0.2331 0.0231
v 0.81227 1.33014 0.27312
vt 0.12500 0.07803
vn 0.9158 0.3755 0.1426
v 0.83151 1.24300 0.27833
vt 0.06250 0.01803
vn 0.9722 0.0632 0.2255
v 0.81227 1.33014 0.27312
vt 0.12500 0.07803
vn 0.9158 0.3755 0.1426
v 0.81227 1.29157 0.31908
vt 0.12500 0.01803
vn 0.9158 0.2056 0.3451
v 0.81227 1.29157 0.31908
vt 0.12500 0.01803
vn 0.9158 0.2056 0.3451
v 0.81227 1.33014 0.27312
vt 0.12500 0.07803
vn 0.9158 0.3755 0.1426
v 0.78104 1.37491 0.31068
vt 0.18750 0.07803
vn 0.8242 0.5068 0.2527
v 0.81227 1.29157 0.31908
vt 0.12500 0.01803
vn 0.9158 0.2056 0.3451
v 0.78104 1.37491 0.31068
vt 0.18750 0.07803
vn 0.8242 0.5068 0.2527
v 0.78104 1.33634 0.35665
vt 0.18750 0.01803
vn 0.8242 0.3369 0.4552
v 0.78104 1.33634 0.35665
vt 0.18750 0.01803
vn 0.8242 0.3369 0.4552
v 0.78104 1.37491 0.31068
vt 0.18750 0.07803
vn 0.8242 0.5068 0.2527
v 0.73900 1.41414 0.34361
vt 0.25000 0.07803
vn 0.7009 0.6219 0.3493
v 0.78104 1.33634 0.35665
vt 0.18750 0.01803
vn 0.8242 0.3369 0.4552
v 0.73900 1.41414 0.34361
vt 0.25000 0.07803
vn 0.7009 0.6219 0.3493
v 0.73900 1.37557 0.38957
vt 0.25000 0.01803
vn 0.7009 0.4520 0.5518
v 0.73900 1.37557 0.38957
vt 0.25000 0.01803
vn 0.7009 0.4520 0.5518
v 0.73900 1.41414 0.34361
vt 0.25000 0.07803
vn 0.7009 0.6219 0.3493
v 0.68778 1.44634 0.37063
vt 0.31250 0.07803
vn 0.5507 0.7163 0.4285
v 0.73900 1.37557 0.38957
vt 0.25000 0.01803
vn 0.7009 0.4520 0.5518
v 0.68778 1.44634 0.37063
vt 0.31250 0.07803
vn 0.5507 0.7163 0.4285
v 0.68778 1.40777 0.41659
vt 0.31250 0.01803
vn 0.5507 0.5464 0.6310
v 0.68778 1.40777 0.41659
vt 0.31250 0.01803
vn 0.5507 0.5464 0.6310
v 0.68778 1.44634 0.37063
vt 0.31250 0.07803
vn 0.5507 0.7163 0.4285
v 0.62935 1.47027 0.39070
vt 0.37500 0.07803
vn 0.3793 0.7865 0.4874
v 0.68778 1.40777 0.41659
vt 0.31250 0.01803
vn 0.5507 0.5464 0.6310
v 0.62935 1.47027 0.39070
vt 0.37500 0.07803
vn 0.3793 0.7865 0.4874
v 0.62935 1.43170 0.43667
vt 0.37500 0.01803
vn 0.3793 0.6166 0.6899
v 0.62935 1.43170 0.43667
vt 0.37500 0.01803
vn 0.3793 0.6166 0.6899
v 0.62935 1.47027 0.39070
vt 0.37500 0.07803
vn 0.3793 0.7865 0.4874
v 0.56594 1.48500 0.40307
vt 0.43750 0.07803
vn 0.1934 0.8297 0.5237
v 0.62935 1.43170 0.43667
vt 0.37500 0.01803
vn 0.3793 0.6166 0.6899
v 0.56594 1.48500 0.40307
vt 0.43750 0.07803
vn 0.1934 0.8297 0.5237
v 0.56594 1.44644 0.44903
vt 0.43750 0.01803
vn 0.1934 0.6598 0.7261
v 0.56594 1.44644 0.44903
vt 0.43750 0.01803
vn 0.1934 0.6598 0.7261
v 0.56594 1.48500 0.40307
vt 0.43750 0.07803
vn 0.1934 0.8297 0.5237
v 0.50000 1.48998 0.40724
vt 0.50000 0.07803
vn 0.0000 0.8443 0.5359
v 0.56594 1.44644 0.44903
vt 0.43750 0.01803
vn 0.1934 0.6598 0.7261
v 0.50000 1.48998 0.40724
vt 0.50000 0.07803
vn 0.0000 0.8443 0.5359
v 0.50000 1.45141 0.45320
vt 0.50000 0.01803
vn 0.0000 0.6744 0.7384
v 0.50000 1.45141 0.45320
vt 0.50000 0.01803
vn 0.0000 0.6744 0.7384
v 0.50000 1.48998 0.40724
vt 0.50000 0.07803
vn 0.0000 0.8443 0.5359
v 0.43406 1.48500 0.40307
vt 0.56250 0.07803
vn -0.1934 0.8297 0.5237
v 0.50000 1.45141 0.45320
vt 0.50000 0.01803
vn 0.0000 0.6744 0.7384
v 0.43406 1.48500 0.40307
vt 0.56250 0.07803
vn -0.1934 0.8297 0.5237
v 0.43406 1.44644 0.44903
vt 0.56250 0.01803
vn -0.1934 0.6598 0.7261
v 0.43406 1.44644 0.44903
vt 0.56250 0.01803
vn -0.1934 0.6598 0.7261
v 0.43406 1.48500 0.40307
vt 0.56250 0.07803
vn -0.1934 0.8297 0.5237
v 0.37065 1.47027 0.39070
vt 0.62500 0.07803
vn -0.3793 0.7865 0.4874
v 0.43406 1.44644 0.44903
vt 0.56250 0.01803
vn -0.1934 0.6598 0.7261
v 0.37065 1.47027 0.39070
vt 0.62500 0.07803
vn -0.3793 0.7865 0.4874
v 0.37065 1.43170 0.43667
vt 0.62500 0.01803
vn -0.3793 0.6166 0.6899
v 0.37065 1.43170 0.43667
vt 0.62500 0.01803
vn -0.3793 0.6166 0.6899
v 0.37065 1.47027 0.39070
vt 0.62500 0.07803
vn -0.3793 0.7865 0.4874
v 0.31222 1.44634 0.37063
vt 0.68750 0.07803
vn -0.5507 0.7163 0.4285
v 0.37065 1.43170 0.43667
vt 0.62500 0.01803
vn -0.3793 0.6166 0.6899
v 0.31222 1.44634 0.37063
vt 0.68750 0.07803
vn -0.5507 0.7163 0.4285
v 0.31222 1.40777 0.41659
vt 0.68750 0.01803
vn -0.5507 0.5464 0.6310
v 0.31222 1.40777 0.41659
vt 0.68750 0.01803
vn -0.5507 0.5464 0.6310
v 0.31222 1.44634 0.37063
vt 0.68750 0.07803
vn -0.5507 0.7163 0.4285
v 0.26100 1.41414 0.34361
vt 0.75000 0.07803
vn -0.7009 0.6219 0.3493
v 0.31222 1.40777 0.41659
vt 0.68750 0.01803
vn -0.5507 0.5464 0.6310
v 0.26100 1.41414 0.34361
vt 0.75000 0.07803
vn -0.7009 0.6219 0.3493
v 0.26100 1.37557 0.38957
vt 0.75000 0.01803
vn -0.7009 0.4520 0.5518
v 0.26100 1.37557 0.38957
vt 0.75000 0.01803
vn -0.7009 0.4520 0.5518
v 0.26100 1.41414 0.34361
vt 0.75000 0.07803
vn -0.7009 0.6219 0.3493
v 0.21896 1.37491 0.31068
vt 0.81250 0.07803
vn -0.8242 0.5068 0.2527
v 0.26100 1.37557 0.38957
vt 0.75000 0.01803
vn -0.7009 0.4520 0.5518
v 0.21896 1.37491 0.31068
vt 0.81250 0.07803
vn -0.8242 0.5068 0.2527
v 0.21896 1.33634 0.35665
vt 0.81250 0.01803
vn -0.8242 0.3369 0.4552
v 0.21896 1.33634 0.35665
vt 0.81250 0.01803
vn -0.8242 0.3369 0.4552
v 0.21896 1.37491 0.31068
vt 0.81250 0.07803
vn -0.8242 0.5068 0.2527
v 0.18773 1.33014 0.27312
vt 0.87500 0.07803
vn -0.9158 0.3755 0.1426
v 0.21896 1.33634 0.35665
vt 0.81250 0.01803
vn -0.8242 0.3369 0.4552
v 0.18773 1.33014 0.27312
vt 0.87500 0.07803
vn -0.9158 0.3755 0.1426
v 0.18773 1.29157 0.31908
vt 0.87500 0.01803
vn -0.9158 0.2056 0.3451
v 0.18773 1.29157 0.31908
vt 0.87500 0.01803
vn -0.9158 0.2056 0.3451
v 0.18773 1.33014 0.27312
vt 0.87500 0.07803
vn -0.9158 0.3755 0.1426
v 0.16849 1.28157 0.23237
vt 0.93750 0.07803
vn -0.9722 0.2331 0.0231
v 0.18773 1.29157 0.31908
vt 0.87500 0.01803
vn -0.9158 0.2056 0.3451
v 0.16849 1.28157 0.23237
vt 0.93750 0.07803
vn -0.9722 0.2331 0.0231
v 0.16849 1.24300 0.27833
vt 0.93750 0.01803
vn -0.9722 0.0632 0.2255
v 0.16849 1.24300 0.27833
vt 0.93750 0.01803
vn -0.9722 0.0632 0.2255
v 0.16849 1.28157 0.23237
vt 0.93750 0.07803
vn -0.9722 0.2331 0.0231
v 0.16200 1.23106 0.18998
vt 1.00000 0.07803
vn -0.9912 0.0850 -0.1012
v 0.16849 1.24300 0.27833
vt 0.93750 0.01803
vn -0.9722 0.0632 0.2255
v 0.16200 1.23106 0.18998
vt 1.00000 0.07803
vn -0.9912 0.0850 -0.1012
v 0.16200 1.19249 0.23594
vt 1.00000 0.01803
vn -0.9912 -0.0850 0.1012
v 0.16200 1.19249 0.23594
vt 0.00000 0.01803
vn -0.9912 -0.0850 0.1012
v 0.16200 1.23106 0.18998
vt 0.00000 0.07803
vn -0.9912 0.0850 -0.1012
v 0.16849 1.18054 0.14759
vt 0.06250 0.07803
vn -0.9722 -0.0632 -0.2255
v 0.16200 1.19249 0.23594
vt 0.00000 0.01803
vn -0.9912 -0.0850 0.1012
v 0.16849 1.18054 0.14759
vt 0.06250 0.07803
vn -0.9722 -0.0632 -0.2255
v 0.16849 1.14197 0.19356
vt 0.06250 0.01803
vn -0.9722 -0.2331 -0.0231
v 0.16849 1.14197 0.19356
vt 0.06250 0.01803
vn -0.9722 -0.2331 -0.0231
v 0.16849 1.18054 0.14759
vt 0.06250 0.07803
vn -0.9722 -0.0632 -0.2255
v 0.18773 1.13197 0.10684
vt 0.12500 0.07803
vn -0.9158 -0.2056 -0.3451
v 0.16849 1.14197 0.19356
vt 0.06250 0.01803
vn -0.9722 -0.2331 -0.0231
v 0.18773 1.13197 0.10684
vt 0.12500 0.07803
vn -0.9158 -0.2056 -0.3451
v 0.18773 1.09340 0.15280
vt 0.12500 0.01803
vn -0.9158 -0.3755 -0.1426
v 0.18773 1.09340 0.15280
vt 0.12500 0.01803
vn -0.9158 -0.3755 -0.1426
v 0.18773 1.13197 0.10684
vt 0.12500 0.07803
vn -0.9158 -0.2056 -0.3451
v 0.21896 1.08721 0.06928
vt 0.18750 0.07803
vn -0.8242 -0.3369 -0.4552
v 0.18773 1.09340 0.15280
vt 0.12500 0.01803
vn -0.9158 -0.3755 -0.1426
v 0.21896 1.08721 0.06928
vt 0.18750 0.07803
vn -0.8242 -0.3369 -0.4552
v 0.21896 1.04864 0.11524
vt 0.18750 0.01803
vn -0.8242 -0.5068 -0.2527
v 0.21896 1.04864 0.11524
vt 0.18750 0.01803
vn -0.8242 -0.5068 -0.2527
v 0.21896 1.08721 0.06928
vt 0.18750 0.07803
vn -0.8242 -0.3369 -0.4552
v 0.26100 1.04797 0.03635
vt 0.25000 0.07803
vn -0.7009 -0.4520 -0.5518
v 0.21896 1.04864 0.11524
vt 0.18750 0.01803
vn -0.8242 -0.5068 -0.2527
v 0.26100 1.04797 0.03635
vt 0.25000 0.07803
vn -0.7009 -0.4520 -0.5518
v 0.26100 1.00940 0.08231
vt 0.25000 0.01803
vn -0.7009 -0.6219 -0.3493
v 0.26100 1.00940 0.08231
vt 0.25000 0.01803
vn -0.7009 -0.6219 -0.3493
v 0.26100 1.04797 0.03635
vt 0.25000 0.07803
vn -0.7009 -0.4520 -0.5518
v 0.31222 1.01577 0.00933
vt 0.31250 0.07803
vn -0.5507 -0.5464 -0.6310
v 0.26100 1.00940 0.08231
vt 0.25000 0.01803
vn -0.7009 -0.6219 -0.3493
v 0.31222 1.01577 0.00933
vt 0.31250 0.07803
vn -0.5507 -0.5464 -0.6310
v 0.31222 0.97720 0.05530
vt 0.31250 0.01803
vn -0.5507 -0.7163 -0.4285
v 0.31222 0.97720 0.05530
vt 0.31250 0.01803
vn -0.5507 -0.7163 -0.4285
v 0.31222 1.01577 0.00933
vt 0.31250 0.07803
vn -0.5507 -0.5464 -0.6310
v 0.37065 0.99184 -0.01074
vt 0.37500 0.07803
vn -0.3793 -0.6166 -0.6899
v 0.31222 0.97720 0.05530
vt 0.31250 0.01803
vn -0.5507 -0.7163 -0.4285
v 0.37065 0.99184 -0.01074
vt 0.37500 0.07803
vn -0.3793 -0.6166 -0.6899
v 0.37065 0.95327 0.03522
vt 0.37500 0.01803
vn -0.3793 -0.7865 -0.4874
v 0.37065 0.95327 0.03522
vt 0.37500 0.01803
vn -0.3793 -0.7865 -0.4874
v 0.37065 0.99184 -0.01074
vt 0.37500 0.07803
vn -0.3793 -0.6166 -0.6899
v 0.43406 0.97711 -0.02311
vt 0.43750 0.07803
vn -0.1934 -0.6598 -0.7261
v 0.37065 0.95327 0.03522
vt 0.37500 0.01803
vn -0.3793 -0.7865 -0.4874
v 0.43406 0.97711 -0.02311
vt 0.43750 0.07803
vn -0.1934 -0.6598 -0.7261
v 0.43406 0.93854 0.02285
vt 0.43750 0.01803
vn -0.1934 -0.8297 -0.5237
v 0.43406 0.93854 0.02285
vt 0.43750 0.01803
vn -0.1934 -0.8297 -0.5237
v 0.43406 0.97711 -0.02311
vt 0.43750 0.07803
vn -0.1934 -0.6598 -0.7261
v 0.50000 0.97213 -0.02728
vt 0.50000 0.07803
vn -0.0000 -0.6744 -0.7384
v 0.43406 0.93854 0.02285
vt 0.43750 0.01803
vn -0.1934 -0.8297 -0.5237
v 0.50000 0.97213 -0.02728
vt 0.50000 0.07803
vn -0.0000 -0.6744 -0.7384
v 0.50000 0.93356 0.01868
vt 0.50000 0.01803
vn -0.0000 -0.8443 -0.5359
v 0.50000 0.93356 0.01868
vt 0.50000 0.01803
vn -0.0000 -0.8443 -0.5359
v 0.50000 0.97213 -0.02728
vt 0.50000 0.07803
vn -0.0000 -0.6744 -0.7384
v 0.56594 0.97711 -0.02311
vt 0.56250 0.07803
vn 0.1934 -0.6598 -0.7261
v 0.50000 0.93356 0.01868
vt 0.50000 0.01803
vn -0.0000 -0.8443 -0.5359
v 0.56594 0.97711 -0.02311
vt 0.56250 0.07803
vn 0.1934 -0.6598 -0.7261
v 0.56594 0.93854 0.02285
vt 0.56250 0.01803
vn 0.1934 -0.8297 -0.5237
v 0.56594 0.93854 0.02285
vt 0.56250 0.01803
vn 0.1934 -0.8297 -0.5237
v 0.56594 0.97711 -0.02311
vt 0.56250 0.07803
vn 0.1934 -0.6598 -0.7261
v 0.62935 0.99184 -0.01074
vt 0.62500 0.07803
vn 0.3793 -0.6166 -0.6899
v 0.56594 0.93854 0.02285
vt 0.56250 0.01803
vn 0.1934 -0.8297 -0.5237
v 0.62935 0.99184 -0.01074
vt 0.62500 0.07803
vn 0.3793 -0.6166 -0.6899
v 0.62935 0.95327 0.03522
vt 0.62500 0.01803
vn 0.3793 -0.7865 -0.4874
v 0.62935 0.95327 0.03522
vt 0.62500 0.01803
vn 0.3793 -0.7865 -0.4874
v 0.62935 0.99184 -0.01074
vt 0.62500 0.07803
vn 0.3793 -0.6166 -0.6899
v 0.68778 1.01577 0.00933
vt 0.68750 0.07803
vn 0.5507 -0.5464 -0.6310
v 0.62935 0.95327 0.03522
vt 0.62500 0.01803
vn 0.3793 -0.7865 -0.4874
v 0.68778 1.01577 0.00933
vt 0.68750 0.07803
vn 0.5507 -0.5464 -0.6310
v 0.68778 0.97720 0.05530
vt 0.68750 0.01803
vn 0.5507 -0.7163 -0.4285
v 0.68778 0.97720 0.05530
vt 0.68750 0.01803
vn 0.5507 -0.7163 -0.4285
v 0.68778 1.01577 0.00933
vt 0.68750 0.07803
vn 0.5507 -0.5464 -0.6310
v 0.73900 1.04797 0.03635
vt 0.75000 0.07803
vn 0.7009 -0.4520 -0.5518
v 0.68778 0.97720 0.05530
vt 0.68750 0.01803
vn 0.5507 -0.7163 -0.4285
v 0.73900 1.04797 0.03635
vt 0.75000 0.07803
vn 0.7009 -0.4520 -0.5518
v 0.73900 1.00940 0.08231
vt 0.75000 0.01803
vn 0.7009 -0.6219 -0.3493
v 0.73900 1.00940 0.08231
vt 0.75000 0.01803
vn 0.7009 -0.6219 -0.3493
v 0.73900 1.04797 0.03635
vt 0.75000 0.07803
vn 0.7009 -0.4520 -0.5518
v 0.78104 1.08721 0.06928
vt 0.81250 0.07803
vn 0.8242 -0.3369 -0.4552
v 0.73900 1.00940 0.08231
vt 0.75000 0.01803
vn 0.7009 -0.6219 -0.3493
v 0.78104 1.08721 0.06928
vt 0.81250 0.07803
vn 0.8242 -0.3369 -0.4552
v 0.78104 1.04864 0.11524
vt 0.81250 0.01803
vn 0.8242 -0.5068 -0.2527
v 0.78104 1.04864 0.11524
vt 0.81250 0.01803
vn 0.8242 -0.5068 -0.2527
v 0.78104 1.08721 0.06928
vt 0.81250 0.07803
vn 0.8242 -0.3369 -0.4552
v 0.81227 1.13197 0.10684
vt 0.87500 0.07803
vn 0.9158 -0.2056 -0.3451
v 0.78104 1.04864 0.11524
vt 0.81250 0.01803
vn 0.8242 -0.5068 -0.2527
v 0.81227 1.13197 0.10684
vt 0.87500 0.07803
vn 0.9158 -0.2056 -0.3451
v 0.81227 1.09340 0.15280
vt 0.87500 0.01803
vn 0.9158 -0.3755 -0.1426
v 0.81227 1.09340 0.15280
vt 0.87500 0.01803
vn 0.9158 -0.3755 -0.1426
v 0.81227 1.13197 0.10684
vt 0.87500 0.07803
vn 0.9158 -0.2056 -0.3451
v 0.83151 1.18054 0.14759
vt 0.93750 0.07803
vn 0.9722 -0.0632 -0.2255
v 0.81227 1.09340 0.15280
vt 0.87500 0.01803
vn 0.9158 -0.3755 -0.1426
v 0.83151 1.18054 0.14759
vt 0.93750 0.07803
vn 0.9722 -0.0632 -0.2255
v 0.83151 1.14197 0.19356
vt 0.93750 0.01803
vn 0.9722 -0.2331 -0.0231
v 0.83151 1.14197 0.19356
vt 0.93750 0.01803
vn 0.9722 -0.2331 -0.0231
v 0.83151 1.18054 0.14759
vt 0.93750 0.07803
vn 0.9722 -0.0632 -0.2255
v 0.83800 1.23106 0.18998
vt 1.00000 0.07803
vn 0.9912 0.0850 -0.1012
v 0.83151 1.14197 0.19356
vt 0.93750 0.01803
vn 0.9722 -0.2331 -0.0231
v 0.83800 1.23106 0.18998
vt 1.00000 0.07803
vn 0.9912 0.0850 -0.1012
v 0.83800 1.19249 0.23594
vt 1.00000 0.01803
vn 0.9912 -0.0850 0.1012
v 0.83800 1.23106 0.18998
vt 0.00000 0.07803
vn 0.9912 0.0850 -0.1012
v 0.82800 1.24070 0.17849
vt 0.00000 0.09606
vn 0.8321 0.3566 -0.4249
v 0.82170 1.28972 0.21962
vt 0.06250 0.09606
vn 0.8161 0.4809 -0.3206
v 0.83800 1.23106 0.18998
vt 0.00000 0.07803
vn 0.9912 0.0850 -0.1012
v 0.82170 1.28972 0.21962
vt 0.06250 0.09606
vn 0.8161 0.4809 -0.3206
v 0.83151 1.28157 0.23237
vt 0.06250 0.07803
vn 0.9722 0.2331 0.0231
v 0.83151 1.28157 0.23237
vt 0.06250 0.07803
vn 0.9722 0.2331 0.0231
v 0.82170 1.28972 0.21962
vt 0.06250 0.09606
vn 0.8161 0.4809 -0.3206
v 0.80303 1.33685 0.25917
vt 0.12500 0.09606
vn 0.7687 0.6005 -0.2203
v 0.83151 1.28157 0.23237
vt 0.06250 0.07803
vn 0.9722 0.2331 0.0231
v 0.80303 1.33685 0.25917
vt 0.12500 0.09606
vn 0.7687 0.6005 -0.2203
v 0.81227 1.33014 0.27312
vt 0.12500 0.07803
vn 0.9158 0.3755 0.1426
v 0.81227 1.33014 0.27312
vt 0.12500 0.07803
vn 0.9158 0.3755 0.1426
v 0.80303 1.33685 0.25917
vt 0.12500 0.09606
vn 0.7687 0.6005 -0.2203
v 0.77272 1.38029 0.29562
vt 0.18750 0.09606
vn 0.6918 0.7107 -0.1278
v 0.81227 1.33014 0.27312
vt 0.12500 0.07803
vn 0.9158 0.3755 0.1426
v 0.77272 1.38029 0.29562
vt 0.18750 0.09606
vn 0.6918 0.7107 -0.1278
v 0.78104 1.37491 0.31068
vt 0.18750 0.07803
vn 0.8242 0.5068 0.2527
v 0.78104 1.37491 0.31068
vt 0.18750 0.07803
vn 0.8242 0.5068 0.2527
v 0.77272 1.38029 0.29562
vt 0.18750 0.09606
vn 0.6918 0.7107 -0.1278
v 0.73193 1.41837 0.32757
vt 0.25000 0.09606
vn 0.5883 0.8073 -0.0467
v 0.78104 1.37491 0.31068
vt 0.18750 0.07803
vn 0.8242 0.5068 0.2527
v 0.73193 1.41837 0.32757
vt 0.25000 0.09606
vn 0.5883 0.8073 -0.0467
v 0.73900 1.41414 0.34361
vt 0.25000 0.07803
vn 0.7009 0.6219 0.3493
v 0.73900 1.41414 0.34361
vt 0.25000 0.07803
vn 0.7009 0.6219 0.3493
v 0.73193 1.41837 0.32757
vt 0.25000 0.09606
vn 0.5883 0.8073 -0.0467
v 0.68223 1.44961 0.35379
vt 0.31250 0.09606
vn 0.4623 0.8865 0.0198
v 0.73900 1.41414 0.34361
vt 0.25000 0.07803
vn 0.7009 0.6219 0.3493
v 0.68223 1.44961 0.35379
vt 0.31250 0.09606
vn 0.4623 0.8865 0.0198
v 0.68778 1.44634 0.37063
vt 0.31250 0.07803
vn 0.5507 0.7163 0.4285
v 0.68778 1.44634 0.37063
vt 0.31250 0.07803
vn 0.5507 0.7163 0.4285
v 0.68223 1.44961 0.35379
vt 0.31250 0.09606
vn 0.4623 0.8865 0.0198
v 0.62552 1.47283 0.37327
vt 0.37500 0.09606
vn 0.3184 0.9454 0.0692
v 0.68778 1.44634 0.37063
vt 0.31250 0.07803
vn 0.5507 0.7163 0.4285
v 0.62552 1.47283 0.37327
vt 0.37500 0.09606
vn 0.3184 0.9454 0.0692
v 0.62935 1.47027 0.39070
vt 0.37500 0.07803
vn 0.3793 0.7865 0.4874
v 0.62935 1.47027 0.39070
vt 0.37500 0.07803
vn 0.3793 0.7865 0.4874
v 0.62552 1.47283 0.37327
vt 0.37500 0.09606
vn 0.3184 0.9454 0.0692
v 0.56399 1.48713 0.38527
vt 0.43750 0.09606
vn 0.1623 0.9817 0.0996
v 0.62935 1.47027 0.39070
vt 0.37500 0.07803
vn 0.3793 0.7865 0.4874
v 0.56399 1.48713 0.38527
vt 0.43750 0.09606
vn 0.1623 0.9817 0.0996
v 0.56594 1.48500 0.40307
vt 0.43750 0.07803
vn 0.1934 0.8297 0.5237
v 0.56594 1.48500 0.40307
vt 0.43750 0.07803
vn 0.1934 0.8297 0.5237
v 0.56399 1.48713 0.38527
vt 0.43750 0.09606
vn 0.1623 0.9817 0.0996
v 0.50000 1.49196 0.38932
vt 0.50000 0.09606
vn 0.0000 0.9939 0.1099
v 0.56594 1.48500 0.40307
vt 0.43750 0.07803
vn 0.1934 0.8297 0.5237
v 0.50000 1.49196 0.38932
vt 0.50000 0.09606
vn 0.0000 0.9939 0.1099
v 0.50000 1.48998 0.40724
vt 0.50000 0.07803
vn 0.0000 0.8443 0.5359
v 0.50000 1.48998 0.40724
vt 0.50000 0.07803
vn 0.0000 0.8443 0.5359
v 0.50000 1.49196 0.38932
vt 0.50000 0.09606
vn 0.0000 0.9939 0.1099
v 0.43601 1.48713 0.38527
vt 0.56250 0.09606
vn -0.1623 0.9817 0.0996
v 0.50000 1.48998 0.40724
vt 0.50000 0.07803
vn 0.0000 0.8443 0.5359
v 0.43601 1.48713 0.38527
vt 0.56250 0.09606
vn -0.1623 0.9817 0.0996
v 0.43406 1.48500 0.40307
vt 0.56250 0.07803
vn -0.1934 0.8297 0.5237
v 0.43406 1.48500 0.40307
vt 0.56250 0.07803
vn -0.1934 0.8297 0.5237
v 0.43601 1.48713 0.38527
vt 0.56250 0.09606
vn -0.1623 0.9817 0.0996
v 0.37448 1.47283 0.37327
vt 0.62500 0.09606
vn -0.3184 0.9454 0.0692
v 0.43406 1.48500 0.40307
vt 0.56250 0.07803
vn -0.1934 0.8297 0.5237
v 0.37448 1.47283 0.37327
vt 0.62500 0.09606
vn -0.3184 0.9454 0.0692
v 0.37065 1.47027 0.39070
vt 0.62500 0.07803
vn -0.3793 0.7865 0.4874
v 0.37065 1.47027 0.39070
vt 0.62500 0.07803
vn -0.3793 0.7865 0.4874
v 0.37448 1.47283 0.37327
vt 0.62500 0.09606
vn -0.3184 0.9454 0.0692
v 0.31777 1.44961 0.35379
vt 0.68750 0.09606
vn -0.4623 0.8865 0.0198
v 0.37065 1.47027 0.39070
vt 0.62500 0.07803
vn -0.3793 0.7865 0.4874
v 0.31777 1.44961 0.35379
vt 0.68750 0.09606
vn -0.4623 0.8865 0.0198
v 0.31222 1.44634 0.37063
vt 0.68750 0.07803
vn -0.5507 0.7163 0.4285
v 0.31222 1.44634 0.37063
vt 0.68750 0.07803
vn -0.5507 0.7163 0.4285
v 0.31777 1.44961 0.35379
vt 0.68750 0.09606
vn -0.4623 0.8865 0.0198
v 0.26807 1.41837 0.32757
vt 0.75000 0.09606
vn -0.5883 0.8073 -0.0467
v 0.31222 1.44634 0.37063
vt 0.68750 0.07803
vn -0.5507 0.7163 0.4285
v 0.26807 1.41837 0.32757
vt 0.75000 0.09606
vn -0.5883 0.8073 -0.0467
v 0.26100 1.41414 0.34361
vt 0.75000 0.07803
vn -0.7009 0.6219 0.3493
v 0.26100 1.41414 0.34361
vt 0.75000 0.07803
vn -0.7009 0.6219 0.3493
v 0.26807 1.41837 0.32757
vt 0.75000 0.09606
vn -0.5883 0.8073 -0.0467
v 0.22728 1.38029 0.29562
vt 0.81250 0.09606
vn -0.6918 0.7107 -0.1278
v 0.26100 1.41414 0.34361
vt 0.75000 0.07803
vn -0.7009 0.6219 0.3493
v 0.22728 1.38029 0.29562
vt 0.81250 0.09606
vn -0.6918 0.7107 -0.1278
v 0.21896 1.37491 0.31068
vt 0.81250 0.07803
vn -0.8242 0.5068 0.2527
v 0.21896 1.37491 0.31068
vt 0.81250 0.07803
vn -0.8242 0.5068 0.2527
v 0.22728 1.38029 0.29562
vt 0.81250 0.09606
vn -0.6918 0.7107 -0.1278
v 0.19697 1.33685 0.25917
vt 0.87500 0.09606
vn -0.7687 0.6005 -0.2203
v 0.21896 1.37491 0.31068
vt 0.81250 0.07803
vn -0.8242 0.5068 0.2527
v 0.19697 1.33685 0.25917
vt 0.87500 0.09606
vn -0.7687 0.6005 -0.2203
v 0.18773 1.33014 0.27312
vt 0.87500 0.07803
vn -0.9158 0.3755 0.1426
v 0.18773 1.33014 0.27312
vt 0.87500 0.07803
vn -0.9158 0.3755 0.1426
v 0.19697 1.33685 0.25917
vt 0.87500 0.09606
vn -0.7687 0.6005 -0.2203
v 0.17830 1.28972 0.21962
vt 0.93750 0.09606
vn -0.8161 0.4809 -0.3206
v 0.18773 1.33014 0.27312
vt 0.87500 0.07803
vn -0.9158 0.3755 0.1426
v 0.17830 1.28972 0.21962
vt 0.93750 0.09606
vn -0.8161 0.4809 -0.3206
v 0.16849 1.28157 0.23237
vt 0.93750 0.07803
vn -0.9722 0.2331 0.0231
v 0.16849 1.28157 0.23237
vt 0.93750 0.07803
vn -0.9722 0.2331 0.0231
v 0.17830 1.28972 0.21962
vt 0.93750 0.09606
vn -0.8161 0.4809 -0.3206
v 0.17200 1.24070 0.17849
vt 1.00000 0.09606
vn -0.8321 0.3566 -0.4249
v 0.16849 1.28157 0.23237
vt 0.93750 0.07803
vn -0.9722 0.2331 0.0231
v 0.17200 1.24070 0.17849
vt 1.00000 0.09606
vn -0.8321 0.3566 -0.4249
v 0.16200 1.23106 0.18998
vt 1.00000 0.07803
vn -0.9912 0.0850 -0.1012
v 0.16200 1.23106 0.18998
vt 0.00000 0.07803
vn -0.9912 0.0850 -0.1012
v 0.17200 1.24070 0.17849
vt 0.00000 0.09606
vn -0.8321 0.3566 -0.4249
v 0.17830 1.19168 0.13736
vt 0.06250 0.09606
vn -0.8161 0.2322 -0.5293
v 0.16200 1.23106 0.18998
vt 0.00000 0.07803
vn -0.9912 0.0850 -0.1012
v 0.17830 1.19168 0.13736
vt 0.06250 0.09606
vn -0.8161 0.2322 -0.5293
v 0.16849 1.18054 0.14759
vt 0.06250 0.07803
vn -0.9722 -0.0632 -0.2255
v 0.16849 1.18054 0.14759
vt 0.06250 0.07803
vn -0.9722 -0.0632 -0.2255
v 0.17830 1.19168 0.13736
vt 0.06250 0.09606
vn -0.8161 0.2322 -0.5293
v 0.19697 1.14454 0.09781
vt 0.12500 0.09606
vn -0.7687 0.1126 -0.6296
v 0.16849 1.18054 0.14759
vt 0.06250 0.07803
vn -0.9722 -0.0632 -0.2255
v 0.19697 1.14454 0.09781
vt 0.12500 0.09606
vn -0.7687 0.1126 -0.6296
v 0.18773 1.13197 0.10684
vt 0.12500 0.07803
vn -0.9158 -0.2056 -0.3451
v 0.18773 1.13197 0.10684
vt 0.12500 0.07803
vn -0.9158 -0.2056 -0.3451
v 0.19697 1.14454 0.09781
vt 0.12500 0.09606
vn -0.7687 0.1126 -0.6296
v 0.22728 1.10110 0.06136
vt 0.18750 0.09606
vn -0.6918 0.0024 -0.7221
v 0.18773 1.13197 0.10684
vt 0.12500 0.07803
vn -0.9158 -0.2056 -0.3451
v 0.22728 1.10110 0.06136
vt 0.18750 0.09606
vn -0.6918 0.0024 -0.7221
v 0.21896 1.08721 0.06928
vt 0.18750 0.07803
vn -0.8242 -0.3369 -0.4552
v 0.21896 1.08721 0.06928
vt 0.18750 0.07803
vn -0.8242 -0.3369 -0.4552
v 0.22728 1.10110 0.06136
vt 0.18750 0.09606
vn -0.6918 0.0024 -0.7221
v 0.26807 1.06303 0.02941
vt 0.25000 0.09606
vn -0.5883 -0.0941 -0.8031
v 0.21896 1.08721 0.06928
vt 0.18750 0.07803
vn -0.8242 -0.3369 -0.4552
v 0.26807 1.06303 0.02941
vt 0.25000 0.09606
vn -0.5883 -0.0941 -0.8031
v 0.26100 1.04797 0.03635
vt 0.25000 0.07803
vn -0.7009 -0.4520 -0.5518
v 0.26100 1.04797 0.03635
vt 0.25000 0.07803
vn -0.7009 -0.4520 -0.5518
v 0.26807 1.06303 0.02941
vt 0.25000 0.09606
vn -0.5883 -0.0941 -0.8031
v 0.31777 1.03178 0.00319
vt 0.31250 0.09606
vn -0.4623 -0.1734 -0.8696
v 0.26100 1.04797 0.03635
vt 0.25000 0.07803
vn -0.7009 -0.4520 -0.5518
v 0.31777 1.03178 0.00319
vt 0.31250 0.09606
vn -0.4623 -0.1734 -0.8696
v 0.31222 1.01577 0.00933
vt 0.31250 0.07803
vn -0.5507 -0.5464 -0.6310
v 0.31222 1.01577 0.00933
vt 0.31250 0.07803
vn -0.5507 -0.5464 -0.6310
v 0.31777 1.03178 0.00319
vt 0.31250 0.09606
vn -0.4623 -0.1734 -0.8696
v 0.37448 1.00856 -0.01630
vt 0.37500 0.09606
vn -0.3184 -0.2323 -0.9190
v 0.31222 1.01577 0.00933
vt 0.31250 0.07803
vn -0.5507 -0.5464 -0.6310
v 0.37448 1.00856 -0.01630
vt 0.37500 0.09606
vn -0.3184 -0.2323 -0.9190
v 0.37065 0.99184 -0.01074
vt 0.37500 0.07803
vn -0.3793 -0.6166 -0.6899
v 0.37065 0.99184 -0.01074
vt 0.37500 0.07803
vn -0.3793 -0.6166 -0.6899
v 0.37448 1.00856 -0.01630
vt 0.37500 0.09606
vn -0.3184 -0.2323 -0.9190
v 0.43601 0.99426 -0.02829
vt 0.43750 0.09606
vn -0.1623 -0.2686 -0.9495
v 0.37065 0.99184 -0.01074
vt 0.37500 0.07803
vn -0.3793 -0.6166 -0.6899
v 0.43601 0.99426 -0.02829
vt 0.43750 0.09606
vn -0.1623 -0.2686 -0.9495
v 0.43406 0.97711 -0.02311
vt 0.43750 0.07803
vn -0.1934 -0.6598 -0.7261
v 0.43406 0.97711 -0.02311
vt 0.43750 0.07803
vn -0.1934 -0.6598 -0.7261
v 0.43601 0.99426 -0.02829
vt 0.43750 0.09606
vn -0.1623 -0.2686 -0.9495
v 0.50000 0.98943 -0.03235
vt 0.50000 0.09606
vn -0.0000 -0.2808 -0.9598
v 0.43406 0.97711 -0.02311
vt 0.43750 0.07803
vn -0.1934 -0.6598 -0.7261
v 0.50000 0.98943 -0.03235
vt 0.50000 0.09606
vn -0.0000 -0.2808 -0.9598
v 0.50000 0.97213 -0.02728
vt 0.50000 0.07803
vn -0.0000 -0.6744 -0.7384
v 0.50000 0.97213 -0.02728
vt 0.50000 0.07803
vn -0.0000 -0.6744 -0.7384
v 0.50000 0.98943 -0.03235
vt 0.50000 0.09606
vn -0.0000 -0.2808 -0.9598
v 0.56399 0.99426 -0.02829
vt 0.56250 0.09606
vn 0.1623 -0.2686 -0.9495
v 0.50000 0.97213 -0.02728
vt 0.50000 0.07803
vn -0.0000 -0.6744 -0.7384
v 0.56399 0.99426 -0.02829
vt 0.56250 0.09606
vn 0.1623 -0.2686 -0.9495
v 0.56594 0.97711 -0.02311
vt 0.56250 0.07803
vn 0.1934 -0.6598 -0.7261
v 0.56594 0.97711 -0.02311
vt 0.56250 0.07803
vn 0.1934 -0.6598 -0.7261
v 0.56399 0.99426 -0.02829
vt 0.56250 0.09606
vn 0.1623 -0.2686 -0.9495
v 0.62552 1.00856 -0.01630
vt 0.62500 0.09606
vn 0.3184 -0.2323 -0.9190
v 0.56594 0.97711 -0.02311
vt 0.56250 0.07803
vn 0.1934 -0.6598 -0.7261
v 0.62552 1.00856 -0.01630
vt 0.62500 0.09606
vn 0.3184 -0.2323 -0.9190
v 0.62935 0.99184 -0.01074
vt 0.62500 0.07803
vn 0.3793 -0.6166 -0.6899
v 0.62935 0.99184 -0.01074
vt 0.62500 0.07803
vn 0.3793 -0.6166 -0.6899
v 0.62552 1.00856 -0.01630
vt 0.62500 0.09606
vn 0.3184 -0.2323 -0.9190
v 0.68223 1.03178 0.00319
vt 0.68750 0.09606
vn 0.4623 -0.1734 -0.8696
v 0.62935 0.99184 -0.01074
vt 0.62500 0.07803
vn 0.3793 -0.6166 -0.6899
v 0.68223 1.03178 0.00319
vt 0.68750 0.09606
vn 0.4623 -0.1734 -0.8696
v 0.68778 1.01577 0.00933
vt 0.68750 0.07803
vn 0.5507 -0.5464 -0.6310
v 0.68778 1.01577 0.00933
vt 0.68750 0.07803
vn 0.5507 -0.5464 -0.6310
v 0.68223 1.03178 0.00319
vt 0.68750 0.09606
vn 0.4623 -0.1734 -0.8696
v 0.73193 1.06303 0.02941
vt 0.75000 0.09606
vn 0.5883 -0.0941 -0.8031
v 0.68778 1.01577 0.00933
vt 0.68750 0.07803
vn 0.5507 -0.5464 -0.6310
v 0.73193 1.06303 0.02941
vt 0.75000 0.09606
vn 0.5883 -0.0941 -0.8031
v 0.73900 1.04797 0.03635
vt 0.75000 0.07803
vn 0.7009 -0.4520 -0.5518
v 0.73900 1.04797 0.03635
vt 0.75000 0.07803
vn 0.7009 -0.4520 -0.5518
v 0.73193 1.06303 0.02941
vt 0.75000 0.09606
vn 0.5883 -0.0941 -0.8031
v 0.77272 1.10110 0.06136
vt 0.81250 0.09606
vn 0.6918 0.0024 -0.7221
v 0.73900 1.04797 0.03635
vt 0.75000 0.07803
vn 0.7009 -0.4520 -0.5518
v 0.77272 1.10110 0.06136
vt 0.81250 0.09606
vn 0.6918 0.0024 -0.7221
v 0.78104 1.08721 0.06928
vt 0.81250 0.07803
vn 0.8242 -0.3369 -0.4552
v 0.78104 1.08721 0.06928
vt 0.81250 0.07803
vn 0.8242 -0.3369 -0.4552
v 0.77272 1.10110 0.06136
vt 0.81250 0.09606
vn 0.6918 0.0024 -0.7221
v 0.80303 1.14454 0.09781
vt 0.87500 0.09606
vn 0.7687 0.1126 -0.6296
v 0.78104 1.08721 0.06928
vt 0.81250 0.07803
vn 0.8242 -0.3369 -0.4552
v 0.80303 1.14454 0.09781
vt 0.87500 0.09606
vn 0.7687 0.1126 -0.6296
v 0.81227 1.13197 0.10684
vt 0.87500 0.07803
vn 0.9158 -0.2056 -0.3451
v 0.81227 1.13197 0.10684
vt 0.87500 0.07803
vn 0.9158 -0.2056 -0.3451
v 0.80303 1.14454 0.09781
vt 0.87500 0.09606
vn 0.7687 0.1126 -0.6296
v 0.82170 1.19168 0.13736
vt 0.93750 0.09606
vn 0.8161 0.2322 -0.5293
v 0.81227 1.13197 0.10684
vt 0.87500 0.07803
vn 0.9158 -0.2056 -0.3451
v 0.82170 1.19168 0.13736
vt 0.93750 0.09606
vn 0.8161 0.2322 -0.5293
v 0.83151 1.18054 0.14759
vt 0.93750 0.07803
vn 0.9722 -0.0632 -0.2255
v 0.83151 1.18054 0.14759
vt 0.93750 0.07803
vn 0.9722 -0.0632 -0.2255
v 0.82170 1.19168 0.13736
vt 0.93750 0.09606
vn 0.8161 0.2322 -0.5293
v 0.82800 1.24070 0.17849
vt 1.00000 0.09606
vn 0.8321 0.3566 -0.4249
v 0.83151 1.18054 0.14759
vt 0.93750 0.07803
vn 0.9722 -0.0632 -0.2255
v 0.82800 1.24070 0.17849
vt 1.00000 0.09606
vn 0.8321 0.3566 -0.4249
v 0.83800 1.23106 0.18998
vt 1.00000 0.07803
vn 0.9912 0.0850 -0.1012
v 0.89000 0.78753 0.71855
vt 0.00000 0.00000
vn -0.9932 -0.0751 0.0895
v 0.85308 1.00524 0.56835
vt 0.06250 0.25676
vn -0.9701 -0.2424 -0.0113
v 0.86000 0.95144 0.52321
vt 0.00000 0.25676
vn -0.9891 -0.0946 0.1127
v 0.89000 0.78753 0.71855
vt 0.00000 0.00000
vn -0.9932 -0.0751 0.0895
v 0.88251 0.84582 0.76746
vt 0.06250 0.00000
vn -0.9741 -0.2235 -0.0350
v 0.85308 1.00524 0.56835
vt 0.06250 0.25676
vn -0.9701 -0.2424 -0.0113
v 0.88251 0.84582 0.76746
vt 0.06250 0.00000
vn -0.9741 -0.2235 -0.0350
v 0.83260 1.05698 0.61176
vt 0.12500 0.25676
vn -0.9138 -0.3845 -0.1306
v 0.85308 1.00524 0.56835
vt 0.06250 0.25676
vn -0.9701 -0.2424 -0.0113
v 0.88251 0.84582 0.76746
vt 0.06250 0.00000
vn -0.9741 -0.2235 -0.0350
v 0.86031 0.90186 0.81448
vt 0.12500 0.00000
vn -0.9176 -0.3662 -0.1548
v 0.83260 1.05698 0.61176
vt 0.12500 0.25676
vn -0.9138 -0.3845 -0.1306
v 0.86031 0.90186 0.81448
vt 0.12500 0.00000
vn -0.9176 -0.3662 -0.1548
v 0.79933 1.10466 0.65177
vt 0.18750 0.25676
vn -0.8224 -0.5155 -0.2405
v 0.83260 1.05698 0.61176
vt 0.12500 0.25676
vn -0.9138 -0.3845 -0.1306
v 0.86031 0.90186 0.81448
vt 0.12500 0.00000
vn -0.9176 -0.3662 -0.1548
v 0.82427 0.95351 0.85782
vt 0.18750 0.00000
vn -0.8258 -0.4978 -0.2652
v 0.79933 1.10466 0.65177
vt 0.18750 0.25676
vn -0.8224 -0.5155 -0.2405
v 0.82427 0.95351 0.85782
vt 0.18750 0.00000
vn -0.8258 -0.4978 -0.2652
v 0.75456 1.14645 0.68684
vt 0.25000 0.25676
vn -0.6994 -0.6304 -0.3369
v 0.79933 1.10466 0.65177
vt 0.18750 0.25676
vn -0.8224 -0.5155 -0.2405
v 0.82427 0.95351 0.85782
vt 0.18750 0.00000
vn -0.8258 -0.4978 -0.2652
v 0.77577 0.99878 0.89581
vt 0.25000 0.00000
vn -0.7023 -0.6131 -0.3619
v 0.75456 1.14645 0.68684
vt 0.25000 0.25676
vn -0.6994 -0.6304 -0.3369
v 0.77577 0.99878 0.89581
vt 0.25000 0.00000
vn -0.7023 -0.6131 -0.3619
v 0.70001 1.18074 0.71561
vt 0.31250 0.25676
vn -0.5495 -0.7246 -0.4159
v 0.75456 1.14645 0.68684
vt 0.25000 0.25676
vn -0.6994 -0.6304 -0.3369
v 0.77577 0.99878 0.89581
vt 0.25000 0.00000
vn -0.7023 -0.6131 -0.3619
v 0.71667 1.03594 0.92699
vt 0.31250 0.00000
vn -0.5518 -0.7077 -0.4413
v 0.70001 1.18074 0.71561
vt 0.31250 0.25676
vn -0.5495 -0.7246 -0.4159
v 0.71667 1.03594 0.92699
vt 0.31250 0.00000
vn -0.5518 -0.7077 -0.4413
v 0.63777 1.20623 0.73700
vt 0.37500 0.25676
vn -0.3785 -0.7946 -0.4747
v 0.70001 1.18074 0.71561
vt 0.31250 0.25676
vn -0.5495 -0.7246 -0.4159
v 0.71667 1.03594 0.92699
vt 0.31250 0.00000
vn -0.5518 -0.7077 -0.4413
v 0.64925 1.06355 0.95015
vt 0.37500 0.00000
vn -0.3801 -0.7780 -0.5003
v 0.63777 1.20623 0.73700
vt 0.37500 0.25676
vn -0.3785 -0.7946 -0.4747
v 0.64925 1.06355 0.95015
vt 0.37500 0.00000
vn -0.3801 -0.7780 -0.5003
v 0.57023 1.22192 0.75017
vt 0.43750 0.25676
vn -0.1930 -0.8377 -0.5109
v 0.63777 1.20623 0.73700
vt 0.37500 0.25676
vn -0.3785 -0.7946 -0.4747
v 0.64925 1.06355 0.95015
vt 0.37500 0.00000
vn -0.3801 -0.7780 -0.5003
v 0.57609 1.08055 0.96442
vt 0.43750 0.00000
vn -0.1938 -0.8213 -0.5366
v 0.57023 1.22192 0.75017
vt 0.43750 0.25676
vn -0.1930 -0.8377 -0.5109
v 0.57609 1.08055 0.96442
vt 0.43750 0.00000
vn -0.1938 -0.8213 -0.5366
v 0.50000 1.22722 0.75461
vt 0.50000 0.25676
vn 0.0000 -0.8523 -0.5231
v 0.57023 1.22192 0.75017
vt 0.43750 0.25676
vn -0.1930 -0.8377 -0.5109
v 0.57609 1.08055 0.96442
vt 0.43750 0.00000
vn -0.1938 -0.8213 -0.5366
v 0.50000 1.08629 0.96924
vt 0.50000 0.00000
vn 0.0000 -0.8359 -0.5489
v 0.50000 1.22722 0.75461
vt 0.50000 0.25676
vn 0.0000 -0.8523 -0.5231
v 0.50000 1.08629 0.96924
vt 0.50000 0.00000
vn 0.0000 -0.8359 -0.5489
v 0.42977 1.22192 0.75017
vt 0.56250 0.25676
vn 0.1930 -0.8377 -0.5109
v 0.50000 1.22722 0.75461
vt 0.50000 0.25676
vn 0.0000 -0.8523 -0.5231
v 0.50000 1.08629 0.96924
vt 0.50000 0.00000
vn 0.0000 -0.8359 -0.5489
v 0.42391 1.08055 0.96442
vt 0.56250 0.00000
vn 0.1938 -0.8213 -0.5366
v 0.42977 1.22192 0.75017
vt 0.56250 0.25676
vn 0.1930 -0.8377 -0.5109
v 0.42391 1.08055 0.96442
vt 0.56250 0.00000
vn 0.1938 -0.8213 -0.5366
v 0.36223 1.20623 0.73700
vt 0.62500 0.25676
vn 0.3785 -0.7946 -0.4747
v 0.42977 1.22192 0.75017
vt 0.56250 0.25676
vn 0.1930 -0.8377 -0.5109
v 0.42391 1.08055 0.96442
vt 0.56250 0.00000
vn 0.1938 -0.8213 -0.5366
v 0.35075 1.06355 0.95015
vt 0.62500 0.00000
vn 0.3801 -0.7780 -0.5003
v 0.36223 1.20623 0.73700
vt 0.62500 0.25676
vn 0.3785 -0.7946 -0.4747
v 0.35075 1.06355 0.95015
vt 0.62500 0.00000
vn 0.3801 -0.7780 -0.5003
v 0.29999 1.18074 0.71561
vt 0.68750 0.25676
vn 0.5495 -0.7246 -0.4159
v 0.36223 1.20623 0.73700
vt 0.62500 0.25676
vn 0.3785 -0.7946 -0.4747
v 0.35075 1.06355 0.95015
vt 0.62500 0.00000
vn 0.3801 -0.7780 -0.5003
v 0.28333 1.03594 0.92699
vt 0.68750 0.00000
vn 0.5518 -0.7077 -0.4413
v 0.29999 1.18074 0.71561
vt 0.68750 0.25676
vn 0.5495 -0.7246 -0.4159
v 0.28333 1.03594 0.92699
vt 0.68750 0.00000
vn 0.5518 -0.7077 -0.4413
v 0.24544 1.14645 0.68684
vt 0.75000 0.25676
vn 0.6994 -0.6304 -0.3369
v 0.29999 1.18074 0.71561
vt 0.68750 0.25676
vn 0.5495 -0.7246 -0.4159
v 0.28333 1.03594 0.92699
vt 0.68750 0.00000
vn 0.5518 -0.7077 -0.4413
v 0.22423 0.99878 0.89581
vt 0.75000 0.00000
vn 0.7023 -0.6131 -0.3619
v 0.24544 1.14645 0.68684
vt 0.75000 0.25676
vn 0.6994 -0.6304 -0.3369
v 0.22423 0.99878 0.89581
vt 0.75000 0.00000
vn 0.7023 -0.6131 -0.3619
v 0.20067 1.10466 0.65177
vt 0.81250 0.25676
vn 0.8224 -0.5155 -0.2405
v 0.24544 1.14645 0.68684
vt 0.75000 0.25676
vn 0.6994 -0.6304 -0.3369
v 0.22423 0.99878 0.89581
vt 0.75000 0.00000
vn 0.7023 -0.6131 -0.3619
v 0.17573 0.95351 0.85782
vt 0.81250 0.00000
vn 0.8258 -0.4978 -0.2652
v 0.20067 1.10466 0.65177
vt 0.81250 0.25676
vn 0.8224 -0.5155 -0.2405
v 0.17573 0.95351 0.85782
vt 0.81250 0.00000
vn 0.8258 -0.4978 -0.2652
v 0.16740 1.05698 0.61176
vt 0.87500 0.25676
vn 0.9138 -0.3845 -0.1306
v 0.20067 1.10466 0.65177
vt 0.81250 0.25676
vn 0.8224 -0.5155 -0.2405
v 0.17573 0.95351 0.85782
vt 0.81250 0.00000
vn 0.8258 -0.4978 -0.2652
v 0.13969 0.90186 0.81448
vt 0.87500 0.00000
vn 0.9176 -0.3662 -0.1548
v 0.16740 1.05698 0.61176
vt 0.87500 0.25676
vn 0.9138 -0.3845 -0.1306
v 0.13969 0.90186 0.81448
vt 0.87500 0.00000
vn 0.9176 -0.3662 -0.1548
v 0.14692 1.00524 0.56835
vt 0.93750 0.25676
vn 0.9701 -0.2424 -0.0113
v 0.16740 1.05698 0.61176
vt 0.87500 0.25676
vn 0.9138 -0.3845 -0.1306
v 0.13969 0.90186 0.81448
vt 0.87500 0.00000
vn 0.9176 -0.3662 -0.1548
v 0.11749 0.84582 0.76746
vt 0.93750 0.00000
vn 0.9741 -0.2235 -0.0350
v 0.14692 1.00524 0.56835
vt 0.93750 0.25676
vn 0.9701 -0.2424 -0.0113
v 0.11749 0.84582 0.76746
vt 0.93750 0.00000
vn 0.9741 -0.2235 -0.0350
v 0.14000 0.95144 0.52321
vt 1.00000 0.25676
vn 0.9891 -0.0946 0.1127
v 0.14692 1.00524 0.56835
vt 0.93750 0.25676
vn 0.9701 -0.2424 -0.0113
v 0.11749 0.84582 0.76746
vt 0.93750 0.00000
vn 0.9741 -0.2235 -0.0350
v 0.11000 0.78753 0.71855
vt 1.00000 0.00000
vn 0.9932 -0.0751 0.0895
v 0.14000 0.95144 0.52321
vt 1.00000 0.25676
vn 0.9891 -0.0946 0.1127
v 0.11000 0.78753 0.71855
vt 0.00000 0.00000
vn 0.9932 -0.0751 0.0895
v 0.14692 0.89764 0.47806
vt 0.06250 0.25676
vn 0.9701 0.0532 0.2368
v 0.14000 0.95144 0.52321
vt 0.00000 0.25676
vn 0.9891 -0.0946 0.1127
v 0.11000 0.78753 0.71855
vt 0.00000 0.00000
vn 0.9932 -0.0751 0.0895
v 0.11749 0.72925 0.66964
vt 0.06250 0.00000
vn 0.9741 0.0733 0.2140
v 0.14692 0.89764 0.47806
vt 0.06250 0.25676
vn 0.9701 0.0532 0.2368
v 0.11749 0.72925 0.66964
vt 0.06250 0.00000
vn 0.9741 0.0733 0.2140
v 0.16740 0.84591 0.43465
vt 0.12500 0.25676
vn 0.9138 0.1954 0.3560
v 0.14692 0.89764 0.47806
vt 0.06250 0.25676
vn 0.9701 0.0532 0.2368
v 0.11749 0.72925 0.66964
vt 0.06250 0.00000
vn 0.9741 0.0733 0.2140
v 0.13969 0.67320 0.62262
vt 0.12500 0.00000
vn 0.9176 0.2160 0.3338
v 0.16740 0.84591 0.43465
vt 0.12500 0.25676
vn 0.9138 0.1954 0.3560
v 0.13969 0.67320 0.62262
vt 0.12500 0.00000
vn 0.9176 0.2160 0.3338
v 0.20067 0.79823 0.39465
vt 0.18750 0.25676
vn 0.8224 0.3264 0.4659
v 0.16740 0.84591 0.43465
vt 0.12500 0.25676
vn 0.9138 0.1954 0.3560
v 0.13969 0.67320 0.62262
vt 0.12500 0.00000
vn 0.9176 0.2160 0.3338
v 0.17573 0.62155 0.57928
vt 0.18750 0.00000
vn 0.8258 0.3476 0.4442
v 0.20067 0.79823 0.39465
vt 0.18750 0.25676
vn 0.8224 0.3264 0.4659
v 0.17573 0.62155 0.57928
vt 0.18750 0.00000
vn 0.8258 0.3476 0.4442
v 0.24544 0.75644 0.35958
vt 0.25000 0.25676
vn 0.6994 0.4412 0.5623
v 0.20067 0.79823 0.39465
vt 0.18750 0.25676
vn 0.8224 0.3264 0.4659
v 0.17573 0.62155 0.57928
vt 0.18750 0.00000
vn 0.8258 0.3476 0.4442
v 0.22423 0.57628 0.54129
vt 0.25000 0.00000
vn 0.7023 0.4629 0.5409
v 0.24544 0.75644 0.35958
vt 0.25000 0.25676
vn 0.6994 0.4412 0.5623
v 0.22423 0.57628 0.54129
vt 0.25000 0.00000
vn 0.7023 0.4629 0.5409
v 0.29999 0.72214 0.33080
vt 0.31250 0.25676
vn 0.5495 0.5354 0.6414
v 0.24544 0.75644 0.35958
vt 0.25000 0.25676
vn 0.6994 0.4412 0.5623
v 0.22423 0.57628 0.54129
vt 0.25000 0.00000
vn 0.7023 0.4629 0.5409
v 0.28333 0.53912 0.51011
vt 0.31250 0.00000
vn 0.5518 0.5575 0.6203
v 0.29999 0.72214 0.33080
vt 0.31250 0.25676
vn 0.5495 0.5354 0.6414
v 0.28333 0.53912 0.51011
vt 0.31250 0.00000
vn 0.5518 0.5575 0.6203
v 0.36223 0.69666 0.30942
vt 0.37500 0.25676
vn 0.3785 0.6054 0.7001
v 0.29999 0.72214 0.33080
vt 0.31250 0.25676
vn 0.5495 0.5354 0.6414
v 0.28333 0.53912 0.51011
vt 0.31250 0.00000
vn 0.5518 0.5575 0.6203
v 0.35075 0.51152 0.48695
vt 0.37500 0.00000
vn 0.3801 0.6278 0.6793
v 0.36223 0.69666 0.30942
vt 0.37500 0.25676
vn 0.3785 0.6054 0.7001
v 0.35075 0.51152 0.48695
vt 0.37500 0.00000
vn 0.3801 0.6278 0.6793
v 0.42977 0.68097 0.29625
vt 0.43750 0.25676
vn 0.1930 0.6486 0.7363
v 0.36223 0.69666 0.30942
vt 0.37500 0.25676
vn 0.3785 0.6054 0.7001
v 0.35075 0.51152 0.48695
vt 0.37500 0.00000
vn 0.3801 0.6278 0.6793
v 0.42391 0.49451 0.47268
vt 0.43750 0.00000
vn 0.1938 0.6711 0.7156
v 0.42977 0.68097 0.29625
vt 0.43750 0.25676
vn 0.1930 0.6486 0.7363
v 0.42391 0.49451 0.47268
vt 0.43750 0.00000
vn 0.1938 0.6711 0.7156
v 0.50000 0.67567 0.29181
vt 0.50000 0.25676
vn 0.0000 0.6631 0.7485
v 0.42977 0.68097 0.29625
vt 0.43750 0.25676
vn 0.1930 0.6486 0.7363
v 0.42391 0.49451 0.47268
vt 0.43750 0.00000
vn 0.1938 0.6711 0.7156
v 0.50000 0.48877 0.46786
vt 0.50000 0.00000
vn 0.0000 0.6857 0.7279
v 0.50000 0.67567 0.29181
vt 0.50000 0.25676
vn 0.0000 0.6631 0.7485
v 0.50000 0.48877 0.46786
vt 0.50000 0.00000
vn 0.0000 0.6857 0.7279
v 0.57023 0.68097 0.29625
vt 0.56250 0.25676
vn -0.1930 0.6486 0.7363
v 0.50000 0.67567 0.29181
vt 0.50000 0.25676
vn 0.0000 0.6631 0.7485
v 0.50000 0.48877 0.46786
vt 0.50000 0.00000
vn 0.0000 0.6857 0.7279
v 0.57609 0.49451 0.47268
vt 0.56250 0.00000
vn -0.1938 0.6711 0.7156
v 0.57023 0.68097 0.29625
vt 0.56250 0.25676
vn -0.1930 0.6486 0.7363
v 0.57609 0.49451 0.47268
vt 0.56250 0.00000
vn -0.1938 0.6711 0.7156
v 0.63777 0.69666 0.30942
vt 0.62500 0.25676
vn -0.3785 0.6054 0.7001
v 0.57023 0.68097 0.29625
vt 0.56250 0.25676
vn -0.1930 0.6486 0.7363
v 0.57609 0.49451 0.47268
vt 0.56250 0.00000
vn -0.1938 0.6711 0.7156
v 0.64925 0.51152 0.48695
vt 0.62500 0.00000
vn -0.3801 0.6278 0.6793
v 0.63777 0.69666 0.30942
vt 0.62500 0.25676
vn -0.3785 0.6054 0.7001
v 0.64925 0.51152 0.48695
vt 0.62500 0.00000
vn -0.3801 0.6278 0.6793
v 0.70001 0.72214 0.33080
vt 0.68750 0.25676
vn -0.5495 0.5354 0.6414
v 0.63777 0.69666 0.30942
vt 0.62500 0.25676
vn -0.3785 0.6054 0.7001
v 0.64925 0.51152 0.48695
vt 0.62500 0.00000
vn -0.3801 0.6278 0.6793
v 0.71667 0.53912 0.51011
vt 0.68750 0.00000
vn -0.5518 0.5575 0.6203
v 0.70001 0.72214 0.33080
vt 0.68750 0.25676
vn -0.5495 0.5354 0.6414
v 0.71667 0.53912 0.51011
vt 0.68750 0.00000
vn -0.5518 0.5575 0.6203
v 0.75456 0.75644 0.35958
vt 0.75000 0.25676
vn -0.6994 0.4412 0.5623
v 0.70001 0.72214 0.33080
vt 0.68750 0.25676
vn -0.5495 0.5354 0.6414
v 0.71667 0.53912 0.51011
vt 0.68750 0.00000
vn -0.5518 0.5575 0.6203
v 0.77577 0.57628 0.54129
vt 0.75000 0.00000
vn -0.7023 0.4629 0.5409
v 0.75456 0.75644 0.35958
vt 0.75000 0.25676
vn -0.6994 0.4412 0.5623
v 0.77577 0.57628 0.54129
vt 0.75000 0.00000
vn -0.7023 0.4629 0.5409
v 0.79933 0.79823 0.39465
vt 0.81250 0.25676
vn -0.8224 0.3264 0.4659
v 0.75456 0.75644 0.35958
vt 0.75000 0.25676
vn -0.6994 0.4412 0.5623
v 0.77577 0.57628 0.54129
vt 0.75000 0.00000
vn -0.7023 0.4629 0.5409
v 0.82427 0.62155 0.57928
vt 0.81250 0.00000
vn -0.8258 0.3476 0.4442
v 0.79933 0.79823 0.39465
vt 0.81250 0.25676
vn -0.8224 0.3264 0.4659
v 0.82427 0.62155 0.57928
vt 0.81250 0.00000
vn -0.8258 0.3476 0.4442
v 0.83260 0.84591 0.43465
vt 0.87500 0.25676
vn -0.9138 0.1954 0.3560
v 0.79933 0.79823 0.39465
vt 0.81250 0.25676
vn -0.8224 0.3264 0.4659
v 0.82427 0.62155 0.57928
vt 0.81250 0.00000
vn -0.8258 0.3476 0.4442
v 0.86031 0.67320 0.62262
vt 0.87500 0.00000
vn -0.9176 0.2160 0.3338
v 0.83260 0.84591 0.43465
vt 0.87500 0.25676
vn -0.9138 0.1954 0.3560
v 0.86031 0.67320 0.62262
vt 0.87500 0.00000
vn -0.9176 0.2160 0.3338
v 0.85308 0.89764 0.47806
vt 0.93750 0.25676
vn -0.9701 0.0532 0.2368
v 0.83260 0.84591 0.43465
vt 0.87500 0.25676
vn -0.9138 0.1954 0.3560
v 0.86031 0.67320 0.62262
vt 0.87500 0.00000
vn -0.9176 0.2160 0.3338
v 0.88251 0.72925 0.66964
vt 0.93750 0.00000
vn -0.9741 0.0733 0.2140
v 0.85308 0.89764 0.47806
vt 0.93750 0.25676
vn -0.9701 0.0532 0.2368
v 0.88251 0.72925 0.66964
vt 0.93750 0.00000
vn -0.9741 0.0733 0.2140
v 0.86000 0.95144 0.52321
vt 1.00000 0.25676
vn -0.9891 -0.0946 0.1127
v 0.85308 0.89764 0.47806
vt 0.93750 0.25676
vn -0.9701 0.0532 0.2368
v 0.88251 0.72925 0.66964
vt 0.93750 0.00000
vn -0.9741 0.0733 0.2140
v 0.89000 0.78753 0.71855
vt 1.00000 0.00000
vn -0.9932 -0.0751 0.0895
v 0.86000 0.95144 0.52321
vt 1.00000 0.25676
vn -0.9891 -0.0946 0.1127
v 0.86000 0.95144 0.52321
vt 0.00000 0.25676
vn -0.9891 -0.0946 0.1127
v 0.79424 1.22125 0.29271
vt 0.06250 0.61186
vn -0.9791 -0.1869 -0.0802
v 0.80000 1.17642 0.25509
vt 0.00000 0.61186
vn -0.9983 -0.0377 0.0450
v 0.86000 0.95144 0.52321
vt 0.00000 0.25676
vn -0.9891 -0.0946 0.1127
v 0.85308 1.00524 0.56835
vt 0.06250 0.25676
vn -0.9701 -0.2424 -0.0113
v 0.79424 1.22125 0.29271
vt 0.06250 0.61186
vn -0.9791 -0.1869 -0.0802
v 0.85308 1.00524 0.56835
vt 0.06250 0.25676
vn -0.9701 -0.2424 -0.0113
v 0.77716 1.26436 0.32889
vt 0.12500 0.61186
vn -0.9223 -0.3304 -0.2006
v 0.79424 1.22125 0.29271
vt 0.06250 0.61186
vn -0.9791 -0.1869 -0.0802
v 0.85308 1.00524 0.56835
vt 0.06250 0.25676
vn -0.9701 -0.2424 -0.0113
v 0.83260 1.05698 0.61176
vt 0.12500 0.25676
vn -0.9138 -0.3845 -0.1306
v 0.77716 1.26436 0.32889
vt 0.12500 0.61186
vn -0.9223 -0.3304 -0.2006
v 0.83260 1.05698 0.61176
vt 0.12500 0.25676
vn -0.9138 -0.3845 -0.1306
v 0.74944 1.30410 0.36223
vt 0.18750 0.61186
vn -0.8300 -0.4626 -0.3115
v 0.77716 1.26436 0.32889
vt 0.12500 0.61186
vn -0.9223 -0.3304 -0.2006
v 0.83260 1.05698 0.61176
vt 0.12500 0.25676
vn -0.9138 -0.3845 -0.1306
v 0.79933 1.10466 0.65177
vt 0.18750 0.25676
vn -0.8224 -0.5155 -0.2405
v 0.74944 1.30410 0.36223
vt 0.18750 0.61186
vn -0.8300 -0.4626 -0.3115
v 0.79933 1.10466 0.65177
vt 0.18750 0.25676
vn -0.8224 -0.5155 -0.2405
v 0.71213 1.33892 0.39145
vt 0.25000 0.61186
vn -0.7059 -0.5785 -0.4088
v 0.74944 1.30410 0.36223
vt 0.18750 0.61186
vn -0.8300 -0.4626 -0.3115
v 0.79933 1.10466 0.65177
vt 0.18750 0.25676
vn -0.8224 -0.5155 -0.2405
v 0.75456 1.14645 0.68684
vt 0.25000 0.25676
vn -0.6994 -0.6304 -0.3369
v 0.71213 1.33892 0.39145
vt 0.25000 0.61186
vn -0.7059 -0.5785 -0.4088
v 0.75456 1.14645 0.68684
vt 0.25000 0.25676
vn -0.6994 -0.6304 -0.3369
v 0.66667 1.36750 0.41543
vt 0.31250 0.61186
vn -0.5546 -0.6736 -0.4886
v 0.71213 1.33892 0.39145
vt 0.25000 0.61186
vn -0.7059 -0.5785 -0.4088
v 0.75456 1.14645 0.68684
vt 0.25000 0.25676
vn -0.6994 -0.6304 -0.3369
v 0.70001 1.18074 0.71561
vt 0.31250 0.25676
vn -0.5495 -0.7246 -0.4159
v 0.66667 1.36750 0.41543
vt 0.31250 0.61186
vn -0.5546 -0.6736 -0.4886
v 0.70001 1.18074 0.71561
vt 0.31250 0.25676
vn -0.5495 -0.7246 -0.4159
v 0.61481 1.38874 0.43325
vt 0.37500 0.61186
vn -0.3820 -0.7443 -0.5478
v 0.66667 1.36750 0.41543
vt 0.31250 0.61186
vn -0.5546 -0.6736 -0.4886
v 0.70001 1.18074 0.71561
vt 0.31250 0.25676
vn -0.5495 -0.7246 -0.4159
v 0.63777 1.20623 0.73700
vt 0.37500 0.25676
vn -0.3785 -0.7946 -0.4747
v 0.61481 1.38874 0.43325
vt 0.37500 0.61186
vn -0.3820 -0.7443 -0.5478
v 0.63777 1.20623 0.73700
vt 0.37500 0.25676
vn -0.3785 -0.7946 -0.4747
v 0.55853 1.40182 0.44422
vt 0.43750 0.61186
vn -0.1948 -0.7878 -0.5844
v 0.61481 1.38874 0.43325
vt 0.37500 0.61186
vn -0.3820 -0.7443 -0.5478
v 0.63777 1.20623 0.73700
vt 0.37500 0.25676
vn -0.3785 -0.7946 -0.4747
v 0.57023 1.22192 0.75017
vt 0.43750 0.25676
vn -0.1930 -0.8377 -0.5109
v 0.55853 1.40182 0.44422
vt 0.43750 0.61186
vn -0.1948 -0.7878 -0.5844
v 0.57023 1.22192 0.75017
vt 0.43750 0.25676
vn -0.1930 -0.8377 -0.5109
v 0.50000 1.40623 0.44793
vt 0.50000 0.61186
vn 0.0000 -0.8025 -0.5967
v 0.55853 1.40182 0.44422
vt 0.43750 0.61186
vn -0.1948 -0.7878 -0.5844
v 0.57023 1.22192 0.75017
vt 0.43750 0.25676
vn -0.1930 -0.8377 -0.5109
v 0.50000 1.22722 0.75461
vt 0.50000 0.25676
vn 0.0000 -0.8523 -0.5231
v 0.50000 1.40623 0.44793
vt 0.50000 0.61186
vn 0.0000 -0.8025 -0.5967
v 0.50000 1.22722 0.75461
vt 0.50000 0.25676
vn 0.0000 -0.8523 -0.5231
v 0.44147 1.40182 0.44422
vt 0.56250 0.61186
vn 0.1948 -0.7878 -0.5844
v 0.50000 1.40623 0.44793
vt 0.50000 0.61186
vn 0.0000 -0.8025 -0.5967
v 0.50000 1.22722 0.75461
vt 0.50000 0.25676
vn 0.0000 -0.8523 -0.5231
v 0.42977 1.22192 0.75017
vt 0.56250 0.25676
vn 0.1930 -0.8377 -0.5109
v 0.44147 1.40182 0.44422
vt 0.56250 0.61186
vn 0.1948 -0.7878 -0.5844
v 0.42977 1.22192 0.75017
vt 0.56250 0.25676
vn 0.1930 -0.8377 -0.5109
v 0.38519 1.38874 0.43325
vt 0.62500 0.61186
vn 0.3820 -0.7443 -0.5478
v 0.44147 1.40182 0.44422
vt 0.56250 0.61186
vn 0.1948 -0.7878 -0.5844
v 0.42977 1.22192 0.75017
vt 0.56250 0.25676
vn 0.1930 -0.8377 -0.5109
v 0.36223 1.20623 0.73700
vt 0.62500 0.25676
vn 0.3785 -0.7946 -0.4747
v 0.38519 1.38874 0.43325
vt 0.62500 0.61186
vn 0.3820 -0.7443 -0.5478
v 0.36223 1.20623 0.73700
vt 0.62500 0.25676
vn 0.3785 -0.7946 -0.4747
v 0.33333 1.36750 0.41543
vt 0.68750 0.61186
vn 0.5546 -0.6736 -0.4886
v 0.38519 1.38874 0.43325
vt 0.62500 0.61186
vn 0.3820 -0.7443 -0.5478
v 0.36223 1.20623 0.73700
vt 0.62500 0.25676
vn 0.3785 -0.7946 -0.4747
v 0.29999 1.18074 0.71561
vt 0.68750 0.25676
vn 0.5495 -0.7246 -0.4159
v 0.33333 1.36750 0.41543
vt 0.68750 0.61186
vn 0.5546 -0.6736 -0.4886
v 0.29999 1.18074 0.71561
vt 0.68750 0.25676
vn 0.5495 -0.7246 -0.4159
v 0.28787 1.33892 0.39145
vt 0.75000 0.61186
vn 0.7059 -0.5785 -0.4088
v 0.33333 1.36750 0.41543
vt 0.68750 0.61186
vn 0.5546 -0.6736 -0.4886
v 0.29999 1.18074 0.71561
vt 0.68750 0.25676
vn 0.5495 -0.7246 -0.4159
v 0.24544 1.14645 0.68684
vt 0.75000 0.25676
vn 0.6994 -0.6304 -0.3369
v 0.28787 1.33892 0.39145
vt 0.75000 0.61186
vn 0.7059 -0.5785 -0.4088
v 0.24544 1.14645 0.68684
vt 0.75000 0.25676
vn 0.6994 -0.6304 -0.3369
v 0.25056 1.30410 0.36223
vt 0.81250 0.61186
vn 0.8300 -0.4626 -0.3115
v 0.28787 1.33892 0.39145
vt 0.75000 0.61186
vn 0.7059 -0.5785 -0.4088
v 0.24544 1.14645 0.68684
vt 0.75000 0.25676
vn 0.6994 -0.6304 -0.3369
v 0.20067 1.10466 0.65177
vt 0.81250 0.25676
vn 0.8224 -0.5155 -0.2405
v 0.25056 1.30410 0.36223
vt 0.81250 0.61186
vn 0.8300 -0.4626 -0.3115
v 0.20067 1.10466 0.65177
vt 0.81250 0.25676
vn 0.8224 -0.5155 -0.2405
v 0.22284 1.26436 0.32889
vt 0.87500 0.61186
vn 0.9223 -0.3304 -0.2006
v 0.25056 1.30410 0.36223
vt 0.81250 0.61186
vn 0.8300 -0.4626 -0.3115
v 0.20067 1.10466 0.65177
vt 0.81250 0.25676
vn 0.8224 -0.5155 -0.2405
v 0.16740 1.05698 0.61176
vt 0.87500 0.25676
vn 0.9138 -0.3845 -0.1306
v 0.22284 1.26436 0.32889
vt 0.87500 0.61186
vn 0.9223 -0.3304 -0.2006
v 0.16740 1.05698 0.61176
vt 0.87500 0.25676
vn 0.9138 -0.3845 -0.1306
v 0.20576 1.22125 0.29271
vt 0.93750 0.61186
vn 0.9791 -0.1869 -0.0802
v 0.22284 1.26436 0.32889
vt 0.87500 0.61186
vn 0.9223 -0.3304 -0.2006
v 0.16740 1.05698 0.61176
vt 0.87500 0.25676
vn 0.9138 -0.3845 -0.1306
v 0.14692 1.00524 0.56835
vt 0.93750 0.25676
vn 0.9701 -0.2424 -0.0113
v 0.20576 1.22125 0.29271
vt 0.93750 0.61186
vn 0.9791 -0.1869 -0.0802
v 0.14692 1.00524 0.56835
vt 0.93750 0.25676
vn 0.9701 -0.2424 -0.0113
v 0.20000 1.17642 0.25509
vt 1.00000 0.61186
vn 0.9983 -0.0377 0.0450
v 0.20576 1.22125 0.29271
vt 0.93750 0.61186
vn 0.9791 -0.1869 -0.0802
v 0.14692 1.00524 0.56835
vt 0.93750 0.25676
vn 0.9701 -0.2424 -0.0113
v 0.14000 0.95144 0.52321
vt 1.00000 0.25676
vn 0.9891 -0.0946 0.1127
v 0.20000 1.17642 0.25509
vt 1.00000 0.61186
vn 0.9983 -0.0377 0.0450
v 0.14000 0.95144 0.52321
vt 0.00000 0.25676
vn 0.9891 -0.0946 0.1127
v 0.20576 1.13158 0.21747
vt 0.06250 0.61186
vn 0.9791 0.1114 0.1702
v 0.20000 1.17642 0.25509
vt 0.00000 0.61186
vn 0.9983 -0.0377 0.0450
v 0.14000 0.95144 0.52321
vt 0.00000 0.25676
vn 0.9891 -0.0946 0.1127
v 0.14692 0.89764 0.47806
vt 0.06250 0.25676
vn 0.9701 0.0532 0.2368
v 0.20576 1.13158 0.21747
vt 0.06250 0.61186
vn 0.9791 0.1114 0.1702
v 0.14692 0.89764 0.47806
vt 0.06250 0.25676
vn 0.9701 0.0532 0.2368
v 0.22284 1.08847 0.18130
vt 0.12500 0.61186
vn 0.9223 0.2549 0.2905
v 0.20576 1.13158 0.21747
vt 0.06250 0.61186
vn 0.9791 0.1114 0.1702
v 0.14692 0.89764 0.47806
vt 0.06250 0.25676
vn 0.9701 0.0532 0.2368
v 0.16740 0.84591 0.43465
vt 0.12500 0.25676
vn 0.9138 0.1954 0.3560
v 0.22284 1.08847 0.18130
vt 0.12500 0.61186
vn 0.9223 0.2549 0.2905
v 0.16740 0.84591 0.43465
vt 0.12500 0.25676
vn 0.9138 0.1954 0.3560
v 0.25056 1.04874 0.14796
vt 0.18750 0.61186
vn 0.8300 0.3871 0.4015
v 0.22284 1.08847 0.18130
vt 0.12500 0.61186
vn 0.9223 0.2549 0.2905
v 0.16740 0.84591 0.43465
vt 0.12500 0.25676
vn 0.9138 0.1954 0.3560
v 0.20067 0.79823 0.39465
vt 0.18750 0.25676
vn 0.8224 0.3264 0.4659
v 0.25056 1.04874 0.14796
vt 0.18750 0.61186
vn 0.8300 0.3871 0.4015
v 0.20067 0.79823 0.39465
vt 0.18750 0.25676
vn 0.8224 0.3264 0.4659
v 0.28787 1.01392 0.11874
vt 0.25000 0.61186
vn 0.7059 0.5030 0.4987
v 0.25056 1.04874 0.14796
vt 0.18750 0.61186
vn 0.8300 0.3871 0.4015
v 0.20067 0.79823 0.39465
vt 0.18750 0.25676
vn 0.8224 0.3264 0.4659
v 0.24544 0.75644 0.35958
vt 0.25000 0.25676
vn 0.6994 0.4412 0.5623
v 0.28787 1.01392 0.11874
vt 0.25000 0.61186
vn 0.7059 0.5030 0.4987
v 0.24544 0.75644 0.35958
vt 0.25000 0.25676
vn 0.6994 0.4412 0.5623
v 0.33333 0.98534 0.09476
vt 0.31250 0.61186
vn 0.5546 0.5981 0.5785
v 0.28787 1.01392 0.11874
vt 0.25000 0.61186
vn 0.7059 0.5030 0.4987
v 0.24544 0.75644 0.35958
vt 0.25000 0.25676
vn 0.6994 0.4412 0.5623
v 0.29999 0.72214 0.33080
vt 0.31250 0.25676
vn 0.5495 0.5354 0.6414
v 0.33333 0.98534 0.09476
vt 0.31250 0.61186
vn 0.5546 0.5981 0.5785
v 0.29999 0.72214 0.33080
vt 0.31250 0.25676
vn 0.5495 0.5354 0.6414
v 0.38519 0.96410 0.07694
vt 0.37500 0.61186
vn 0.3820 0.6688 0.6378
v 0.33333 0.98534 0.09476
vt 0.31250 0.61186
vn 0.5546 0.5981 0.5785
v 0.29999 0.72214 0.33080
vt 0.31250 0.25676
vn 0.5495 0.5354 0.6414
v 0.36223 0.69666 0.30942
vt 0.37500 0.25676
vn 0.3785 0.6054 0.7001
v 0.38519 0.96410 0.07694
vt 0.37500 0.61186
vn 0.3820 0.6688 0.6378
v 0.36223 0.69666 0.30942
vt 0.37500 0.25676
vn 0.3785 0.6054 0.7001
v 0.44147 0.95102 0.06596
vt 0.43750 0.61186
vn 0.1948 0.7123 0.6743
v 0.38519 0.96410 0.07694
vt 0.37500 0.61186
vn 0.3820 0.6688 0.6378
v 0.36223 0.69666 0.30942
vt 0.37500 0.25676
vn 0.3785 0.6054 0.7001
v 0.42977 0.68097 0.29625
vt 0.43750 0.25676
vn 0.1930 0.6486 0.7363
v 0.44147 0.95102 0.06596
vt 0.43750 0.61186
vn 0.1948 0.7123 0.6743
v 0.42977 0.68097 0.29625
vt 0.43750 0.25676
vn 0.1930 0.6486 0.7363
v 0.50000 0.94660 0.06226
vt 0.50000 0.61186
vn 0.0000 0.7270 0.6867
v 0.44147 0.95102 0.06596
vt 0.43750 0.61186
vn 0.1948 0.7123 0.6743
v 0.42977 0.68097 0.29625
vt 0.43750 0.25676
vn 0.1930 0.6486 0.7363
v 0.50000 0.67567 0.29181
vt 0.50000 0.25676
vn 0.0000 0.6631 0.7485
v 0.50000 0.94660 0.06226
vt 0.50000 0.61186
vn 0.0000 0.7270 0.6867
v 0.50000 0.67567 0.29181
vt 0.50000 0.25676
vn 0.0000 0.6631 0.7485
v 0.55853 0.95102 0.06596
vt 0.56250 0.61186
vn -0.1948 0.7123 0.6743
v 0.50000 0.94660 0.06226
vt 0.50000 0.61186
vn 0.0000 0.7270 0.6867
v 0.50000 0.67567 0.29181
vt 0.50000 0.25676
vn 0.0000 0.6631 0.7485
v 0.57023 0.68097 0.29625
vt 0.56250 0.25676
vn -0.1930 0.6486 0.7363
v 0.55853 0.95102 0.06596
vt 0.56250 0.61186
vn -0.1948 0.7123 0.6743
v 0.57023 0.68097 0.29625
vt 0.56250 0.25676
vn -0.1930 0.6486 0.7363
v 0.61481 0.96410 0.07694
vt 0.62500 0.61186
vn -0.3820 0.6688 0.6378
v 0.55853 0.95102 0.06596
vt 0.56250 0.61186
vn -0.1948 0.7123 0.6743
v 0.57023 0.68097 0.29625
vt 0.56250 0.25676
vn -0.1930 0.6486 0.7363
v 0.63777 0.69666 0.30942
vt 0.62500 0.25676
vn -0.3785 0.6054 0.7001
v 0.61481 0.96410 0.07694
vt 0.62500 0.61186
vn -0.3820 0.6688 0.6378
v 0.63777 0.69666 0.30942
vt 0.62500 0.25676
vn -0.3785 0.6054 0.7001
v 0.66667 0.98534 0.09476
vt 0.68750 0.61186
vn -0.5546 0.5981 0.5785
v 0.61481 0.96410 0.07694
vt 0.62500 0.61186
vn -0.3820 0.6688 0.6378
v 0.63777 0.69666 0.30942
vt 0.62500 0.25676
vn -0.3785 0.6054 0.7001
v 0.70001 0.72214 0.33080
vt 0.68750 0.25676
vn -0.5495 0.5354 0.6414
v 0.66667 0.98534 0.09476
vt 0.68750 0.61186
vn -0.5546 0.5981 0.5785
v 0.70001 0.72214 0.33080
vt 0.68750 0.25676
vn -0.5495 0.5354 0.6414
v 0.71213 1.01392 0.11874
vt 0.75000 0.61186
vn -0.7059 0.5030 0.4987
v 0.66667 0.98534 0.09476
vt 0.68750 0.61186
vn -0.5546 0.5981 0.5785
v 0.70001 0.72214 0.33080
vt 0.68750 0.25676
vn -0.5495 0.5354 0.6414
v 0.75456 0.75644 0.35958
vt 0.75000 0.25676
vn -0.6994 0.4412 0.5623
v 0.71213 1.01392 0.11874
vt 0.75000 0.61186
vn -0.7059 0.5030 0.4987
v 0.75456 0.75644 0.35958
vt 0.75000 0.25676
vn -0.6994 0.4412 0.5623
v 0.74944 1.04874 0.14796
vt 0.81250 0.61186
vn -0.8300 0.3871 0.4015
v 0.71213 1.01392 0.11874
vt 0.75000 0.61186
vn -0.7059 0.5030 0.4987
v 0.75456 0.75644 0.35958
vt 0.75000 0.25676
vn -0.6994 0.4412 0.5623
v 0.79933 0.79823 0.39465
vt 0.81250 0.25676
vn -0.8224 0.3264 0.4659
v 0.74944 1.04874 0.14796
vt 0.81250 0.61186
vn -0.8300 0.3871 0.4015
v 0.79933 0.79823 0.39465
vt 0.81250 0.25676
vn -0.8224 0.3264 0.4659
v 0.77716 1.08847 0.18130
vt 0.87500 0.61186
vn -0.9223 0.2549 0.2905
v 0.74944 1.04874 0.14796
vt 0.81250 0.61186
vn -0.8300 0.3871 0.4015
v 0.79933 0.79823 0.39465
vt 0.81250 0.25676
vn -0.8224 0.3264 0.4659
v 0.83260 0.84591 0.43465
vt 0.87500 0.25676
vn -0.9138 0.1954 0.3560
v 0.77716 1.08847 0.18130
vt 0.87500 0.61186
vn -0.9223 0.2549 0.2905
v 0.83260 0.84591 0.43465
vt 0.87500 0.25676
vn -0.9138 0.1954 0.3560
v 0.79424 1.13158 0.21747
vt 0.93750 0.61186
vn -0.9791 0.1114 0.1702
v 0.77716 1.08847 0.18130
vt 0.87500 0.61186
vn -0.9223 0.2549 0.2905
v 0.83260 0.84591 0.43465
vt 0.87500 0.25676
vn -0.9138 0.1954 0.3560
v 0.85308 0.89764 0.47806
vt 0.93750 0.25676
vn -0.9701 0.0532 0.2368
v 0.79424 1.13158 0.21747
vt 0.93750 0.61186
vn -0.9791 0.1114 0.1702
v 0.85308 0.89764 0.47806
vt 0.93750 0.25676
vn -0.9701 0.0532 0.2368
v 0.80000 1.17642 0.25509
vt 1.00000 0.61186
vn -0.9983 -0.0377 0.0450
v 0.79424 1.13158 0.21747
vt 0.93750 0.61186
vn -0.9791 0.1114 0.1702
v 0.85308 0.89764 0.47806
vt 0.93750 0.25676
vn -0.9701 0.0532 0.2368
v 0.86000 0.95144 0.52321
vt 1.00000 0.25676
vn -0.9891 -0.0946 0.1127
v 0.80000 1.17642 0.25509
vt 1.00000 0.61186
vn -0.9983 -0.0377 0.0450
v 0.80000 1.17642 0.25509
vt 0.00000 0.61186
vn -0.9983 -0.0377 0.0450
v 0.81385 1.43636 0.04243
vt 0.06250 0.94247
vn -0.9670 -0.0399 -0.2517
v 0.82000 1.38854 0.00230
vt 0.00000 0.94247
vn -0.9859 0.1074 -0.1280
v 0.80000 1.17642 0.25509
vt 0.00000 0.61186
vn -0.9983 -0.0377 0.0450
v 0.79424 1.22125 0.29271
vt 0.06250 0.61186
vn -0.9791 -0.1869 -0.0802
v 0.81385 1.43636 0.04243
vt 0.06250 0.94247
vn -0.9670 -0.0399 -0.2517
v 0.79424 1.22125 0.29271
vt 0.06250 0.61186
vn -0.9791 -0.1869 -0.0802
v 0.79564 1.48235 0.08101
vt 0.12500 0.94247
vn -0.9109 -0.1816 -0.3705
v 0.81385 1.43636 0.04243
vt 0.06250 0.94247
vn -0.9670 -0.0399 -0.2517
v 0.79424 1.22125 0.29271
vt 0.06250 0.61186
vn -0.9791 -0.1869 -0.0802
v 0.77716 1.26436 0.32889
vt 0.12500 0.61186
vn -0.9223 -0.3304 -0.2006
v 0.79564 1.48235 0.08101
vt 0.12500 0.94247
vn -0.9109 -0.1816 -0.3705
v 0.77716 1.26436 0.32889
vt 0.12500 0.61186
vn -0.9223 -0.3304 -0.2006
v 0.76607 1.52473 0.11658
vt 0.18750 0.94247
vn -0.8198 -0.3122 -0.4801
v 0.79564 1.48235 0.08101
vt 0.12500 0.94247
vn -0.9109 -0.1816 -0.3705
v 0.77716 1.26436 0.32889
vt 0.12500 0.61186
vn -0.9223 -0.3304 -0.2006
v 0.74944 1.30410 0.36223
vt 0.18750 0.61186
vn -0.8300 -0.4626 -0.3115
v 0.76607 1.52473 0.11658
vt 0.18750 0.94247
vn -0.8198 -0.3122 -0.4801
v 0.74944 1.30410 0.36223
vt 0.18750 0.61186
vn -0.8300 -0.4626 -0.3115
v 0.72627 1.56187 0.14774
vt 0.25000 0.94247
vn -0.6972 -0.4266 -0.5761
v 0.76607 1.52473 0.11658
vt 0.18750 0.94247
vn -0.8198 -0.3122 -0.4801
v 0.74944 1.30410 0.36223
vt 0.18750 0.61186
vn -0.8300 -0.4626 -0.3115
v 0.71213 1.33892 0.39145
vt 0.25000 0.61186
vn -0.7059 -0.5785 -0.4088
v 0.72627 1.56187 0.14774
vt 0.25000 0.94247
vn -0.6972 -0.4266 -0.5761
v 0.71213 1.33892 0.39145
vt 0.25000 0.61186
vn -0.7059 -0.5785 -0.4088
v 0.67778 1.59236 0.17333
vt 0.31250 0.94247
vn -0.5478 -0.5206 -0.6550
v 0.72627 1.56187 0.14774
vt 0.25000 0.94247
vn -0.6972 -0.4266 -0.5761
v 0.71213 1.33892 0.39145
vt 0.25000 0.61186
vn -0.7059 -0.5785 -0.4088
v 0.66667 1.36750 0.41543
vt 0.31250 0.61186
vn -0.5546 -0.6736 -0.4886
v 0.67778 1.59236 0.17333
vt 0.31250 0.94247
vn -0.5478 -0.5206 -0.6550
v 0.66667 1.36750 0.41543
vt 0.31250 0.61186
vn -0.5546 -0.6736 -0.4886
v 0.62246 1.61501 0.19233
vt 0.37500 0.94247
vn -0.3773 -0.5904 -0.7135
v 0.67778 1.59236 0.17333
vt 0.31250 0.94247
vn -0.5478 -0.5206 -0.6550
v 0.66667 1.36750 0.41543
vt 0.31250 0.61186
vn -0.5546 -0.6736 -0.4886
v 0.61481 1.38874 0.43325
vt 0.37500 0.61186
vn -0.3820 -0.7443 -0.5478
v 0.62246 1.61501 0.19233
vt 0.37500 0.94247
vn -0.3773 -0.5904 -0.7135
v 0.61481 1.38874 0.43325
vt 0.37500 0.61186
vn -0.3820 -0.7443 -0.5478
v 0.56243 1.62896 0.20404
vt 0.43750 0.94247
vn -0.1923 -0.6333 -0.7496
v 0.62246 1.61501 0.19233
vt 0.37500 0.94247
vn -0.3773 -0.5904 -0.7135
v 0.61481 1.38874 0.43325
vt 0.37500 0.61186
vn -0.3820 -0.7443 -0.5478
v 0.55853 1.40182 0.44422
vt 0.43750 0.61186
vn -0.1948 -0.7878 -0.5844
v 0.56243 1.62896 0.20404
vt 0.43750 0.94247
vn -0.1923 -0.6333 -0.7496
v 0.55853 1.40182 0.44422
vt 0.43750 0.61186
vn -0.1948 -0.7878 -0.5844
v 0.50000 1.63367 0.20799
vt 0.50000 0.94247
vn 0.0000 -0.6479 -0.7618
v 0.56243 1.62896 0.20404
vt 0.43750 0.94247
vn -0.1923 -0.6333 -0.7496
v 0.55853 1.40182 0.44422
vt 0.43750 0.61186
vn -0.1948 -0.7878 -0.5844
v 0.50000 1.40623 0.44793
vt 0.50000 0.61186
vn 0.0000 -0.8025 -0.5967
v 0.50000 1.63367 0.20799
vt 0.50000 0.94247
vn 0.0000 -0.6479 -0.7618
v 0.50000 1.40623 0.44793
vt 0.50000 0.61186
vn 0.0000 -0.8025 -0.5967
v 0.43757 1.62896 0.20404
vt 0.56250 0.94247
vn 0.1923 -0.6333 -0.7496
v 0.50000 1.63367 0.20799
vt 0.50000 0.94247
vn 0.0000 -0.6479 -0.7618
v 0.50000 1.40623 0.44793
vt 0.50000 0.61186
vn 0.0000 -0.8025 -0.5967
v 0.44147 1.40182 0.44422
vt 0.56250 0.61186
vn 0.1948 -0.7878 -0.5844
v 0.43757 1.62896 0.20404
vt 0.56250 0.94247
vn 0.1923 -0.6333 -0.7496
v 0.44147 1.40182 0.44422
vt 0.56250 0.61186
vn 0.1948 -0.7878 -0.5844
v 0.37754 1.61501 0.19233
vt 0.62500 0.94247
vn 0.3773 -0.5904 -0.7135
v 0.43757 1.62896 0.20404
vt 0.56250 0.94247
vn 0.1923 -0.6333 -0.7496
v 0.44147 1.40182 0.44422
vt 0.56250 0.61186
vn 0.1948 -0.7878 -0.5844
v 0.38519 1.38874 0.43325
vt 0.62500 0.61186
vn 0.3820 -0.7443 -0.5478
v 0.37754 1.61501 0.19233
vt 0.62500 0.94247
vn 0.3773 -0.5904 -0.7135
v 0.38519 1.38874 0.43325
vt 0.62500 0.61186
vn 0.3820 -0.7443 -0.5478
v 0.32222 1.59236 0.17333
vt 0.68750 0.94247
vn 0.5478 -0.5206 -0.6550
v 0.37754 1.61501 0.19233
vt 0.62500 0.94247
vn 0.3773 -0.5904 -0.7135
v 0.38519 1.38874 0.43325
vt 0.62500 0.61186
vn 0.3820 -0.7443 -0.5478
v 0.33333 1.36750 0.41543
vt 0.68750 0.61186
vn 0.5546 -0.6736 -0.4886
v 0.32222 1.59236 0.17333
vt 0.68750 0.94247
vn 0.5478 -0.5206 -0.6550
v 0.33333 1.36750 0.41543
vt 0.68750 0.61186
vn 0.5546 -0.6736 -0.4886
v 0.27373 1.56187 0.14774
vt 0.75000 0.94247
vn 0.6972 -0.4266 -0.5761
v 0.32222 1.59236 0.17333
vt 0.68750 0.94247
vn 0.5478 -0.5206 -0.6550
v 0.33333 1.36750 0.41543
vt 0.68750 0.61186
vn 0.5546 -0.6736 -0.4886
v 0.28787 1.33892 0.39145
vt 0.75000 0.61186
vn 0.7059 -0.5785 -0.4088
v 0.27373 1.56187 0.14774
vt 0.75000 0.94247
vn 0.6972 -0.4266 -0.5761
v 0.28787 1.33892 0.39145
vt 0.75000 0.61186
vn 0.7059 -0.5785 -0.4088
v 0.23393 1.52473 0.11658
vt 0.81250 0.94247
vn 0.8198 -0.3122 -0.4801
v 0.27373 1.56187 0.14774
vt 0.75000 0.94247
vn 0.6972 -0.4266 -0.5761
v 0.28787 1.33892 0.39145
vt 0.75000 0.61186
vn 0.7059 -0.5785 -0.4088
v 0.25056 1.30410 0.36223
vt 0.81250 0.61186
vn 0.8300 -0.4626 -0.3115
v 0.23393 1.52473 0.11658
vt 0.81250 0.94247
vn 0.8198 -0.3122 -0.4801
v 0.25056 1.30410 0.36223
vt 0.81250 0.61186
vn 0.8300 -0.4626 -0.3115
v 0.20436 1.48235 0.08101
vt 0.87500 0.94247
vn 0.9109 -0.1816 -0.3705
v 0.23393 1.52473 0.11658
vt 0.81250 0.94247
vn 0.8198 -0.3122 -0.4801
v 0.25056 1.30410 0.36223
vt 0.81250 0.61186
vn 0.8300 -0.4626 -0.3115
v 0.22284 1.26436 0.32889
vt 0.87500 0.61186
vn 0.9223 -0.3304 -0.2006
v 0.20436 1.48235 0.08101
vt 0.87500 0.94247
vn 0.9109 -0.1816 -0.3705
v 0.22284 1.26436 0.32889
vt 0.87500 0.61186
vn 0.9223 -0.3304 -0.2006
v 0.18615 1.43636 0.04243
vt 0.93750 0.94247
vn 0.9670 -0.0399 -0.2517
v 0.20436 1.48235 0.08101
vt 0.87500 0.94247
vn 0.9109 -0.1816 -0.3705
v 0.22284 1.26436 0.32889
vt 0.87500 0.61186
vn 0.9223 -0.3304 -0.2006
v 0.20576 1.22125 0.29271
vt 0.93750 0.61186
vn 0.9791 -0.1869 -0.0802
v 0.18615 1.43636 0.04243
vt 0.93750 0.94247
vn 0.9670 -0.0399 -0.2517
v 0.20576 1.22125 0.29271
vt 0.93750 0.61186
vn 0.9791 -0.1869 -0.0802
v 0.18000 1.38854 0.00230
vt 1.00000 0.94247
vn 0.9859 0.1074 -0.1280
v 0.18615 1.43636 0.04243
vt 0.93750 0.94247
vn 0.9670 -0.0399 -0.2517
v 0.20576 1.22125 0.29271
vt 0.93750 0.61186
vn 0.9791 -0.1869 -0.0802
v 0.20000 1.17642 0.25509
vt 1.00000 0.61186
vn 0.9983 -0.0377 0.0450
v 0.18000 1.38854 0.00230
vt 1.00000 0.94247
vn 0.9859 0.1074 -0.1280
v 0.20000 1.17642 0.25509
vt 0.00000 0.61186
vn 0.9983 -0.0377 0.0450
v 0.18615 1.34071 -0.03783
vt 0.06250 0.94247
vn 0.9670 0.2548 -0.0044
v 0.18000 1.38854 0.00230
vt 0.00000 0.94247
vn 0.9859 0.1074 -0.1280
v 0.20000 1.17642 0.25509
vt 0.00000 0.61186
vn 0.9983 -0.0377 0.0450
v 0.20576 1.13158 0.21747
vt 0.06250 0.61186
vn 0.9791 0.1114 0.1702
v 0.18615 1.34071 -0.03783
vt 0.06250 0.94247
vn 0.9670 0.2548 -0.0044
v 0.20576 1.13158 0.21747
vt 0.06250 0.61186
vn 0.9791 0.1114 0.1702
v 0.20436 1.29473 -0.07642
vt 0.12500 0.94247
vn 0.9109 0.3964 0.1145
v 0.18615 1.34071 -0.03783
vt 0.06250 0.94247
vn 0.9670 0.2548 -0.0044
v 0.20576 1.13158 0.21747
vt 0.06250 0.61186
vn 0.9791 0.1114 0.1702
v 0.22284 1.08847 0.18130
vt 0.12500 0.61186
vn 0.9223 0.2549 0.2905
v 0.20436 1.29473 -0.07642
vt 0.12500 0.94247
vn 0.9109 0.3964 0.1145
v 0.22284 1.08847 0.18130
vt 0.12500 0.61186
vn 0.9223 0.2549 0.2905
v 0.23393 1.25235 -0.11198
vt 0.18750 0.94247
vn 0.8198 0.5270 0.2241
v 0.20436 1.29473 -0.07642
vt 0.12500 0.94247
vn 0.9109 0.3964 0.1145
v 0.22284 1.08847 0.18130
vt 0.12500 0.61186
vn 0.9223 0.2549 0.2905
v 0.25056 1.04874 0.14796
vt 0.18750 0.61186
vn 0.8300 0.3871 0.4015
v 0.23393 1.25235 -0.11198
vt 0.18750 0.94247
vn 0.8198 0.5270 0.2241
v 0.25056 1.04874 0.14796
vt 0.18750 0.61186
vn 0.8300 0.3871 0.4015
v 0.27373 1.21520 -0.14315
vt 0.25000 0.94247
vn 0.6972 0.6415 0.3201
v 0.23393 1.25235 -0.11198
vt 0.18750 0.94247
vn 0.8198 0.5270 0.2241
v 0.25056 1.04874 0.14796
vt 0.18750 0.61186
vn 0.8300 0.3871 0.4015
v 0.28787 1.01392 0.11874
vt 0.25000 0.61186
vn 0.7059 0.5030 0.4987
v 0.27373 1.21520 -0.14315
vt 0.25000 0.94247
vn 0.6972 0.6415 0.3201
v 0.28787 1.01392 0.11874
vt 0.25000 0.61186
vn 0.7059 0.5030 0.4987
v 0.32222 1.18472 -0.16873
vt 0.31250 0.94247
vn 0.5478 0.7354 0.3989
v 0.27373 1.21520 -0.14315
vt 0.25000 0.94247
vn 0.6972 0.6415 0.3201
v 0.28787 1.01392 0.11874
vt 0.25000 0.61186
vn 0.7059 0.5030 0.4987
v 0.33333 0.98534 0.09476
vt 0.31250 0.61186
vn 0.5546 0.5981 0.5785
v 0.32222 1.18472 -0.16873
vt 0.31250 0.94247
vn 0.5478 0.7354 0.3989
v 0.33333 0.98534 0.09476
vt 0.31250 0.61186
vn 0.5546 0.5981 0.5785
v 0.37754 1.16206 -0.18774
vt 0.37500 0.94247
vn 0.3773 0.8052 0.4575
v 0.32222 1.18472 -0.16873
vt 0.31250 0.94247
vn 0.5478 0.7354 0.3989
v 0.33333 0.98534 0.09476
vt 0.31250 0.61186
vn 0.5546 0.5981 0.5785
v 0.38519 0.96410 0.07694
vt 0.37500 0.61186
vn 0.3820 0.6688 0.6378
v 0.37754 1.16206 -0.18774
vt 0.37500 0.94247
vn 0.3773 0.8052 0.4575
v 0.38519 0.96410 0.07694
vt 0.37500 0.61186
vn 0.3820 0.6688 0.6378
v 0.43757 1.14811 -0.19944
vt 0.43750 0.94247
vn 0.1923 0.8482 0.4936
v 0.37754 1.16206 -0.18774
vt 0.37500 0.94247
vn 0.3773 0.8052 0.4575
v 0.38519 0.96410 0.07694
vt 0.37500 0.61186
vn 0.3820 0.6688 0.6378
v 0.44147 0.95102 0.06596
vt 0.43750 0.61186
vn 0.1948 0.7123 0.6743
v 0.43757 1.14811 -0.19944
vt 0.43750 0.94247
vn 0.1923 0.8482 0.4936
v 0.44147 0.95102 0.06596
vt 0.43750 0.61186
vn 0.1948 0.7123 0.6743
v 0.50000 1.14340 -0.20339
vt 0.50000 0.94247
vn 0.0000 0.8627 0.5057
v 0.43757 1.14811 -0.19944
vt 0.43750 0.94247
vn 0.1923 0.8482 0.4936
v 0.44147 0.95102 0.06596
vt 0.43750 0.61186
vn 0.1948 0.7123 0.6743
v 0.50000 0.94660 0.06226
vt 0.50000 0.61186
vn 0.0000 0.7270 0.6867
v 0.50000 1.14340 -0.20339
vt 0.50000 0.94247
vn 0.0000 0.8627 0.5057
v 0.50000 0.94660 0.06226
vt 0.50000 0.61186
vn 0.0000 0.7270 0.6867
v 0.56243 1.14811 -0.19944
vt 0.56250 0.94247
vn -0.1923 0.8482 0.4936
v 0.50000 1.14340 -0.20339
vt 0.50000 0.94247
vn 0.0000 0.8627 0.5057
v 0.50000 0.94660 0.06226
vt 0.50000 0.61186
vn 0.0000 0.7270 0.6867
v 0.55853 0.95102 0.06596
vt 0.56250 0.61186
vn -0.1948 0.7123 0.6743
v 0.56243 1.14811 -0.19944
vt 0.56250 0.94247
vn -0.1923 0.8482 0.4936
v 0.55853 0.95102 0.06596
vt 0.56250 0.61186
vn -0.1948 0.7123 0.6743
v 0.62246 1.16206 -0.18774
vt 0.62500 0.94247
vn -0.3773 0.8052 0.4575
v 0.56243 1.14811 -0.19944
vt 0.56250 0.94247
vn -0.1923 0.8482 0.4936
v 0.55853 0.95102 0.06596
vt 0.56250 0.61186
vn -0.1948 0.7123 0.6743
v 0.61481 0.96410 0.07694
vt 0.62500 0.61186
vn -0.3820 0.6688 0.6378
v 0.62246 1.16206 -0.18774
vt 0.62500 0.94247
vn -0.3773 0.8052 0.4575
v 0.61481 0.96410 0.07694
vt 0.62500 0.61186
vn -0.3820 0.6688 0.6378
v 0.67778 1.18472 -0.16873
vt 0.68750 0.94247
vn -0.5478 0.7354 0.3989
v 0.62246 1.16206 -0.18774
vt 0.62500 0.94247
vn -0.3773 0.8052 0.4575
v 0.61481 0.96410 0.07694
vt 0.62500 0.61186
vn -0.3820 0.6688 0.6378
v 0.66667 0.98534 0.09476
vt 0.68750 0.61186
vn -0.5546 0.5981 0.5785
v 0.67778 1.18472 -0.16873
vt 0.68750 0.94247
vn -0.5478 0.7354 0.3989
v 0.66667 0.98534 0.09476
vt 0.68750 0.61186
vn -0.5546 0.5981 0.5785
v 0.72627 1.21520 -0.14315
vt 0.75000 0.94247
vn -0.6972 0.6415 0.3201
v 0.67778 1.18472 -0.16873
vt 0.68750 0.94247
vn -0.5478 0.7354 0.3989
v 0.66667 0.98534 0.09476
vt 0.68750 0.61186
vn -0.5546 0.5981 0.5785
v 0.71213 1.01392 0.11874
vt 0.75000 0.61186
vn -0.7059 0.5030 0.4987
v 0.72627 1.21520 -0.14315
vt 0.75000 0.94247
vn -0.6972 0.6415 0.3201
v 0.71213 1.01392 0.11874
vt 0.75000 0.61186
vn -0.7059 0.5030 0.4987
v 0.76607 1.25235 -0.11198
vt 0.81250 0.94247
vn -0.8198 0.5270 0.2241
v 0.72627 1.21520 -0.14315
vt 0.75000 0.94247
vn -0.6972 0.6415 0.3201
v 0.71213 1.01392 0.11874
vt 0.75000 0.61186
vn -0.7059 0.5030 0.4987
v 0.74944 1.04874 0.14796
vt 0.81250 0.61186
vn -0.8300 0.3871 0.4015
v 0.76607 1.25235 -0.11198
vt 0.81250 0.94247
vn -0.8198 0.5270 0.2241
v 0.74944 1.04874 0.14796
vt 0.81250 0.61186
vn -0.8300 0.3871 0.4015
v 0.79564 1.29473 -0.07642
vt 0.87500 0.94247
vn -0.9109 0.3964 0.1145
v 0.76607 1.25235 -0.11198
vt 0.81250 0.94247
vn -0.8198 0.5270 0.2241
v 0.74944 1.04874 0.14796
vt 0.81250 0.61186
vn -0.8300 0.3871 0.4015
v 0.77716 1.08847 0.18130
vt 0.87500 0.61186
vn -0.9223 0.2549 0.2905
v 0.79564 1.29473 -0.07642
vt 0.87500 0.94247
vn -0.9109 0.3964 0.1145
v 0.77716 1.08847 0.18130
vt 0.87500 0.61186
vn -0.9223 0.2549 0.2905
v 0.81385 1.34071 -0.03783
vt 0.93750 0.94247
vn -0.9670 0.2548 -0.0044
v 0.79564 1.29473 -0.07642
vt 0.87500 0.94247
vn -0.9109 0.3964 0.1145
v 0.77716 1.08847 0.18130
vt 0.87500 0.61186
vn -0.9223 0.2549 0.2905
v 0.79424 1.13158 0.21747
vt 0.93750 0.61186
vn -0.9791 0.1114 0.1702
v 0.81385 1.34071 -0.03783
vt 0.93750 0.94247
vn -0.9670 0.2548 -0.0044
v 0.79424 1.13158 0.21747
vt 0.93750 0.61186
vn -0.9791 0.1114 0.1702
v 0.82000 1.38854 0.00230
vt 1.00000 0.94247
vn -0.9859 0.1074 -0.1280
v 0.81385 1.34071 -0.03783
vt 0.93750 0.94247
vn -0.9670 0.2548 -0.0044
v 0.79424 1.13158 0.21747
vt 0.93750 0.61186
vn -0.9791 0.1114 0.1702
v 0.80000 1.17642 0.25509
vt 1.00000 0.61186
vn -0.9983 -0.0377 0.0450
v 0.82000 1.38854 0.00230
vt 1.00000 0.94247
vn -0.9859 0.1074 -0.1280
v 0.82000 1.38854 0.00230
vt 0.00000 0.72797
vn -0.9859 0.1074 -0.1280
v 0.89231 1.61544 -0.14671
vt 0.06250 1.00000
vn -0.9305 0.0615 -0.3612
v 0.90000 1.55566 -0.19687
vt 0.00000 1.00000
vn -0.9487 0.2033 -0.2422
v 0.82000 1.38854 0.00230
vt 0.00000 0.72797
vn -0.9859 0.1074 -0.1280
v 0.81385 1.43636 0.04243
vt 0.06250 0.72797
vn -0.9670 -0.0399 -0.2517
v 0.89231 1.61544 -0.14671
vt 0.06250 1.00000
vn -0.9305 0.0615 -0.3612
v 0.81385 1.43636 0.04243
vt 0.06250 0.72797
vn -0.9670 -0.0399 -0.2517
v 0.86955 1.67292 -0.09848
vt 0.12500 1.00000
vn -0.8765 -0.0748 -0.4756
v 0.89231 1.61544 -0.14671
vt 0.06250 1.00000
vn -0.9305 0.0615 -0.3612
v 0.81385 1.43636 0.04243
vt 0.06250 0.72797
vn -0.9670 -0.0399 -0.2517
v 0.79564 1.48235 0.08101
vt 0.12500 0.72797
vn -0.9109 -0.1816 -0.3705
v 0.86955 1.67292 -0.09848
vt 0.12500 1.00000
vn -0.8765 -0.0748 -0.4756
v 0.79564 1.48235 0.08101
vt 0.12500 0.72797
vn -0.9109 -0.1816 -0.3705
v 0.83259 1.72590 -0.05403
vt 0.18750 1.00000
vn -0.7888 -0.2005 -0.5810
v 0.86955 1.67292 -0.09848
vt 0.12500 1.00000
vn -0.8765 -0.0748 -0.4756
v 0.79564 1.48235 0.08101
vt 0.12500 0.72797
vn -0.9109 -0.1816 -0.3705
v 0.76607 1.52473 0.11658
vt 0.18750 0.72797
vn -0.8198 -0.3122 -0.4801
v 0.83259 1.72590 -0.05403
vt 0.18750 1.00000
vn -0.7888 -0.2005 -0.5810
v 0.76607 1.52473 0.11658
vt 0.18750 0.72797
vn -0.8198 -0.3122 -0.4801
v 0.78284 1.77233 -0.01507
vt 0.25000 1.00000
vn -0.6708 -0.3106 -0.6734
v 0.83259 1.72590 -0.05403
vt 0.18750 1.00000
vn -0.7888 -0.2005 -0.5810
v 0.76607 1.52473 0.11658
vt 0.18750 0.72797
vn -0.8198 -0.3122 -0.4801
v 0.72627 1.56187 0.14774
vt 0.25000 0.72797
vn -0.6972 -0.4266 -0.5761
v 0.78284 1.77233 -0.01507
vt 0.25000 1.00000
vn -0.6708 -0.3106 -0.6734
v 0.72627 1.56187 0.14774
vt 0.25000 0.72797
vn -0.6972 -0.4266 -0.5761
v 0.72223 1.81044 0.01691
vt 0.31250 1.00000
vn -0.5271 -0.4010 -0.7493
v 0.78284 1.77233 -0.01507
vt 0.25000 1.00000
vn -0.6708 -0.3106 -0.6734
v 0.72627 1.56187 0.14774
vt 0.25000 0.72797
vn -0.6972 -0.4266 -0.5761
v 0.67778 1.59236 0.17333
vt 0.31250 0.72797
vn -0.5478 -0.5206 -0.6550
v 0.72223 1.81044 0.01691
vt 0.31250 1.00000
vn -0.5271 -0.4010 -0.7493
v 0.67778 1.59236 0.17333
vt 0.31250 0.72797
vn -0.5478 -0.5206 -0.6550
v 0.65307 1.83876 0.04067
vt 0.37500 1.00000
vn -0.3630 -0.4681 -0.8056
v 0.72223 1.81044 0.01691
vt 0.31250 1.00000
vn -0.5271 -0.4010 -0.7493
v 0.67778 1.59236 0.17333
vt 0.31250 0.72797
vn -0.5478 -0.5206 -0.6550
v 0.62246 1.61501 0.19233
vt 0.37500 0.72797
vn -0.3773 -0.5904 -0.7135
v 0.65307 1.83876 0.04067
vt 0.37500 1.00000
vn -0.3630 -0.4681 -0.8056
v 0.62246 1.61501 0.19233
vt 0.37500 0.72797
vn -0.3773 -0.5904 -0.7135
v 0.57804 1.85619 0.05530
vt 0.43750 1.00000
vn -0.1851 -0.5095 -0.8403
v 0.65307 1.83876 0.04067
vt 0.37500 1.00000
vn -0.3630 -0.4681 -0.8056
v 0.62246 1.61501 0.19233
vt 0.37500 0.72797
vn -0.3773 -0.5904 -0.7135
v 0.56243 1.62896 0.20404
vt 0.43750 0.72797
vn -0.1923 -0.6333 -0.7496
v 0.57804 1.85619 0.05530
vt 0.43750 1.00000
vn -0.1851 -0.5095 -0.8403
v 0.56243 1.62896 0.20404
vt 0.43750 0.72797
vn -0.1923 -0.6333 -0.7496
v 0.50000 1.86208 0.06024
vt 0.50000 1.00000
vn 0.0000 -0.5235 -0.8520
v 0.57804 1.85619 0.05530
vt 0.43750 1.00000
vn -0.1851 -0.5095 -0.8403
v 0.56243 1.62896 0.20404
vt 0.43750 0.72797
vn -0.1923 -0.6333 -0.7496
v 0.50000 1.63367 0.20799
vt 0.50000 0.72797
vn 0.0000 -0.6479 -0.7618
v 0.50000 1.86208 0.06024
vt 0.50000 1.00000
vn 0.0000 -0.5235 -0.8520
v 0.50000 1.63367 0.20799
vt 0.50000 0.72797
vn 0.0000 -0.6479 -0.7618
v 0.42196 1.85619 0.05530
vt 0.56250 1.00000
vn 0.1851 -0.5095 -0.8403
v 0.50000 1.86208 0.06024
vt 0.50000 1.00000
vn 0.0000 -0.5235 -0.8520
v 0.50000 1.63367 0.20799
vt 0.50000 0.72797
vn 0.0000 -0.6479 -0.7618
v 0.43757 1.62896 0.20404
vt 0.56250 0.72797
vn 0.1923 -0.6333 -0.7496
v 0.42196 1.85619 0.05530
vt 0.56250 1.00000
vn 0.1851 -0.5095 -0.8403
v 0.43757 1.62896 0.20404
vt 0.56250 0.72797
vn 0.1923 -0.6333 -0.7496
v 0.34693 1.83876 0.04067
vt 0.62500 1.00000
vn 0.3630 -0.4681 -0.8056
v 0.42196 1.85619 0.05530
vt 0.56250 1.00000
vn 0.1851 -0.5095 -0.8403
v 0.43757 1.62896 0.20404
vt 0.56250 0.72797
vn 0.1923 -0.6333 -0.7496
v 0.37754 1.61501 0.19233
vt 0.62500 0.72797
vn 0.3773 -0.5904 -0.7135
v 0.34693 1.83876 0.04067
vt 0.62500 1.00000
vn 0.3630 -0.4681 -0.8056
v 0.37754 1.61501 0.19233
vt 0.62500 0.72797
vn 0.3773 -0.5904 -0.7135
v 0.27777 1.81044 0.01691
vt 0.68750 1.00000
vn 0.5271 -0.4010 -0.7493
v 0.34693 1.83876 0.04067
vt 0.62500 1.00000
vn 0.3630 -0.4681 -0.8056
v 0.37754 1.61501 0.19233
vt 0.62500 0.72797
vn 0.3773 -0.5904 -0.7135
v 0.32222 1.59236 0.17333
vt 0.68750 0.72797
vn 0.5478 -0.5206 -0.6550
v 0.27777 1.81044 0.01691
vt 0.68750 1.00000
vn 0.5271 -0.4010 -0.7493
v 0.32222 1.59236 0.17333
vt 0.68750 0.72797
vn 0.5478 -0.5206 -0.6550
v 0.21716 1.77233 -0.01507
vt 0.75000 1.00000
vn 0.6708 -0.3106 -0.6734
v 0.27777 1.81044 0.01691
vt 0.68750 1.00000
vn 0.5271 -0.4010 -0.7493
v 0.32222 1.59236 0.17333
vt 0.68750 0.72797
vn 0.5478 -0.5206 -0.6550
v 0.27373 1.56187 0.14774
vt 0.75000 0.72797
vn 0.6972 -0.4266 -0.5761
v 0.21716 1.77233 -0.01507
vt 0.75000 1.00000
vn 0.6708 -0.3106 -0.6734
v 0.27373 1.56187 0.14774
vt 0.75000 0.72797
vn 0.6972 -0.4266 -0.5761
v 0.16741 1.72590 -0.05403
vt 0.81250 1.00000
vn 0.7888 -0.2005 -0.5810
v 0.21716 1.77233 -0.01507
vt 0.75000 1.00000
vn 0.6708 -0.3106 -0.6734
v 0.27373 1.56187 0.14774
vt 0.75000 0.72797
vn 0.6972 -0.4266 -0.5761
v 0.23393 1.52473 0.11658
vt 0.81250 0.72797
vn 0.8198 -0.3122 -0.4801
v 0.16741 1.72590 -0.05403
vt 0.81250 1.00000
vn 0.7888 -0.2005 -0.5810
v 0.23393 1.52473 0.11658
vt 0.81250 0.72797
vn 0.8198 -0.3122 -0.4801
v 0.13045 1.67292 -0.09848
vt 0.87500 1.00000
vn 0.8765 -0.0748 -0.4756
v 0.16741 1.72590 -0.05403
vt 0.81250 1.00000
vn 0.7888 -0.2005 -0.5810
v 0.23393 1.52473 0.11658
vt 0.81250 0.72797
vn 0.8198 -0.3122 -0.4801
v 0.20436 1.48235 0.08101
vt 0.87500 0.72797
vn 0.9109 -0.1816 -0.3705
v 0.13045 1.67292 -0.09848
vt 0.87500 1.00000
vn 0.8765 -0.0748 -0.4756
v 0.20436 1.48235 0.08101
vt 0.87500 0.72797
vn 0.9109 -0.1816 -0.3705
v 0.10769 1.61544 -0.14671
vt 0.93750 1.00000
vn 0.9305 0.0615 -0.3612
v 0.13045 1.67292 -0.09848
vt 0.87500 1.00000
vn 0.8765 -0.0748 -0.4756
v 0.20436 1.48235 0.08101
vt 0.87500 0.72797
vn 0.9109 -0.1816 -0.3705
v 0.18615 1.43636 0.04243
vt 0.93750 0.72797
vn 0.9670 -0.0399 -0.2517
v 0.10769 1.61544 -0.14671
vt 0.93750 1.00000
vn 0.9305 0.0615 -0.3612
v 0.18615 1.43636 0.04243
vt 0.93750 0.72797
vn 0.9670 -0.0399 -0.2517
v 0.10000 1.55566 -0.19687
vt 1.00000 1.00000
vn 0.9487 0.2033 -0.2422
v 0.10769 1.61544 -0.14671
vt 0.93750 1.00000
vn 0.9305 0.0615 -0.3612
v 0.18615 1.43636 0.04243
vt 0.93750 0.72797
vn 0.9670 -0.0399 -0.2517
v 0.18000 1.38854 0.00230
vt 1.00000 0.72797
vn 0.9859 0.1074 -0.1280
v 0.10000 1.55566 -0.19687
vt 1.00000 1.00000
vn 0.9487 0.2033 -0.2422
v 0.18000 1.38854 0.00230
vt 0.00000 0.72797
vn 0.9859 0.1074 -0.1280
v 0.10769 1.49588 -0.24703
vt 0.06250 1.00000
vn 0.9305 0.3450 -0.1233
v 0.10000 1.55566 -0.19687
vt 0.00000 1.00000
vn 0.9487 0.2033 -0.2422
v 0.18000 1.38854 0.00230
vt 0.00000 0.72797
vn 0.9859 0.1074 -0.1280
v 0.18615 1.34071 -0.03783
vt 0.06250 0.72797
vn 0.9670 0.2548 -0.0044
v 0.10769 1.49588 -0.24703
vt 0.06250 1.00000
vn 0.9305 0.3450 -0.1233
v 0.18615 1.34071 -0.03783
vt 0.06250 0.72797
vn 0.9670 0.2548 -0.0044
v 0.13045 1.43840 -0.29527
vt 0.12500 1.00000
vn 0.8765 0.4814 -0.0089
v 0.10769 1.49588 -0.24703
vt 0.06250 1.00000
vn 0.9305 0.3450 -0.1233
v 0.18615 1.34071 -0.03783
vt 0.06250 0.72797
vn 0.9670 0.2548 -0.0044
v 0.20436 1.29473 -0.07642
vt 0.12500 0.72797
vn 0.9109 0.3964 0.1145
v 0.13045 1.43840 -0.29527
vt 0.12500 1.00000
vn 0.8765 0.4814 -0.0089
v 0.20436 1.29473 -0.07642
vt 0.12500 0.72797
vn 0.9109 0.3964 0.1145
v 0.16741 1.38543 -0.33972
vt 0.18750 1.00000
vn 0.7888 0.6070 0.0965
v 0.13045 1.43840 -0.29527
vt 0.12500 1.00000
vn 0.8765 0.4814 -0.0089
v 0.20436 1.29473 -0.07642
vt 0.12500 0.72797
vn 0.9109 0.3964 0.1145
v 0.23393 1.25235 -0.11198
vt 0.18750 0.72797
vn 0.8198 0.5270 0.2241
v 0.16741 1.38543 -0.33972
vt 0.18750 1.00000
vn 0.7888 0.6070 0.0965
v 0.23393 1.25235 -0.11198
vt 0.18750 0.72797
vn 0.8198 0.5270 0.2241
v 0.21716 1.33899 -0.37868
vt 0.25000 1.00000
vn 0.6708 0.7171 0.1890
v 0.16741 1.38543 -0.33972
vt 0.18750 1.00000
vn 0.7888 0.6070 0.0965
v 0.23393 1.25235 -0.11198
vt 0.18750 0.72797
vn 0.8198 0.5270 0.2241
v 0.27373 1.21520 -0.14315
vt 0.25000 0.72797
vn 0.6972 0.6415 0.3201
v 0.21716 1.33899 -0.37868
vt 0.25000 1.00000
vn 0.6708 0.7171 0.1890
v 0.27373 1.21520 -0.14315
vt 0.25000 0.72797
vn 0.6972 0.6415 0.3201
v 0.27777 1.30089 -0.41066
vt 0.31250 1.00000
vn 0.5271 0.8075 0.2648
v 0.21716 1.33899 -0.37868
vt 0.25000 1.00000
vn 0.6708 0.7171 0.1890
v 0.27373 1.21520 -0.14315
vt 0.25000 0.72797
vn 0.6972 0.6415 0.3201
v 0.32222 1.18472 -0.16873
vt 0.31250 0.72797
vn 0.5478 0.7354 0.3989
v 0.27777 1.30089 -0.41066
vt 0.31250 1.00000
vn 0.5271 0.8075 0.2648
v 0.32222 1.18472 -0.16873
vt 0.31250 0.72797
vn 0.5478 0.7354 0.3989
v 0.34693 1.27257 -0.43442
vt 0.37500 1.00000
vn 0.3630 0.8747 0.3211
v 0.27777 1.30089 -0.41066
vt 0.31250 1.00000
vn 0.5271 0.8075 0.2648
v 0.32222 1.18472 -0.16873
vt 0.31250 0.72797
vn 0.5478 0.7354 0.3989
v 0.37754 1.16206 -0.18774
vt 0.37500 0.72797
vn 0.3773 0.8052 0.4575
v 0.34693 1.27257 -0.43442
vt 0.37500 1.00000
vn 0.3630 0.8747 0.3211
v 0.37754 1.16206 -0.18774
vt 0.37500 0.72797
vn 0.3773 0.8052 0.4575
v 0.42196 1.25513 -0.44905
vt 0.43750 1.00000
vn 0.1851 0.9160 0.3558
v 0.34693 1.27257 -0.43442
vt 0.37500 1.00000
vn 0.3630 0.8747 0.3211
v 0.37754 1.16206 -0.18774
vt 0.37500 0.72797
vn 0.3773 0.8052 0.4575
v 0.43757 1.14811 -0.19944
vt 0.43750 0.72797
vn 0.1923 0.8482 0.4936
v 0.42196 1.25513 -0.44905
vt 0.43750 1.00000
vn 0.1851 0.9160 0.3558
v 0.43757 1.14811 -0.19944
vt 0.43750 0.72797
vn 0.1923 0.8482 0.4936
v 0.50000 1.24925 -0.45399
vt 0.50000 1.00000
vn 0.0000 0.9300 0.3676
v 0.42196 1.25513 -0.44905
vt 0.43750 1.00000
vn 0.1851 0.9160 0.3558
v 0.43757 1.14811 -0.19944
vt 0.43750 0.72797
vn 0.1923 0.8482 0.4936
v 0.50000 1.14340 -0.20339
vt 0.50000 0.72797
vn 0.0000 0.8627 0.5057
v 0.50000 1.24925 -0.45399
vt 0.50000 1.00000
vn 0.0000 0.9300 0.3676
v 0.50000 1.14340 -0.20339
vt 0.50000 0.72797
vn 0.0000 0.8627 0.5057
v 0.57804 1.25513 -0.44905
vt 0.56250 1.00000
vn -0.1851 0.9160 0.3558
v 0.50000 1.24925 -0.45399
vt 0.50000 1.00000
vn 0.0000 0.9300 0.3676
v 0.50000 1.14340 -0.20339
vt 0.50000 0.72797
vn 0.0000 0.8627 0.5057
v 0.56243 1.14811 -0.19944
vt 0.56250 0.72797
vn -0.1923 0.8482 0.4936
v 0.57804 1.25513 -0.44905
vt 0.56250 1.00000
vn -0.1851 0.9160 0.3558
v 0.56243 1.14811 -0.19944
vt 0.56250 0.72797
vn -0.1923 0.8482 0.4936
v 0.65307 1.27257 -0.43442
vt 0.62500 1.00000
vn -0.3630 0.8747 0.3211
v 0.57804 1.25513 -0.44905
vt 0.56250 1.00000
vn -0.1851 0.9160 0.3558
v 0.56243 1.14811 -0.19944
vt 0.56250 0.72797
vn -0.1923 0.8482 0.4936
v 0.62246 1.16206 -0.18774
vt 0.62500 0.72797
vn -0.3773 0.8052 0.4575
v 0.65307 1.27257 -0.43442
vt 0.62500 1.00000
vn -0.3630 0.8747 0.3211
v 0.62246 1.16206 -0.18774
vt 0.62500 0.72797
vn -0.3773 0.8052 0.4575
v 0.72223 1.30089 -0.41066
vt 0.68750 1.00000
vn -0.5271 0.8075 0.2648
v 0.65307 1.27257 -0.43442
vt 0.62500 1.00000
vn -0.3630 0.8747 0.3211
v 0.62246 1.16206 -0.18774
vt 0.62500 0.72797
vn -0.3773 0.8052 0.4575
v 0.67778 1.18472 -0.16873
vt 0.68750 0.72797
vn -0.5478 0.7354 0.3989
v 0.72223 1.30089 -0.41066
vt 0.68750 1.00000
vn -0.5271 0.8075 0.2648
v 0.67778 1.18472 -0.16873
vt 0.68750 0.72797
vn -0.5478 0.7354 0.3989
v 0.78284 1.33899 -0.37868
vt 0.75000 1.00000
vn -0.6708 0.7171 0.1890
v 0.72223 1.30089 -0.41066
vt 0.68750 1.00000
vn -0.5271 0.8075 0.2648
v 0.67778 1.18472 -0.16873
vt 0.68750 0.72797
vn -0.5478 0.7354 0.3989
v 0.72627 1.21520 -0.14315
vt 0.75000 0.72797
vn -0.6972 0.6415 0.3201
v 0.78284 1.33899 -0.37868
vt 0.75000 1.00000
vn -0.6708 0.7171 0.1890
v 0.72627 1.21520 -0.14315
vt 0.75000 0.72797
vn -0.6972 0.6415 0.3201
v 0.83259 1.38543 -0.33972
vt 0.81250 1.00000
vn -0.7888 0.6070 0.0965
v 0.78284 1.33899 -0.37868
vt 0.75000 1.00000
vn -0.6708 0.7171 0.1890
v 0.72627 1.21520 -0.14315
vt 0.75000 0.72797
vn -0.6972 0.6415 0.3201
v 0.76607 1.25235 -0.11198
vt 0.81250 0.72797
vn -0.8198 0.5270 0.2241
v 0.83259 1.38543 -0.33972
vt 0.81250 1.00000
vn -0.7888 0.6070 0.0965
v 0.76607 1.25235 -0.11198
vt 0.81250 0.72797
vn -0.8198 0.5270 0.2241
v 0.86955 1.43840 -0.29527
vt 0.87500 1.00000
vn -0.8765 0.4814 -0.0089
v 0.83259 1.38543 -0.33972
vt 0.81250 1.00000
vn -0.7888 0.6070 0.0965
v 0.76607 1.25235 -0.11198
vt 0.81250 0.72797
vn -0.8198 0.5270 0.2241
v 0.79564 1.29473 -0.07642
vt 0.87500 0.72797
vn -0.9109 0.3964 0.1145
v 0.86955 1.43840 -0.29527
vt 0.87500 1.00000
vn -0.8765 0.4814 -0.0089
v 0.79564 1.29473 -0.07642
vt 0.87500 0.72797
vn -0.9109 0.3964 0.1145
v 0.89231 1.49588 -0.24703
vt 0.93750 1.00000
vn -0.9305 0.3450 -0.1233
v 0.86955 1.43840 -0.29527
vt 0.87500 1.00000
vn -0.8765 0.4814 -0.0089
v 0.79564 1.29473 -0.07642
vt 0.87500 0.72797
vn -0.9109 0.3964 0.1145
v 0.81385 1.34071 -0.03783
vt 0.93750 0.72797
vn -0.9670 0.2548 -0.0044
v 0.89231 1.49588 -0.24703
vt 0.93750 1.00000
vn -0.9305 0.3450 -0.1233
v 0.81385 1.34071 -0.03783
vt 0.93750 0.72797
vn -0.9670 0.2548 -0.0044
v 0.90000 1.55566 -0.19687
vt 1.00000 1.00000
vn -0.9487 0.2033 -0.2422
v 0.89231 1.49588 -0.24703
vt 0.93750 1.00000
vn -0.9305 0.3450 -0.1233
v 0.81385 1.34071 -0.03783
vt 0.93750 0.72797
vn -0.9670 0.2548 -0.0044
v 0.82000 1.38854 0.00230
vt 1.00000 0.72797
vn -0.9859 0.1074 -0.1280
v 0.90000 1.55566 -0.19687
vt 1.00000 1.00000
vn -0.9487 0.2033 -0.2422
v 0.90000 1.55566 -0.19687
vt 0.00000 0.21450
vn -0.9487 0.2033 -0.2422
v 0.93155 1.68570 -0.21830
vt 0.06250 0.32220
vn -0.9106 0.1000 -0.4009
v 0.94000 1.61994 -0.27348
vt 0.00000 0.32220
vn -0.9285 0.2387 -0.2845
v 0.90000 1.55566 -0.19687
vt 0.00000 0.21450
vn -0.9487 0.2033 -0.2422
v 0.89231 1.61544 -0.14671
vt 0.06250 0.21450
vn -0.9305 0.0615 -0.3612
v 0.93155 1.68570 -0.21830
vt 0.06250 0.32220
vn -0.9106 0.1000 -0.4009
v 0.89231 1.61544 -0.14671
vt 0.06250 0.21450
vn -0.9305 0.0615 -0.3612
v 0.90651 1.74893 -0.16524
vt 0.12500 0.32220
vn -0.8578 -0.0335 -0.5129
v 0.93155 1.68570 -0.21830
vt 0.06250 0.32220
vn -0.9106 0.1000 -0.4009
v 0.89231 1.61544 -0.14671
vt 0.06250 0.21450
vn -0.9305 0.0615 -0.3612
v 0.86955 1.67292 -0.09848
vt 0.12500 0.21450
vn -0.8765 -0.0748 -0.4756
v 0.90651 1.74893 -0.16524
vt 0.12500 0.32220
vn -0.8578 -0.0335 -0.5129
v 0.86955 1.67292 -0.09848
vt 0.12500 0.21450
vn -0.8765 -0.0748 -0.4756
v 0.86585 1.80720 -0.11635
vt 0.18750 0.32220
vn -0.7720 -0.1564 -0.6161
v 0.90651 1.74893 -0.16524
vt 0.12500 0.32220
vn -0.8578 -0.0335 -0.5129
v 0.86955 1.67292 -0.09848
vt 0.12500 0.21450
vn -0.8765 -0.0748 -0.4756
v 0.83259 1.72590 -0.05403
vt 0.18750 0.21450
vn -0.7888 -0.2005 -0.5810
v 0.86585 1.80720 -0.11635
vt 0.18750 0.32220
vn -0.7720 -0.1564 -0.6161
v 0.83259 1.72590 -0.05403
vt 0.18750 0.21450
vn -0.7888 -0.2005 -0.5810
v 0.81113 1.85828 -0.07349
vt 0.25000 0.32220
vn -0.6565 -0.2642 -0.7065
v 0.86585 1.80720 -0.11635
vt 0.18750 0.32220
vn -0.7720 -0.1564 -0.6161
v 0.83259 1.72590 -0.05403
vt 0.18750 0.21450
vn -0.7888 -0.2005 -0.5810
v 0.78284 1.77233 -0.01507
vt 0.25000 0.21450
vn -0.6708 -0.3106 -0.6734
v 0.81113 1.85828 -0.07349
vt 0.25000 0.32220
vn -0.6565 -0.2642 -0.7065
v 0.78284 1.77233 -0.01507
vt 0.25000 0.21450
vn -0.6708 -0.3106 -0.6734
v 0.74445 1.90020 -0.03832
vt 0.31250 0.32220
vn -0.5158 -0.3527 -0.7807
v 0.81113 1.85828 -0.07349
vt 0.25000 0.32220
vn -0.6565 -0.2642 -0.7065
v 0.78284 1.77233 -0.01507
vt 0.25000 0.21450
vn -0.6708 -0.3106 -0.6734
v 0.72223 1.81044 0.01691
vt 0.31250 0.21450
vn -0.5271 -0.4010 -0.7493
v 0.74445 1.90020 -0.03832
vt 0.31250 0.32220
vn -0.5158 -0.3527 -0.7807
v 0.72223 1.81044 0.01691
vt 0.31250 0.21450
vn -0.5271 -0.4010 -0.7493
v 0.66838 1.93134 -0.01218
vt 0.37500 0.32220
vn -0.3553 -0.4184 -0.8359
v 0.74445 1.90020 -0.03832
vt 0.31250 0.32220
vn -0.5158 -0.3527 -0.7807
v 0.72223 1.81044 0.01691
vt 0.31250 0.21450
vn -0.5271 -0.4010 -0.7493
v 0.65307 1.83876 0.04067
vt 0.37500 0.21450
vn -0.3630 -0.4681 -0.8056
v 0.66838 1.93134 -0.01218
vt 0.37500 0.32220
vn -0.3553 -0.4184 -0.8359
v 0.65307 1.83876 0.04067
vt 0.37500 0.21450
vn -0.3630 -0.4681 -0.8056
v 0.58584 1.95052 0.00391
vt 0.43750 0.32220
vn -0.1811 -0.4589 -0.8698
v 0.66838 1.93134 -0.01218
vt 0.37500 0.32220
vn -0.3553 -0.4184 -0.8359
v 0.65307 1.83876 0.04067
vt 0.37500 0.21450
vn -0.3630 -0.4681 -0.8056
v 0.57804 1.85619 0.05530
vt 0.43750 0.21450
vn -0.1851 -0.5095 -0.8403
v 0.58584 1.95052 0.00391
vt 0.43750 0.32220
vn -0.1811 -0.4589 -0.8698
v 0.57804 1.85619 0.05530
vt 0.43750 0.21450
vn -0.1851 -0.5095 -0.8403
v 0.50000 1.95700 0.00935
vt 0.50000 0.32220
vn 0.0000 -0.4725 -0.8813
v 0.58584 1.95052 0.00391
vt 0.43750 0.32220
vn -0.1811 -0.4589 -0.8698
v 0.57804 1.85619 0.05530
vt 0.43750 0.21450
vn -0.1851 -0.5095 -0.8403
v 0.50000 1.86208 0.06024
vt 0.50000 0.21450
vn 0.0000 -0.5235 -0.8520
v 0.50000 1.95700 0.00935
vt 0.50000 0.32220
vn 0.0000 -0.4725 -0.8813
v 0.50000 1.86208 0.06024
vt 0.50000 0.21450
vn 0.0000 -0.5235 -0.8520
v 0.41416 1.95052 0.00391
vt 0.56250 0.32220
vn 0.1811 -0.4589 -0.8698
v 0.50000 1.95700 0.00935
vt 0.50000 0.32220
vn 0.0000 -0.4725 -0.8813
v 0.50000 1.86208 0.06024
vt 0.50000 0.21450
vn 0.0000 -0.5235 -0.8520
v 0.42196 1.85619 0.05530
vt 0.56250 0.21450
vn 0.1851 -0.5095 -0.8403
v 0.41416 1.95052 0.00391
vt 0.56250 0.32220
vn 0.1811 -0.4589 -0.8698
v 0.42196 1.85619 0.05530
vt 0.56250 0.21450
vn 0.1851 -0.5095 -0.8403
v 0.33162 1.93134 -0.01218
vt 0.62500 0.32220
vn 0.3553 -0.4184 -0.8359
v 0.41416 1.95052 0.00391
vt 0.56250 0.32220
vn 0.1811 -0.4589 -0.8698
v 0.42196 1.85619 0.05530
vt 0.56250 0.21450
vn 0.1851 -0.5095 -0.8403
v 0.34693 1.83876 0.04067
vt 0.62500 0.21450
vn 0.3630 -0.4681 -0.8056
v 0.33162 1.93134 -0.01218
vt 0.62500 0.32220
vn 0.3553 -0.4184 -0.8359
v 0.34693 1.83876 0.04067
vt 0.62500 0.21450
vn 0.3630 -0.4681 -0.8056
v 0.25555 1.90020 -0.03832
vt 0.68750 0.32220
vn 0.5158 -0.3527 -0.7807
v 0.33162 1.93134 -0.01218
vt 0.62500 0.32220
vn 0.3553 -0.4184 -0.8359
v 0.34693 1.83876 0.04067
vt 0.62500 0.21450
vn 0.3630 -0.4681 -0.8056
v 0.27777 1.81044 0.01691
vt 0.68750 0.21450
vn 0.5271 -0.4010 -0.7493
v 0.25555 1.90020 -0.03832
vt 0.68750 0.32220
vn 0.5158 -0.3527 -0.7807
v 0.27777 1.81044 0.01691
vt 0.68750 0.21450
vn 0.5271 -0.4010 -0.7493
v 0.18887 1.85828 -0.07349
vt 0.75000 0.32220
vn 0.6565 -0.2642 -0.7065
v 0.25555 1.90020 -0.03832
vt 0.68750 0.32220
vn 0.5158 -0.3527 -0.7807
v 0.27777 1.81044 0.01691
vt 0.68750 0.21450
vn 0.5271 -0.4010 -0.7493
v 0.21716 1.77233 -0.01507
vt 0.75000 0.21450
vn 0.6708 -0.3106 -0.6734
v 0.18887 1.85828 -0.07349
vt 0.75000 0.32220
vn 0.6565 -0.2642 -0.7065
v 0.21716 1.77233 -0.01507
vt 0.75000 0.21450
vn 0.6708 -0.3106 -0.6734
v 0.13415 1.80720 -0.11635
vt 0.81250 0.32220
vn 0.7720 -0.1564 -0.6161
v 0.18887 1.85828 -0.07349
vt 0.75000 0.32220
vn 0.6565 -0.2642 -0.7065
v 0.21716 1.77233 -0.01507
vt 0.75000 0.21450
vn 0.6708 -0.3106 -0.6734
v 0.16741 1.72590 -0.05403
vt 0.81250 0.21450
vn 0.7888 -0.2005 -0.5810
v 0.13415 1.80720 -0.11635
vt 0.81250 0.32220
vn 0.7720 -0.1564 -0.6161
v 0.16741 1.72590 -0.05403
vt 0.81250 0.21450
vn 0.7888 -0.2005 -0.5810
v 0.09349 1.74893 -0.16524
vt 0.87500 0.32220
vn 0.8578 -0.0335 -0.5129
v 0.13415 1.80720 -0.11635
vt 0.81250 0.32220
vn 0.7720 -0.1564 -0.6161
v 0.16741 1.72590 -0.05403
vt 0.81250 0.21450
vn 0.7888 -0.2005 -0.5810
v 0.13045 1.67292 -0.09848
vt 0.87500 0.21450
vn 0.8765 -0.0748 -0.4756
v 0.09349 1.74893 -0.16524
vt 0.87500 0.32220
vn 0.8578 -0.0335 -0.5129
v 0.13045 1.67292 -0.09848
vt 0.87500 0.21450
vn 0.8765 -0.0748 -0.4756
v 0.06845 1.68570 -0.21830
vt 0.93750 0.32220
vn 0.9106 0.1000 -0.4009
v 0.09349 1.74893 -0.16524
vt 0.87500 0.32220
vn 0.8578 -0.0335 -0.5129
v 0.13045 1.67292 -0.09848
vt 0.87500 0.21450
vn 0.8765 -0.0748 -0.4756
v 0.10769 1.61544 -0.14671
vt 0.93750 0.21450
vn 0.9305 0.0615 -0.3612
v 0.06845 1.68570 -0.21830
vt 0.93750 0.32220
vn 0.9106 0.1000 -0.4009
v 0.10769 1.61544 -0.14671
vt 0.93750 0.21450
vn 0.9305 0.0615 -0.3612
v 0.06000 1.61994 -0.27348
vt 1.00000 0.32220
vn 0.9285 0.2387 -0.2845
v 0.06845 1.68570 -0.21830
vt 0.93750 0.32220
vn 0.9106 0.1000 -0.4009
v 0.10769 1.61544 -0.14671
vt 0.93750 0.21450
vn 0.9305 0.0615 -0.3612
v 0.10000 1.55566 -0.19687
vt 1.00000 0.21450
vn 0.9487 0.2033 -0.2422
v 0.06000 1.61994 -0.27348
vt 1.00000 0.32220
vn 0.9285 0.2387 -0.2845
v 0.10000 1.55566 -0.19687
vt 0.00000 0.21450
vn 0.9487 0.2033 -0.2422
v 0.06845 1.55418 -0.32865
vt 0.06250 0.32220
vn 0.9106 0.3775 -0.1681
v 0.06000 1.61994 -0.27348
vt 0.00000 0.32220
vn 0.9285 0.2387 -0.2845
v 0.10000 1.55566 -0.19687
vt 0.00000 0.21450
vn 0.9487 0.2033 -0.2422
v 0.10769 1.49588 -0.24703
vt 0.06250 0.21450
vn 0.9305 0.3450 -0.1233
v 0.06845 1.55418 -0.32865
vt 0.06250 0.32220
vn 0.9106 0.3775 -0.1681
v 0.10769 1.49588 -0.24703
vt 0.06250 0.21450
vn 0.9305 0.3450 -0.1233
v 0.09349 1.49095 -0.38171
vt 0.12500 0.32220
vn 0.8578 0.5109 -0.0561
v 0.06845 1.55418 -0.32865
vt 0.06250 0.32220
vn 0.9106 0.3775 -0.1681
v 0.10769 1.49588 -0.24703
vt 0.06250 0.21450
vn 0.9305 0.3450 -0.1233
v 0.13045 1.43840 -0.29527
vt 0.12500 0.21450
vn 0.8765 0.4814 -0.0089
v 0.09349 1.49095 -0.38171
vt 0.12500 0.32220
vn 0.8578 0.5109 -0.0561
v 0.13045 1.43840 -0.29527
vt 0.12500 0.21450
vn 0.8765 0.4814 -0.0089
v 0.13415 1.43268 -0.43061
vt 0.18750 0.32220
vn 0.7720 0.6339 0.0471
v 0.09349 1.49095 -0.38171
vt 0.12500 0.32220
vn 0.8578 0.5109 -0.0561
v 0.13045 1.43840 -0.29527
vt 0.12500 0.21450
vn 0.8765 0.4814 -0.0089
v 0.16741 1.38543 -0.33972
vt 0.18750 0.21450
vn 0.7888 0.6070 0.0965
v 0.13415 1.43268 -0.43061
vt 0.18750 0.32220
vn 0.7720 0.6339 0.0471
v 0.16741 1.38543 -0.33972
vt 0.18750 0.21450
vn 0.7888 0.6070 0.0965
v 0.18887 1.38160 -0.47347
vt 0.25000 0.32220
vn 0.6565 0.7417 0.1375
v 0.13415 1.43268 -0.43061
vt 0.18750 0.32220
vn 0.7720 0.6339 0.0471
v 0.16741 1.38543 -0.33972
vt 0.18750 0.21450
vn 0.7888 0.6070 0.0965
v 0.21716 1.33899 -0.37868
vt 0.25000 0.21450
vn 0.6708 0.7171 0.1890
v 0.18887 1.38160 -0.47347
vt 0.25000 0.32220
vn 0.6565 0.7417 0.1375
v 0.21716 1.33899 -0.37868
vt 0.25000 0.21450
vn 0.6708 0.7171 0.1890
v 0.25555 1.33969 -0.50864
vt 0.31250 0.32220
vn 0.5158 0.8301 0.2117
v 0.18887 1.38160 -0.47347
vt 0.25000 0.32220
vn 0.6565 0.7417 0.1375
v 0.21716 1.33899 -0.37868
vt 0.25000 0.21450
vn 0.6708 0.7171 0.1890
v 0.27777 1.30089 -0.41066
vt 0.31250 0.21450
vn 0.5271 0.8075 0.2648
v 0.25555 1.33969 -0.50864
vt 0.31250 0.32220
vn 0.5158 0.8301 0.2117
v 0.27777 1.30089 -0.41066
vt 0.31250 0.21450
vn 0.5271 0.8075 0.2648
v 0.33162 1.30854 -0.53477
vt 0.37500 0.32220
vn 0.3553 0.8958 0.2669
v 0.25555 1.33969 -0.50864
vt 0.31250 0.32220
vn 0.5158 0.8301 0.2117
v 0.27777 1.30089 -0.41066
vt 0.31250 0.21450
vn 0.5271 0.8075 0.2648
v 0.34693 1.27257 -0.43442
vt 0.37500 0.21450
vn 0.3630 0.8747 0.3211
v 0.33162 1.30854 -0.53477
vt 0.37500 0.32220
vn 0.3553 0.8958 0.2669
v 0.34693 1.27257 -0.43442
vt 0.37500 0.21450
vn 0.3630 0.8747 0.3211
v 0.41416 1.28936 -0.55087
vt 0.43750 0.32220
vn 0.1811 0.9363 0.3008
v 0.33162 1.30854 -0.53477
vt 0.37500 0.32220
vn 0.3553 0.8958 0.2669
v 0.34693 1.27257 -0.43442
vt 0.37500 0.21450
vn 0.3630 0.8747 0.3211
v 0.42196 1.25513 -0.44905
vt 0.43750 0.21450
vn 0.1851 0.9160 0.3558
v 0.41416 1.28936 -0.55087
vt 0.43750 0.32220
vn 0.1811 0.9363 0.3008
v 0.42196 1.25513 -0.44905
vt 0.43750 0.21450
vn 0.1851 0.9160 0.3558
v 0.50000 1.28288 -0.55630
vt 0.50000 0.32220
vn 0.0000 0.9500 0.3123
v 0.41416 1.28936 -0.55087
vt 0.43750 0.32220
vn 0.1811 0.9363 0.3008
v 0.42196 1.25513 -0.44905
vt 0.43750 0.21450
vn 0.1851 0.9160 0.3558
v 0.50000 1.24925 -0.45399
vt 0.50000 0.21450
vn 0.0000 0.9300 0.3676
v 0.50000 1.28288 -0.55630
vt 0.50000 0.32220
vn 0.0000 0.9500 0.3123
v 0.50000 1.24925 -0.45399
vt 0.50000 0.21450
vn 0.0000 0.9300 0.3676
v 0.58584 1.28936 -0.55087
vt 0.56250 0.32220
vn -0.1811 0.9363 0.3008
v 0.50000 1.28288 -0.55630
vt 0.50000 0.32220
vn 0.0000 0.9500 0.3123
v 0.50000 1.24925 -0.45399
vt 0.50000 0.21450
vn 0.0000 0.9300 0.3676
v 0.57804 1.25513 -0.44905
vt 0.56250 0.21450
vn -0.1851 0.9160 0.3558
v 0.58584 1.28936 -0.55087
vt 0.56250 0.32220
vn -0.1811 0.9363 0.3008
v 0.57804 1.25513 -0.44905
vt 0.56250 0.21450
vn -0.1851 0.9160 0.3558
v 0.66838 1.30854 -0.53477
vt 0.62500 0.32220
vn -0.3553 0.8958 0.2669
v 0.58584 1.28936 -0.55087
vt 0.56250 0.32220
vn -0.1811 0.9363 0.3008
v 0.57804 1.25513 -0.44905
vt 0.56250 0.21450
vn -0.1851 0.9160 0.3558
v 0.65307 1.27257 -0.43442
vt 0.62500 0.21450
vn -0.3630 0.8747 0.3211
v 0.66838 1.30854 -0.53477
vt 0.62500 0.32220
vn -0.3553 0.8958 0.2669
v 0.65307 1.27257 -0.43442
vt 0.62500 0.21450
vn -0.3630 0.8747 0.3211
v 0.74445 1.33969 -0.50864
vt 0.68750 0.32220
vn -0.5158 0.8301 0.2117
v 0.66838 1.30854 -0.53477
vt 0.62500 0.32220
vn -0.3553 0.8958 0.2669
v 0.65307 1.27257 -0.43442
vt 0.62500 0.21450
vn -0.3630 0.8747 0.3211
v 0.72223 1.30089 -0.41066
vt 0.68750 0.21450
vn -0.5271 0.8075 0.2648
v 0.74445 1.33969 -0.50864
vt 0.68750 0.32220
vn -0.5158 0.8301 0.2117
v 0.72223 1.30089 -0.41066
vt 0.68750 0.21450
vn -0.5271 0.8075 0.2648
v 0.81113 1.38160 -0.47347
vt 0.75000 0.32220
vn -0.6565 0.7417 0.1375
v 0.74445 1.33969 -0.50864
vt 0.68750 0.32220
vn -0.5158 0.8301 0.2117
v 0.72223 1.30089 -0.41066
vt 0.68750 0.21450
vn -0.5271 0.8075 0.2648
v 0.78284 1.33899 -0.37868
vt 0.75000 0.21450
vn -0.6708 0.7171 0.1890
v 0.81113 1.38160 -0.47347
vt 0.75000 0.32220
vn -0.6565 0.7417 0.1375
v 0.78284 1.33899 -0.37868
vt 0.75000 0.21450
vn -0.6708 0.7171 0.1890
v 0.86585 1.43268 -0.43061
vt 0.81250 0.32220
vn -0.7720 0.6339 0.0471
v 0.81113 1.38160 -0.47347
vt 0.75000 0.32220
vn -0.6565 0.7417 0.1375
v 0.78284 1.33899 -0.37868
vt 0.75000 0.21450
vn -0.6708 0.7171 0.1890
v 0.83259 1.38543 -0.33972
vt 0.81250 0.21450
vn -0.7888 0.6070 0.0965
v 0.86585 1.43268 -0.43061
vt 0.81250 0.32220
vn -0.7720 0.6339 0.0471
v 0.83259 1.38543 -0.33972
vt 0.81250 0.21450
vn -0.7888 0.6070 0.0965
v 0.90651 1.49095 -0.38171
vt 0.87500 0.32220
vn -0.8578 0.5109 -0.0561
v 0.86585 1.43268 -0.43061
vt 0.81250 0.32220
vn -0.7720 0.6339 0.0471
v 0.83259 1.38543 -0.33972
vt 0.81250 0.21450
vn -0.7888 0.6070 0.0965
v 0.86955 1.43840 -0.29527
vt 0.87500 0.21450
vn -0.8765 0.4814 -0.0089
v 0.90651 1.49095 -0.38171
vt 0.87500 0.32220
vn -0.8578 0.5109 -0.0561
v 0.86955 1.43840 -0.29527
vt 0.87500 0.21450
vn -0.8765 0.4814 -0.0089
v 0.93155 1.55418 -0.32865
vt 0.93750 0.32220
vn -0.9106 0.3775 -0.1681
v 0.90651 1.49095 -0.38171
vt 0.87500 0.32220
vn -0.8578 0.5109 -0.0561
v 0.86955 1.43840 -0.29527
vt 0.87500 0.21450
vn -0.8765 0.4814 -0.0089
v 0.89231 1.49588 -0.24703
vt 0.93750 0.21450
vn -0.9305 0.3450 -0.1233
v 0.93155 1.55418 -0.32865
vt 0.93750 0.32220
vn -0.9106 0.3775 -0.1681
v 0.89231 1.49588 -0.24703
vt 0.93750 0.21450
vn -0.9305 0.3450 -0.1233
v 0.94000 1.61994 -0.27348
vt 1.00000 0.32220
vn -0.9285 0.2387 -0.2845
v 0.93155 1.55418 -0.32865
vt 0.93750 0.32220
vn -0.9106 0.3775 -0.1681
v 0.89231 1.49588 -0.24703
vt 0.93750 0.21450
vn -0.9305 0.3450 -0.1233
v 0.90000 1.55566 -0.19687
vt 1.00000 0.21450
vn -0.9487 0.2033 -0.2422
v 0.94000 1.61994 -0.27348
vt 1.00000 0.32220
vn -0.9285 0.2387 -0.2845
v 0.54128 1.53797 -0.18561
vt 0.04000 0.97600
vn 0.0000 0.6428 -0.7660
v 0.53794 1.55617 -0.17034
vt 0.04000 1.00000
vn 0.0000 0.6428 -0.7660
v 0.69638 1.57323 -0.15602
vt 0.20000 1.00000
vn 0.0000 0.6428 -0.7660
v 0.54128 1.53797 -0.18561
vt 0.04000 0.97600
vn 0.0000 0.6428 -0.7660
v 0.69638 1.57323 -0.15602
vt 0.20000 1.00000
vn 0.0000 0.6428 -0.7660
v 0.69972 1.55503 -0.17130
vt 0.20000 0.97600
vn 0.0000 0.6428 -0.7660
v 0.53794 1.22193 0.22801
vt 0.04000 1.00000
vn 0.0000 -0.6428 0.7660
v 0.54128 1.20372 0.21273
vt 0.04000 0.97600
vn 0.0000 -0.6428 0.7660
v 0.69972 1.22078 0.22704
vt 0.20000 0.97600
vn 0.0000 -0.6428 0.7660
v 0.53794 1.22193 0.22801
vt 0.04000 1.00000
vn 0.0000 -0.6428 0.7660
v 0.69972 1.22078 0.22704
vt 0.20000 0.97600
vn 0.0000 -0.6428 0.7660
v 0.69638 1.23898 0.24232
vt 0.20000 1.00000
vn 0.0000 -0.6428 0.7660
v 0.69972 1.22078 0.22704
vt 0.20000 0.20000
vn 0.1392 -0.7586 -0.6365
v 0.54128 1.20372 0.21273
vt 0.04000 0.20000
vn 0.1392 -0.7586 -0.6365
v 0.54128 1.53797 -0.18561
vt 0.04000 0.72000
vn 0.1392 -0.7586 -0.6365
v 0.69972 1.22078 0.22704
vt 0.20000 0.20000
vn 0.1392 -0.7586 -0.6365
v 0.54128 1.53797 -0.18561
vt 0.04000 0.72000
vn 0.1392 -0.7586 -0.6365
v 0.69972 1.55503 -0.17130
vt 0.20000 0.72000
vn 0.1392 -0.7586 -0.6365
v 0.53794 1.22193 0.22801
vt 0.04000 0.20000
vn -0.1392 0.7586 0.6365
v 0.69638 1.23898 0.24232
vt 0.20000 0.20000
vn -0.1392 0.7586 0.6365
v 0.69638 1.57323 -0.15602
vt 0.20000 0.72000
vn -0.1392 0.7586 0.6365
v 0.53794 1.22193 0.22801
vt 0.04000 0.20000
vn -0.1392 0.7586 0.6365
v 0.69638 1.57323 -0.15602
vt 0.20000 0.72000
vn -0.1392 0.7586 0.6365
v 0.53794 1.55617 -0.17034
vt 0.04000 0.72000
vn -0.1392 0.7586 0.6365
v 0.54128 1.20372 0.21273
vt 0.97600 0.20000
vn -0.9903 -0.1066 -0.0895
v 0.53794 1.22193 0.22801
vt 1.00000 0.20000
vn -0.9903 -0.1066 -0.0895
v 0.53794 1.55617 -0.17034
vt 1.00000 0.72000
vn -0.9903 -0.1066 -0.0895
v 0.54128 1.20372 0.21273
vt 0.97600 0.20000
vn -0.9903 -0.1066 -0.0895
v 0.53794 1.55617 -0.17034
vt 1.00000 0.72000
vn -0.9903 -0.1066 -0.0895
v 0.54128 1.53797 -0.18561
vt 0.97600 0.72000
vn -0.9903 -0.1066 -0.0895
v 0.69638 1.23898 0.24232
vt 1.00000 0.20000
vn 0.9903 0.1066 0.0895
v 0.69972 1.22078 0.22704
vt 0.97600 0.20000
vn 0.9903 0.1066 0.0895
v 0.69972 1.55503 -0.17130
vt 0.97600 0.72000
vn 0.9903 0.1066 0.0895
v 0.69638 1.23898 0.24232
vt 1.00000 0.20000
vn 0.9903 0.1066 0.0895
v 0.69972 1.55503 -0.17130
vt 0.97600 0.72000
vn 0.9903 0.1066 0.0895
v 0.69638 1.57323 -0.15602
vt 1.00000 0.72000
vn 0.9903 0.1066 0.0895
v 0.52611 1.56777 -0.16060
vt 0.04000 0.97600
vn 0.0000 0.6428 -0.7660
v 0.50386 1.57466 -0.15482
vt 0.04000 1.00000
vn 0.0000 0.6428 -0.7660
v 0.56380 1.68830 -0.05947
vt 0.20000 1.00000
vn 0.0000 0.6428 -0.7660
v 0.52611 1.56777 -0.16060
vt 0.04000 0.97600
vn 0.0000 0.6428 -0.7660
v 0.56380 1.68830 -0.05947
vt 0.20000 1.00000
vn 0.0000 0.6428 -0.7660
v 0.58605 1.68142 -0.06525
vt 0.20000 0.97600
vn 0.0000 0.6428 -0.7660
v 0.50386 1.24041 0.24352
vt 0.04000 1.00000
vn 0.0000 -0.6428 0.7660
v 0.52611 1.23352 0.23774
vt 0.04000 0.97600
vn 0.0000 -0.6428 0.7660
v 0.58605 1.34717 0.33310
vt 0.20000 0.97600
vn 0.0000 -0.6428 0.7660
v 0.50386 1.24041 0.24352
vt 0.04000 1.00000
vn 0.0000 -0.6428 0.7660
v 0.58605 1.34717 0.33310
vt 0.20000 0.97600
vn 0.0000 -0.6428 0.7660
v 0.56380 1.35405 0.33888
vt 0.20000 1.00000
vn 0.0000 -0.6428 0.7660
v 0.58605 1.34717 0.33310
vt 0.20000 0.20000
vn 0.9272 -0.2870 -0.2408
v 0.52611 1.23352 0.23774
vt 0.04000 0.20000
vn 0.9272 -0.2870 -0.2408
v 0.52611 1.56777 -0.16060
vt 0.04000 0.72000
vn 0.9272 -0.2870 -0.2408
v 0.58605 1.34717 0.33310
vt 0.20000 0.20000
vn 0.9272 -0.2870 -0.2408
v 0.52611 1.56777 -0.16060
vt 0.04000 0.72000
vn 0.9272 -0.2870 -0.2408
v 0.58605 1.68142 -0.06525
vt 0.20000 0.72000
vn 0.9272 -0.2870 -0.2408
v 0.50386 1.24041 0.24352
vt 0.04000 0.20000
vn -0.9272 0.2870 0.2408
v 0.56380 1.35405 0.33888
vt 0.20000 0.20000
vn -0.9272 0.2870 0.2408
v 0.56380 1.68830 -0.05947
vt 0.20000 0.72000
vn -0.9272 0.2870 0.2408
v 0.50386 1.24041 0.24352
vt 0.04000 0.20000
vn -0.9272 0.2870 0.2408
v 0.56380 1.68830 -0.05947
vt 0.20000 0.72000
vn -0.9272 0.2870 0.2408
v 0.50386 1.57466 -0.15482
vt 0.04000 0.72000
vn -0.9272 0.2870 0.2408
v 0.52611 1.23352 0.23774
vt 0.97600 0.20000
vn -0.3746 -0.7103 -0.5960
v 0.50386 1.24041 0.24352
vt 1.00000 0.20000
vn -0.3746 -0.7103 -0.5960
v 0.50386 1.57466 -0.15482
vt 1.00000 0.72000
vn -0.3746 -0.7103 -0.5960
v 0.52611 1.23352 0.23774
vt 0.97600 0.20000
vn -0.3746 -0.7103 -0.5960
v 0.50386 1.57466 -0.15482
vt 1.00000 0.72000
vn -0.3746 -0.7103 -0.5960
v 0.52611 1.56777 -0.16060
vt 0.97600 0.72000
vn -0.3746 -0.7103 -0.5960
v 0.56380 1.35405 0.33888
vt 1.00000 0.20000
vn 0.3746 0.7103 0.5960
v 0.58605 1.34717 0.33310
vt 0.97600 0.20000
vn 0.3746 0.7103 0.5960
v 0.58605 1.68142 -0.06525
vt 0.97600 0.72000
vn 0.3746 0.7103 0.5960
v 0.56380 1.35405 0.33888
vt 1.00000 0.20000
vn 0.3746 0.7103 0.5960
v 0.58605 1.68142 -0.06525
vt 0.97600 0.72000
vn 0.3746 0.7103 0.5960
v 0.56380 1.68830 -0.05947
vt 1.00000 0.72000
vn 0.3746 0.7103 0.5960
v 0.48483 1.57261 -0.15654
vt 0.04000 0.97600
vn 0.0000 0.6428 -0.7660
v 0.46592 1.56129 -0.16604
vt 0.04000 1.00000
vn 0.0000 0.6428 -0.7660
v 0.36741 1.65788 -0.08500
vt 0.20000 1.00000
vn 0.0000 0.6428 -0.7660
v 0.48483 1.57261 -0.15654
vt 0.04000 0.97600
vn 0.0000 0.6428 -0.7660
v 0.36741 1.65788 -0.08500
vt 0.20000 1.00000
vn 0.0000 0.6428 -0.7660
v 0.38632 1.66920 -0.07550
vt 0.20000 0.97600
vn 0.0000 0.6428 -0.7660
v 0.46592 1.22704 0.23230
vt 0.04000 1.00000
vn 0.0000 -0.6428 0.7660
v 0.48483 1.23836 0.24180
vt 0.04000 0.97600
vn 0.0000 -0.6428 0.7660
v 0.38632 1.33495 0.32284
vt 0.20000 0.97600
vn 0.0000 -0.6428 0.7660
v 0.46592 1.22704 0.23230
vt 0.04000 1.00000
vn 0.0000 -0.6428 0.7660
v 0.38632 1.33495 0.32284
vt 0.20000 0.97600
vn 0.0000 -0.6428 0.7660
v 0.36741 1.32363 0.31335
vt 0.20000 1.00000
vn 0.0000 -0.6428 0.7660
v 0.38632 1.33495 0.32284
vt 0.20000 0.20000
vn 0.7880 0.4716 0.3957
v 0.48483 1.23836 0.24180
vt 0.04000 0.20000
vn 0.7880 0.4716 0.3957
v 0.48483 1.57261 -0.15654
vt 0.04000 0.72000
vn 0.7880 0.4716 0.3957
v 0.38632 1.33495 0.32284
vt 0.20000 0.20000
vn 0.7880 0.4716 0.3957
v 0.48483 1.57261 -0.15654
vt 0.04000 0.72000
vn 0.7880 0.4716 0.3957
v 0.38632 1.66920 -0.07550
vt 0.20000 0.72000
vn 0.7880 0.4716 0.3957
v 0.46592 1.22704 0.23230
vt 0.04000 0.20000
vn -0.7880 -0.4716 -0.3957
v 0.36741 1.32363 0.31335
vt 0.20000 0.20000
vn -0.7880 -0.4716 -0.3957
v 0.36741 1.65788 -0.08500
vt 0.20000 0.72000
vn -0.7880 -0.4716 -0.3957
v 0.46592 1.22704 0.23230
vt 0.04000 0.20000
vn -0.7880 -0.4716 -0.3957
v 0.36741 1.65788 -0.08500
vt 0.20000 0.72000
vn -0.7880 -0.4716 -0.3957
v 0.46592 1.56129 -0.16604
vt 0.04000 0.72000
vn -0.7880 -0.4716 -0.3957
v 0.48483 1.23836 0.24180
vt 0.97600 0.20000
vn 0.6157 -0.6037 -0.5065
v 0.46592 1.22704 0.23230
vt 1.00000 0.20000
vn 0.6157 -0.6037 -0.5065
v 0.46592 1.56129 -0.16604
vt 1.00000 0.72000
vn 0.6157 -0.6037 -0.5065
v 0.48483 1.23836 0.24180
vt 0.97600 0.20000
vn 0.6157 -0.6037 -0.5065
v 0.46592 1.56129 -0.16604
vt 1.00000 0.72000
vn 0.6157 -0.6037 -0.5065
v 0.48483 1.57261 -0.15654
vt 0.97600 0.72000
vn 0.6157 -0.6037 -0.5065
v 0.36741 1.32363 0.31335
vt 1.00000 0.20000
vn -0.6157 0.6037 0.5065
v 0.38632 1.33495 0.32284
vt 0.97600 0.20000
vn -0.6157 0.6037 0.5065
v 0.38632 1.66920 -0.07550
vt 0.97600 0.72000
vn -0.6157 0.6037 0.5065
v 0.36741 1.32363 0.31335
vt 1.00000 0.20000
vn -0.6157 0.6037 0.5065
v 0.38632 1.66920 -0.07550
vt 0.97600 0.72000
vn -0.6157 0.6037 0.5065
v 0.36741 1.65788 -0.08500
vt 1.00000 0.72000
vn -0.6157 0.6037 0.5065
v 0.45872 1.54765 -0.17749
vt 0.04000 0.97600
vn 0.0000 0.6428 -0.7660
v 0.46206 1.52944 -0.19277
vt 0.04000 1.00000
vn 0.0000 0.6428 -0.7660
v 0.30362 1.51238 -0.20708
vt 0.20000 1.00000
vn 0.0000 0.6428 -0.7660
v 0.45872 1.54765 -0.17749
vt 0.04000 0.97600
vn 0.0000 0.6428 -0.7660
v 0.30362 1.51238 -0.20708
vt 0.20000 1.00000
vn 0.0000 0.6428 -0.7660
v 0.30028 1.53059 -0.19181
vt 0.20000 0.97600
vn 0.0000 0.6428 -0.7660
v 0.46206 1.19519 0.20557
vt 0.04000 1.00000
vn 0.0000 -0.6428 0.7660
v 0.45872 1.21340 0.22085
vt 0.04000 0.97600
vn 0.0000 -0.6428 0.7660
v 0.30028 1.19634 0.20654
vt 0.20000 0.97600
vn 0.0000 -0.6428 0.7660
v 0.46206 1.19519 0.20557
vt 0.04000 1.00000
vn 0.0000 -0.6428 0.7660
v 0.30028 1.19634 0.20654
vt 0.20000 0.97600
vn 0.0000 -0.6428 0.7660
v 0.30362 1.17813 0.19126
vt 0.20000 1.00000
vn 0.0000 -0.6428 0.7660
v 0.30028 1.19634 0.20654
vt 0.20000 0.20000
vn -0.1392 0.7586 0.6365
v 0.45872 1.21340 0.22085
vt 0.04000 0.20000
vn -0.1392 0.7586 0.6365
v 0.45872 1.54765 -0.17749
vt 0.04000 0.72000
vn -0.1392 0.7586 0.6365
v 0.30028 1.19634 0.20654
vt 0.20000 0.20000
vn -0.1392 0.7586 0.6365
v 0.45872 1.54765 -0.17749
vt 0.04000 0.72000
vn -0.1392 0.7586 0.6365
v 0.30028 1.53059 -0.19181
vt 0.20000 0.72000
vn -0.1392 0.7586 0.6365
v 0.46206 1.19519 0.20557
vt 0.04000 0.20000
vn 0.1392 -0.7586 -0.6365
v 0.30362 1.17813 0.19126
vt 0.20000 0.20000
vn 0.1392 -0.7586 -0.6365
v 0.30362 1.51238 -0.20708
vt 0.20000 0.72000
vn 0.1392 -0.7586 -0.6365
v 0.46206 1.19519 0.20557
vt 0.04000 0.20000
vn 0.1392 -0.7586 -0.6365
v 0.30362 1.51238 -0.20708
vt 0.20000 0.72000
vn 0.1392 -0.7586 -0.6365
v 0.46206 1.52944 -0.19277
vt 0.04000 0.72000
vn 0.1392 -0.7586 -0.6365
v 0.45872 1.21340 0.22085
vt 0.97600 0.20000
vn 0.9903 0.1066 0.0895
v 0.46206 1.19519 0.20557
vt 1.00000 0.20000
vn 0.9903 0.1066 0.0895
v 0.46206 1.52944 -0.19277
vt 1.00000 0.72000
vn 0.9903 0.1066 0.0895
v 0.45872 1.21340 0.22085
vt 0.97600 0.20000
vn 0.9903 0.1066 0.0895
v 0.46206 1.52944 -0.19277
vt 1.00000 0.72000
vn 0.9903 0.1066 0.0895
v 0.45872 1.54765 -0.17749
vt 0.97600 0.72000
vn 0.9903 0.1066 0.0895
v 0.30362 1.17813 0.19126
vt 1.00000 0.20000
vn -0.9903 -0.1066 -0.0895
v 0.30028 1.19634 0.20654
vt 0.97600 0.20000
vn -0.9903 -0.1066 -0.0895
v 0.30028 1.53059 -0.19181
vt 0.97600 0.72000
vn -0.9903 -0.1066 -0.0895
v 0.30362 1.17813 0.19126
vt 1.00000 0.20000
vn -0.9903 -0.1066 -0.0895
v 0.30028 1.53059 -0.19181
vt 0.97600 0.72000
vn -0.9903 -0.1066 -0.0895
v 0.30362 1.51238 -0.20708
vt 1.00000 0.72000
vn -0.9903 -0.1066 -0.0895
v 0.47389 1.51784 -0.20250
vt 0.04000 0.97600
vn 0.0000 0.6428 -0.7660
v 0.49614 1.51095 -0.20828
vt 0.04000 1.00000
vn 0.0000 0.6428 -0.7660
v 0.43620 1.39731 -0.30364
vt 0.20000 1.00000
vn 0.0000 0.6428 -0.7660
v 0.47389 1.51784 -0.20250
vt 0.04000 0.97600
vn 0.0000 0.6428 -0.7660
v 0.43620 1.39731 -0.30364
vt 0.20000 1.00000
vn 0.0000 0.6428 -0.7660
v 0.41395 1.40420 -0.29786
vt 0.20000 0.97600
vn 0.0000 0.6428 -0.7660
v 0.49614 1.17670 0.19006
vt 0.04000 1.00000
vn 0.0000 -0.6428 0.7660
v 0.47389 1.18359 0.19584
vt 0.04000 0.97600
vn 0.0000 -0.6428 0.7660
v 0.41395 1.06995 0.10048
vt 0.20000 0.97600
vn 0.0000 -0.6428 0.7660
v 0.49614 1.17670 0.19006
vt 0.04000 1.00000
vn 0.0000 -0.6428 0.7660
v 0.41395 1.06995 0.10048
vt 0.20000 0.97600
vn 0.0000 -0.6428 0.7660
v 0.43620 1.06306 0.09471
vt 0.20000 1.00000
vn 0.0000 -0.6428 0.7660
v 0.41395 1.06995 0.10048
vt 0.20000 0.20000
vn -0.9272 0.2870 0.2408
v 0.47389 1.18359 0.19584
vt 0.04000 0.20000
vn -0.9272 0.2870 0.2408
v 0.47389 1.51784 -0.20250
vt 0.04000 0.72000
vn -0.9272 0.2870 0.2408
v 0.41395 1.06995 0.10048
vt 0.20000 0.20000
vn -0.9272 0.2870 0.2408
v 0.47389 1.51784 -0.20250
vt 0.04000 0.72000
vn -0.9272 0.2870 0.2408
v 0.41395 1.40420 -0.29786
vt 0.20000 0.72000
vn -0.9272 0.2870 0.2408
v 0.49614 1.17670 0.19006
vt 0.04000 0.20000
vn 0.9272 -0.2870 -0.2408
v 0.43620 1.06306 0.09471
vt 0.20000 0.20000
vn 0.9272 -0.2870 -0.2408
v 0.43620 1.39731 -0.30364
vt 0.20000 0.72000
vn 0.9272 -0.2870 -0.2408
v 0.49614 1.17670 0.19006
vt 0.04000 0.20000
vn 0.9272 -0.2870 -0.2408
v 0.43620 1.39731 -0.30364
vt 0.20000 0.72000
vn 0.9272 -0.2870 -0.2408
v 0.49614 1.51095 -0.20828
vt 0.04000 0.72000
vn 0.9272 -0.2870 -0.2408
v 0.47389 1.18359 0.19584
vt 0.97600 0.20000
vn 0.3746 0.7103 0.5960
v 0.49614 1.17670 0.19006
vt 1.00000 0.20000
vn 0.3746 0.7103 0.5960
v 0.49614 1.51095 -0.20828
vt 1.00000 0.72000
vn 0.3746 0.7103 0.5960
v 0.47389 1.18359 0.19584
vt 0.97600 0.20000
vn 0.3746 0.7103 0.5960
v 0.49614 1.51095 -0.20828
vt 1.00000 0.72000
vn 0.3746 0.7103 0.5960
v 0.47389 1.51784 -0.20250
vt 0.97600 0.72000
vn 0.3746 0.7103 0.5960
v 0.43620 1.06306 0.09471
vt 1.00000 0.20000
vn -0.3746 -0.7103 -0.5960
v 0.41395 1.06995 0.10048
vt 0.97600 0.20000
vn -0.3746 -0.7103 -0.5960
v 0.41395 1.40420 -0.29786
vt 0.97600 0.72000
vn -0.3746 -0.7103 -0.5960
v 0.43620 1.06306 0.09471
vt 1.00000 0.20000
vn -0.3746 -0.7103 -0.5960
v 0.41395 1.40420 -0.29786
vt 0.97600 0.72000
vn -0.3746 -0.7103 -0.5960
v 0.43620 1.39731 -0.30364
vt 1.00000 0.72000
vn -0.3746 -0.7103 -0.5960
v 0.51517 1.51300 -0.20656
vt 0.04000 0.97600
vn 0.0000 0.6428 -0.7660
v 0.53408 1.52432 -0.19706
vt 0.04000 1.00000
vn 0.0000 0.6428 -0.7660
v 0.63259 1.42774 -0.27811
vt 0.20000 1.00000
vn 0.0000 0.6428 -0.7660
v 0.51517 1.51300 -0.20656
vt 0.04000 0.97600
vn 0.0000 0.6428 -0.7660
v 0.63259 1.42774 -0.27811
vt 0.20000 1.00000
vn 0.0000 0.6428 -0.7660
v 0.61368 1.41642 -0.28761
vt 0.20000 0.97600
vn 0.0000 0.6428 -0.7660
v 0.53408 1.19007 0.20128
vt 0.04000 1.00000
vn 0.0000 -0.6428 0.7660
v 0.51517 1.17875 0.19178
vt 0.04000 0.97600
vn 0.0000 -0.6428 0.7660
v 0.61368 1.08217 0.11074
vt 0.20000 0.97600
vn 0.0000 -0.6428 0.7660
v 0.53408 1.19007 0.20128
vt 0.04000 1.00000
vn 0.0000 -0.6428 0.7660
v 0.61368 1.08217 0.11074
vt 0.20000 0.97600
vn 0.0000 -0.6428 0.7660
v 0.63259 1.09349 0.12024
vt 0.20000 1.00000
vn 0.0000 -0.6428 0.7660
v 0.61368 1.08217 0.11074
vt 0.20000 0.20000
vn -0.7880 -0.4716 -0.3957
v 0.51517 1.17875 0.19178
vt 0.04000 0.20000
vn -0.7880 -0.4716 -0.3957
v 0.51517 1.51300 -0.20656
vt 0.04000 0.72000
vn -0.7880 -0.4716 -0.3957
v 0.61368 1.08217 0.11074
vt 0.20000 0.20000
vn -0.7880 -0.4716 -0.3957
v 0.51517 1.51300 -0.20656
vt 0.04000 0.72000
vn -0.7880 -0.4716 -0.3957
v 0.61368 1.41642 -0.28761
vt 0.20000 0.72000
vn -0.7880 -0.4716 -0.3957
v 0.53408 1.19007 0.20128
vt 0.04000 0.20000
vn 0.7880 0.4716 0.3957
v 0.63259 1.09349 0.12024
vt 0.20000 0.20000
vn 0.7880 0.4716 0.3957
v 0.63259 1.42774 -0.27811
vt 0.20000 0.72000
vn 0.7880 0.4716 0.3957
v 0.53408 1.19007 0.20128
vt 0.04000 0.20000
vn 0.7880 0.4716 0.3957
v 0.63259 1.42774 -0.27811
vt 0.20000 0.72000
vn 0.7880 0.4716 0.3957
v 0.53408 1.52432 -0.19706
vt 0.04000 0.72000
vn 0.7880 0.4716 0.3957
v 0.51517 1.17875 0.19178
vt 0.97600 0.20000
vn -0.6157 0.6037 0.5065
v 0.53408 1.19007 0.20128
vt 1.00000 0.20000
vn -0.6157 0.6037 0.5065
v 0.53408 1.52432 -0.19706
vt 1.00000 0.72000
vn -0.6157 0.6037 0.5065
v 0.51517 1.17875 0.19178
vt 0.97600 0.20000
vn -0.6157 0.6037 0.5065
v 0.53408 1.52432 -0.19706
vt 1.00000 0.72000
vn -0.6157 0.6037 0.5065
v 0.51517 1.51300 -0.20656
vt 0.97600 0.72000
vn -0.6157 0.6037 0.5065
v 0.63259 1.09349 0.12024
vt 1.00000 0.20000
vn 0.6157 -0.6037 -0.5065
v 0.61368 1.08217 0.11074
vt 0.97600 0.20000
vn 0.6157 -0.6037 -0.5065
v 0.61368 1.41642 -0.28761
vt 0.97600 0.72000
vn 0.6157 -0.6037 -0.5065
v 0.63259 1.09349 0.12024
vt 1.00000 0.20000
vn 0.6157 -0.6037 -0.5065
v 0.61368 1.41642 -0.28761
vt 0.97600 0.72000
vn 0.6157 -0.6037 -0.5065
v 0.63259 1.42774 -0.27811
vt 1.00000 0.72000
vn 0.6157 -0.6037 -0.5065
v 0.50000 0.71040 0.81048
vt 0.50000 0.50000
vn 0.0000 -0.6428 0.7660
v 0.79000 0.71040 0.81048
vt 1.00000 0.50000
vn 0.0000 -0.6428 0.7660
v 0.78273 0.75983 0.85196
vt 0.98746 0.61126
vn 0.0000 -0.6428 0.7660
v 0.50000 0.71040 0.81048
vt 0.50000 0.50000
vn 0.0000 -0.6428 0.7660
v 0.78273 0.75983 0.85196
vt 0.98746 0.61126
vn 0.0000 -0.6428 0.7660
v 0.76128 0.80679 0.89136
vt 0.95048 0.71694
vn 0.0000 -0.6428 0.7660
v 0.50000 0.71040 0.81048
vt 0.50000 0.50000
vn 0.0000 -0.6428 0.7660
v 0.76128 0.80679 0.89136
vt 0.95048 0.71694
vn 0.0000 -0.6428 0.7660
v 0.72673 0.84891 0.92670
vt 0.89092 0.81174
vn 0.0000 -0.6428 0.7660
v 0.50000 0.71040 0.81048
vt 0.50000 0.50000
vn 0.0000 -0.6428 0.7660
v 0.72673 0.84891 0.92670
vt 0.89092 0.81174
vn 0.0000 -0.6428 0.7660
v 0.68081 0.88408 0.95622
vt 0.81174 0.89092
vn 0.0000 -0.6428 0.7660
v 0.50000 0.71040 0.81048
vt 0.50000 0.50000
vn 0.0000 -0.6428 0.7660
v 0.68081 0.88408 0.95622
vt 0.81174 0.89092
vn 0.0000 -0.6428 0.7660
v 0.62583 0.91055 0.97842
vt 0.71694 0.95048
vn 0.0000 -0.6428 0.7660
v 0.50000 0.71040 0.81048
vt 0.50000 0.50000
vn 0.0000 -0.6428 0.7660
v 0.62583 0.91055 0.97842
vt 0.71694 0.95048
vn 0.0000 -0.6428 0.7660
v 0.56453 0.92698 0.99221
vt 0.61126 0.98746
vn 0.0000 -0.6428 0.7660
v 0.50000 0.71040 0.81048
vt 0.50000 0.50000
vn 0.0000 -0.6428 0.7660
v 0.56453 0.92698 0.99221
vt 0.61126 0.98746
vn 0.0000 -0.6428 0.7660
v 0.50000 0.93255 0.99688
vt 0.50000 1.00000
vn 0.0000 -0.6428 0.7660
v 0.50000 0.71040 0.81048
vt 0.50000 0.50000
vn 0.0000 -0.6428 0.7660
v 0.50000 0.93255 0.99688
vt 0.50000 1.00000
vn 0.0000 -0.6428 0.7660
v 0.43547 0.92698 0.99221
vt 0.38874 0.98746
vn 0.0000 -0.6428 0.7660
v 0.50000 0.71040 0.81048
vt 0.50000 0.50000
vn 0.0000 -0.6428 0.7660
v 0.43547 0.92698 0.99221
vt 0.38874 0.98746
vn 0.0000 -0.6428 0.7660
v 0.37417 0.91055 0.97842
vt 0.28306 0.95048
vn 0.0000 -0.6428 0.7660
v 0.50000 0.71040 0.81048
vt 0.50000 0.50000
vn 0.0000 -0.6428 0.7660
v 0.37417 0.91055 0.97842
vt 0.28306 0.95048
vn 0.0000 -0.6428 0.7660
v 0.31919 0.88408 0.95622
vt 0.18826 0.89092
vn 0.0000 -0.6428 0.7660
v 0.50000 0.71040 0.81048
vt 0.50000 0.50000
vn 0.0000 -0.6428 0.7660
v 0.31919 0.88408 0.95622
vt 0.18826 0.89092
vn 0.0000 -0.6428 0.7660
v 0.27327 0.84891 0.92670
vt 0.10908 0.81174
vn 0.0000 -0.6428 0.7660
v 0.50000 0.71040 0.81048
vt 0.50000 0.50000
vn 0.0000 -0.6428 0.7660
v 0.27327 0.84891 0.92670
vt 0.10908 0.81174
vn 0.0000 -0.6428 0.7660
v 0.23872 0.80679 0.89136
vt 0.04952 0.71694
vn 0.0000 -0.6428 0.7660
v 0.50000 0.71040 0.81048
vt 0.50000 0.50000
vn 0.0000 -0.6428 0.7660
v 0.23872 0.80679 0.89136
vt 0.04952 0.71694
vn 0.0000 -0.6428 0.7660
v 0.21727 0.75983 0.85196
vt 0.01254 0.61126
vn 0.0000 -0.6428 0.7660
v 0.50000 0.71040 0.81048
vt 0.50000 0.50000
vn 0.0000 -0.6428 0.7660
v 0.21727 0.75983 0.85196
vt 0.01254 0.61126
vn 0.0000 -0.6428 0.7660
v 0.21000 0.71040 0.81048
vt 0.00000 0.50000
vn 0.0000 -0.6428 0.7660
v 0.50000 0.71040 0.81048
vt 0.50000 0.50000
vn 0.0000 -0.6428 0.7660
v 0.21000 0.71040 0.81048
vt 0.00000 0.50000
vn 0.0000 -0.6428 0.7660
v 0.21727 0.66096 0.76900
vt 0.01254 0.38874
vn 0.0000 -0.6428 0.7660
v 0.50000 0.71040 0.81048
vt 0.50000 0.50000
vn 0.0000 -0.6428 0.7660
v 0.21727 0.66096 0.76900
vt 0.01254 0.38874
vn 0.0000 -0.6428 0.7660
v 0.23872 0.61401 0.72960
vt 0.04952 0.28306
vn 0.0000 -0.6428 0.7660
v 0.50000 0.71040 0.81048
vt 0.50000 0.50000
vn 0.0000 -0.6428 0.7660
v 0.23872 0.61401 0.72960
vt 0.04952 0.28306
vn 0.0000 -0.6428 0.7660
v 0.27327 0.57189 0.69425
vt 0.10908 0.18826
vn 0.0000 -0.6428 0.7660
v 0.50000 0.71040 0.81048
vt 0.50000 0.50000
vn 0.0000 -0.6428 0.7660
v 0.27327 0.57189 0.69425
vt 0.10908 0.18826
vn 0.0000 -0.6428 0.7660
v 0.31919 0.53671 0.66474
vt 0.18826 0.10908
vn 0.0000 -0.6428 0.7660
v 0.50000 0.71040 0.81048
vt 0.50000 0.50000
vn 0.0000 -0.6428 0.7660
v 0.31919 0.53671 0.66474
vt 0.18826 0.10908
vn 0.0000 -0.6428 0.7660
v 0.37417 0.51024 0.64253
vt 0.28306 0.04952
vn 0.0000 -0.6428 0.7660
v 0.50000 0.71040 0.81048
vt 0.50000 0.50000
vn 0.0000 -0.6428 0.7660
v 0.37417 0.51024 0.64253
vt 0.28306 0.04952
vn 0.0000 -0.6428 0.7660
v 0.43547 0.49381 0.62874
vt 0.38874 0.01254
vn 0.0000 -0.6428 0.7660
v 0.50000 0.71040 0.81048
vt 0.50000 0.50000
vn 0.0000 -0.6428 0.7660
v 0.43547 0.49381 0.62874
vt 0.38874 0.01254
vn 0.0000 -0.6428 0.7660
v 0.50000 0.48824 0.62407
vt 0.50000 0.00000
vn 0.0000 -0.6428 0.7660
v 0.50000 0.71040 0.81048
vt 0.50000 0.50000
vn 0.0000 -0.6428 0.7660
v 0.50000 0.48824 0.62407
vt 0.50000 0.00000
vn 0.0000 -0.6428 0.7660
v 0.56453 0.49381 0.62874
vt 0.61126 0.01254
vn 0.0000 -0.6428 0.7660
v 0.50000 0.71040 0.81048
vt 0.50000 0.50000
vn 0.0000 -0.6428 0.7660
v 0.56453 0.49381 0.62874
vt 0.61126 0.01254
vn 0.0000 -0.6428 0.7660
v 0.62583 0.51024 0.64253
vt 0.71694 0.04952
vn 0.0000 -0.6428 0.7660
v 0.50000 0.71040 0.81048
vt 0.50000 0.50000
vn 0.0000 -0.6428 0.7660
v 0.62583 0.51024 0.64253
vt 0.71694 0.04952
vn 0.0000 -0.6428 0.7660
v 0.68081 0.53671 0.66474
vt 0.81174 0.10908
vn 0.0000 -0.6428 0.7660
v 0.50000 0.71040 0.81048
vt 0.50000 0.50000
vn 0.0000 -0.6428 0.7660
v 0.68081 0.53671 0.66474
vt 0.81174 0.10908
vn 0.0000 -0.6428 0.7660
v 0.72673 0.57189 0.69425
vt 0.89092 0.18826
vn 0.0000 -0.6428 0.7660
v 0.50000 0.71040 0.81048
vt 0.50000 0.50000
vn 0.0000 -0.6428 0.7660
v 0.72673 0.57189 0.69425
vt 0.89092 0.18826
vn 0.0000 -0.6428 0.7660
v 0.76128 0.61401 0.72960
vt 0.95048 0.28306
vn 0.0000 -0.6428 0.7660
v 0.50000 0.71040 0.81048
vt 0.50000 0.50000
vn 0.0000 -0.6428 0.7660
v 0.76128 0.61401 0.72960
vt 0.95048 0.28306
vn 0.0000 -0.6428 0.7660
v 0.78273 0.66096 0.76900
vt 0.98746 0.38874
vn 0.0000 -0.6428 0.7660
v 0.50000 0.71040 0.81048
vt 0.50000 0.50000
vn 0.0000 -0.6428 0.7660
v 0.78273 0.66096 0.76900
vt 0.98746 0.38874
vn 0.0000 -0.6428 0.7660
v 0.79000 0.71040 0.81048
vt 1.00000 0.50000
vn 0.0000 -0.6428 0.7660
v 0.50000 0.77789 0.73004
vt 0.50000 0.50000
vn 0.0000 0.6428 -0.7660
v 0.89231 0.83767 0.78020
vt 0.99039 0.59755
vn 0.0000 0.6428 -0.7660
v 0.90000 0.77789 0.73004
vt 1.00000 0.50000
vn 0.0000 0.6428 -0.7660
v 0.50000 0.77789 0.73004
vt 0.50000 0.50000
vn 0.0000 0.6428 -0.7660
v 0.86955 0.89515 0.82843
vt 0.96194 0.69134
vn 0.0000 0.6428 -0.7660
v 0.89231 0.83767 0.78020
vt 0.99039 0.59755
vn 0.0000 0.6428 -0.7660
v 0.50000 0.77789 0.73004
vt 0.50000 0.50000
vn 0.0000 0.6428 -0.7660
v 0.83259 0.94813 0.87289
vt 0.91573 0.77779
vn 0.0000 0.6428 -0.7660
v 0.86955 0.89515 0.82843
vt 0.96194 0.69134
vn 0.0000 0.6428 -0.7660
v 0.50000 0.77789 0.73004
vt 0.50000 0.50000
vn 0.0000 0.6428 -0.7660
v 0.78284 0.99456 0.91185
vt 0.85355 0.85355
vn 0.0000 0.6428 -0.7660
v 0.83259 0.94813 0.87289
vt 0.91573 0.77779
vn 0.0000 0.6428 -0.7660
v 0.50000 0.77789 0.73004
vt 0.50000 0.50000
vn 0.0000 0.6428 -0.7660
v 0.72223 1.03267 0.94382
vt 0.77779 0.91573
vn 0.0000 0.6428 -0.7660
v 0.78284 0.99456 0.91185
vt 0.85355 0.85355
vn 0.0000 0.6428 -0.7660
v 0.50000 0.77789 0.73004
vt 0.50000 0.50000
vn 0.0000 0.6428 -0.7660
v 0.65307 1.06098 0.96758
vt 0.69134 0.96194
vn 0.0000 0.6428 -0.7660
v 0.72223 1.03267 0.94382
vt 0.77779 0.91573
vn 0.0000 0.6428 -0.7660
v 0.50000 0.77789 0.73004
vt 0.50000 0.50000
vn 0.0000 0.6428 -0.7660
v 0.57804 1.07842 0.98222
vt 0.59755 0.99039
vn 0.0000 0.6428 -0.7660
v 0.65307 1.06098 0.96758
vt 0.69134 0.96194
vn 0.0000 0.6428 -0.7660
v 0.50000 0.77789 0.73004
vt 0.50000 0.50000
vn 0.0000 0.6428 -0.7660
v 0.50000 1.08431 0.98716
vt 0.50000 1.00000
vn 0.0000 0.6428 -0.7660
v 0.57804 1.07842 0.98222
vt 0.59755 0.99039
vn 0.0000 0.6428 -0.7660
v 0.50000 0.77789 0.73004
vt 0.50000 0.50000
vn 0.0000 0.6428 -0.7660
v 0.42196 1.07842 0.98222
vt 0.40245 0.99039
vn 0.0000 0.6428 -0.7660
v 0.50000 1.08431 0.98716
vt 0.50000 1.00000
vn 0.0000 0.6428 -0.7660
v 0.50000 0.77789 0.73004
vt 0.50000 0.50000
vn 0.0000 0.6428 -0.7660
v 0.34693 1.06098 0.96758
vt 0.30866 0.96194
vn 0.0000 0.6428 -0.7660
v 0.42196 1.07842 0.98222
vt 0.40245 0.99039
vn 0.0000 0.6428 -0.7660
v 0.50000 0.77789 0.73004
vt 0.50000 0.50000
vn 0.0000 0.6428 -0.7660
v 0.27777 1.03267 0.94382
vt 0.22221 0.91573
vn 0.0000 0.6428 -0.7660
v 0.34693 1.06098 0.96758
vt 0.30866 0.96194
vn 0.0000 0.6428 -0.7660
v 0.50000 0.77789 0.73004
vt 0.50000 0.50000
vn 0.0000 0.6428 -0.7660
v 0.21716 0.99456 0.91185
vt 0.14645 0.85355
vn 0.0000 0.6428 -0.7660
v 0.27777 1.03267 0.94382
vt 0.22221 0.91573
vn 0.0000 0.6428 -0.7660
v 0.50000 0.77789 0.73004
vt 0.50000 0.50000
vn 0.0000 0.6428 -0.7660
v 0.16741 0.94813 0.87289
vt 0.08427 0.77779
vn 0.0000 0.6428 -0.7660
v 0.21716 0.99456 0.91185
vt 0.14645 0.85355
vn 0.0000 0.6428 -0.7660
v 0.50000 0.77789 0.73004
vt 0.50000 0.50000
vn 0.0000 0.6428 -0.7660
v 0.13045 0.89515 0.82843
vt 0.03806 0.69134
vn 0.0000 0.6428 -0.7660
v 0.16741 0.94813 0.87289
vt 0.08427 0.77779
vn 0.0000 0.6428 -0.7660
v 0.50000 0.77789 0.73004
vt 0.50000 0.50000
vn 0.0000 0.6428 -0.7660
v 0.10769 0.83767 0.78020
vt 0.00961 0.59755
vn 0.0000 0.6428 -0.7660
v 0.13045 0.89515 0.82843
vt 0.03806 0.69134
vn 0.0000 0.6428 -0.7660
v 0.50000 0.77789 0.73004
vt 0.50000 0.50000
vn 0.0000 0.6428 -0.7660
v 0.10000 0.77789 0.73004
vt 0.00000 0.50000
vn 0.0000 0.6428 -0.7660
v 0.10769 0.83767 0.78020
vt 0.00961 0.59755
vn 0.0000 0.6428 -0.7660
v 0.50000 0.77789 0.73004
vt 0.50000 0.50000
vn 0.0000 0.6428 -0.7660
v 0.10769 0.71811 0.67988
vt 0.00961 0.40245
vn 0.0000 0.6428 -0.7660
v 0.10000 0.77789 0.73004
vt 0.00000 0.50000
vn 0.0000 0.6428 -0.7660
v 0.50000 0.77789 0.73004
vt 0.50000 0.50000
vn 0.0000 0.6428 -0.7660
v 0.13045 0.66063 0.63165
vt 0.03806 0.30866
vn 0.0000 0.6428 -0.7660
v 0.10769 0.71811 0.67988
vt 0.00961 0.40245
vn 0.0000 0.6428 -0.7660
v 0.50000 0.77789 0.73004
vt 0.50000 0.50000
vn 0.0000 0.6428 -0.7660
v 0.16741 0.60765 0.58720
vt 0.08427 0.22221
vn 0.0000 0.6428 -0.7660
v 0.13045 0.66063 0.63165
vt 0.03806 0.30866
vn 0.0000 0.6428 -0.7660
v 0.50000 0.77789 0.73004
vt 0.50000 0.50000
vn 0.0000 0.6428 -0.7660
v 0.21716 0.56122 0.54823
vt 0.14645 0.14645
vn 0.0000 0.6428 -0.7660
v 0.16741 0.60765 0.58720
vt 0.08427 0.22221
vn 0.0000 0.6428 -0.7660
v 0.50000 0.77789 0.73004
vt 0.50000 0.50000
vn 0.0000 0.6428 -0.7660
v 0.27777 0.52311 0.51626
vt 0.22221 0.08427
vn 0.0000 0.6428 -0.7660
v 0.21716 0.56122 0.54823
vt 0.14645 0.14645
vn 0.0000 0.6428 -0.7660
v 0.50000 0.77789 0.73004
vt 0.50000 0.50000
vn 0.0000 0.6428 -0.7660
v 0.34693 0.49480 0.49250
vt 0.30866 0.03806
vn 0.0000 0.6428 -0.7660
v 0.27777 0.52311 0.51626
vt 0.22221 0.08427
vn 0.0000 0.6428 -0.7660
v 0.50000 0.77789 0.73004
vt 0.50000 0.50000
vn 0.0000 0.6428 -0.7660
v 0.42196 0.47736 0.47787
vt 0.40245 0.00961
vn 0.0000 0.6428 -0.7660
v 0.34693 0.49480 0.49250
vt 0.30866 0.03806
vn 0.0000 0.6428 -0.7660
v 0.50000 0.77789 0.73004
vt 0.50000 0.50000
vn 0.0000 0.6428 -0.7660
v 0.50000 0.47147 0.47293
vt 0.50000 0.00000
vn 0.0000 0.6428 -0.7660
v 0.42196 0.47736 0.47787
vt 0.40245 0.00961
vn 0.0000 0.6428 -0.7660
v 0.50000 0.77789 0.73004
vt 0.50000 0.50000
vn 0.0000 0.6428 -0.7660
v 0.57804 0.47736 0.47787
vt 0.59755 0.00961
vn 0.0000 0.6428 -0.7660
v 0.50000 0.47147 0.47293
vt 0.50000 0.00000
vn 0.0000 0.6428 -0.7660
v 0.50000 0.77789 0.73004
vt 0.50000 0.50000
vn 0.0000 0.6428 -0.7660
v 0.65307 0.49480 0.49250
vt 0.69134 0.03806
vn 0.0000 0.6428 -0.7660
v 0.57804 0.47736 0.47787
vt 0.59755 0.00961
vn 0.0000 0.6428 -0.7660
v 0.50000 0.77789 0.73004
vt 0.50000 0.50000
vn 0.0000 0.6428 -0.7660
v 0.72223 0.52311 0.51626
vt 0.77779 0.08427
vn 0.0000 0.6428 -0.7660
v 0.65307 0.49480 0.49250
vt 0.69134 0.03806
vn 0.0000 0.6428 -0.7660
v 0.50000 0.77789 0.73004
vt 0.50000 0.50000
vn 0.0000 0.6428 -0.7660
v 0.78284 0.56122 0.54823
vt 0.85355 0.14645
vn 0.0000 0.6428 -0.7660
v 0.72223 0.52311 0.51626
vt 0.77779 0.08427
vn 0.0000 0.6428 -0.7660
v 0.50000 0.77789 0.73004
vt 0.50000 0.50000
vn 0.0000 0.6428 -0.7660
v 0.83259 0.60765 0.58720
vt 0.91573 0.22221
vn 0.0000 0.6428 -0.7660
v 0.78284 0.56122 0.54823
vt 0.85355 0.14645
vn 0.0000 0.6428 -0.7660
v 0.50000 0.77789 0.73004
vt 0.50000 0.50000
vn 0.0000 0.6428 -0.7660
v 0.86955 0.66063 0.63165
vt 0.96194 0.30866
vn 0.0000 0.6428 -0.7660
v 0.83259 0.60765 0.58720
vt 0.91573 0.22221
vn 0.0000 0.6428 -0.7660
v 0.50000 0.77789 0.73004
vt 0.50000 0.50000
vn 0.0000 0.6428 -0.7660
v 0.89231 0.71811 0.67988
vt 0.99039 0.40245
vn 0.0000 0.6428 -0.7660
v 0.86955 0.66063 0.63165
vt 0.96194 0.30866
vn 0.0000 0.6428 -0.7660
v 0.50000 0.77789 0.73004
vt 0.50000 0.50000
vn 0.0000 0.6428 -0.7660
v 0.90000 0.77789 0.73004
vt 1.00000 0.50000
vn 0.0000 0.6428 -0.7660
v 0.89231 0.71811 0.67988
vt 0.99039 0.40245
vn 0.0000 0.6428 -0.7660
v 0.55500 0.69754 0.82580
vt 0.00000 0.00000
vn 1.0000 -0.0000 -0.0000
v 0.55500 0.72968 0.78749
vt 0.00000 0.05000
vn 1.0000 -0.0000 -0.0000
v 0.54763 0.75075 0.80517
vt 0.16667 0.05000
vn 0.8660 0.3830 0.3214
v 0.55500 0.69754 0.82580
vt 0.00000 0.00000
vn 1.0000 -0.0000 -0.0000
v 0.54763 0.75075 0.80517
vt 0.16667 0.05000
vn 0.8660 0.3830 0.3214
v 0.54763 0.71861 0.84347
vt 0.16667 0.00000
vn 0.8660 0.3830 0.3214
v 0.54763 0.71861 0.84347
vt 0.16667 0.00000
vn 0.8660 0.3830 0.3214
v 0.54763 0.75075 0.80517
vt 0.16667 0.05000
vn 0.8660 0.3830 0.3214
v 0.52750 0.76617 0.81811
vt 0.33333 0.05000
vn 0.5000 0.6634 0.5567
v 0.54763 0.71861 0.84347
vt 0.16667 0.00000
vn 0.8660 0.3830 0.3214
v 0.52750 0.76617 0.81811
vt 0.33333 0.05000
vn 0.5000 0.6634 0.5567
v 0.52750 0.73403 0.85641
vt 0.33333 0.00000
vn 0.5000 0.6634 0.5567
v 0.52750 0.73403 0.85641
vt 0.33333 0.00000
vn 0.5000 0.6634 0.5567
v 0.52750 0.76617 0.81811
vt 0.33333 0.05000
vn 0.5000 0.6634 0.5567
v 0.50000 0.77181 0.82285
vt 0.50000 0.05000
vn 0.0000 0.7660 0.6428
v 0.52750 0.73403 0.85641
vt 0.33333 0.00000
vn 0.5000 0.6634 0.5567
v 0.50000 0.77181 0.82285
vt 0.50000 0.05000
vn 0.0000 0.7660 0.6428
v 0.50000 0.73967 0.86115
vt 0.50000 0.00000
vn 0.0000 0.7660 0.6428
v 0.50000 0.73967 0.86115
vt 0.50000 0.00000
vn 0.0000 0.7660 0.6428
v 0.50000 0.77181 0.82285
vt 0.50000 0.05000
vn 0.0000 0.7660 0.6428
v 0.47250 0.76617 0.81811
vt 0.66667 0.05000
vn -0.5000 0.6634 0.5567
v 0.50000 0.73967 0.86115
vt 0.50000 0.00000
vn 0.0000 0.7660 0.6428
v 0.47250 0.76617 0.81811
vt 0.66667 0.05000
vn -0.5000 0.6634 0.5567
v 0.47250 0.73403 0.85641
vt 0.66667 0.00000
vn -0.5000 0.6634 0.5567
v 0.47250 0.73403 0.85641
vt 0.66667 0.00000
vn -0.5000 0.6634 0.5567
v 0.47250 0.76617 0.81811
vt 0.66667 0.05000
vn -0.5000 0.6634 0.5567
v 0.45237 0.75075 0.80517
vt 0.83333 0.05000
vn -0.8660 0.3830 0.3214
v 0.47250 0.73403 0.85641
vt 0.66667 0.00000
vn -0.5000 0.6634 0.5567
v 0.45237 0.75075 0.80517
vt 0.83333 0.05000
vn -0.8660 0.3830 0.3214
v 0.45237 0.71861 0.84347
vt 0.83333 0.00000
vn -0.8660 0.3830 0.3214
v 0.45237 0.71861 0.84347
vt 0.83333 0.00000
vn -0.8660 0.3830 0.3214
v 0.45237 0.75075 0.80517
vt 0.83333 0.05000
vn -0.8660 0.3830 0.3214
v 0.44500 0.72968 0.78749
vt 1.00000 0.05000
vn -1.0000 0.0000 0.0000
v 0.45237 0.71861 0.84347
vt 0.83333 0.00000
vn -0.8660 0.3830 0.3214
v 0.44500 0.72968 0.78749
vt 1.00000 0.05000
vn -1.0000 0.0000 0.0000
v 0.44500 0.69754 0.82580
vt 1.00000 0.00000
vn -1.0000 0.0000 0.0000
v 0.44500 0.69754 0.82580
vt 0.00000 0.00000
vn -1.0000 0.0000 0.0000
v 0.44500 0.72968 0.78749
vt 0.00000 0.05000
vn -1.0000 0.0000 0.0000
v 0.45237 0.70861 0.76982
vt 0.16667 0.05000
vn -0.8660 -0.3830 -0.3214
v 0.44500 0.69754 0.82580
vt 0.00000 0.00000
vn -1.0000 0.0000 0.0000
v 0.45237 0.70861 0.76982
vt 0.16667 0.05000
vn -0.8660 -0.3830 -0.3214
v 0.45237 0.67648 0.80812
vt 0.16667 0.00000
vn -0.8660 -0.3830 -0.3214
v 0.45237 0.67648 0.80812
vt 0.16667 0.00000
vn -0.8660 -0.3830 -0.3214
v 0.45237 0.70861 0.76982
vt 0.16667 0.05000
vn -0.8660 -0.3830 -0.3214
v 0.47250 0.69319 0.75688
vt 0.33333 0.05000
vn -0.5000 -0.6634 -0.5567
v 0.45237 0.67648 0.80812
vt 0.16667 0.00000
vn -0.8660 -0.3830 -0.3214
v 0.47250 0.69319 0.75688
vt 0.33333 0.05000
vn -0.5000 -0.6634 -0.5567
v 0.47250 0.66105 0.79518
vt 0.33333 0.00000
vn -0.5000 -0.6634 -0.5567
v 0.47250 0.66105 0.79518
vt 0.33333 0.00000
vn -0.5000 -0.6634 -0.5567
v 0.47250 0.69319 0.75688
vt 0.33333 0.05000
vn -0.5000 -0.6634 -0.5567
v 0.50000 0.68755 0.75214
vt 0.50000 0.05000
vn -0.0000 -0.7660 -0.6428
v 0.47250 0.66105 0.79518
vt 0.33333 0.00000
vn -0.5000 -0.6634 -0.5567
v 0.50000 0.68755 0.75214
vt 0.50000 0.05000
vn -0.0000 -0.7660 -0.6428
v 0.50000 0.65541 0.79044
vt 0.50000 0.00000
vn -0.0000 -0.7660 -0.6428
v 0.50000 0.65541 0.79044
vt 0.50000 0.00000
vn -0.0000 -0.7660 -0.6428
v 0.50000 0.68755 0.75214
vt 0.50000 0.05000
vn -0.0000 -0.7660 -0.6428
v 0.52750 0.69319 0.75688
vt 0.66667 0.05000
vn 0.5000 -0.6634 -0.5567
v 0.50000 0.65541 0.79044
vt 0.50000 0.00000
vn -0.0000 -0.7660 -0.6428
v 0.52750 0.69319 0.75688
vt 0.66667 0.05000
vn 0.5000 -0.6634 -0.5567
v 0.52750 0.66105 0.79518
vt 0.66667 0.00000
vn 0.5000 -0.6634 -0.5567
v 0.52750 0.66105 0.79518
vt 0.66667 0.00000
vn 0.5000 -0.6634 -0.5567
v 0.52750 0.69319 0.75688
vt 0.66667 0.05000
vn 0.5000 -0.6634 -0.5567
v 0.54763 0.70861 0.76982
vt 0.83333 0.05000
vn 0.8660 -0.3830 -0.3214
v 0.52750 0.66105 0.79518
vt 0.66667 0.00000
vn 0.5000 -0.6634 -0.5567
v 0.54763 0.70861 0.76982
vt 0.83333 0.05000
vn 0.8660 -0.3830 -0.3214
v 0.54763 0.67648 0.80812
vt 0.83333 0.00000
vn 0.8660 -0.3830 -0.3214
v 0.54763 0.67648 0.80812
vt 0.83333 0.00000
vn 0.8660 -0.3830 -0.3214
v 0.54763 0.70861 0.76982
vt 0.83333 0.05000
vn 0.8660 -0.3830 -0.3214
v 0.55500 0.72968 0.78749
vt 1.00000 0.05000
vn 1.0000 -0.0000 -0.0000
v 0.54763 0.67648 0.80812
vt 0.83333 0.00000
vn 0.8660 -0.3830 -0.3214
v 0.55500 0.72968 0.78749
vt 1.00000 0.05000
vn 1.0000 -0.0000 -0.0000
v 0.55500 0.69754 0.82580
vt 1.00000 0.00000
vn 1.0000 -0.0000 -0.0000
v 0.50000 0.72968 0.78749
vt 0.50000 0.50000
vn 0.0000 0.6428 -0.7660
v 0.54763 0.75075 0.80517
vt 0.93301 0.75000
vn 0.0000 0.6428 -0.7660
v 0.55500 0.72968 0.78749
vt 1.00000 0.50000
vn 0.0000 0.6428 -0.7660
v 0.50000 0.72968 0.78749
vt 0.50000 0.50000
vn 0.0000 0.6428 -0.7660
v 0.52750 0.76617 0.81811
vt 0.75000 0.93301
vn 0.0000 0.6428 -0.7660
v 0.54763 0.75075 0.80517
vt 0.93301 0.75000
vn 0.0000 0.6428 -0.7660
v 0.50000 0.72968 0.78749
vt 0.50000 0.50000
vn 0.0000 0.6428 -0.7660
v 0.50000 0.77181 0.82285
vt 0.50000 1.00000
vn 0.0000 0.6428 -0.7660
v 0.52750 0.76617 0.81811
vt 0.75000 0.93301
vn 0.0000 0.6428 -0.7660
v 0.50000 0.72968 0.78749
vt 0.50000 0.50000
vn 0.0000 0.6428 -0.7660
v 0.47250 0.76617 0.81811
vt 0.25000 0.93301
vn 0.0000 0.6428 -0.7660
v 0.50000 0.77181 0.82285
vt 0.50000 1.00000
vn 0.0000 0.6428 -0.7660
v 0.50000 0.72968 0.78749
vt 0.50000 0.50000
vn 0.0000 0.6428 -0.7660
v 0.45237 0.75075 0.80517
vt 0.06699 0.75000
vn 0.0000 0.6428 -0.7660
v 0.47250 0.76617 0.81811
vt 0.25000 0.93301
vn 0.0000 0.6428 -0.7660
v 0.50000 0.72968 0.78749
vt 0.50000 0.50000
vn 0.0000 0.6428 -0.7660
v 0.44500 0.72968 0.78749
vt 0.00000 0.50000
vn 0.0000 0.6428 -0.7660
v 0.45237 0.75075 0.80517
vt 0.06699 0.75000
vn 0.0000 0.6428 -0.7660
v 0.50000 0.72968 0.78749
vt 0.50000 0.50000
vn 0.0000 0.6428 -0.7660
v 0.45237 0.70861 0.76982
vt 0.06699 0.25000
vn 0.0000 0.6428 -0.7660
v 0.44500 0.72968 0.78749
vt 0.00000 0.50000
vn 0.0000 0.6428 -0.7660
v 0.50000 0.72968 0.78749
vt 0.50000 0.50000
vn 0.0000 0.6428 -0.7660
v 0.47250 0.69319 0.75688
vt 0.25000 0.06699
vn 0.0000 0.6428 -0.7660
v 0.45237 0.70861 0.76982
vt 0.06699 0.25000
vn 0.0000 0.6428 -0.7660
v 0.50000 0.72968 0.78749
vt 0.50000 0.50000
vn 0.0000 0.6428 -0.7660
v 0.50000 0.68755 0.75214
vt 0.50000 0.00000
vn 0.0000 0.6428 -0.7660
v 0.47250 0.69319 0.75688
vt 0.25000 0.06699
vn 0.0000 0.6428 -0.7660
v 0.50000 0.72968 0.78749
vt 0.50000 0.50000
vn 0.0000 0.6428 -0.7660
v 0.52750 0.69319 0.75688
vt 0.75000 0.06699
vn 0.0000 0.6428 -0.7660
v 0.50000 0.68755 0.75214
vt 0.50000 0.00000
vn 0.0000 0.6428 -0.7660
v 0.50000 0.72968 0.78749
vt 0.50000 0.50000
vn 0.0000 0.6428 -0.7660
v 0.54763 0.70861 0.76982
vt 0.93301 0.25000
vn 0.0000 0.6428 -0.7660
v 0.52750 0.69319 0.75688
vt 0.75000 0.06699
vn 0.0000 0.6428 -0.7660
v 0.50000 0.72968 0.78749
vt 0.50000 0.50000
vn 0.0000 0.6428 -0.7660
v 0.55500 0.72968 0.78749
vt 1.00000 0.50000
vn 0.0000 0.6428 -0.7660
v 0.54763 0.70861 0.76982
vt 0.93301 0.25000
vn 0.0000 0.6428 -0.7660
v 0.50000 0.69754 0.82580
vt 0.50000 0.50000
vn 0.0000 -0.6428 0.7660
v 0.55500 0.69754 0.82580
vt 1.00000 0.50000
vn 0.0000 -0.6428 0.7660
v 0.54763 0.71861 0.84347
vt 0.93301 0.75000
vn 0.0000 -0.6428 0.7660
v 0.50000 0.69754 0.82580
vt 0.50000 0.50000
vn 0.0000 -0.6428 0.7660
v 0.54763 0.71861 0.84347
vt 0.93301 0.75000
vn 0.0000 -0.6428 0.7660
v 0.52750 0.73403 0.85641
vt 0.75000 0.93301
vn 0.0000 -0.6428 0.7660
v 0.50000 0.69754 0.82580
vt 0.50000 0.50000
vn 0.0000 -0.6428 0.7660
v 0.52750 0.73403 0.85641
vt 0.75000 0.93301
vn 0.0000 -0.6428 0.7660
v 0.50000 0.73967 0.86115
vt 0.50000 1.00000
vn 0.0000 -0.6428 0.7660
v 0.50000 0.69754 0.82580
vt 0.50000 0.50000
vn 0.0000 -0.6428 0.7660
v 0.50000 0.73967 0.86115
vt 0.50000 1.00000
vn 0.0000 -0.6428 0.7660
v 0.47250 0.73403 0.85641
vt 0.25000 0.93301
vn 0.0000 -0.6428 0.7660
v 0.50000 0.69754 0.82580
vt 0.50000 0.50000
vn 0.0000 -0.6428 0.7660
v 0.47250 0.73403 0.85641
vt 0.25000 0.93301
vn 0.0000 -0.6428 0.7660
v 0.45237 0.71861 0.84347
vt 0.06699 0.75000
vn 0.0000 -0.6428 0.7660
v 0.50000 0.69754 0.82580
vt 0.50000 0.50000
vn 0.0000 -0.6428 0.7660
v 0.45237 0.71861 0.84347
vt 0.06699 0.75000
vn 0.0000 -0.6428 0.7660
v 0.44500 0.69754 0.82580
vt 0.00000 0.50000
vn 0.0000 -0.6428 0.7660
v 0.50000 0.69754 0.82580
vt 0.50000 0.50000
vn 0.0000 -0.6428 0.7660
v 0.44500 0.69754 0.82580
vt 0.00000 0.50000
vn 0.0000 -0.6428 0.7660
v 0.45237 0.67648 0.80812
vt 0.06699 0.25000
vn 0.0000 -0.6428 0.7660
v 0.50000 0.69754 0.82580
vt 0.50000 0.50000
vn 0.0000 -0.6428 0.7660
v 0.45237 0.67648 0.80812
vt 0.06699 0.25000
vn 0.0000 -0.6428 0.7660
v 0.47250 0.66105 0.79518
vt 0.25000 0.06699
vn 0.0000 -0.6428 0.7660
v 0.50000 0.69754 0.82580
vt 0.50000 0.50000
vn 0.0000 -0.6428 0.7660
v 0.47250 0.66105 0.79518
vt 0.25000 0.06699
vn 0.0000 -0.6428 0.7660
v 0.50000 0.65541 0.79044
vt 0.50000 0.00000
vn 0.0000 -0.6428 0.7660
v 0.50000 0.69754 0.82580
vt 0.50000 0.50000
vn 0.0000 -0.6428 0.7660
v 0.50000 0.65541 0.79044
vt 0.50000 0.00000
vn 0.0000 -0.6428 0.7660
v 0.52750 0.66105 0.79518
vt 0.75000 0.06699
vn 0.0000 -0.6428 0.7660
v 0.50000 0.69754 0.82580
vt 0.50000 0.50000
vn 0.0000 -0.6428 0.7660
v 0.52750 0.66105 0.79518
vt 0.75000 0.06699
vn 0.0000 -0.6428 0.7660
v 0.54763 0.67648 0.80812
vt 0.93301 0.25000
vn 0.0000 -0.6428 0.7660
v 0.50000 0.69754 0.82580
vt 0.50000 0.50000
vn 0.0000 -0.6428 0.7660
v 0.54763 0.67648 0.80812
vt 0.93301 0.25000
vn 0.0000 -0.6428 0.7660
v 0.55500 0.69754 0.82580
vt 1.00000 0.50000
vn 0.0000 -0.6428 0.7660
v 0.56000 0.72058 0.78900
vt 0.06000 0.98800
vn 0.0000 0.6428 -0.7660
v 0.56000 0.72978 0.79671
vt 0.06000 1.00000
vn 0.0000 0.6428 -0.7660
v 0.77000 0.72978 0.79671
vt 0.27000 1.00000
vn 0.0000 0.6428 -0.7660
v 0.56000 0.72058 0.78900
vt 0.06000 0.98800
vn 0.0000 0.6428 -0.7660
v 0.77000 0.72978 0.79671
vt 0.27000 1.00000
vn 0.0000 0.6428 -0.7660
v 0.77000 0.72058 0.78900
vt 0.27000 0.98800
vn 0.0000 0.6428 -0.7660
v 0.56000 0.71949 0.80897
vt 0.06000 1.00000
vn 0.0000 -0.6428 0.7660
v 0.56000 0.71030 0.80126
vt 0.06000 0.98800
vn 0.0000 -0.6428 0.7660
v 0.77000 0.71030 0.80126
vt 0.27000 0.98800
vn 0.0000 -0.6428 0.7660
v 0.56000 0.71949 0.80897
vt 0.06000 1.00000
vn 0.0000 -0.6428 0.7660
v 0.77000 0.71030 0.80126
vt 0.27000 0.98800
vn 0.0000 -0.6428 0.7660
v 0.77000 0.71949 0.80897
vt 0.27000 1.00000
vn 0.0000 -0.6428 0.7660
v 0.77000 0.71030 0.80126
vt 0.27000 0.43200
vn 0.0000 -0.7660 -0.6428
v 0.56000 0.71030 0.80126
vt 0.06000 0.43200
vn 0.0000 -0.7660 -0.6428
v 0.56000 0.72058 0.78900
vt 0.06000 0.44800
vn 0.0000 -0.7660 -0.6428
v 0.77000 0.71030 0.80126
vt 0.27000 0.43200
vn 0.0000 -0.7660 -0.6428
v 0.56000 0.72058 0.78900
vt 0.06000 0.44800
vn 0.0000 -0.7660 -0.6428
v 0.77000 0.72058 0.78900
vt 0.27000 0.44800
vn 0.0000 -0.7660 -0.6428
v 0.56000 0.71949 0.80897
vt 0.06000 0.43200
vn 0.0000 0.7660 0.6428
v 0.77000 0.71949 0.80897
vt 0.27000 0.43200
vn 0.0000 0.7660 0.6428
v 0.77000 0.72978 0.79671
vt 0.27000 0.44800
vn 0.0000 0.7660 0.6428
v 0.56000 0.71949 0.80897
vt 0.06000 0.43200
vn 0.0000 0.7660 0.6428
v 0.77000 0.72978 0.79671
vt 0.27000 0.44800
vn 0.0000 0.7660 0.6428
v 0.56000 0.72978 0.79671
vt 0.06000 0.44800
vn 0.0000 0.7660 0.6428
v 0.56000 0.71030 0.80126
vt 0.98800 0.43200
vn -1.0000 0.0000 0.0000
v 0.56000 0.71949 0.80897
vt 1.00000 0.43200
vn -1.0000 0.0000 0.0000
v 0.56000 0.72978 0.79671
vt 1.00000 0.44800
vn -1.0000 0.0000 0.0000
v 0.56000 0.71030 0.80126
vt 0.98800 0.43200
vn -1.0000 0.0000 0.0000
v 0.56000 0.72978 0.79671
vt 1.00000 0.44800
vn -1.0000 0.0000 0.0000
v 0.56000 0.72058 0.78900
vt 0.98800 0.44800
vn -1.0000 0.0000 0.0000
v 0.77000 0.71949 0.80897
vt 1.00000 0.43200
vn 1.0000 0.0000 0.0000
v 0.77000 0.71030 0.80126
vt 0.98800 0.43200
vn 1.0000 0.0000 0.0000
v 0.77000 0.72058 0.78900
vt 0.98800 0.44800
vn 1.0000 0.0000 0.0000
v 0.77000 0.71949 0.80897
vt 1.00000 0.43200
vn 1.0000 0.0000 0.0000
v 0.77000 0.72058 0.78900
vt 0.98800 0.44800
vn 1.0000 0.0000 0.0000
v 0.77000 0.72978 0.79671
vt 1.00000 0.44800
vn 1.0000 0.0000 0.0000
v 0.54210 0.75825 0.82060
vt 0.06000 0.98800
vn 0.0000 0.6428 -0.7660
v 0.53272 0.76398 0.82541
vt 0.06000 1.00000
vn 0.0000 0.6428 -0.7660
v 0.66365 0.88975 0.93095
vt 0.27000 1.00000
vn 0.0000 0.6428 -0.7660
v 0.54210 0.75825 0.82060
vt 0.06000 0.98800
vn 0.0000 0.6428 -0.7660
v 0.66365 0.88975 0.93095
vt 0.27000 1.00000
vn 0.0000 0.6428 -0.7660
v 0.67303 0.88402 0.92614
vt 0.27000 0.98800
vn 0.0000 0.6428 -0.7660
v 0.53272 0.75370 0.83767
vt 0.06000 1.00000
vn 0.0000 -0.6428 0.7660
v 0.54210 0.74797 0.83286
vt 0.06000 0.98800
vn 0.0000 -0.6428 0.7660
v 0.67303 0.87374 0.93840
vt 0.27000 0.98800
vn 0.0000 -0.6428 0.7660
v 0.53272 0.75370 0.83767
vt 0.06000 1.00000
vn 0.0000 -0.6428 0.7660
v 0.67303 0.87374 0.93840
vt 0.27000 0.98800
vn 0.0000 -0.6428 0.7660
v 0.66365 0.87947 0.94321
vt 0.27000 1.00000
vn 0.0000 -0.6428 0.7660
v 0.67303 0.87374 0.93840
vt 0.27000 0.43200
vn 0.7818 -0.4776 -0.4008
v 0.54210 0.74797 0.83286
vt 0.06000 0.43200
vn 0.7818 -0.4776 -0.4008
v 0.54210 0.75825 0.82060
vt 0.06000 0.44800
vn 0.7818 -0.4776 -0.4008
v 0.67303 0.87374 0.93840
vt 0.27000 0.43200
vn 0.7818 -0.4776 -0.4008
v 0.54210 0.75825 0.82060
vt 0.06000 0.44800
vn 0.7818 -0.4776 -0.4008
v 0.67303 0.88402 0.92614
vt 0.27000 0.44800
vn 0.7818 -0.4776 -0.4008
v 0.53272 0.75370 0.83767
vt 0.06000 0.43200
vn -0.7818 0.4776 0.4008
v 0.66365 0.87947 0.94321
vt 0.27000 0.43200
vn -0.7818 0.4776 0.4008
v 0.66365 0.88975 0.93095
vt 0.27000 0.44800
vn -0.7818 0.4776 0.4008
v 0.53272 0.75370 0.83767
vt 0.06000 0.43200
vn -0.7818 0.4776 0.4008
v 0.66365 0.88975 0.93095
vt 0.27000 0.44800
vn -0.7818 0.4776 0.4008
v 0.53272 0.76398 0.82541
vt 0.06000 0.44800
vn -0.7818 0.4776 0.4008
v 0.54210 0.74797 0.83286
vt 0.98800 0.43200
vn -0.6235 -0.5989 -0.5026
v 0.53272 0.75370 0.83767
vt 1.00000 0.43200
vn -0.6235 -0.5989 -0.5026
v 0.53272 0.76398 0.82541
vt 1.00000 0.44800
vn -0.6235 -0.5989 -0.5026
v 0.54210 0.74797 0.83286
vt 0.98800 0.43200
vn -0.6235 -0.5989 -0.5026
v 0.53272 0.76398 0.82541
vt 1.00000 0.44800
vn -0.6235 -0.5989 -0.5026
v 0.54210 0.75825 0.82060
vt 0.98800 0.44800
vn -0.6235 -0.5989 -0.5026
v 0.66365 0.87947 0.94321
vt 1.00000 0.43200
vn 0.6235 0.5989 0.5026
v 0.67303 0.87374 0.93840
vt 0.98800 0.43200
vn 0.6235 0.5989 0.5026
v 0.67303 0.88402 0.92614
vt 0.98800 0.44800
vn 0.6235 0.5989 0.5026
v 0.66365 0.87947 0.94321
vt 1.00000 0.43200
vn 0.6235 0.5989 0.5026
v 0.67303 0.88402 0.92614
vt 0.98800 0.44800
vn 0.6235 0.5989 0.5026
v 0.66365 0.88975 0.93095
vt 1.00000 0.44800
vn 0.6235 0.5989 0.5026
v 0.49250 0.77101 0.83132
vt 0.06000 0.98800
vn 0.0000 0.6428 -0.7660
v 0.48080 0.76897 0.82960
vt 0.06000 1.00000
vn 0.0000 0.6428 -0.7660
v 0.43407 0.92580 0.96120
vt 0.27000 1.00000
vn 0.0000 0.6428 -0.7660
v 0.49250 0.77101 0.83132
vt 0.06000 0.98800
vn 0.0000 0.6428 -0.7660
v 0.43407 0.92580 0.96120
vt 0.27000 1.00000
vn 0.0000 0.6428 -0.7660
v 0.44577 0.92785 0.96292
vt 0.27000 0.98800
vn 0.0000 0.6428 -0.7660
v 0.48080 0.75868 0.84186
vt 0.06000 1.00000
vn 0.0000 -0.6428 0.7660
v 0.49250 0.76073 0.84357
vt 0.06000 0.98800
vn 0.0000 -0.6428 0.7660
v 0.44577 0.91757 0.97517
vt 0.27000 0.98800
vn 0.0000 -0.6428 0.7660
v 0.48080 0.75868 0.84186
vt 0.06000 1.00000
vn 0.0000 -0.6428 0.7660
v 0.44577 0.91757 0.97517
vt 0.27000 0.98800
vn 0.0000 -0.6428 0.7660
v 0.43407 0.91552 0.97346
vt 0.27000 1.00000
vn 0.0000 -0.6428 0.7660
v 0.44577 0.91757 0.97517
vt 0.27000 0.43200
vn 0.9749 0.1705 0.1430
v 0.49250 0.76073 0.84357
vt 0.06000 0.43200
vn 0.9749 0.1705 0.1430
v 0.49250 0.77101 0.83132
vt 0.06000 0.44800
vn 0.9749 0.1705 0.1430
v 0.44577 0.91757 0.97517
vt 0.27000 0.43200
vn 0.9749 0.1705 0.1430
v 0.49250 0.77101 0.83132
vt 0.06000 0.44800
vn 0.9749 0.1705 0.1430
v 0.44577 0.92785 0.96292
vt 0.27000 0.44800
vn 0.9749 0.1705 0.1430
v 0.48080 0.75868 0.84186
vt 0.06000 0.43200
vn -0.9749 -0.1705 -0.1430
v 0.43407 0.91552 0.97346
vt 0.27000 0.43200
vn -0.9749 -0.1705 -0.1430
v 0.43407 0.92580 0.96120
vt 0.27000 0.44800
vn -0.9749 -0.1705 -0.1430
v 0.48080 0.75868 0.84186
vt 0.06000 0.43200
vn -0.9749 -0.1705 -0.1430
v 0.43407 0.92580 0.96120
vt 0.27000 0.44800
vn -0.9749 -0.1705 -0.1430
v 0.48080 0.76897 0.82960
vt 0.06000 0.44800
vn -0.9749 -0.1705 -0.1430
v 0.49250 0.76073 0.84357
vt 0.98800 0.43200
vn 0.2225 -0.7468 -0.6267
v 0.48080 0.75868 0.84186
vt 1.00000 0.43200
vn 0.2225 -0.7468 -0.6267
v 0.48080 0.76897 0.82960
vt 1.00000 0.44800
vn 0.2225 -0.7468 -0.6267
v 0.49250 0.76073 0.84357
vt 0.98800 0.43200
vn 0.2225 -0.7468 -0.6267
v 0.48080 0.76897 0.82960
vt 1.00000 0.44800
vn 0.2225 -0.7468 -0.6267
v 0.49250 0.77101 0.83132
vt 0.98800 0.44800
vn 0.2225 -0.7468 -0.6267
v 0.43407 0.91552 0.97346
vt 1.00000 0.43200
vn -0.2225 0.7468 0.6267
v 0.44577 0.91757 0.97517
vt 0.98800 0.43200
vn -0.2225 0.7468 0.6267
v 0.44577 0.92785 0.96292
vt 0.98800 0.44800
vn -0.2225 0.7468 0.6267
v 0.43407 0.91552 0.97346
vt 1.00000 0.43200
vn -0.2225 0.7468 0.6267
v 0.44577 0.92785 0.96292
vt 0.98800 0.44800
vn -0.2225 0.7468 0.6267
v 0.43407 0.92580 0.96120
vt 1.00000 0.44800
vn -0.2225 0.7468 0.6267
v 0.44855 0.74926 0.81307
vt 0.06000 0.98800
vn 0.0000 0.6428 -0.7660
v 0.44334 0.74098 0.80612
vt 0.06000 1.00000
vn 0.0000 0.6428 -0.7660
v 0.25414 0.81078 0.86468
vt 0.27000 1.00000
vn 0.0000 0.6428 -0.7660
v 0.44855 0.74926 0.81307
vt 0.06000 0.98800
vn 0.0000 0.6428 -0.7660
v 0.25414 0.81078 0.86468
vt 0.27000 1.00000
vn 0.0000 0.6428 -0.7660
v 0.25934 0.81906 0.87163
vt 0.27000 0.98800
vn 0.0000 0.6428 -0.7660
v 0.44334 0.73070 0.81837
vt 0.06000 1.00000
vn 0.0000 -0.6428 0.7660
v 0.44855 0.73898 0.82532
vt 0.06000 0.98800
vn 0.0000 -0.6428 0.7660
v 0.25934 0.80878 0.88389
vt 0.27000 0.98800
vn 0.0000 -0.6428 0.7660
v 0.44334 0.73070 0.81837
vt 0.06000 1.00000
vn 0.0000 -0.6428 0.7660
v 0.25934 0.80878 0.88389
vt 0.27000 0.98800
vn 0.0000 -0.6428 0.7660
v 0.25414 0.80050 0.87694
vt 0.27000 1.00000
vn 0.0000 -0.6428 0.7660
v 0.25934 0.80878 0.88389
vt 0.27000 0.43200
vn 0.4339 0.6902 0.5791
v 0.44855 0.73898 0.82532
vt 0.06000 0.43200
vn 0.4339 0.6902 0.5791
v 0.44855 0.74926 0.81307
vt 0.06000 0.44800
vn 0.4339 0.6902 0.5791
v 0.25934 0.80878 0.88389
vt 0.27000 0.43200
vn 0.4339 0.6902 0.5791
v 0.44855 0.74926 0.81307
vt 0.06000 0.44800
vn 0.4339 0.6902 0.5791
v 0.25934 0.81906 0.87163
vt 0.27000 0.44800
vn 0.4339 0.6902 0.5791
v 0.44334 0.73070 0.81837
vt 0.06000 0.43200
vn -0.4339 -0.6902 -0.5791
v 0.25414 0.80050 0.87694
vt 0.27000 0.43200
vn -0.4339 -0.6902 -0.5791
v 0.25414 0.81078 0.86468
vt 0.27000 0.44800
vn -0.4339 -0.6902 -0.5791
v 0.44334 0.73070 0.81837
vt 0.06000 0.43200
vn -0.4339 -0.6902 -0.5791
v 0.25414 0.81078 0.86468
vt 0.27000 0.44800
vn -0.4339 -0.6902 -0.5791
v 0.44334 0.74098 0.80612
vt 0.06000 0.44800
vn -0.4339 -0.6902 -0.5791
v 0.44855 0.73898 0.82532
vt 0.98800 0.43200
vn 0.9010 -0.3324 -0.2789
v 0.44334 0.73070 0.81837
vt 1.00000 0.43200
vn 0.9010 -0.3324 -0.2789
v 0.44334 0.74098 0.80612
vt 1.00000 0.44800
vn 0.9010 -0.3324 -0.2789
v 0.44855 0.73898 0.82532
vt 0.98800 0.43200
vn 0.9010 -0.3324 -0.2789
v 0.44334 0.74098 0.80612
vt 1.00000 0.44800
vn 0.9010 -0.3324 -0.2789
v 0.44855 0.74926 0.81307
vt 0.98800 0.44800
vn 0.9010 -0.3324 -0.2789
v 0.25414 0.80050 0.87694
vt 1.00000 0.43200
vn -0.9010 0.3324 0.2789
v 0.25934 0.80878 0.88389
vt 0.98800 0.43200
vn -0.9010 0.3324 0.2789
v 0.25934 0.81906 0.87163
vt 0.98800 0.44800
vn -0.9010 0.3324 0.2789
v 0.25414 0.80050 0.87694
vt 1.00000 0.43200
vn -0.9010 0.3324 0.2789
v 0.25934 0.81906 0.87163
vt 0.98800 0.44800
vn -0.9010 0.3324 0.2789
v 0.25414 0.81078 0.86468
vt 1.00000 0.44800
vn -0.9010 0.3324 0.2789
v 0.44334 0.70938 0.77960
vt 0.06000 0.98800
vn 0.0000 0.6428 -0.7660
v 0.44855 0.70110 0.77265
vt 0.06000 1.00000
vn 0.0000 0.6428 -0.7660
v 0.25934 0.63130 0.71408
vt 0.27000 1.00000
vn 0.0000 0.6428 -0.7660
v 0.44334 0.70938 0.77960
vt 0.06000 0.98800
vn 0.0000 0.6428 -0.7660
v 0.25934 0.63130 0.71408
vt 0.27000 1.00000
vn 0.0000 0.6428 -0.7660
v 0.25414 0.63958 0.72103
vt 0.27000 0.98800
vn 0.0000 0.6428 -0.7660
v 0.44855 0.69081 0.78490
vt 0.06000 1.00000
vn 0.0000 -0.6428 0.7660
v 0.44334 0.69910 0.79185
vt 0.06000 0.98800
vn 0.0000 -0.6428 0.7660
v 0.25414 0.62930 0.73329
vt 0.27000 0.98800
vn 0.0000 -0.6428 0.7660
v 0.44855 0.69081 0.78490
vt 0.06000 1.00000
vn 0.0000 -0.6428 0.7660
v 0.25414 0.62930 0.73329
vt 0.27000 0.98800
vn 0.0000 -0.6428 0.7660
v 0.25934 0.62101 0.72634
vt 0.27000 1.00000
vn 0.0000 -0.6428 0.7660
v 0.25414 0.62930 0.73329
vt 0.27000 0.43200
vn -0.4339 0.6902 0.5791
v 0.44334 0.69910 0.79185
vt 0.06000 0.43200
vn -0.4339 0.6902 0.5791
v 0.44334 0.70938 0.77960
vt 0.06000 0.44800
vn -0.4339 0.6902 0.5791
v 0.25414 0.62930 0.73329
vt 0.27000 0.43200
vn -0.4339 0.6902 0.5791
v 0.44334 0.70938 0.77960
vt 0.06000 0.44800
vn -0.4339 0.6902 0.5791
v 0.25414 0.63958 0.72103
vt 0.27000 0.44800
vn -0.4339 0.6902 0.5791
v 0.44855 0.69081 0.78490
vt 0.06000 0.43200
vn 0.4339 -0.6902 -0.5791
v 0.25934 0.62101 0.72634
vt 0.27000 0.43200
vn 0.4339 -0.6902 -0.5791
v 0.25934 0.63130 0.71408
vt 0.27000 0.44800
vn 0.4339 -0.6902 -0.5791
v 0.44855 0.69081 0.78490
vt 0.06000 0.43200
vn 0.4339 -0.6902 -0.5791
v 0.25934 0.63130 0.71408
vt 0.27000 0.44800
vn 0.4339 -0.6902 -0.5791
v 0.44855 0.70110 0.77265
vt 0.06000 0.44800
vn 0.4339 -0.6902 -0.5791
v 0.44334 0.69910 0.79185
vt 0.98800 0.43200
vn 0.9010 0.3324 0.2789
v 0.44855 0.69081 0.78490
vt 1.00000 0.43200
vn 0.9010 0.3324 0.2789
v 0.44855 0.70110 0.77265
vt 1.00000 0.44800
vn 0.9010 0.3324 0.2789
v 0.44334 0.69910 0.79185
vt 0.98800 0.43200
vn 0.9010 0.3324 0.2789
v 0.44855 0.70110 0.77265
vt 1.00000 0.44800
vn 0.9010 0.3324 0.2789
v 0.44334 0.70938 0.77960
vt 0.98800 0.44800
vn 0.9010 0.3324 0.2789
v 0.25934 0.62101 0.72634
vt 1.00000 0.43200
vn -0.9010 -0.3324 -0.2789
v 0.25414 0.62930 0.73329
vt 0.98800 0.43200
vn -0.9010 -0.3324 -0.2789
v 0.25414 0.63958 0.72103
vt 0.98800 0.44800
vn -0.9010 -0.3324 -0.2789
v 0.25934 0.62101 0.72634
vt 1.00000 0.43200
vn -0.9010 -0.3324 -0.2789
v 0.25414 0.63958 0.72103
vt 0.98800 0.44800
vn -0.9010 -0.3324 -0.2789
v 0.25934 0.63130 0.71408
vt 1.00000 0.44800
vn -0.9010 -0.3324 -0.2789
v 0.48080 0.68139 0.75611
vt 0.06000 0.98800
vn 0.0000 0.6428 -0.7660
v 0.49250 0.67935 0.75440
vt 0.06000 1.00000
vn 0.0000 0.6428 -0.7660
v 0.44577 0.52251 0.62280
vt 0.27000 1.00000
vn 0.0000 0.6428 -0.7660
v 0.48080 0.68139 0.75611
vt 0.06000 0.98800
vn 0.0000 0.6428 -0.7660
v 0.44577 0.52251 0.62280
vt 0.27000 1.00000
vn 0.0000 0.6428 -0.7660
v 0.43407 0.52456 0.62451
vt 0.27000 0.98800
vn 0.0000 0.6428 -0.7660
v 0.49250 0.66906 0.76665
vt 0.06000 1.00000
vn 0.0000 -0.6428 0.7660
v 0.48080 0.67111 0.76837
vt 0.06000 0.98800
vn 0.0000 -0.6428 0.7660
v 0.43407 0.51427 0.63677
vt 0.27000 0.98800
vn 0.0000 -0.6428 0.7660
v 0.49250 0.66906 0.76665
vt 0.06000 1.00000
vn 0.0000 -0.6428 0.7660
v 0.43407 0.51427 0.63677
vt 0.27000 0.98800
vn 0.0000 -0.6428 0.7660
v 0.44577 0.51223 0.63505
vt 0.27000 1.00000
vn 0.0000 -0.6428 0.7660
v 0.43407 0.51427 0.63677
vt 0.27000 0.43200
vn -0.9749 0.1705 0.1430
v 0.48080 0.67111 0.76837
vt 0.06000 0.43200
vn -0.9749 0.1705 0.1430
v 0.48080 0.68139 0.75611
vt 0.06000 0.44800
vn -0.9749 0.1705 0.1430
v 0.43407 0.51427 0.63677
vt 0.27000 0.43200
vn -0.9749 0.1705 0.1430
v 0.48080 0.68139 0.75611
vt 0.06000 0.44800
vn -0.9749 0.1705 0.1430
v 0.43407 0.52456 0.62451
vt 0.27000 0.44800
vn -0.9749 0.1705 0.1430
v 0.49250 0.66906 0.76665
vt 0.06000 0.43200
vn 0.9749 -0.1705 -0.1430
v 0.44577 0.51223 0.63505
vt 0.27000 0.43200
vn 0.9749 -0.1705 -0.1430
v 0.44577 0.52251 0.62280
vt 0.27000 0.44800
vn 0.9749 -0.1705 -0.1430
v 0.49250 0.66906 0.76665
vt 0.06000 0.43200
vn 0.9749 -0.1705 -0.1430
v 0.44577 0.52251 0.62280
vt 0.27000 0.44800
vn 0.9749 -0.1705 -0.1430
v 0.49250 0.67935 0.75440
vt 0.06000 0.44800
vn 0.9749 -0.1705 -0.1430
v 0.48080 0.67111 0.76837
vt 0.98800 0.43200
vn 0.2225 0.7468 0.6267
v 0.49250 0.66906 0.76665
vt 1.00000 0.43200
vn 0.2225 0.7468 0.6267
v 0.49250 0.67935 0.75440
vt 1.00000 0.44800
vn 0.2225 0.7468 0.6267
v 0.48080 0.67111 0.76837
vt 0.98800 0.43200
vn 0.2225 0.7468 0.6267
v 0.49250 0.67935 0.75440
vt 1.00000 0.44800
vn 0.2225 0.7468 0.6267
v 0.48080 0.68139 0.75611
vt 0.98800 0.44800
vn 0.2225 0.7468 0.6267
v 0.44577 0.51223 0.63505
vt 1.00000 0.43200
vn -0.2225 -0.7468 -0.6267
v 0.43407 0.51427 0.63677
vt 0.98800 0.43200
vn -0.2225 -0.7468 -0.6267
v 0.43407 0.52456 0.62451
vt 0.98800 0.44800
vn -0.2225 -0.7468 -0.6267
v 0.44577 0.51223 0.63505
vt 1.00000 0.43200
vn -0.2225 -0.7468 -0.6267
v 0.43407 0.52456 0.62451
vt 0.98800 0.44800
vn -0.2225 -0.7468 -0.6267
v 0.44577 0.52251 0.62280
vt 1.00000 0.44800
vn -0.2225 -0.7468 -0.6267
v 0.53272 0.68638 0.76030
vt 0.06000 0.98800
vn 0.0000 0.6428 -0.7660
v 0.54210 0.69211 0.76511
vt 0.06000 1.00000
vn 0.0000 0.6428 -0.7660
v 0.67303 0.56634 0.65957
vt 0.27000 1.00000
vn 0.0000 0.6428 -0.7660
v 0.53272 0.68638 0.76030
vt 0.06000 0.98800
vn 0.0000 0.6428 -0.7660
v 0.67303 0.56634 0.65957
vt 0.27000 1.00000
vn 0.0000 0.6428 -0.7660
v 0.66365 0.56061 0.65476
vt 0.27000 0.98800
vn 0.0000 0.6428 -0.7660
v 0.54210 0.68183 0.77736
vt 0.06000 1.00000
vn 0.0000 -0.6428 0.7660
v 0.53272 0.67610 0.77256
vt 0.06000 0.98800
vn 0.0000 -0.6428 0.7660
v 0.66365 0.55032 0.66702
vt 0.27000 0.98800
vn 0.0000 -0.6428 0.7660
v 0.54210 0.68183 0.77736
vt 0.06000 1.00000
vn 0.0000 -0.6428 0.7660
v 0.66365 0.55032 0.66702
vt 0.27000 0.98800
vn 0.0000 -0.6428 0.7660
v 0.67303 0.55605 0.67183
vt 0.27000 1.00000
vn 0.0000 -0.6428 0.7660
v 0.66365 0.55032 0.66702
vt 0.27000 0.43200
vn -0.7818 -0.4776 -0.4008
v 0.53272 0.67610 0.77256
vt 0.06000 0.43200
vn -0.7818 -0.4776 -0.4008
v 0.53272 0.68638 0.76030
vt 0.06000 0.44800
vn -0.7818 -0.4776 -0.4008
v 0.66365 0.55032 0.66702
vt 0.27000 0.43200
vn -0.7818 -0.4776 -0.4008
v 0.53272 0.68638 0.76030
vt 0.06000 0.44800
vn -0.7818 -0.4776 -0.4008
v 0.66365 0.56061 0.65476
vt 0.27000 0.44800
vn -0.7818 -0.4776 -0.4008
v 0.54210 0.68183 0.77736
vt 0.06000 0.43200
vn 0.7818 0.4776 0.4008
v 0.67303 0.55605 0.67183
vt 0.27000 0.43200
vn 0.7818 0.4776 0.4008
v 0.67303 0.56634 0.65957
vt 0.27000 0.44800
vn 0.7818 0.4776 0.4008
v 0.54210 0.68183 0.77736
vt 0.06000 0.43200
vn 0.7818 0.4776 0.4008
v 0.67303 0.56634 0.65957
vt 0.27000 0.44800
vn 0.7818 0.4776 0.4008
v 0.54210 0.69211 0.76511
vt 0.06000 0.44800
vn 0.7818 0.4776 0.4008
v 0.53272 0.67610 0.77256
vt 0.98800 0.43200
vn -0.6235 0.5989 0.5026
v 0.54210 0.68183 0.77736
vt 1.00000 0.43200
vn -0.6235 0.5989 0.5026
v 0.54210 0.69211 0.76511
vt 1.00000 0.44800
vn -0.6235 0.5989 0.5026
v 0.53272 0.67610 0.77256
vt 0.98800 0.43200
vn -0.6235 0.5989 0.5026
v 0.54210 0.69211 0.76511
vt 1.00000 0.44800
vn -0.6235 0.5989 0.5026
v 0.53272 0.68638 0.76030
vt 0.98800 0.44800
vn -0.6235 0.5989 0.5026
v 0.67303 0.55605 0.67183
vt 1.00000 0.43200
vn 0.6235 -0.5989 -0.5026
v 0.66365 0.55032 0.66702
vt 0.98800 0.43200
vn 0.6235 -0.5989 -0.5026
v 0.66365 0.56061 0.65476
vt 0.98800 0.44800
vn 0.6235 -0.5989 -0.5026
v 0.67303 0.55605 0.67183
vt 1.00000 0.43200
vn 0.6235 -0.5989 -0.5026
v 0.66365 0.56061 0.65476
vt 0.98800 0.44800
vn 0.6235 -0.5989 -0.5026
v 0.67303 0.56634 0.65957
vt 1.00000 0.44800
vn 0.6235 -0.5989 -0.5026
v 1.06800 0.45000 0.55000
vt 0.00000 0.00000
vn 1.0000 -0.0000 0.0000
v 1.04447 0.61195 0.46488
vt 0.14286 0.18385
vn -0.3075 -0.4470 -0.8400
v 1.05781 0.62000 0.46378
vt 0.00000 0.18385
vn 0.4338 0.0000 -0.9010
v 1.06800 0.45000 0.55000
vt 0.00000 0.00000
vn 1.0000 -0.0000 0.0000
v 1.06122 0.44464 0.53699
vt 0.14286 0.00000
vn 0.6235 -0.2977 -0.7229
v 1.04447 0.61195 0.46488
vt 0.14286 0.18385
vn -0.3075 -0.4470 -0.8400
v 1.06122 0.44464 0.53699
vt 0.14286 0.00000
vn 0.6235 -0.2977 -0.7229
v 1.03529 0.60997 0.47736
vt 0.28571 0.18385
vn -0.8172 -0.5574 -0.1465
v 1.04447 0.61195 0.46488
vt 0.14286 0.18385
vn -0.3075 -0.4470 -0.8400
v 1.06122 0.44464 0.53699
vt 0.14286 0.00000
vn 0.6235 -0.2977 -0.7229
v 1.04599 0.44332 0.53377
vt 0.28571 0.00000
vn -0.2225 -0.3712 -0.9015
v 1.03529 0.60997 0.47736
vt 0.28571 0.18385
vn -0.8172 -0.5574 -0.1465
v 1.04599 0.44332 0.53377
vt 0.28571 0.00000
vn -0.2225 -0.3712 -0.9015
v 1.03719 0.61553 0.49183
vt 0.42857 0.18385
vn -0.7116 -0.2481 0.6573
v 1.03529 0.60997 0.47736
vt 0.28571 0.18385
vn -0.8172 -0.5574 -0.1465
v 1.04599 0.44332 0.53377
vt 0.28571 0.00000
vn -0.2225 -0.3712 -0.9015
v 1.03378 0.44703 0.54278
vt 0.42857 0.00000
vn -0.9010 -0.1652 -0.4012
v 1.03719 0.61553 0.49183
vt 0.42857 0.18385
vn -0.7116 -0.2481 0.6573
v 1.03378 0.44703 0.54278
vt 0.42857 0.00000
vn -0.9010 -0.1652 -0.4012
v 1.04874 0.62447 0.49739
vt 0.57143 0.18385
vn -0.0701 0.2481 0.9662
v 1.03719 0.61553 0.49183
vt 0.42857 0.18385
vn -0.7116 -0.2481 0.6573
v 1.03378 0.44703 0.54278
vt 0.42857 0.00000
vn -0.9010 -0.1652 -0.4012
v 1.03378 0.45297 0.55722
vt 0.57143 0.00000
vn -0.9010 0.1652 0.4012
v 1.04874 0.62447 0.49739
vt 0.57143 0.18385
vn -0.0701 0.2481 0.9662
v 1.03378 0.45297 0.55722
vt 0.57143 0.00000
vn -0.9010 0.1652 0.4012
v 1.06123 0.63003 0.48985
vt 0.71429 0.18385
vn 0.6241 0.5574 0.5475
v 1.04874 0.62447 0.49739
vt 0.57143 0.18385
vn -0.0701 0.2481 0.9662
v 1.03378 0.45297 0.55722
vt 0.57143 0.00000
vn -0.9010 0.1652 0.4012
v 1.04599 0.45668 0.56623
vt 0.71429 0.00000
vn -0.2225 0.3712 0.9015
v 1.06123 0.63003 0.48985
vt 0.71429 0.18385
vn 0.6241 0.5574 0.5475
v 1.04599 0.45668 0.56623
vt 0.71429 0.00000
vn -0.2225 0.3712 0.9015
v 1.06527 0.62805 0.47490
vt 0.85714 0.18385
vn 0.8484 0.4470 -0.2835
v 1.06123 0.63003 0.48985
vt 0.71429 0.18385
vn 0.6241 0.5574 0.5475
v 1.04599 0.45668 0.56623
vt 0.71429 0.00000
vn -0.2225 0.3712 0.9015
v 1.06122 0.45536 0.56301
vt 0.85714 0.00000
vn 0.6235 0.2977 0.7229
v 1.06527 0.62805 0.47490
vt 0.85714 0.18385
vn 0.8484 0.4470 -0.2835
v 1.06122 0.45536 0.56301
vt 0.85714 0.00000
vn 0.6235 0.2977 0.7229
v 1.05781 0.62000 0.46378
vt 1.00000 0.18385
vn 0.4338 0.0000 -0.9010
v 1.06527 0.62805 0.47490
vt 0.85714 0.18385
vn 0.8484 0.4470 -0.2835
v 1.06122 0.45536 0.56301
vt 0.85714 0.00000
vn 0.6235 0.2977 0.7229
v 1.06800 0.45000 0.55000
vt 1.00000 0.00000
vn 1.0000 0.0000 0.0000
v 1.05781 0.62000 0.46378
vt 1.00000 0.18385
vn 0.4338 0.0000 -0.9010
v 1.05781 0.62000 0.46378
vt 0.00000 0.18385
vn 0.4338 0.0000 -0.9010
v 0.77476 0.86721 0.40847
vt 0.14286 0.56345
vn -0.2912 -0.7107 -0.6404
v 0.78098 0.88000 0.40203
vt 0.00000 0.56345
vn 0.0547 0.0000 -0.9985
v 1.05781 0.62000 0.46378
vt 0.00000 0.18385
vn 0.4338 0.0000 -0.9010
v 1.04447 0.61195 0.46488
vt 0.14286 0.18385
vn -0.3075 -0.4470 -0.8400
v 0.77476 0.86721 0.40847
vt 0.14286 0.56345
vn -0.2912 -0.7107 -0.6404
v 1.04447 0.61195 0.46488
vt 0.14286 0.18385
vn -0.3075 -0.4470 -0.8400
v 0.77248 0.86405 0.42360
vt 0.28571 0.56345
vn -0.4178 -0.8863 0.2000
v 0.77476 0.86721 0.40847
vt 0.14286 0.56345
vn -0.2912 -0.7107 -0.6404
v 1.04447 0.61195 0.46488
vt 0.14286 0.18385
vn -0.3075 -0.4470 -0.8400
v 1.03529 0.60997 0.47736
vt 0.28571 0.18385
vn -0.8172 -0.5574 -0.1465
v 0.77248 0.86405 0.42360
vt 0.28571 0.56345
vn -0.4178 -0.8863 0.2000
v 1.03529 0.60997 0.47736
vt 0.28571 0.18385
vn -0.8172 -0.5574 -0.1465
v 0.77586 0.87290 0.43602
vt 0.42857 0.56345
vn -0.2298 -0.3944 0.8897
v 0.77248 0.86405 0.42360
vt 0.28571 0.56345
vn -0.4178 -0.8863 0.2000
v 1.03529 0.60997 0.47736
vt 0.28571 0.18385
vn -0.8172 -0.5574 -0.1465
v 1.03719 0.61553 0.49183
vt 0.42857 0.18385
vn -0.7116 -0.2481 0.6573
v 0.77586 0.87290 0.43602
vt 0.42857 0.56345
vn -0.2298 -0.3944 0.8897
v 1.03719 0.61553 0.49183
vt 0.42857 0.18385
vn -0.7116 -0.2481 0.6573
v 0.78236 0.88710 0.43637
vt 0.57143 0.56345
vn 0.1313 0.3944 0.9095
v 0.77586 0.87290 0.43602
vt 0.42857 0.56345
vn -0.2298 -0.3944 0.8897
v 1.03719 0.61553 0.49183
vt 0.42857 0.18385
vn -0.7116 -0.2481 0.6573
v 1.04874 0.62447 0.49739
vt 0.57143 0.18385
vn -0.0701 0.2481 0.9662
v 0.78236 0.88710 0.43637
vt 0.57143 0.56345
vn 0.1313 0.3944 0.9095
v 1.04874 0.62447 0.49739
vt 0.57143 0.18385
vn -0.0701 0.2481 0.9662
v 0.78708 0.89595 0.42440
vt 0.71429 0.56345
vn 0.3935 0.8863 0.2444
v 0.78236 0.88710 0.43637
vt 0.57143 0.56345
vn 0.1313 0.3944 0.9095
v 1.04874 0.62447 0.49739
vt 0.57143 0.18385
vn -0.0701 0.2481 0.9662
v 1.06123 0.63003 0.48985
vt 0.71429 0.18385
vn 0.6241 0.5574 0.5475
v 0.78708 0.89595 0.42440
vt 0.71429 0.56345
vn 0.3935 0.8863 0.2444
v 1.06123 0.63003 0.48985
vt 0.71429 0.18385
vn 0.6241 0.5574 0.5475
v 0.78647 0.89279 0.40911
vt 0.85714 0.56345
vn 0.3594 0.7107 -0.6048
v 0.78708 0.89595 0.42440
vt 0.71429 0.56345
vn 0.3935 0.8863 0.2444
v 1.06123 0.63003 0.48985
vt 0.71429 0.18385
vn 0.6241 0.5574 0.5475
v 1.06527 0.62805 0.47490
vt 0.85714 0.18385
vn 0.8484 0.4470 -0.2835
v 0.78647 0.89279 0.40911
vt 0.85714 0.56345
vn 0.3594 0.7107 -0.6048
v 1.06527 0.62805 0.47490
vt 0.85714 0.18385
vn 0.8484 0.4470 -0.2835
v 0.78098 0.88000 0.40203
vt 1.00000 0.56345
vn 0.0547 0.0000 -0.9985
v 0.78647 0.89279 0.40911
vt 0.85714 0.56345
vn 0.3594 0.7107 -0.6048
v 1.06527 0.62805 0.47490
vt 0.85714 0.18385
vn 0.8484 0.4470 -0.2835
v 1.05781 0.62000 0.46378
vt 1.00000 0.18385
vn 0.4338 0.0000 -0.9010
v 0.78098 0.88000 0.40203
vt 1.00000 0.56345
vn 0.0547 0.0000 -0.9985
v 0.78098 0.88000 0.40203
vt 0.00000 0.36235
vn 0.0547 0.0000 -0.9985
v 0.15652 1.01489 0.42012
vt 0.14286 1.00000
vn -0.1935 -0.7603 -0.6201
v 0.15967 1.02858 0.41329
vt 0.00000 1.00000
vn -0.0182 0.0000 -0.9998
v 0.78098 0.88000 0.40203
vt 0.00000 0.36235
vn 0.0547 0.0000 -0.9985
v 0.77476 0.86721 0.40847
vt 0.14286 0.36235
vn -0.2912 -0.7107 -0.6404
v 0.15652 1.01489 0.42012
vt 0.14286 1.00000
vn -0.1935 -0.7603 -0.6201
v 0.77476 0.86721 0.40847
vt 0.14286 0.36235
vn -0.2912 -0.7107 -0.6404
v 0.15598 1.01151 0.43536
vt 0.28571 1.00000
vn -0.2231 -0.9481 0.2266
v 0.15652 1.01489 0.42012
vt 0.14286 1.00000
vn -0.1935 -0.7603 -0.6201
v 0.77476 0.86721 0.40847
vt 0.14286 0.36235
vn -0.2912 -0.7107 -0.6404
v 0.77248 0.86405 0.42360
vt 0.28571 0.36235
vn -0.4178 -0.8863 0.2000
v 0.15598 1.01151 0.43536
vt 0.28571 1.00000
vn -0.2231 -0.9481 0.2266
v 0.77248 0.86405 0.42360
vt 0.28571 0.36235
vn -0.4178 -0.8863 0.2000
v 0.15848 1.02098 0.44753
vt 0.42857 1.00000
vn -0.0847 -0.4219 0.9027
v 0.15598 1.01151 0.43536
vt 0.28571 1.00000
vn -0.2231 -0.9481 0.2266
v 0.77248 0.86405 0.42360
vt 0.28571 0.36235
vn -0.4178 -0.8863 0.2000
v 0.77586 0.87290 0.43602
vt 0.42857 0.36235
vn -0.2298 -0.3944 0.8897
v 0.15848 1.02098 0.44753
vt 0.42857 1.00000
vn -0.0847 -0.4219 0.9027
v 0.77586 0.87290 0.43602
vt 0.42857 0.36235
vn -0.2298 -0.3944 0.8897
v 0.16211 1.03617 0.44747
vt 0.57143 1.00000
vn 0.1175 0.4219 0.8990
v 0.15848 1.02098 0.44753
vt 0.42857 1.00000
vn -0.0847 -0.4219 0.9027
v 0.77586 0.87290 0.43602
vt 0.42857 0.36235
vn -0.2298 -0.3944 0.8897
v 0.78236 0.88710 0.43637
vt 0.57143 0.36235
vn 0.1313 0.3944 0.9095
v 0.16211 1.03617 0.44747
vt 0.57143 1.00000
vn 0.1175 0.4219 0.8990
v 0.78236 0.88710 0.43637
vt 0.57143 0.36235
vn 0.1313 0.3944 0.9095
v 0.16416 1.04564 0.43521
vt 0.71429 1.00000
vn 0.2312 0.9481 0.2184
v 0.16211 1.03617 0.44747
vt 0.57143 1.00000
vn 0.1175 0.4219 0.8990
v 0.78236 0.88710 0.43637
vt 0.57143 0.36235
vn 0.1313 0.3944 0.9095
v 0.78708 0.89595 0.42440
vt 0.71429 0.36235
vn 0.3935 0.8863 0.2444
v 0.16416 1.04564 0.43521
vt 0.71429 1.00000
vn 0.2312 0.9481 0.2184
v 0.78708 0.89595 0.42440
vt 0.71429 0.36235
vn 0.3935 0.8863 0.2444
v 0.16307 1.04226 0.42000
vt 0.85714 1.00000
vn 0.1708 0.7603 -0.6267
v 0.16416 1.04564 0.43521
vt 0.71429 1.00000
vn 0.2312 0.9481 0.2184
v 0.78708 0.89595 0.42440
vt 0.71429 0.36235
vn 0.3935 0.8863 0.2444
v 0.78647 0.89279 0.40911
vt 0.85714 0.36235
vn 0.3594 0.7107 -0.6048
v 0.16307 1.04226 0.42000
vt 0.85714 1.00000
vn 0.1708 0.7603 -0.6267
v 0.78647 0.89279 0.40911
vt 0.85714 0.36235
vn 0.3594 0.7107 -0.6048
v 0.15967 1.02858 0.41329
vt 1.00000 1.00000
vn -0.0182 0.0000 -0.9998
v 0.16307 1.04226 0.42000
vt 0.85714 1.00000
vn 0.1708 0.7603 -0.6267
v 0.78647 0.89279 0.40911
vt 0.85714 0.36235
vn 0.3594 0.7107 -0.6048
v 0.78098 0.88000 0.40203
vt 1.00000 0.36235
vn 0.0547 0.0000 -0.9985
v 0.15967 1.02858 0.41329
vt 1.00000 1.00000
vn -0.0182 0.0000 -0.9998
v 1.05000 0.45000 0.55000
vt 0.00000 0.00000
vn -0.0000 -0.9247 0.3807
v 1.06122 0.44464 0.53699
vt 1.00000 0.00000
vn -0.0000 -0.9247 0.3807
v 1.06800 0.45000 0.55000
vt 1.00000 1.00000
vn -0.0000 -0.9247 0.3807
v 1.05000 0.45000 0.55000
vt 0.00000 0.00000
vn -0.0000 -0.9247 0.3807
v 1.04599 0.44332 0.53377
vt 1.00000 0.00000
vn -0.0000 -0.9247 0.3807
v 1.06122 0.44464 0.53699
vt 1.00000 1.00000
vn -0.0000 -0.9247 0.3807
v 1.05000 0.45000 0.55000
vt 0.00000 0.00000
vn -0.0000 -0.9247 0.3807
v 1.03378 0.44703 0.54278
vt 1.00000 0.00000
vn -0.0000 -0.9247 0.3807
v 1.04599 0.44332 0.53377
vt 1.00000 1.00000
vn -0.0000 -0.9247 0.3807
v 1.05000 0.45000 0.55000
vt 0.00000 0.00000
vn -0.0000 -0.9247 0.3807
v 1.03378 0.45297 0.55722
vt 1.00000 0.00000
vn -0.0000 -0.9247 0.3807
v 1.03378 0.44703 0.54278
vt 1.00000 1.00000
vn -0.0000 -0.9247 0.3807
v 1.05000 0.45000 0.55000
vt 0.00000 0.00000
vn -0.0000 -0.9247 0.3807
v 1.04599 0.45668 0.56623
vt 1.00000 0.00000
vn -0.0000 -0.9247 0.3807
v 1.03378 0.45297 0.55722
vt 1.00000 1.00000
vn -0.0000 -0.9247 0.3807
v 1.05000 0.45000 0.55000
vt 0.00000 0.00000
vn -0.0000 -0.9247 0.3807
v 1.06122 0.45536 0.56301
vt 1.00000 0.00000
vn -0.0000 -0.9247 0.3807
v 1.04599 0.45668 0.56623
vt 1.00000 1.00000
vn -0.0000 -0.9247 0.3807
v 1.05000 0.45000 0.55000
vt 0.00000 0.00000
vn -0.0000 -0.9247 0.3807
v 1.06800 0.45000 0.55000
vt 1.00000 0.00000
vn -0.0000 -0.9247 0.3807
v 1.06122 0.45536 0.56301
vt 1.00000 1.00000
vn -0.0000 -0.9247 0.3807
v 0.16000 1.02858 0.43128
vt 0.00000 0.00000
vn -0.9723 0.2330 0.0177
v 0.15967 1.02858 0.41329
vt 1.00000 0.00000
vn -0.9723 0.2330 0.0177
v 0.15652 1.01489 0.42012
vt 1.00000 1.00000
vn -0.9723 0.2330 0.0177
v 0.16000 1.02858 0.43128
vt 0.00000 0.00000
vn -0.9723 0.2330 0.0177
v 0.15652 1.01489 0.42012
vt 1.00000 0.00000
vn -0.9723 0.2330 0.0177
v 0.15598 1.01151 0.43536
vt 1.00000 1.00000
vn -0.9723 0.2330 0.0177
v 0.16000 1.02858 0.43128
vt 0.00000 0.00000
vn -0.9723 0.2330 0.0177
v 0.15598 1.01151 0.43536
vt 1.00000 0.00000
vn -0.9723 0.2330 0.0177
v 0.15848 1.02098 0.44753
vt 1.00000 1.00000
vn -0.9723 0.2330 0.0177
v 0.16000 1.02858 0.43128
vt 0.00000 0.00000
vn -0.9723 0.2330 0.0177
v 0.15848 1.02098 0.44753
vt 1.00000 0.00000
vn -0.9723 0.2330 0.0177
v 0.16211 1.03617 0.44747
vt 1.00000 1.00000
vn -0.9723 0.2330 0.0177
v 0.16000 1.02858 0.43128
vt 0.00000 0.00000
vn -0.9723 0.2330 0.0177
v 0.16211 1.03617 0.44747
vt 1.00000 0.00000
vn -0.9723 0.2330 0.0177
v 0.16416 1.04564 0.43521
vt 1.00000 1.00000
vn -0.9723 0.2330 0.0177
v 0.16000 1.02858 0.43128
vt 0.00000 0.00000
vn -0.9723 0.2330 0.0177
v 0.16416 1.04564 0.43521
vt 1.00000 0.00000
vn -0.9723 0.2330 0.0177
v 0.16307 1.04226 0.42000
vt 1.00000 1.00000
vn -0.9723 0.2330 0.0177
v 0.16000 1.02858 0.43128
vt 0.00000 0.00000
vn -0.9723 0.2330 0.0177
v 0.16307 1.04226 0.42000
vt 1.00000 0.00000
vn -0.9723 0.2330 0.0177
v 0.15967 1.02858 0.41329
vt 1.00000 1.00000
vn -0.9723 0.2330 0.0177
v 0.50000 0.45325 0.06872
vt 0.00000 0.00000
vn 0.0000 -0.2110 -0.9775
v 0.47737 0.68519 0.02824
vt 0.12500 0.23526
vn -0.7071 -0.1492 -0.6912
v 0.50000 0.68321 0.01907
vt 0.00000 0.23526
vn 0.0000 -0.2110 -0.9775
v 0.50000 0.45325 0.06872
vt 0.00000 0.00000
vn 0.0000 -0.2110 -0.9775
v 0.47737 0.45523 0.07788
vt 0.12500 0.00000
vn -0.7071 -0.1492 -0.6912
v 0.47737 0.68519 0.02824
vt 0.12500 0.23526
vn -0.7071 -0.1492 -0.6912
v 0.47737 0.45523 0.07788
vt 0.12500 0.00000
vn -0.7071 -0.1492 -0.6912
v 0.46800 0.68996 0.05035
vt 0.25000 0.23526
vn -1.0000 -0.0000 -0.0000
v 0.47737 0.68519 0.02824
vt 0.12500 0.23526
vn -0.7071 -0.1492 -0.6912
v 0.47737 0.45523 0.07788
vt 0.12500 0.00000
vn -0.7071 -0.1492 -0.6912
v 0.46800 0.46000 0.10000
vt 0.25000 0.00000
vn -1.0000 -0.0000 -0.0000
v 0.46800 0.68996 0.05035
vt 0.25000 0.23526
vn -1.0000 -0.0000 -0.0000
v 0.46800 0.46000 0.10000
vt 0.25000 0.00000
vn -1.0000 -0.0000 -0.0000
v 0.47737 0.69474 0.07247
vt 0.37500 0.23526
vn -0.7071 0.1492 0.6912
v 0.46800 0.68996 0.05035
vt 0.25000 0.23526
vn -1.0000 -0.0000 -0.0000
v 0.46800 0.46000 0.10000
vt 0.25000 0.00000
vn -1.0000 -0.0000 -0.0000
v 0.47737 0.46477 0.12212
vt 0.37500 0.00000
vn -0.7071 0.1492 0.6912
v 0.47737 0.69474 0.07247
vt 0.37500 0.23526
vn -0.7071 0.1492 0.6912
v 0.47737 0.46477 0.12212
vt 0.37500 0.00000
vn -0.7071 0.1492 0.6912
v 0.50000 0.69672 0.08163
vt 0.50000 0.23526
vn -0.0000 0.2110 0.9775
v 0.47737 0.69474 0.07247
vt 0.37500 0.23526
vn -0.7071 0.1492 0.6912
v 0.47737 0.46477 0.12212
vt 0.37500 0.00000
vn -0.7071 0.1492 0.6912
v 0.50000 0.46675 0.13128
vt 0.50000 0.00000
vn -0.0000 0.2110 0.9775
v 0.50000 0.69672 0.08163
vt 0.50000 0.23526
vn -0.0000 0.2110 0.9775
v 0.50000 0.46675 0.13128
vt 0.50000 0.00000
vn -0.0000 0.2110 0.9775
v 0.52263 0.69474 0.07247
vt 0.62500 0.23526
vn 0.7071 0.1492 0.6912
v 0.50000 0.69672 0.08163
vt 0.50000 0.23526
vn -0.0000 0.2110 0.9775
v 0.50000 0.46675 0.13128
vt 0.50000 0.00000
vn -0.0000 0.2110 0.9775
v 0.52263 0.46477 0.12212
vt 0.62500 0.00000
vn 0.7071 0.1492 0.6912
v 0.52263 0.69474 0.07247
vt 0.62500 0.23526
vn 0.7071 0.1492 0.6912
v 0.52263 0.46477 0.12212
vt 0.62500 0.00000
vn 0.7071 0.1492 0.6912
v 0.53200 0.68996 0.05035
vt 0.75000 0.23526
vn 1.0000 0.0000 0.0000
v 0.52263 0.69474 0.07247
vt 0.62500 0.23526
vn 0.7071 0.1492 0.6912
v 0.52263 0.46477 0.12212
vt 0.62500 0.00000
vn 0.7071 0.1492 0.6912
v 0.53200 0.46000 0.10000
vt 0.75000 0.00000
vn 1.0000 0.0000 0.0000
v 0.53200 0.68996 0.05035
vt 0.75000 0.23526
vn 1.0000 0.0000 0.0000
v 0.53200 0.46000 0.10000
vt 0.75000 0.00000
vn 1.0000 0.0000 0.0000
v 0.52263 0.68519 0.02824
vt 0.87500 0.23526
vn 0.7071 -0.1492 -0.6912
v 0.53200 0.68996 0.05035
vt 0.75000 0.23526
vn 1.0000 0.0000 0.0000
v 0.53200 0.46000 0.10000
vt 0.75000 0.00000
vn 1.0000 0.0000 0.0000
v 0.52263 0.45523 0.07788
vt 0.87500 0.00000
vn 0.7071 -0.1492 -0.6912
v 0.52263 0.68519 0.02824
vt 0.87500 0.23526
vn 0.7071 -0.1492 -0.6912
v 0.52263 0.45523 0.07788
vt 0.87500 0.00000
vn 0.7071 -0.1492 -0.6912
v 0.50000 0.68321 0.01907
vt 1.00000 0.23526
vn 0.0000 -0.2110 -0.9775
v 0.52263 0.68519 0.02824
vt 0.87500 0.23526
vn 0.7071 -0.1492 -0.6912
v 0.52263 0.45523 0.07788
vt 0.87500 0.00000
vn 0.7071 -0.1492 -0.6912
v 0.50000 0.45325 0.06872
vt 1.00000 0.00000
vn 0.0000 -0.2110 -0.9775
v 0.50000 0.68321 0.01907
vt 1.00000 0.23526
vn 0.0000 -0.2110 -0.9775
v 0.50000 0.46000 0.10000
vt 0.00000 0.00000
vn -0.0000 -0.9775 0.2110
v 0.47737 0.45523 0.07788
vt 1.00000 0.00000
vn -0.0000 -0.9775 0.2110
v 0.50000 0.45325 0.06872
vt 1.00000 1.00000
vn -0.0000 -0.9775 0.2110
v 0.50000 0.46000 0.10000
vt 0.00000 0.00000
vn -0.0000 -0.9775 0.2110
v 0.46800 0.46000 0.10000
vt 1.00000 0.00000
vn -0.0000 -0.9775 0.2110
v 0.47737 0.45523 0.07788
vt 1.00000 1.00000
vn -0.0000 -0.9775 0.2110
v 0.50000 0.46000 0.10000
vt 0.00000 0.00000
vn -0.0000 -0.9775 0.2110
v 0.47737 0.46477 0.12212
vt 1.00000 0.00000
vn -0.0000 -0.9775 0.2110
v 0.46800 0.46000 0.10000
vt 1.00000 1.00000
vn -0.0000 -0.9775 0.2110
v 0.50000 0.46000 0.10000
vt 0.00000 0.00000
vn -0.0000 -0.9775 0.2110
v 0.50000 0.46675 0.13128
vt 1.00000 0.00000
vn -0.0000 -0.9775 0.2110
v 0.47737 0.46477 0.12212
vt 1.00000 1.00000
vn -0.0000 -0.9775 0.2110
v 0.50000 0.46000 0.10000
vt 0.00000 0.00000
vn -0.0000 -0.9775 0.2110
v 0.52263 0.46477 0.12212
vt 1.00000 0.00000
vn -0.0000 -0.9775 0.2110
v 0.50000 0.46675 0.13128
vt 1.00000 1.00000
vn -0.0000 -0.9775 0.2110
v 0.50000 0.46000 0.10000
vt 0.00000 0.00000
vn -0.0000 -0.9775 0.2110
v 0.53200 0.46000 0.10000
vt 1.00000 0.00000
vn -0.0000 -0.9775 0.2110
v 0.52263 0.46477 0.12212
vt 1.00000 1.00000
vn -0.0000 -0.9775 0.2110
v 0.50000 0.46000 0.10000
vt 0.00000 0.00000
vn -0.0000 -0.9775 0.2110
v 0.52263 0.45523 0.07788
vt 1.00000 0.00000
vn -0.0000 -0.9775 0.2110
v 0.53200 0.46000 0.10000
vt 1.00000 1.00000
vn -0.0000 -0.9775 0.2110
v 0.50000 0.46000 0.10000
vt 0.00000 0.00000
vn -0.0000 -0.9775 0.2110
v 0.50000 0.45325 0.06872
vt 1.00000 0.00000
vn -0.0000 -0.9775 0.2110
v 0.52263 0.45523 0.07788
vt 1.00000 1.00000
vn -0.0000 -0.9775 0.2110
v 0.50000 0.68996 0.05035
vt 0.00000 0.00000
vn 0.0000 0.9775 -0.2110
v 0.50000 0.68321 0.01907
vt 1.00000 0.00000
vn 0.0000 0.9775 -0.2110
v 0.47737 0.68519 0.02824
vt 1.00000 1.00000
vn 0.0000 0.9775 -0.2110
v 0.50000 0.68996 0.05035
vt 0.00000 0.00000
vn 0.0000 0.9775 -0.2110
v 0.47737 0.68519 0.02824
vt 1.00000 0.00000
vn 0.0000 0.9775 -0.2110
v 0.46800 0.68996 0.05035
vt 1.00000 1.00000
vn 0.0000 0.9775 -0.2110
v 0.50000 0.68996 0.05035
vt 0.00000 0.00000
vn 0.0000 0.9775 -0.2110
v 0.46800 0.68996 0.05035
vt 1.00000 0.00000
vn 0.0000 0.9775 -0.2110
v 0.47737 0.69474 0.07247
vt 1.00000 1.00000
vn 0.0000 0.9775 -0.2110
v 0.50000 0.68996 0.05035
vt 0.00000 0.00000
vn 0.0000 0.9775 -0.2110
v 0.47737 0.69474 0.07247
vt 1.00000 0.00000
vn 0.0000 0.9775 -0.2110
v 0.50000 0.69672 0.08163
vt 1.00000 1.00000
vn 0.0000 0.9775 -0.2110
v 0.50000 0.68996 0.05035
vt 0.00000 0.00000
vn 0.0000 0.9775 -0.2110
v 0.50000 0.69672 0.08163
vt 1.00000 0.00000
vn 0.0000 0.9775 -0.2110
v 0.52263 0.69474 0.07247
vt 1.00000 1.00000
vn 0.0000 0.9775 -0.2110
v 0.50000 0.68996 0.05035
vt 0.00000 0.00000
vn 0.0000 0.9775 -0.2110
v 0.52263 0.69474 0.07247
vt 1.00000 0.00000
vn 0.0000 0.9775 -0.2110
v 0.53200 0.68996 0.05035
vt 1.00000 1.00000
vn 0.0000 0.9775 -0.2110
v 0.50000 0.68996 0.05035
vt 0.00000 0.00000
vn 0.0000 0.9775 -0.2110
v 0.53200 0.68996 0.05035
vt 1.00000 0.00000
vn 0.0000 0.9775 -0.2110
v 0.52263 0.68519 0.02824
vt 1.00000 1.00000
vn 0.0000 0.9775 -0.2110
v 0.50000 0.68996 0.05035
vt 0.00000 0.00000
vn 0.0000 0.9775 -0.2110
v 0.52263 0.68519 0.02824
vt 1.00000 0.00000
vn 0.0000 0.9775 -0.2110
v 0.50000 0.68321 0.01907
vt 1.00000 1.00000
vn 0.0000 0.9775 -0.2110
usemtl paint
f 1/1/1 2/2/2 3/3/3
f 4/4/4 5/5/5 6/6/6
f 7/7/7 8/8/8 9/9/9
f 10/10/10 11/11/11 12/12/12
f 13/13/13 14/14/14 15/15/15
f 16/16/16 17/17/17 18/18/18
f 19/19/19 20/20/20 21/21/21
f 22/22/22 23/23/23 24/24/24
f 25/25/25 26/26/26 27/27/27
f 28/28/28 29/29/29 30/30/30
f 31/31/31 32/32/32 33/33/33
f 34/34/34 35/35/35 36/36/36
f 37/37/37 38/38/38 39/39/39
f 40/40/40 41/41/41 42/42/42
f 43/43/43 44/44/44 45/45/45
f 46/46/46 47/47/47 48/48/48
f 49/49/49 50/50/50 51/51/51
f 52/52/52 53/53/53 54/54/54
f 55/55/55 56/56/56 57/57/57
f 58/58/58 59/59/59 60/60/60
f 61/61/61 62/62/62 63/63/63
f 64/64/64 65/65/65 66/66/66
f 67/67/67 68/68/68 69/69/69
f 70/70/70 71/71/71 72/72/72
f 73/73/73 74/74/74 75/75/75
f 76/76/76 77/77/77 78/78/78
f 79/79/79 80/80/80 81/81/81
f 82/82/82 83/83/83 84/84/84
f 85/85/85 86/86/86 87/87/87
f 88/88/88 89/89/89 90/90/90
f 91/91/91 92/92/92 93/93/93
f 94/94/94 95/95/95 96/96/96
f 97/97/97 98/98/98 99/99/99
f 100/100/100 101/101/101 102/102/102
f 103/103/103 104/104/104 105/105/105
f 106/106/106 107/107/107 108/108/108
f 109/109/109 110/110/110 111/111/111
f 112/112/112 113/113/113 114/114/114
f 115/115/115 116/116/116 117/117/117
f 118/118/118 119/119/119 120/120/120
f 121/121/121 122/122/122 123/123/123
f 124/124/124 125/125/125 126/126/126
f 127/127/127 128/128/128 129/129/129
f 130/130/130 131/131/131 132/132/132
f 133/133/133 134/134/134 135/135/135
f 136/136/136 137/137/137 138/138/138
f 139/139/139 140/140/140 141/141/141
f 142/142/142 143/143/143 144/144/144
f 145/145/145 146/146/146 147/147/147
f 148/148/148 149/149/149 150/150/150
f 151/151/151 152/152/152 153/153/153
f 154/154/154 155/155/155 156/156/156
f 157/157/157 158/158/158 159/159/159
f 160/160/160 161/161/161 162/162/162
f 163/163/163 164/164/164 165/165/165
f 166/166/166 167/167/167 168/168/168
f 169/169/169 170/170/170 171/171/171
f 172/172/172 173/173/173 174/174/174
f 175/175/175 176/176/176 177/177/177
f 178/178/178 179/179/179 180/180/180
f 181/181/181 182/182/182 183/183/183
f 184/184/184 185/185/185 186/186/186
f 187/187/187 188/188/188 189/189/189
f 190/190/190 191/191/191 192/192/192
f 193/193/193 194/194/194 195/195/195
f 196/196/196 197/197/197 198/198/198
f 199/199/199 200/200/200 201/201/201
f 202/202/202 203/203/203 204/204/204
f 205/205/205 206/206/206 207/207/207
f 208/208/208 209/209/209 210/210/210
f 211/211/211 212/212/212 213/213/213
f 214/214/214 215/215/215 216/216/216
f 217/217/217 218/218/218 219/219/219
f 220/220/220 221/221/221 222/222/222
f 223/223/223 224/224/224 225/225/225
f 226/226/226 227/227/227 228/228/228
f 229/229/229 230/230/230 231/231/231
f 232/232/232 233/233/233 234/234/234
f 235/235/235 236/236/236 237/237/237
f 238/238/238 239/239/239 240/240/240
f 241/241/241 242/242/242 243/243/243
f 244/244/244 245/245/245 246/246/246
f 247/247/247 248/248/248 249/249/249
f 250/250/250 251/251/251 252/252/252
f 253/253/253 254/254/254 255/255/255
f 256/256/256 257/257/257 258/258/258
f 259/259/259 260/260/260 261/261/261
f 262/262/262 263/263/263 264/264/264
f 265/265/265 266/266/266 267/267/267
f 268/268/268 269/269/269 270/270/270
f 271/271/271 272/272/272 273/273/273
f 274/274/274 275/275/275 276/276/276
f 277/277/277 278/278/278 279/279/279
f 280/280/280 281/281/281 282/282/282
f 283/283/283 284/284/284 285/285/285
f 286/286/286 287/287/287 288/288/288
f 289/289/289 290/290/290 291/291/291
f 292/292/292 293/293/293 294/294/294
f 295/295/295 296/296/296 297/297/297
f 298/298/298 299/299/299 300/300/300
f 301/301/301 302/302/302 303/303/303
f 304/304/304 305/305/305 306/306/306
f 307/307/307 308/308/308 309/309/309
f 310/310/310 311/311/311 312/312/312
f 313/313/313 314/314/314 315/315/315
f 316/316/316 317/317/317 318/318/318
f 319/319/319 320/320/320 321/321/321
f 322/322/322 323/323/323 324/324/324
f 325/325/325 326/326/326 327/327/327
f 328/328/328 329/329/329 330/330/330
f 331/331/331 332/332/332 333/333/333
f 334/334/334 335/335/335 336/336/336
f 337/337/337 338/338/338 339/339/339
f 340/340/340 341/341/341 342/342/342
f 343/343/343 344/344/344 345/345/345
f 346/346/346 347/347/347 348/348/348
f 349/349/349 350/350/350 351/351/351
f 352/352/352 353/353/353 354/354/354
f 355/355/355 356/356/356 357/357/357
f 358/358/358 359/359/359 360/360/360
f 361/361/361 362/362/362 363/363/363
f 364/364/364 365/365/365 366/366/366
f 367/367/367 368/368/368 369/369/369
f 370/370/370 371/371/371 372/372/372
f 373/373/373 374/374/374 375/375/375
f 376/376/376 377/377/377 378/378/378
f 379/379/379 380/380/380 381/381/381
f 382/382/382 383/383/383 384/384/384
f 385/385/385 386/386/386 387/387/387
f 388/388/388 389/389/389 390/390/390
f 391/391/391 392/392/392 393/393/393
f 394/394/394 395/395/395 396/396/396
f 397/397/397 398/398/398 399/399/399
f 400/400/400 401/401/401 402/402/402
f 403/403/403 404/404/404 405/405/405
f 406/406/406 407/407/407 408/408/408
f 409/409/409 410/410/410 411/411/411
f 412/412/412 413/413/413 414/414/414
f 415/415/415 416/416/416 417/417/417
f 418/418/418 419/419/419 420/420/420
f 421/421/421 422/422/422 423/423/423
f 424/424/424 425/425/425 426/426/426
f 427/427/427 428/428/428 429/429/429
f 430/430/430 431/431/431 432/432/432
f 433/433/433 434/434/434 435/435/435
f 436/436/436 437/437/437 438/438/438
f 439/439/439 440/440/440 441/441/441
f 442/442/442 443/443/443 444/444/444
f 445/445/445 446/446/446 447/447/447
f 448/448/448 449/449/449 450/450/450
f 451/451/451 452/452/452 453/453/453
f 454/454/454 455/455/455 456/456/456
f 457/457/457 458/458/458 459/459/459
f 460/460/460 461/461/461 462/462/462
f 463/463/463 464/464/464 465/465/465
f 466/466/466 467/467/467 468/468/468
f 469/469/469 470/470/470 471/471/471
f 472/472/472 473/473/473 474/474/474
f 475/475/475 476/476/476 477/477/477
f 478/478/478 479/479/479 480/480/480
f 481/481/481 482/482/482 483/483/483
f 484/484/484 485/485/485 486/486/486
f 487/487/487 488/488/488 489/489/489
f 490/490/490 491/491/491 492/492/492
f 493/493/493 494/494/494 495/495/495
f 496/496/496 497/497/497 498/498/498
f 499/499/499 500/500/500 501/501/501
f 502/502/502 503/503/503 504/504/504
f 505/505/505 506/506/506 507/507/507
f 508/508/508 509/509/509 510/510/510
f 511/511/511 512/512/512 513/513/513
f 514/514/514 515/515/515 516/516/516
f 517/517/517 518/518/518 519/519/519
f 520/520/520 521/521/521 522/522/522
f 523/523/523 524/524/524 525/525/525
f 526/526/526 527/527/527 528/528/528
f 529/529/529 530/530/530 531/531/531
f 532/532/532 533/533/533 534/534/534
f 535/535/535 536/536/536 537/537/537
f 538/538/538 539/539/539 540/540/540
f 541/541/541 542/542/542 543/543/543
f 544/544/544 545/545/545 546/546/546
f 547/547/547 548/548/548 549/549/549
f 550/550/550 551/551/551 552/552/552
f 553/553/553 554/554/554 555/555/555
f 556/556/556 557/557/557 558/558/558
f 559/559/559 560/560/560 561/561/561
f 562/562/562 563/563/563 564/564/564
f 565/565/565 566/566/566 567/567/567
f 568/568/568 569/569/569 570/570/570
f 571/571/571 572/572/572 573/573/573
f 574/574/574 575/575/575 576/576/576
f 577/577/577 578/578/578 579/579/579
f 580/580/580 581/581/581 582/582/582
f 583/583/583 584/584/584 585/585/585
f 586/586/586 587/587/587 588/588/588
f 589/589/589 590/590/590 591/591/591
f 592/592/592 593/593/593 594/594/594
f 595/595/595 596/596/596 597/597/597
f 598/598/598 599/599/599 600/600/600
f 601/601/601 602/602/602 603/603/603
f 604/604/604 605/605/605 606/606/606
f 607/607/607 608/608/608 609/609/609
f 610/610/610 611/611/611 612/612/612
f 613/613/613 614/614/614 615/615/615
f 616/616/616 617/617/617 618/618/618
f 619/619/619 620/620/620 621/621/621
f 622/622/622 623/623/623 624/624/624
f 625/625/625 626/626/626 627/627/627
f 628/628/628 629/629/629 630/630/630
f 631/631/631 632/632/632 633/633/633
f 634/634/634 635/635/635 636/636/636
f 637/637/637 638/638/638 639/639/639
f 640/640/640 641/641/641 642/642/642
f 643/643/643 644/644/644 645/645/645
f 646/646/646 647/647/647 648/648/648
f 649/649/649 650/650/650 651/651/651
f 652/652/652 653/653/653 654/654/654
f 655/655/655 656/656/656 657/657/657
f 658/658/658 659/659/659 660/660/660
f 661/661/661 662/662/662 663/663/663
f 664/664/664 665/665/665 666/666/666
f 667/667/667 668/668/668 669/669/669
f 670/670/670 671/671/671 672/672/672
f 673/673/673 674/674/674 675/675/675
f 676/676/676 677/677/677 678/678/678
f 679/679/679 680/680/680 681/681/681
f 682/682/682 683/683/683 684/684/684
f 685/685/685 686/686/686 687/687/687
f 688/688/688 689/689/689 690/690/690
f 691/691/691 692/692/692 693/693/693
f 694/694/694 695/695/695 696/696/696
f 697/697/697 698/698/698 699/699/699
f 700/700/700 701/701/701 702/702/702
f 703/703/703 704/704/704 705/705/705
f 706/706/706 707/707/707 708/708/708
f 709/709/709 710/710/710 711/711/711
f 712/712/712 713/713/713 714/714/714
f 715/715/715 716/716/716 717/717/717
f 718/718/718 719/719/719 720/720/720
f 721/721/721 722/722/722 723/723/723
f 724/724/724 725/725/725 726/726/726
f 727/727/727 728/728/728 729/729/729
f 730/730/730 731/731/731 732/732/732
f 733/733/733 734/734/734 735/735/735
f 736/736/736 737/737/737 738/738/738
f 739/739/739 740/740/740 741/741/741
f 742/742/742 743/743/743 744/744/744
f 745/745/745 746/746/746 747/747/747
f 748/748/748 749/749/749 750/750/750
f 751/751/751 752/752/752 753/753/753
f 754/754/754 755/755/755 756/756/756
f 757/757/757 758/758/758 759/759/759
f 760/760/760 761/761/761 762/762/762
f 763/763/763 764/764/764 765/765/765
f 766/766/766 767/767/767 768/768/768
f 769/769/769 770/770/770 771/771/771
f 772/772/772 773/773/773 774/774/774
f 775/775/775 776/776/776 777/777/777
f 778/778/778 779/779/779 780/780/780
f 781/781/781 782/782/782 783/783/783
f 784/784/784 785/785/785 786/786/786
f 787/787/787 788/788/788 789/789/789
f 790/790/790 791/791/791 792/792/792
f 793/793/793 794/794/794 795/795/795
f 796/796/796 797/797/797 798/798/798
f 799/799/799 800/800/800 801/801/801
f 802/802/802 803/803/803 804/804/804
f 805/805/805 806/806/806 807/807/807
f 808/808/808 809/809/809 810/810/810
f 811/811/811 812/812/812 813/813/813
f 814/814/814 815/815/815 816/816/816
f 817/817/817 818/818/818 819/819/819
f 820/820/820 821/821/821 822/822/822
f 823/823/823 824/824/824 825/825/825
f 826/826/826 827/827/827 828/828/828
f 829/829/829 830/830/830 831/831/831
f 832/832/832 833/833/833 834/834/834
f 835/835/835 836/836/836 837/837/837
f 838/838/838 839/839/839 840/840/840
f 841/841/841 842/842/842 843/843/843
f 844/844/844 845/845/845 846/846/846
f 847/847/847 848/848/848 849/849/849
f 850/850/850 851/851/851 852/852/852
f 853/853/853 854/854/854 855/855/855
f 856/856/856 857/857/857 858/858/858
f 859/859/859 860/860/860 861/861/861
f 862/862/862 863/863/863 864/864/864
f 865/865/865 866/866/866 867/867/867
f 868/868/868 869/869/869 870/870/870
f 871/871/871 872/872/872 873/873/873
f 874/874/874 875/875/875 876/876/876
f 877/877/877 878/878/878 879/879/879
f 880/880/880 881/881/881 882/882/882
f 883/883/883 884/884/884 885/885/885
f 886/886/886 887/887/887 888/888/888
f 889/889/889 890/890/890 891/891/891
f 892/892/892 893/893/893 894/894/894
f 895/895/895 896/896/896 897/897/897
f 898/898/898 899/899/899 900/900/900
f 901/901/901 902/902/902 903/903/903
f 904/904/904 905/905/905 906/906/906
f 907/907/907 908/908/908 909/909/909
f 910/910/910 911/911/911 912/912/912
f 913/913/913 914/914/914 915/915/915
f 916/916/916 917/917/917 918/918/918
f 919/919/919 920/920/920 921/921/921
f 922/922/922 923/923/923 924/924/924
f 925/925/925 926/926/926 927/927/927
f 928/928/928 929/929/929 930/930/930
f 931/931/931 932/932/932 933/933/933
f 934/934/934 935/935/935 936/936/936
f 937/937/937 938/938/938 939/939/939
f 940/940/940 941/941/941 942/942/942
f 943/943/943 944/944/944 945/945/945
f 946/946/946 947/947/947 948/948/948
f 949/949/949 950/950/950 951/951/951
f 952/952/952 953/953/953 954/954/954
f 955/955/955 956/956/956 957/957/957
f 958/958/958 959/959/959 960/960/960
f 961/961/961 962/962/962 963/963/963
f 964/964/964 965/965/965 966/966/966
f 967/967/967 968/968/968 969/969/969
f 970/970/970 971/971/971 972/972/972
f 973/973/973 974/974/974 975/975/975
f 976/976/976 977/977/977 978/978/978
f 979/979/979 980/980/980 981/981/981
f 982/982/982 983/983/983 984/984/984
f 985/985/985 986/986/986 987/987/987
f 988/988/988 989/989/989 990/990/990
f 991/991/991 992/992/992 993/993/993
f 994/994/994 995/995/995 996/996/996
f 997/997/997 998/998/998 999/999/999
f 1000/1000/1000 1001/1001/1001 1002/1002/1002
f 1003/1003/1003 1004/1004/1004 1005/1005/1005
f 1006/1006/1006 1007/1007/1007 1008/1008/1008
f 1009/1009/1009 1010/1010/1010 1011/1011/1011
f 1012/1012/1012 1013/1013/1013 1014/1014/1014
f 1015/1015/1015 1016/1016/1016 1017/1017/1017
f 1018/1018/1018 1019/1019/1019 1020/1020/1020
f 1021/1021/1021 1022/1022/1022 1023/1023/1023
f 1024/1024/1024 1025/1025/1025 1026/1026/1026
f 1027/1027/1027 1028/1028/1028 1029/1029/1029
f 1030/1030/1030 1031/1031/1031 1032/1032/1032
f 1033/1033/1033 1034/1034/1034 1035/1035/1035
f 1036/1036/1036 1037/1037/1037 1038/1038/1038
f 1039/1039/1039 1040/1040/1040 1041/1041/1041
f 1042/1042/1042 1043/1043/1043 1044/1044/1044
f 1045/1045/1045 1046/1046/1046 1047/1047/1047
f 1048/1048/1048 1049/1049/1049 1050/1050/1050
f 1051/1051/1051 1052/1052/1052 1053/1053/1053
f 1054/1054/1054 1055/1055/1055 1056/1056/1056
f 1057/1057/1057 1058/1058/1058 1059/1059/1059
f 1060/1060/1060 1061/1061/1061 1062/1062/1062
f 1063/1063/1063 1064/1064/1064 1065/1065/1065
f 1066/1066/1066 1067/1067/1067 1068/1068/1068
f 1069/1069/1069 1070/1070/1070 1071/1071/1071
f 1072/1072/1072 1073/1073/1073 1074/1074/1074
f 1075/1075/1075 1076/1076/1076 1077/1077/1077
f 1078/1078/1078 1079/1079/1079 1080/1080/1080
f 1081/1081/1081 1082/1082/1082 1083/1083/1083
f 1084/1084/1084 1085/1085/1085 1086/1086/1086
f 1087/1087/1087 1088/1088/1088 1089/1089/1089
f 1090/1090/1090 1091/1091/1091 1092/1092/1092
f 1093/1093/1093 1094/1094/1094 1095/1095/1095
f 1096/1096/1096 1097/1097/1097 1098/1098/1098
f 1099/1099/1099 1100/1100/1100 1101/1101/1101
f 1102/1102/1102 1103/1103/1103 1104/1104/1104
f 1105/1105/1105 1106/1106/1106 1107/1107/1107
f 1108/1108/1108 1109/1109/1109 1110/1110/1110
f 1111/1111/1111 1112/1112/1112 1113/1113/1113
f 1114/1114/1114 1115/1115/1115 1116/1116/1116
f 1117/1117/1117 1118/1118/1118 1119/1119/1119
f 1120/1120/1120 1121/1121/1121 1122/1122/1122
f 1123/1123/1123 1124/1124/1124 1125/1125/1125
f 1126/1126/1126 1127/1127/1127 1128/1128/1128
f 1129/1129/1129 1130/1130/1130 1131/1131/1131
f 1132/1132/1132 1133/1133/1133 1134/1134/1134
f 1135/1135/1135 1136/1136/1136 1137/1137/1137
f 1138/1138/1138 1139/1139/1139 1140/1140/1140
f 1141/1141/1141 1142/1142/1142 1143/1143/1143
f 1144/1144/1144 1145/1145/1145 1146/1146/1146
f 1147/1147/1147 1148/1148/1148 1149/1149/1149
f 1150/1150/1150 1151/1151/1151 1152/1152/1152
f 1153/1153/1153 1154/1154/1154 1155/1155/1155
f 1156/1156/1156 1157/1157/1157 1158/1158/1158
f 1159/1159/1159 1160/1160/1160 1161/1161/1161
f 1162/1162/1162 1163/1163/1163 1164/1164/1164
f 1165/1165/1165 1166/1166/1166 1167/1167/1167
f 1168/1168/1168 1169/1169/1169 1170/1170/1170
f 1171/1171/1171 1172/1172/1172 1173/1173/1173
f 1174/1174/1174 1175/1175/1175 1176/1176/1176
f 1177/1177/1177 1178/1178/1178 1179/1179/1179
f 1180/1180/1180 1181/1181/1181 1182/1182/1182
f 1183/1183/1183 1184/1184/1184 1185/1185/1185
f 1186/1186/1186 1187/1187/1187 1188/1188/1188
f 1189/1189/1189 1190/1190/1190 1191/1191/1191
f 1192/1192/1192 1193/1193/1193 1194/1194/1194
f 1195/1195/1195 1196/1196/1196 1197/1197/1197
f 1198/1198/1198 1199/1199/1199 1200/1200/1200
f 1201/1201/1201 1202/1202/1202 1203/1203/1203
f 1204/1204/1204 1205/1205/1205 1206/1206/1206
f 1207/1207/1207 1208/1208/1208 1209/1209/1209
f 1210/1210/1210 1211/1211/1211 1212/1212/1212
f 1213/1213/1213 1214/1214/1214 1215/1215/1215
f 1216/1216/1216 1217/1217/1217 1218/1218/1218
f 1219/1219/1219 1220/1220/1220 1221/1221/1221
f 1222/1222/1222 1223/1223/1223 1224/1224/1224
f 1225/1225/1225 1226/1226/1226 1227/1227/1227
f 1228/1228/1228 1229/1229/1229 1230/1230/1230
f 1231/1231/1231 1232/1232/1232 1233/1233/1233
f 1234/1234/1234 1235/1235/1235 1236/1236/1236
f 1237/1237/1237 1238/1238/1238 1239/1239/1239
f 1240/1240/1240 1241/1241/1241 1242/1242/1242
f 1243/1243/1243 1244/1244/1244 1245/1245/1245
f 1246/1246/1246 1247/1247/1247 1248/1248/1248
f 1249/1249/1249 1250/1250/1250 1251/1251/1251
f 1252/1252/1252 1253/1253/1253 1254/1254/1254
f 1255/1255/1255 1256/1256/1256 1257/1257/1257
f 1258/1258/1258 1259/1259/1259 1260/1260/1260
f 1261/1261/1261 1262/1262/1262 1263/1263/1263
f 1264/1264/1264 1265/1265/1265 1266/1266/1266
f 1267/1267/1267 1268/1268/1268 1269/1269/1269
f 1270/1270/1270 1271/1271/1271 1272/1272/1272
f 1273/1273/1273 1274/1274/1274 1275/1275/1275
f 1276/1276/1276 1277/1277/1277 1278/1278/1278
f 1279/1279/1279 1280/1280/1280 1281/1281/1281
f 1282/1282/1282 1283/1283/1283 1284/1284/1284
f 1285/1285/1285 1286/1286/1286 1287/1287/1287
f 1288/1288/1288 1289/1289/1289 1290/1290/1290
f 1291/1291/1291 1292/1292/1292 1293/1293/1293
f 1294/1294/1294 1295/1295/1295 1296/1296/1296
f 1297/1297/1297 1298/1298/1298 1299/1299/1299
f 1300/1300/1300 1301/1301/1301 1302/1302/1302
f 1303/1303/1303 1304/1304/1304 1305/1305/1305
f 1306/1306/1306 1307/1307/1307 1308/1308/1308
f 1309/1309/1309 1310/1310/1310 1311/1311/1311
f 1312/1312/1312 1313/1313/1313 1314/1314/1314
f 1315/1315/1315 1316/1316/1316 1317/1317/1317
f 1318/1318/1318 1319/1319/1319 1320/1320/1320
f 1321/1321/1321 1322/1322/1322 1323/1323/1323
f 1324/1324/1324 1325/1325/1325 1326/1326/1326
f 1327/1327/1327 1328/1328/1328 1329/1329/1329
f 1330/1330/1330 1331/1331/1331 1332/1332/1332
f 1333/1333/1333 1334/1334/1334 1335/1335/1335
f 1336/1336/1336 1337/1337/1337 1338/1338/1338
f 1339/1339/1339 1340/1340/1340 1341/1341/1341
f 1342/1342/1342 1343/1343/1343 1344/1344/1344
f 1345/1345/1345 1346/1346/1346 1347/1347/1347
f 1348/1348/1348 1349/1349/1349 1350/1350/1350
f 1351/1351/1351 1352/1352/1352 1353/1353/1353
f 1354/1354/1354 1355/1355/1355 1356/1356/1356
f 1357/1357/1357 1358/1358/1358 1359/1359/1359
f 1360/1360/1360 1361/1361/1361 1362/1362/1362
f 1363/1363/1363 1364/1364/1364 1365/1365/1365
f 1366/1366/1366 1367/1367/1367 1368/1368/1368
f 1369/1369/1369 1370/1370/1370 1371/1371/1371
f 1372/1372/1372 1373/1373/1373 1374/1374/1374
f 1375/1375/1375 1376/1376/1376 1377/1377/1377
f 1378/1378/1378 1379/1379/1379 1380/1380/1380
f 1381/1381/1381 1382/1382/1382 1383/1383/1383
f 1384/1384/1384 1385/1385/1385 1386/1386/1386
f 1387/1387/1387 1388/1388/1388 1389/1389/1389
f 1390/1390/1390 1391/1391/1391 1392/1392/1392
f 1393/1393/1393 1394/1394/1394 1395/1395/1395
f 1396/1396/1396 1397/1397/1397 1398/1398/1398
f 1399/1399/1399 1400/1400/1400 1401/1401/1401
f 1402/1402/1402 1403/1403/1403 1404/1404/1404
f 1405/1405/1405 1406/1406/1406 1407/1407/1407
f 1408/1408/1408 1409/1409/1409 1410/1410/1410
f 1411/1411/1411 1412/1412/1412 1413/1413/1413
f 1414/1414/1414 1415/1415/1415 1416/1416/1416
f 1417/1417/1417 1418/1418/1418 1419/1419/1419
f 1420/1420/1420 1421/1421/1421 1422/1422/1422
f 1423/1423/1423 1424/1424/1424 1425/1425/1425
f 1426/1426/1426 1427/1427/1427 1428/1428/1428
f 1429/1429/1429 1430/1430/1430 1431/1431/1431
f 1432/1432/1432 1433/1433/1433 1434/1434/1434
f 1435/1435/1435 1436/1436/1436 1437/1437/1437
f 1438/1438/1438 1439/1439/1439 1440/1440/1440
f 1441/1441/1441 1442/1442/1442 1443/1443/1443
f 1444/1444/1444 1445/1445/1445 1446/1446/1446
f 1447/1447/1447 1448/1448/1448 1449/1449/1449
f 1450/1450/1450 1451/1451/1451 1452/1452/1452
f 1453/1453/1453 1454/1454/1454 1455/1455/1455
f 1456/1456/1456 1457/1457/1457 1458/1458/1458
f 1459/1459/1459 1460/1460/1460 1461/1461/1461
f 1462/1462/1462 1463/1463/1463 1464/1464/1464
f 1465/1465/1465 1466/1466/1466 1467/1467/1467
f 1468/1468/1468 1469/1469/1469 1470/1470/1470
f 1471/1471/1471 1472/1472/1472 1473/1473/1473
f 1474/1474/1474 1475/1475/1475 1476/1476/1476
f 1477/1477/1477 1478/1478/1478 1479/1479/1479
f 1480/1480/1480 1481/1481/1481 1482/1482/1482
f 1483/1483/1483 1484/1484/1484 1485/1485/1485
f 1486/1486/1486 1487/1487/1487 1488/1488/1488
f 1489/1489/1489 1490/1490/1490 1491/1491/1491
f 1492/1492/1492 1493/1493/1493 1494/1494/1494
f 1495/1495/1495 1496/1496/1496 1497/1497/1497
f 1498/1498/1498 1499/1499/1499 1500/1500/1500
f 1501/1501/1501 1502/1502/1502 1503/1503/1503
f 1504/1504/1504 1505/1505/1505 1506/1506/1506
f 1507/1507/1507 1508/1508/1508 1509/1509/1509
f 1510/1510/1510 1511/1511/1511 1512/1512/1512
f 1513/1513/1513 1514/1514/1514 1515/1515/1515
f 1516/1516/1516 1517/1517/1517 1518/1518/1518
f 1519/1519/1519 1520/1520/1520 1521/1521/1521
f 1522/1522/1522 1523/1523/1523 1524/1524/1524
f 1525/1525/1525 1526/1526/1526 1527/1527/1527
f 1528/1528/1528 1529/1529/1529 1530/1530/1530
f 1531/1531/1531 1532/1532/1532 1533/1533/1533
f 1534/1534/1534 1535/1535/1535 1536/1536/1536
f 1537/1537/1537 1538/1538/1538 1539/1539/1539
f 1540/1540/1540 1541/1541/1541 1542/1542/1542
f 1543/1543/1543 1544/1544/1544 1545/1545/1545
f 1546/1546/1546 1547/1547/1547 1548/1548/1548
f 1549/1549/1549 1550/1550/1550 1551/1551/1551
f 1552/1552/1552 1553/1553/1553 1554/1554/1554
f 1555/1555/1555 1556/1556/1556 1557/1557/1557
f 1558/1558/1558 1559/1559/1559 1560/1560/1560
f 1561/1561/1561 1562/1562/1562 1563/1563/1563
f 1564/1564/1564 1565/1565/1565 1566/1566/1566
f 1567/1567/1567 1568/1568/1568 1569/1569/1569
f 1570/1570/1570 1571/1571/1571 1572/1572/1572
f 1573/1573/1573 1574/1574/1574 1575/1575/1575
f 1576/1576/1576 1577/1577/1577 1578/1578/1578
f 1579/1579/1579 1580/1580/1580 1581/1581/1581
f 1582/1582/1582 1583/1583/1583 1584/1584/1584
f 1585/1585/1585 1586/1586/1586 1587/1587/1587
f 1588/1588/1588 1589/1589/1589 1590/1590/1590
f 1591/1591/1591 1592/1592/1592 1593/1593/1593
f 1594/1594/1594 1595/1595/1595 1596/1596/1596
f 1597/1597/1597 1598/1598/1598 1599/1599/1599
f 1600/1600/1600 1601/1601/1601 1602/1602/1602
f 1603/1603/1603 1604/1604/1604 1605/1605/1605
f 1606/1606/1606 1607/1607/1607 1608/1608/1608
f 1609/1609/1609 1610/1610/1610 1611/1611/1611
f 1612/1612/1612 1613/1613/1613 1614/1614/1614
f 1615/1615/1615 1616/1616/1616 1617/1617/1617
f 1618/1618/1618 1619/1619/1619 1620/1620/1620
f 1621/1621/1621 1622/1622/1622 1623/1623/1623
f 1624/1624/1624 1625/1625/1625 1626/1626/1626
f 1627/1627/1627 1628/1628/1628 1629/1629/1629
f 1630/1630/1630 1631/1631/1631 1632/1632/1632
f 1633/1633/1633 1634/1634/1634 1635/1635/1635
f 1636/1636/1636 1637/1637/1637 1638/1638/1638
f 1639/1639/1639 1640/1640/1640 1641/1641/1641
f 1642/1642/1642 1643/1643/1643 1644/1644/1644
f 1645/1645/1645 1646/1646/1646 1647/1647/1647
f 1648/1648/1648 1649/1649/1649 1650/1650/1650
f 1651/1651/1651 1652/1652/1652 1653/1653/1653
f 1654/1654/1654 1655/1655/1655 1656/1656/1656
f 1657/1657/1657 1658/1658/1658 1659/1659/1659
f 1660/1660/1660 1661/1661/1661 1662/1662/1662
f 1663/1663/1663 1664/1664/1664 1665/1665/1665
f 1666/1666/1666 1667/1667/1667 1668/1668/1668
f 1669/1669/1669 1670/1670/1670 1671/1671/1671
f 1672/1672/1672 1673/1673/1673 1674/1674/1674
f 1675/1675/1675 1676/1676/1676 1677/1677/1677
f 1678/1678/1678 1679/1679/1679 1680/1680/1680
f 1681/1681/1681 1682/1682/1682 1683/1683/1683
f 1684/1684/1684 1685/1685/1685 1686/1686/1686
f 1687/1687/1687 1688/1688/1688 1689/1689/1689
f 1690/1690/1690 1691/1691/1691 1692/1692/1692
f 1693/1693/1693 1694/1694/1694 1695/1695/1695
f 1696/1696/1696 1697/1697/1697 1698/1698/1698
f 1699/1699/1699 1700/1700/1700 1701/1701/1701
f 1702/1702/1702 1703/1703/1703 1704/1704/1704
f 1705/1705/1705 1706/1706/1706 1707/1707/1707
f 1708/1708/1708 1709/1709/1709 1710/1710/1710
f 1711/1711/1711 1712/1712/1712 1713/1713/1713
f 1714/1714/1714 1715/1715/1715 1716/1716/1716
f 1717/1717/1717 1718/1718/1718 1719/1719/1719
f 1720/1720/1720 1721/1721/1721 1722/1722/1722
f 1723/1723/1723 1724/1724/1724 1725/1725/1725
f 1726/1726/1726 1727/1727/1727 1728/1728/1728
f 1729/1729/1729 1730/1730/1730 1731/1731/1731
f 1732/1732/1732 1733/1733/1733 1734/1734/1734
f 1735/1735/1735 1736/1736/1736 1737/1737/1737
f 1738/1738/1738 1739/1739/1739 1740/1740/1740
f 1741/1741/1741 1742/1742/1742 1743/1743/1743
f 1744/1744/1744 1745/1745/1745 1746/1746/1746
f 1747/1747/1747 1748/1748/1748 1749/1749/1749
f 1750/1750/1750 1751/1751/1751 1752/1752/1752
f 1753/1753/1753 1754/1754/1754 1755/1755/1755
f 1756/1756/1756 1757/1757/1757 1758/1758/1758
f 1759/1759/1759 1760/1760/1760 1761/1761/1761
f 1762/1762/1762 1763/1763/1763 1764/1764/1764
f 1765/1765/1765 1766/1766/1766 1767/1767/1767
f 1768/1768/1768 1769/1769/1769 1770/1770/1770
f 1771/1771/1771 1772/1772/1772 1773/1773/1773
f 1774/1774/1774 1775/1775/1775 1776/1776/1776
f 1777/1777/1777 1778/1778/1778 1779/1779/1779
f 1780/1780/1780 1781/1781/1781 1782/1782/1782
f 1783/1783/1783 1784/1784/1784 1785/1785/1785
f 1786/1786/1786 1787/1787/1787 1788/1788/1788
f 1789/1789/1789 1790/1790/1790 1791/1791/1791
f 1792/1792/1792 1793/1793/1793 1794/1794/1794
f 1795/1795/1795 1796/1796/1796 1797/1797/1797
f 1798/1798/1798 1799/1799/1799 1800/1800/1800
f 1801/1801/1801 1802/1802/1802 1803/1803/1803
f 1804/1804/1804 1805/1805/1805 1806/1806/1806
f 1807/1807/1807 1808/1808/1808 1809/1809/1809
f 1810/1810/1810 1811/1811/1811 1812/1812/1812
f 1813/1813/1813 1814/1814/1814 1815/1815/1815
f 1816/1816/1816 1817/1817/1817 1818/1818/1818
f 1819/1819/1819 1820/1820/1820 1821/1821/1821
f 1822/1822/1822 1823/1823/1823 1824/1824/1824
f 1825/1825/1825 1826/1826/1826 1827/1827/1827
f 1828/1828/1828 1829/1829/1829 1830/1830/1830
f 1831/1831/1831 1832/1832/1832 1833/1833/1833
f 1834/1834/1834 1835/1835/1835 1836/1836/1836
f 1837/1837/1837 1838/1838/1838 1839/1839/1839
f 1840/1840/1840 1841/1841/1841 1842/1842/1842
f 1843/1843/1843 1844/1844/1844 1845/1845/1845
f 1846/1846/1846 1847/1847/1847 1848/1848/1848
f 1849/1849/1849 1850/1850/1850 1851/1851/1851
f 1852/1852/1852 1853/1853/1853 1854/1854/1854
f 1855/1855/1855 1856/1856/1856 1857/1857/1857
f 1858/1858/1858 1859/1859/1859 1860/1860/1860
f 1861/1861/1861 1862/1862/1862 1863/1863/1863
f 1864/1864/1864 1865/1865/1865 1866/1866/1866
f 1867/1867/1867 1868/1868/1868 1869/1869/1869
f 1870/1870/1870 1871/1871/1871 1872/1872/1872
f 1873/1873/1873 1874/1874/1874 1875/1875/1875
f 1876/1876/1876 1877/1877/1877 1878/1878/1878
f 1879/1879/1879 1880/1880/1880 1881/1881/1881
f 1882/1882/1882 1883/1883/1883 1884/1884/1884
f 1885/1885/1885 1886/1886/1886 1887/1887/1887
f 1888/1888/1888 1889/1889/1889 1890/1890/1890
f 1891/1891/1891 1892/1892/1892 1893/1893/1893
f 1894/1894/1894 1895/1895/1895 1896/1896/1896
f 1897/1897/1897 1898/1898/1898 1899/1899/1899
f 1900/1900/1900 1901/1901/1901 1902/1902/1902
f 1903/1903/1903 1904/1904/1904 1905/1905/1905
f 1906/1906/1906 1907/1907/1907 1908/1908/1908
f 1909/1909/1909 1910/1910/1910 1911/1911/1911
f 1912/1912/1912 1913/1913/1913 1914/1914/1914
f 1915/1915/1915 1916/1916/1916 1917/1917/1917
f 1918/1918/1918 1919/1919/1919 1920/1920/1920
f 1921/1921/1921 1922/1922/1922 1923/1923/1923
f 1924/1924/1924 1925/1925/1925 1926/1926/1926
f 1927/1927/1927 1928/1928/1928 1929/1929/1929
f 1930/1930/1930 1931/1931/1931 1932/1932/1932
f 1933/1933/1933 1934/1934/1934 1935/1935/1935
f 1936/1936/1936 1937/1937/1937 1938/1938/1938
f 1939/1939/1939 1940/1940/1940 1941/1941/1941
f 1942/1942/1942 1943/1943/1943 1944/1944/1944
f 1945/1945/1945 1946/1946/1946 1947/1947/1947
f 1948/1948/1948 1949/1949/1949 1950/1950/1950
f 1951/1951/1951 1952/1952/1952 1953/1953/1953
f 1954/1954/1954 1955/1955/1955 1956/1956/1956
f 1957/1957/1957 1958/1958/1958 1959/1959/1959
f 1960/1960/1960 1961/1961/1961 1962/1962/1962
f 1963/1963/1963 1964/1964/1964 1965/1965/1965
f 1966/1966/1966 1967/1967/1967 1968/1968/1968
f 1969/1969/1969 1970/1970/1970 1971/1971/1971
f 1972/1972/1972 1973/1973/1973 1974/1974/1974
f 1975/1975/1975 1976/1976/1976 1977/1977/1977
f 1978/1978/1978 1979/1979/1979 1980/1980/1980
f 1981/1981/1981 1982/1982/1982 1983/1983/1983
f 1984/1984/1984 1985/1985/1985 1986/1986/1986
f 1987/1987/1987 1988/1988/1988 1989/1989/1989
f 1990/1990/1990 1991/1991/1991 1992/1992/1992
f 1993/1993/1993 1994/1994/1994 1995/1995/1995
f 1996/1996/1996 1997/1997/1997 1998/1998/1998
f 1999/1999/1999 2000/2000/2000 2001/2001/2001
f 2002/2002/2002 2003/2003/2003 2004/2004/2004
f 2005/2005/2005 2006/2006/2006 2007/2007/2007
f 2008/2008/2008 2009/2009/2009 2010/2010/2010
f 2011/2011/2011 2012/2012/2012 2013/2013/2013
f 2014/2014/2014 2015/2015/2015 2016/2016/2016
f 2017/2017/2017 2018/2018/2018 2019/2019/2019
f 2020/2020/2020 2021/2021/2021 2022/2022/2022
f 2023/2023/2023 2024/2024/2024 2025/2025/2025
f 2026/2026/2026 2027/2027/2027 2028/2028/2028
f 2029/2029/2029 2030/2030/2030 2031/2031/2031
f 2032/2032/2032 2033/2033/2033 2034/2034/2034
f 2035/2035/2035 2036/2036/2036 2037/2037/2037
f 2038/2038/2038 2039/2039/2039 2040/2040/2040
f 2041/2041/2041 2042/2042/2042 2043/2043/2043
f 2044/2044/2044 2045/2045/2045 2046/2046/2046
f 2047/2047/2047 2048/2048/2048 2049/2049/2049
f 2050/2050/2050 2051/2051/2051 2052/2052/2052
f 2053/2053/2053 2054/2054/2054 2055/2055/2055
f 2056/2056/2056 2057/2057/2057 2058/2058/2058
f 2059/2059/2059 2060/2060/2060 2061/2061/2061
f 2062/2062/2062 2063/2063/2063 2064/2064/2064
f 2065/2065/2065 2066/2066/2066 2067/2067/2067
f 2068/2068/2068 2069/2069/2069 2070/2070/2070
f 2071/2071/2071 2072/2072/2072 2073/2073/2073
f 2074/2074/2074 2075/2075/2075 2076/2076/2076
f 2077/2077/2077 2078/2078/2078 2079/2079/2079
f 2080/2080/2080 2081/2081/2081 2082/2082/2082
f 2083/2083/2083 2084/2084/2084 2085/2085/2085
f 2086/2086/2086 2087/2087/2087 2088/2088/2088
f 2089/2089/2089 2090/2090/2090 2091/2091/2091
f 2092/2092/2092 2093/2093/2093 2094/2094/2094
f 2095/2095/2095 2096/2096/2096 2097/2097/2097
f 2098/2098/2098 2099/2099/2099 2100/2100/2100
f 2101/2101/2101 2102/2102/2102 2103/2103/2103
f 2104/2104/2104 2105/2105/2105 2106/2106/2106
f 2107/2107/2107 2108/2108/2108 2109/2109/2109
f 2110/2110/2110 2111/2111/2111 2112/2112/2112
f 2113/2113/2113 2114/2114/2114 2115/2115/2115
f 2116/2116/2116 2117/2117/2117 2118/2118/2118
f 2119/2119/2119 2120/2120/2120 2121/2121/2121
f 2122/2122/2122 2123/2123/2123 2124/2124/2124
f 2125/2125/2125 2126/2126/2126 2127/2127/2127
f 2128/2128/2128 2129/2129/2129 2130/2130/2130
f 2131/2131/2131 2132/2132/2132 2133/2133/2133
f 2134/2134/2134 2135/2135/2135 2136/2136/2136
f 2137/2137/2137 2138/2138/2138 2139/2139/2139
f 2140/2140/2140 2141/2141/2141 2142/2142/2142
f 2143/2143/2143 2144/2144/2144 2145/2145/2145
f 2146/2146/2146 2147/2147/2147 2148/2148/2148
f 2149/2149/2149 2150/2150/2150 2151/2151/2151
f 2152/2152/2152 2153/2153/2153 2154/2154/2154
f 2155/2155/2155 2156/2156/2156 2157/2157/2157
f 2158/2158/2158 2159/2159/2159 2160/2160/2160
f 2161/2161/2161 2162/2162/2162 2163/2163/2163
f 2164/2164/2164 2165/2165/2165 2166/2166/2166
f 2167/2167/2167 2168/2168/2168 2169/2169/2169
f 2170/2170/2170 2171/2171/2171 2172/2172/2172
f 2173/2173/2173 2174/2174/2174 2175/2175/2175
f 2176/2176/2176 2177/2177/2177 2178/2178/2178
f 2179/2179/2179 2180/2180/2180 2181/2181/2181
f 2182/2182/2182 2183/2183/2183 2184/2184/2184
f 2185/2185/2185 2186/2186/2186 2187/2187/2187
f 2188/2188/2188 2189/2189/2189 2190/2190/2190
f 2191/2191/2191 2192/2192/2192 2193/2193/2193
f 2194/2194/2194 2195/2195/2195 2196/2196/2196
f 2197/2197/2197 2198/2198/2198 2199/2199/2199
f 2200/2200/2200 2201/2201/2201 2202/2202/2202
f 2203/2203/2203 2204/2204/2204 2205/2205/2205
f 2206/2206/2206 2207/2207/2207 2208/2208/2208
f 2209/2209/2209 2210/2210/2210 2211/2211/2211
f 2212/2212/2212 2213/2213/2213 2214/2214/2214
f 2215/2215/2215 2216/2216/2216 2217/2217/2217
f 2218/2218/2218 2219/2219/2219 2220/2220/2220
f 2221/2221/2221 2222/2222/2222 2223/2223/2223
f 2224/2224/2224 2225/2225/2225 2226/2226/2226
f 2227/2227/2227 2228/2228/2228 2229/2229/2229
f 2230/2230/2230 2231/2231/2231 2232/2232/2232
f 2233/2233/2233 2234/2234/2234 2235/2235/2235
f 2236/2236/2236 2237/2237/2237 2238/2238/2238
f 2239/2239/2239 2240/2240/2240 2241/2241/2241
f 2242/2242/2242 2243/2243/2243 2244/2244/2244
f 2245/2245/2245 2246/2246/2246 2247/2247/2247
f 2248/2248/2248 2249/2249/2249 2250/2250/2250
f 2251/2251/2251 2252/2252/2252 2253/2253/2253
f 2254/2254/2254 2255/2255/2255 2256/2256/2256
f 2257/2257/2257 2258/2258/2258 2259/2259/2259
f 2260/2260/2260 2261/2261/2261 2262/2262/2262
f 2263/2263/2263 2264/2264/2264 2265/2265/2265
f 2266/2266/2266 2267/2267/2267 2268/2268/2268
f 2269/2269/2269 2270/2270/2270 2271/2271/2271
f 2272/2272/2272 2273/2273/2273 2274/2274/2274
f 2275/2275/2275 2276/2276/2276 2277/2277/2277
f 2278/2278/2278 2279/2279/2279 2280/2280/2280
f 2281/2281/2281 2282/2282/2282 2283/2283/2283
f 2284/2284/2284 2285/2285/2285 2286/2286/2286
f 2287/2287/2287 2288/2288/2288 2289/2289/2289
f 2290/2290/2290 2291/2291/2291 2292/2292/2292
f 2293/2293/2293 2294/2294/2294 2295/2295/2295
f 2296/2296/2296 2297/2297/2297 2298/2298/2298
f 2299/2299/2299 2300/2300/2300 2301/2301/2301
f 2302/2302/2302 2303/2303/2303 2304/2304/2304
f 2305/2305/2305 2306/2306/2306 2307/2307/2307
f 2308/2308/2308 2309/2309/2309 2310/2310/2310
f 2311/2311/2311 2312/2312/2312 2313/2313/2313
f 2314/2314/2314 2315/2315/2315 2316/2316/2316
f 2317/2317/2317 2318/2318/2318 2319/2319/2319
f 2320/2320/2320 2321/2321/2321 2322/2322/2322
f 2323/2323/2323 2324/2324/2324 2325/2325/2325
f 2326/2326/2326 2327/2327/2327 2328/2328/2328
f 2329/2329/2329 2330/2330/2330 2331/2331/2331
f 2332/2332/2332 2333/2333/2333 2334/2334/2334
f 2335/2335/2335 2336/2336/2336 2337/2337/2337
f 2338/2338/2338 2339/2339/2339 2340/2340/2340
f 2341/2341/2341 2342/2342/2342 2343/2343/2343
f 2344/2344/2344 2345/2345/2345 2346/2346/2346
f 2347/2347/2347 2348/2348/2348 2349/2349/2349
f 2350/2350/2350 2351/2351/2351 2352/2352/2352
f 2353/2353/2353 2354/2354/2354 2355/2355/2355
f 2356/2356/2356 2357/2357/2357 2358/2358/2358
f 2359/2359/2359 2360/2360/2360 2361/2361/2361
f 2362/2362/2362 2363/2363/2363 2364/2364/2364
f 2365/2365/2365 2366/2366/2366 2367/2367/2367
f 2368/2368/2368 2369/2369/2369 2370/2370/2370
f 2371/2371/2371 2372/2372/2372 2373/2373/2373
f 2374/2374/2374 2375/2375/2375 2376/2376/2376
f 2377/2377/2377 2378/2378/2378 2379/2379/2379
f 2380/2380/2380 2381/2381/2381 2382/2382/2382
f 2383/2383/2383 2384/2384/2384 2385/2385/2385
f 2386/2386/2386 2387/2387/2387 2388/2388/2388
f 2389/2389/2389 2390/2390/2390 2391/2391/2391
f 2392/2392/2392 2393/2393/2393 2394/2394/2394
f 2395/2395/2395 2396/2396/2396 2397/2397/2397
f 2398/2398/2398 2399/2399/2399 2400/2400/2400
f 2401/2401/2401 2402/2402/2402 2403/2403/2403
f 2404/2404/2404 2405/2405/2405 2406/2406/2406
f 2407/2407/2407 2408/2408/2408 2409/2409/2409
f 2410/2410/2410 2411/2411/2411 2412/2412/2412
f 2413/2413/2413 2414/2414/2414 2415/2415/2415
f 2416/2416/2416 2417/2417/2417 2418/2418/2418
f 2419/2419/2419 2420/2420/2420 2421/2421/2421
f 2422/2422/2422 2423/2423/2423 2424/2424/2424
f 2425/2425/2425 2426/2426/2426 2427/2427/2427
f 2428/2428/2428 2429/2429/2429 2430/2430/2430
f 2431/2431/2431 2432/2432/2432 2433/2433/2433
f 2434/2434/2434 2435/2435/2435 2436/2436/2436
f 2437/2437/2437 2438/2438/2438 2439/2439/2439
f 2440/2440/2440 2441/2441/2441 2442/2442/2442
f 2443/2443/2443 2444/2444/2444 2445/2445/2445
f 2446/2446/2446 2447/2447/2447 2448/2448/2448
f 2449/2449/2449 2450/2450/2450 2451/2451/2451
f 2452/2452/2452 2453/2453/2453 2454/2454/2454
f 2455/2455/2455 2456/2456/2456 2457/2457/2457
f 2458/2458/2458 2459/2459/2459 2460/2460/2460
f 2461/2461/2461 2462/2462/2462 2463/2463/2463
f 2464/2464/2464 2465/2465/2465 2466/2466/2466
f 2467/2467/2467 2468/2468/2468 2469/2469/2469
f 2470/2470/2470 2471/2471/2471 2472/2472/2472
f 2473/2473/2473 2474/2474/2474 2475/2475/2475
f 2476/2476/2476 2477/2477/2477 2478/2478/2478
f 2479/2479/2479 2480/2480/2480 2481/2481/2481
f 2482/2482/2482 2483/2483/2483 2484/2484/2484
f 2485/2485/2485 2486/2486/2486 2487/2487/2487
f 2488/2488/2488 2489/2489/2489 2490/2490/2490
f 2491/2491/2491 2492/2492/2492 2493/2493/2493
f 2494/2494/2494 2495/2495/2495 2496/2496/2496
f 2497/2497/2497 2498/2498/2498 2499/2499/2499
f 2500/2500/2500 2501/2501/2501 2502/2502/2502
f 2503/2503/2503 2504/2504/2504 2505/2505/2505
f 2506/2506/2506 2507/2507/2507 2508/2508/2508
f 2509/2509/2509 2510/2510/2510 2511/2511/2511
f 2512/2512/2512 2513/2513/2513 2514/2514/2514
f 2515/2515/2515 2516/2516/2516 2517/2517/2517
f 2518/2518/2518 2519/2519/2519 2520/2520/2520
f 2521/2521/2521 2522/2522/2522 2523/2523/2523
f 2524/2524/2524 2525/2525/2525 2526/2526/2526
f 2527/2527/2527 2528/2528/2528 2529/2529/2529
f 2530/2530/2530 2531/2531/2531 2532/2532/2532
f 2533/2533/2533 2534/2534/2534 2535/2535/2535
f 2536/2536/2536 2537/2537/2537 2538/2538/2538
f 2539/2539/2539 2540/2540/2540 2541/2541/2541
f 2542/2542/2542 2543/2543/2543 2544/2544/2544
f 2545/2545/2545 2546/2546/2546 2547/2547/2547
f 2548/2548/2548 2549/2549/2549 2550/2550/2550
f 2551/2551/2551 2552/2552/2552 2553/2553/2553
f 2554/2554/2554 2555/2555/2555 2556/2556/2556
f 2557/2557/2557 2558/2558/2558 2559/2559/2559
f 2560/2560/2560 2561/2561/2561 2562/2562/2562
f 2563/2563/2563 2564/2564/2564 2565/2565/2565
f 2566/2566/2566 2567/2567/2567 2568/2568/2568
f 2569/2569/2569 2570/2570/2570 2571/2571/2571
f 2572/2572/2572 2573/2573/2573 2574/2574/2574
f 2575/2575/2575 2576/2576/2576 2577/2577/2577
f 2578/2578/2578 2579/2579/2579 2580/2580/2580
f 2581/2581/2581 2582/2582/2582 2583/2583/2583
f 2584/2584/2584 2585/2585/2585 2586/2586/2586
f 2587/2587/2587 2588/2588/2588 2589/2589/2589
f 2590/2590/2590 2591/2591/2591 2592/2592/2592
f 2593/2593/2593 2594/2594/2594 2595/2595/2595
f 2596/2596/2596 2597/2597/2597 2598/2598/2598
f 2599/2599/2599 2600/2600/2600 2601/2601/2601
f 2602/2602/2602 2603/2603/2603 2604/2604/2604
f 2605/2605/2605 2606/2606/2606 2607/2607/2607
f 2608/2608/2608 2609/2609/2609 2610/2610/2610
f 2611/2611/2611 2612/2612/2612 2613/2613/2613
f 2614/2614/2614 2615/2615/2615 2616/2616/2616
f 2617/2617/2617 2618/2618/2618 2619/2619/2619
f 2620/2620/2620 2621/2621/2621 2622/2622/2622
f 2623/2623/2623 2624/2624/2624 2625/2625/2625
f 2626/2626/2626 2627/2627/2627 2628/2628/2628
f 2629/2629/2629 2630/2630/2630 2631/2631/2631
f 2632/2632/2632 2633/2633/2633 2634/2634/2634
f 2635/2635/2635 2636/2636/2636 2637/2637/2637
f 2638/2638/2638 2639/2639/2639 2640/2640/2640
f 2641/2641/2641 2642/2642/2642 2643/2643/2643
f 2644/2644/2644 2645/2645/2645 2646/2646/2646
f 2647/2647/2647 2648/2648/2648 2649/2649/2649
f 2650/2650/2650 2651/2651/2651 2652/2652/2652
f 2653/2653/2653 2654/2654/2654 2655/2655/2655
f 2656/2656/2656 2657/2657/2657 2658/2658/2658
f 2659/2659/2659 2660/2660/2660 2661/2661/2661
f 2662/2662/2662 2663/2663/2663 2664/2664/2664
f 2665/2665/2665 2666/2666/2666 2667/2667/2667
f 2668/2668/2668 2669/2669/2669 2670/2670/2670
f 2671/2671/2671 2672/2672/2672 2673/2673/2673
f 2674/2674/2674 2675/2675/2675 2676/2676/2676
f 2677/2677/2677 2678/2678/2678 2679/2679/2679
f 2680/2680/2680 2681/2681/2681 2682/2682/2682
f 2683/2683/2683 2684/2684/2684 2685/2685/2685
f 2686/2686/2686 2687/2687/2687 2688/2688/2688
usemtl chrome
f 2689/2689/2689 2690/2690/2690 2691/2691/2691
f 2692/2692/2692 2693/2693/2693 2694/2694/2694
f 2695/2695/2695 2696/2696/2696 2697/2697/2697
f 2698/2698/2698 2699/2699/2699 2700/2700/2700
f 2701/2701/2701 2702/2702/2702 2703/2703/2703
f 2704/2704/2704 2705/2705/2705 2706/2706/2706
f 2707/2707/2707 2708/2708/2708 2709/2709/2709
f 2710/2710/2710 2711/2711/2711 2712/2712/2712
f 2713/2713/2713 2714/2714/2714 2715/2715/2715
f 2716/2716/2716 2717/2717/2717 2718/2718/2718
f 2719/2719/2719 2720/2720/2720 2721/2721/2721
f 2722/2722/2722 2723/2723/2723 2724/2724/2724
f 2725/2725/2725 2726/2726/2726 2727/2727/2727
f 2728/2728/2728 2729/2729/2729 2730/2730/2730
f 2731/2731/2731 2732/2732/2732 2733/2733/2733
f 2734/2734/2734 2735/2735/2735 2736/2736/2736
f 2737/2737/2737 2738/2738/2738 2739/2739/2739
f 2740/2740/2740 2741/2741/2741 2742/2742/2742
f 2743/2743/2743 2744/2744/2744 2745/2745/2745
f 2746/2746/2746 2747/2747/2747 2748/2748/2748
f 2749/2749/2749 2750/2750/2750 2751/2751/2751
f 2752/2752/2752 2753/2753/2753 2754/2754/2754
f 2755/2755/2755 2756/2756/2756 2757/2757/2757
f 2758/2758/2758 2759/2759/2759 2760/2760/2760
f 2761/2761/2761 2762/2762/2762 2763/2763/2763
f 2764/2764/2764 2765/2765/2765 2766/2766/2766
f 2767/2767/2767 2768/2768/2768 2769/2769/2769
f 2770/2770/2770 2771/2771/2771 2772/2772/2772
f 2773/2773/2773 2774/2774/2774 2775/2775/2775
f 2776/2776/2776 2777/2777/2777 2778/2778/2778
f 2779/2779/2779 2780/2780/2780 2781/2781/2781
f 2782/2782/2782 2783/2783/2783 2784/2784/2784
f 2785/2785/2785 2786/2786/2786 2787/2787/2787
f 2788/2788/2788 2789/2789/2789 2790/2790/2790
f 2791/2791/2791 2792/2792/2792 2793/2793/2793
f 2794/2794/2794 2795/2795/2795 2796/2796/2796
f 2797/2797/2797 2798/2798/2798 2799/2799/2799
f 2800/2800/2800 2801/2801/2801 2802/2802/2802
f 2803/2803/2803 2804/2804/2804 2805/2805/2805
f 2806/2806/2806 2807/2807/2807 2808/2808/2808
f 2809/2809/2809 2810/2810/2810 2811/2811/2811
f 2812/2812/2812 2813/2813/2813 2814/2814/2814
f 2815/2815/2815 2816/2816/2816 2817/2817/2817
f 2818/2818/2818 2819/2819/2819 2820/2820/2820
f 2821/2821/2821 2822/2822/2822 2823/2823/2823
f 2824/2824/2824 2825/2825/2825 2826/2826/2826
f 2827/2827/2827 2828/2828/2828 2829/2829/2829
f 2830/2830/2830 2831/2831/2831 2832/2832/2832
f 2833/2833/2833 2834/2834/2834 2835/2835/2835
f 2836/2836/2836 2837/2837/2837 2838/2838/2838
f 2839/2839/2839 2840/2840/2840 2841/2841/2841
f 2842/2842/2842 2843/2843/2843 2844/2844/2844
f 2845/2845/2845 2846/2846/2846 2847/2847/2847
f 2848/2848/2848 2849/2849/2849 2850/2850/2850
f 2851/2851/2851 2852/2852/2852 2853/2853/2853
f 2854/2854/2854 2855/2855/2855 2856/2856/2856
f 2857/2857/2857 2858/2858/2858 2859/2859/2859
f 2860/2860/2860 2861/2861/2861 2862/2862/2862
f 2863/2863/2863 2864/2864/2864 2865/2865/2865
f 2866/2866/2866 2867/2867/2867 2868/2868/2868
f 2869/2869/2869 2870/2870/2870 2871/2871/2871
f 2872/2872/2872 2873/2873/2873 2874/2874/2874
f 2875/2875/2875 2876/2876/2876 2877/2877/2877
f 2878/2878/2878 2879/2879/2879 2880/2880/2880
f 2881/2881/2881 2882/2882/2882 2883/2883/2883
f 2884/2884/2884 2885/2885/2885 2886/2886/2886
f 2887/2887/2887 2888/2888/2888 2889/2889/2889
f 2890/2890/2890 2891/2891/2891 2892/2892/2892
f 2893/2893/2893 2894/2894/2894 2895/2895/2895
f 2896/2896/2896 2897/2897/2897 2898/2898/2898
f 2899/2899/2899 2900/2900/2900 2901/2901/2901
f 2902/2902/2902 2903/2903/2903 2904/2904/2904
f 2905/2905/2905 2906/2906/2906 2907/2907/2907
f 2908/2908/2908 2909/2909/2909 2910/2910/2910
f 2911/2911/2911 2912/2912/2912 2913/2913/2913
f 2914/2914/2914 2915/2915/2915 2916/2916/2916
f 2917/2917/2917 2918/2918/2918 2919/2919/2919
f 2920/2920/2920 2921/2921/2921 2922/2922/2922
f 2923/2923/2923 2924/2924/2924 2925/2925/2925
f 2926/2926/2926 2927/2927/2927 2928/2928/2928
f 2929/2929/2929 2930/2930/2930 2931/2931/2931
f 2932/2932/2932 2933/2933/2933 2934/2934/2934
f 2935/2935/2935 2936/2936/2936 2937/2937/2937
f 2938/2938/2938 2939/2939/2939 2940/2940/2940
f 2941/2941/2941 2942/2942/2942 2943/2943/2943
f 2944/2944/2944 2945/2945/2945 2946/2946/2946
f 2947/2947/2947 2948/2948/2948 2949/2949/2949
f 2950/2950/2950 2951/2951/2951 2952/2952/2952
f 2953/2953/2953 2954/2954/2954 2955/2955/2955
f 2956/2956/2956 2957/2957/2957 2958/2958/2958
f 2959/2959/2959 2960/2960/2960 2961/2961/2961
f 2962/2962/2962 2963/2963/2963 2964/2964/2964
f 2965/2965/2965 2966/2966/2966 2967/2967/2967
f 2968/2968/2968 2969/2969/2969 2970/2970/2970
f 2971/2971/2971 2972/2972/2972 2973/2973/2973
f 2974/2974/2974 2975/2975/2975 2976/2976/2976
f 2977/2977/2977 2978/2978/2978 2979/2979/2979
f 2980/2980/2980 2981/2981/2981 2982/2982/2982
f 2983/2983/2983 2984/2984/2984 2985/2985/2985
f 2986/2986/2986 2987/2987/2987 2988/2988/2988
f 2989/2989/2989 2990/2990/2990 2991/2991/2991
f 2992/2992/2992 2993/2993/2993 2994/2994/2994
f 2995/2995/2995 2996/2996/2996 2997/2997/2997
f 2998/2998/2998 2999/2999/2999 3000/3000/3000
f 3001/3001/3001 3002/3002/3002 3003/3003/3003
f 3004/3004/3004 3005/3005/3005 3006/3006/3006
f 3007/3007/3007 3008/3008/3008 3009/3009/3009
f 3010/3010/3010 3011/3011/3011 3012/3012/3012
f 3013/3013/3013 3014/3014/3014 3015/3015/3015
f 3016/3016/3016 3017/3017/3017 3018/3018/3018
f 3019/3019/3019 3020/3020/3020 3021/3021/3021
f 3022/3022/3022 3023/3023/3023 3024/3024/3024
f 3025/3025/3025 3026/3026/3026 3027/3027/3027
f 3028/3028/3028 3029/3029/3029 3030/3030/3030
f 3031/3031/3031 3032/3032/3032 3033/3033/3033
f 3034/3034/3034 3035/3035/3035 3036/3036/3036
f 3037/3037/3037 3038/3038/3038 3039/3039/3039
f 3040/3040/3040 3041/3041/3041 3042/3042/3042
f 3043/3043/3043 3044/3044/3044 3045/3045/3045
f 3046/3046/3046 3047/3047/3047 3048/3048/3048
f 3049/3049/3049 3050/3050/3050 3051/3051/3051
f 3052/3052/3052 3053/3053/3053 3054/3054/3054
f 3055/3055/3055 3056/3056/3056 3057/3057/3057
f 3058/3058/3058 3059/3059/3059 3060/3060/3060
f 3061/3061/3061 3062/3062/3062 3063/3063/3063
f 3064/3064/3064 3065/3065/3065 3066/3066/3066
f 3067/3067/3067 3068/3068/3068 3069/3069/3069
f 3070/3070/3070 3071/3071/3071 3072/3072/3072
f 3073/3073/3073 3074/3074/3074 3075/3075/3075
f 3076/3076/3076 3077/3077/3077 3078/3078/3078
f 3079/3079/3079 3080/3080/3080 3081/3081/3081
f 3082/3082/3082 3083/3083/3083 3084/3084/3084
f 3085/3085/3085 3086/3086/3086 3087/3087/3087
f 3088/3088/3088 3089/3089/3089 3090/3090/3090
f 3091/3091/3091 3092/3092/3092 3093/3093/3093
f 3094/3094/3094 3095/3095/3095 3096/3096/3096
f 3097/3097/3097 3098/3098/3098 3099/3099/3099
f 3100/3100/3100 3101/3101/3101 3102/3102/3102
f 3103/3103/3103 3104/3104/3104 3105/3105/3105
f 3106/3106/3106 3107/3107/3107 3108/3108/3108
f 3109/3109/3109 3110/3110/3110 3111/3111/3111
f 3112/3112/3112 3113/3113/3113 3114/3114/3114
f 3115/3115/3115 3116/3116/3116 3117/3117/3117
f 3118/3118/3118 3119/3119/3119 3120/3120/3120
f 3121/3121/3121 3122/3122/3122 3123/3123/3123
f 3124/3124/3124 3125/3125/3125 3126/3126/3126
f 3127/3127/3127 3128/3128/3128 3129/3129/3129
f 3130/3130/3130 3131/3131/3131 3132/3132/3132
f 3133/3133/3133 3134/3134/3134 3135/3135/3135
f 3136/3136/3136 3137/3137/3137 3138/3138/3138
f 3139/3139/3139 3140/3140/3140 3141/3141/3141
f 3142/3142/3142 3143/3143/3143 3144/3144/3144
f 3145/3145/3145 3146/3146/3146 3147/3147/3147
f 3148/3148/3148 3149/3149/3149 3150/3150/3150
f 3151/3151/3151 3152/3152/3152 3153/3153/3153
f 3154/3154/3154 3155/3155/3155 3156/3156/3156
f 3157/3157/3157 3158/3158/3158 3159/3159/3159
f 3160/3160/3160 3161/3161/3161 3162/3162/3162
f 3163/3163/3163 3164/3164/3164 3165/3165/3165
f 3166/3166/3166 3167/3167/3167 3168/3168/3168
f 3169/3169/3169 3170/3170/3170 3171/3171/3171
f 3172/3172/3172 3173/3173/3173 3174/3174/3174
f 3175/3175/3175 3176/3176/3176 3177/3177/3177
f 3178/3178/3178 3179/3179/3179 3180/3180/3180
f 3181/3181/3181 3182/3182/3182 3183/3183/3183
f 3184/3184/3184 3185/3185/3185 3186/3186/3186
f 3187/3187/3187 3188/3188/3188 3189/3189/3189
f 3190/3190/3190 3191/3191/3191 3192/3192/3192
f 3193/3193/3193 3194/3194/3194 3195/3195/3195
f 3196/3196/3196 3197/3197/3197 3198/3198/3198
f 3199/3199/3199 3200/3200/3200 3201/3201/3201
f 3202/3202/3202 3203/3203/3203 3204/3204/3204
f 3205/3205/3205 3206/3206/3206 3207/3207/3207
f 3208/3208/3208 3209/3209/3209 3210/3210/3210
f 3211/3211/3211 3212/3212/3212 3213/3213/3213
f 3214/3214/3214 3215/3215/3215 3216/3216/3216
f 3217/3217/3217 3218/3218/3218 3219/3219/3219
f 3220/3220/3220 3221/3221/3221 3222/3222/3222
f 3223/3223/3223 3224/3224/3224 3225/3225/3225
f 3226/3226/3226 3227/3227/3227 3228/3228/3228
f 3229/3229/3229 3230/3230/3230 3231/3231/3231
f 3232/3232/3232 3233/3233/3233 3234/3234/3234
f 3235/3235/3235 3236/3236/3236 3237/3237/3237
f 3238/3238/3238 3239/3239/3239 3240/3240/3240
f 3241/3241/3241 3242/3242/3242 3243/3243/3243
f 3244/3244/3244 3245/3245/3245 3246/3246/3246
f 3247/3247/3247 3248/3248/3248 3249/3249/3249
f 3250/3250/3250 3251/3251/3251 3252/3252/3252
f 3253/3253/3253 3254/3254/3254 3255/3255/3255
f 3256/3256/3256 3257/3257/3257 3258/3258/3258
f 3259/3259/3259 3260/3260/3260 3261/3261/3261
f 3262/3262/3262 3263/3263/3263 3264/3264/3264
f 3265/3265/3265 3266/3266/3266 3267/3267/3267
f 3268/3268/3268 3269/3269/3269 3270/3270/3270
f 3271/3271/3271 3272/3272/3272 3273/3273/3273
f 3274/3274/3274 3275/3275/3275 3276/3276/3276
f 3277/3277/3277 3278/3278/3278 3279/3279/3279
f 3280/3280/3280 3281/3281/3281 3282/3282/3282
f 3283/3283/3283 3284/3284/3284 3285/3285/3285
f 3286/3286/3286 3287/3287/3287 3288/3288/3288
f 3289/3289/3289 3290/3290/3290 3291/3291/3291
f 3292/3292/3292 3293/3293/3293 3294/3294/3294
f 3295/3295/3295 3296/3296/3296 3297/3297/3297
f 3298/3298/3298 3299/3299/3299 3300/3300/3300
f 3301/3301/3301 3302/3302/3302 3303/3303/3303
f 3304/3304/3304 3305/3305/3305 3306/3306/3306
f 3307/3307/3307 3308/3308/3308 3309/3309/3309
f 3310/3310/3310 3311/3311/3311 3312/3312/3312
f 3313/3313/3313 3314/3314/3314 3315/3315/3315
f 3316/3316/3316 3317/3317/3317 3318/3318/3318
f 3319/3319/3319 3320/3320/3320 3321/3321/3321
f 3322/3322/3322 3323/3323/3323 3324/3324/3324
f 3325/3325/3325 3326/3326/3326 3327/3327/3327
f 3328/3328/3328 3329/3329/3329 3330/3330/3330
f 3331/3331/3331 3332/3332/3332 3333/3333/3333
f 3334/3334/3334 3335/3335/3335 3336/3336/3336
f 3337/3337/3337 3338/3338/3338 3339/3339/3339
f 3340/3340/3340 3341/3341/3341 3342/3342/3342
f 3343/3343/3343 3344/3344/3344 3345/3345/3345
f 3346/3346/3346 3347/3347/3347 3348/3348/3348
f 3349/3349/3349 3350/3350/3350 3351/3351/3351
f 3352/3352/3352 3353/3353/3353 3354/3354/3354
f 3355/3355/3355 3356/3356/3356 3357/3357/3357
f 3358/3358/3358 3359/3359/3359 3360/3360/3360
f 3361/3361/3361 3362/3362/3362 3363/3363/3363
f 3364/3364/3364 3365/3365/3365 3366/3366/3366
f 3367/3367/3367 3368/3368/3368 3369/3369/3369
f 3370/3370/3370 3371/3371/3371 3372/3372/3372
f 3373/3373/3373 3374/3374/3374 3375/3375/3375
f 3376/3376/3376 3377/3377/3377 3378/3378/3378
f 3379/3379/3379 3380/3380/3380 3381/3381/3381
f 3382/3382/3382 3383/3383/3383 3384/3384/3384
f 3385/3385/3385 3386/3386/3386 3387/3387/3387
f 3388/3388/3388 3389/3389/3389 3390/3390/3390
f 3391/3391/3391 3392/3392/3392 3393/3393/3393
f 3394/3394/3394 3395/3395/3395 3396/3396/3396
f 3397/3397/3397 3398/3398/3398 3399/3399/3399
f 3400/3400/3400 3401/3401/3401 3402/3402/3402
f 3403/3403/3403 3404/3404/3404 3405/3405/3405
f 3406/3406/3406 3407/3407/3407 3408/3408/3408
f 3409/3409/3409 3410/3410/3410 3411/3411/3411
f 3412/3412/3412 3413/3413/3413 3414/3414/3414
f 3415/3415/3415 3416/3416/3416 3417/3417/3417
f 3418/3418/3418 3419/3419/3419 3420/3420/3420
f 3421/3421/3421 3422/3422/3422 3423/3423/3423
f 3424/3424/3424 3425/3425/3425 3426/3426/3426
f 3427/3427/3427 3428/3428/3428 3429/3429/3429
f 3430/3430/3430 3431/3431/3431 3432/3432/3432
f 3433/3433/3433 3434/3434/3434 3435/3435/3435
f 3436/3436/3436 3437/3437/3437 3438/3438/3438
f 3439/3439/3439 3440/3440/3440 3441/3441/3441
f 3442/3442/3442 3443/3443/3443 3444/3444/3444
f 3445/3445/3445 3446/3446/3446 3447/3447/3447
f 3448/3448/3448 3449/3449/3449 3450/3450/3450
f 3451/3451/3451 3452/3452/3452 3453/3453/3453
f 3454/3454/3454 3455/3455/3455 3456/3456/3456
f 3457/3457/3457 3458/3458/3458 3459/3459/3459
f 3460/3460/3460 3461/3461/3461 3462/3462/3462
f 3463/3463/3463 3464/3464/3464 3465/3465/3465
f 3466/3466/3466 3467/3467/3467 3468/3468/3468
f 3469/3469/3469 3470/3470/3470 3471/3471/3471
f 3472/3472/3472 3473/3473/3473 3474/3474/3474
f 3475/3475/3475 3476/3476/3476 3477/3477/3477
f 3478/3478/3478 3479/3479/3479 3480/3480/3480
f 3481/3481/3481 3482/3482/3482 3483/3483/3483
f 3484/3484/3484 3485/3485/3485 3486/3486/3486
f 3487/3487/3487 3488/3488/3488 3489/3489/3489
f 3490/3490/3490 3491/3491/3491 3492/3492/3492
f 3493/3493/3493 3494/3494/3494 3495/3495/3495
f 3496/3496/3496 3497/3497/3497 3498/3498/3498
f 3499/3499/3499 3500/3500/3500 3501/3501/3501
f 3502/3502/3502 3503/3503/3503 3504/3504/3504
f 3505/3505/3505 3506/3506/3506 3507/3507/3507
f 3508/3508/3508 3509/3509/3509 3510/3510/3510
f 3511/3511/3511 3512/3512/3512 3513/3513/3513
f 3514/3514/3514 3515/3515/3515 3516/3516/3516
f 3517/3517/3517 3518/3518/3518 3519/3519/3519
f 3520/3520/3520 3521/3521/3521 3522/3522/3522
f 3523/3523/3523 3524/3524/3524 3525/3525/3525
f 3526/3526/3526 3527/3527/3527 3528/3528/3528
f 3529/3529/3529 3530/3530/3530 3531/3531/3531
f 3532/3532/3532 3533/3533/3533 3534/3534/3534
f 3535/3535/3535 3536/3536/3536 3537/3537/3537
f 3538/3538/3538 3539/3539/3539 3540/3540/3540
f 3541/3541/3541 3542/3542/3542 3543/3543/3543
f 3544/3544/3544 3545/3545/3545 3546/3546/3546
f 3547/3547/3547 3548/3548/3548 3549/3549/3549
f 3550/3550/3550 3551/3551/3551 3552/3552/3552
f 3553/3553/3553 3554/3554/3554 3555/3555/3555
f 3556/3556/3556 3557/3557/3557 3558/3558/3558
f 3559/3559/3559 3560/3560/3560 3561/3561/3561
f 3562/3562/3562 3563/3563/3563 3564/3564/3564
f 3565/3565/3565 3566/3566/3566 3567/3567/3567
f 3568/3568/3568 3569/3569/3569 3570/3570/3570
f 3571/3571/3571 3572/3572/3572 3573/3573/3573
f 3574/3574/3574 3575/3575/3575 3576/3576/3576
f 3577/3577/3577 3578/3578/3578 3579/3579/3579
f 3580/3580/3580 3581/3581/3581 3582/3582/3582
f 3583/3583/3583 3584/3584/3584 3585/3585/3585
f 3586/3586/3586 3587/3587/3587 3588/3588/3588
f 3589/3589/3589 3590/3590/3590 3591/3591/3591
f 3592/3592/3592 3593/3593/3593 3594/3594/3594
f 3595/3595/3595 3596/3596/3596 3597/3597/3597
f 3598/3598/3598 3599/3599/3599 3600/3600/3600
f 3601/3601/3601 3602/3602/3602 3603/3603/3603
f 3604/3604/3604 3605/3605/3605 3606/3606/3606
f 3607/3607/3607 3608/3608/3608 3609/3609/3609
f 3610/3610/3610 3611/3611/3611 3612/3612/3612
f 3613/3613/3613 3614/3614/3614 3615/3615/3615
f 3616/3616/3616 3617/3617/3617 3618/3618/3618
f 3619/3619/3619 3620/3620/3620 3621/3621/3621
f 3622/3622/3622 3623/3623/3623 3624/3624/3624
f 3625/3625/3625 3626/3626/3626 3627/3627/3627
f 3628/3628/3628 3629/3629/3629 3630/3630/3630
f 3631/3631/3631 3632/3632/3632 3633/3633/3633
f 3634/3634/3634 3635/3635/3635 3636/3636/3636
f 3637/3637/3637 3638/3638/3638 3639/3639/3639
f 3640/3640/3640 3641/3641/3641 3642/3642/3642
f 3643/3643/3643 3644/3644/3644 3645/3645/3645
f 3646/3646/3646 3647/3647/3647 3648/3648/3648
f 3649/3649/3649 3650/3650/3650 3651/3651/3651
f 3652/3652/3652 3653/3653/3653 3654/3654/3654
f 3655/3655/3655 3656/3656/3656 3657/3657/3657
f 3658/3658/3658 3659/3659/3659 3660/3660/3660
f 3661/3661/3661 3662/3662/3662 3663/3663/3663
f 3664/3664/3664 3665/3665/3665 3666/3666/3666
f 3667/3667/3667 3668/3668/3668 3669/3669/3669
f 3670/3670/3670 3671/3671/3671 3672/3672/3672
f 3673/3673/3673 3674/3674/3674 3675/3675/3675
f 3676/3676/3676 3677/3677/3677 3678/3678/3678
f 3679/3679/3679 3680/3680/3680 3681/3681/3681
f 3682/3682/3682 3683/3683/3683 3684/3684/3684
f 3685/3685/3685 3686/3686/3686 3687/3687/3687
f 3688/3688/3688 3689/3689/3689 3690/3690/3690
f 3691/3691/3691 3692/3692/3692 3693/3693/3693
f 3694/3694/3694 3695/3695/3695 3696/3696/3696
f 3697/3697/3697 3698/3698/3698 3699/3699/3699
f 3700/3700/3700 3701/3701/3701 3702/3702/3702
f 3703/3703/3703 3704/3704/3704 3705/3705/3705
f 3706/3706/3706 3707/3707/3707 3708/3708/3708
f 3709/3709/3709 3710/3710/3710 3711/3711/3711
f 3712/3712/3712 3713/3713/3713 3714/3714/3714
f 3715/3715/3715 3716/3716/3716 3717/3717/3717
f 3718/3718/3718 3719/3719/3719 3720/3720/3720
f 3721/3721/3721 3722/3722/3722 3723/3723/3723
f 3724/3724/3724 3725/3725/3725 3726/3726/3726
f 3727/3727/3727 3728/3728/3728 3729/3729/3729
f 3730/3730/3730 3731/3731/3731 3732/3732/3732
f 3733/3733/3733 3734/3734/3734 3735/3735/3735
f 3736/3736/3736 3737/3737/3737 3738/3738/3738
f 3739/3739/3739 3740/3740/3740 3741/3741/3741
f 3742/3742/3742 3743/3743/3743 3744/3744/3744
f 3745/3745/3745 3746/3746/3746 3747/3747/3747
f 3748/3748/3748 3749/3749/3749 3750/3750/3750
f 3751/3751/3751 3752/3752/3752 3753/3753/3753
f 3754/3754/3754 3755/3755/3755 3756/3756/3756
f 3757/3757/3757 3758/3758/3758 3759/3759/3759
f 3760/3760/3760 3761/3761/3761 3762/3762/3762
f 3763/3763/3763 3764/3764/3764 3765/3765/3765
f 3766/3766/3766 3767/3767/3767 3768/3768/3768
f 3769/3769/3769 3770/3770/3770 3771/3771/3771
f 3772/3772/3772 3773/3773/3773 3774/3774/3774
f 3775/3775/3775 3776/3776/3776 3777/3777/3777
f 3778/3778/3778 3779/3779/3779 3780/3780/3780
f 3781/3781/3781 3782/3782/3782 3783/3783/3783
f 3784/3784/3784 3785/3785/3785 3786/3786/3786
f 3787/3787/3787 3788/3788/3788 3789/3789/3789
f 3790/3790/3790 3791/3791/3791 3792/3792/3792
f 3793/3793/3793 3794/3794/3794 3795/3795/3795
f 3796/3796/3796 3797/3797/3797 3798/3798/3798
f 3799/3799/3799 3800/3800/3800 3801/3801/3801
f 3802/3802/3802 3803/3803/3803 3804/3804/3804
f 3805/3805/3805 3806/3806/3806 3807/3807/3807
f 3808/3808/3808 3809/3809/3809 3810/3810/3810
f 3811/3811/3811 3812/3812/3812 3813/3813/3813
f 3814/3814/3814 3815/3815/3815 3816/3816/3816
f 3817/3817/3817 3818/3818/3818 3819/3819/3819
f 3820/3820/3820 3821/3821/3821 3822/3822/3822
f 3823/3823/3823 3824/3824/3824 3825/3825/3825
f 3826/3826/3826 3827/3827/3827 3828/3828/3828
f 3829/3829/3829 3830/3830/3830 3831/3831/3831
f 3832/3832/3832 3833/3833/3833 3834/3834/3834
f 3835/3835/3835 3836/3836/3836 3837/3837/3837
f 3838/3838/3838 3839/3839/3839 3840/3840/3840
f 3841/3841/3841 3842/3842/3842 3843/3843/3843
f 3844/3844/3844 3845/3845/3845 3846/3846/3846
f 3847/3847/3847 3848/3848/3848 3849/3849/3849
f 3850/3850/3850 3851/3851/3851 3852/3852/3852
f 3853/3853/3853 3854/3854/3854 3855/3855/3855
f 3856/3856/3856 3857/3857/3857 3858/3858/3858
f 3859/3859/3859 3860/3860/3860 3861/3861/3861
f 3862/3862/3862 3863/3863/3863 3864/3864/3864
f 3865/3865/3865 3866/3866/3866 3867/3867/3867
f 3868/3868/3868 3869/3869/3869 3870/3870/3870
f 3871/3871/3871 3872/3872/3872 3873/3873/3873
f 3874/3874/3874 3875/3875/3875 3876/3876/3876
f 3877/3877/3877 3878/3878/3878 3879/3879/3879
f 3880/3880/3880 3881/3881/3881 3882/3882/3882
f 3883/3883/3883 3884/3884/3884 3885/3885/3885
f 3886/3886/3886 3887/3887/3887 3888/3888/3888
f 3889/3889/3889 3890/3890/3890 3891/3891/3891
f 3892/3892/3892 3893/3893/3893 3894/3894/3894
f 3895/3895/3895 3896/3896/3896 3897/3897/3897
f 3898/3898/3898 3899/3899/3899 3900/3900/3900
f 3901/3901/3901 3902/3902/3902 3903/3903/3903
f 3904/3904/3904 3905/3905/3905 3906/3906/3906
f 3907/3907/3907 3908/3908/3908 3909/3909/3909
f 3910/3910/3910 3911/3911/3911 3912/3912/3912
f 3913/3913/3913 3914/3914/3914 3915/3915/3915
f 3916/3916/3916 3917/3917/3917 3918/3918/3918
f 3919/3919/3919 3920/3920/3920 3921/3921/3921
f 3922/3922/3922 3923/3923/3923 3924/3924/3924
f 3925/3925/3925 3926/3926/3926 3927/3927/3927
f 3928/3928/3928 3929/3929/3929 3930/3930/3930
f 3931/3931/3931 3932/3932/3932 3933/3933/3933
f 3934/3934/3934 3935/3935/3935 3936/3936/3936
f 3937/3937/3937 3938/3938/3938 3939/3939/3939
f 3940/3940/3940 3941/3941/3941 3942/3942/3942
f 3943/3943/3943 3944/3944/3944 3945/3945/3945
f 3946/3946/3946 3947/3947/3947 3948/3948/3948
f 3949/3949/3949 3950/3950/3950 3951/3951/3951
f 3952/3952/3952 3953/3953/3953 3954/3954/3954
f 3955/3955/3955 3956/3956/3956 3957/3957/3957
f 3958/3958/3958 3959/3959/3959 3960/3960/3960
f 3961/3961/3961 3962/3962/3962 3963/3963/3963
f 3964/3964/3964 3965/3965/3965 3966/3966/3966
f 3967/3967/3967 3968/3968/3968 3969/3969/3969
f 3970/3970/3970 3971/3971/3971 3972/3972/3972
f 3973/3973/3973 3974/3974/3974 3975/3975/3975
f 3976/3976/3976 3977/3977/3977 3978/3978/3978
f 3979/3979/3979 3980/3980/3980 3981/3981/3981
f 3982/3982/3982 3983/3983/3983 3984/3984/3984
f 3985/3985/3985 3986/3986/3986 3987/3987/3987
f 3988/3988/3988 3989/3989/3989 3990/3990/3990
f 3991/3991/3991 3992/3992/3992 3993/3993/3993
f 3994/3994/3994 3995/3995/3995 3996/3996/3996
f 3997/3997/3997 3998/3998/3998 3999/3999/3999
f 4000/4000/4000 4001/4001/4001 4002/4002/4002
f 4003/4003/4003 4004/4004/4004 4005/4005/4005
f 4006/4006/4006 4007/4007/4007 4008/4008/4008
f 4009/4009/4009 4010/4010/4010 4011/4011/4011
f 4012/4012/4012 4013/4013/4013 4014/4014/4014
f 4015/4015/4015 4016/4016/4016 4017/4017/4017
f 4018/4018/4018 4019/4019/4019 4020/4020/4020
f 4021/4021/4021 4022/4022/4022 4023/4023/4023
f 4024/4024/4024 4025/4025/4025 4026/4026/4026
f 4027/4027/4027 4028/4028/4028 4029/4029/4029
f 4030/4030/4030 4031/4031/4031 4032/4032/4032
f 4033/4033/4033 4034/4034/4034 4035/4035/4035
f 4036/4036/4036 4037/4037/4037 4038/4038/4038
f 4039/4039/4039 4040/4040/4040 4041/4041/4041
f 4042/4042/4042 4043/4043/4043 4044/4044/4044
f 4045/4045/4045 4046/4046/4046 4047/4047/4047
f 4048/4048/4048 4049/4049/4049 4050/4050/4050
f 4051/4051/4051 4052/4052/4052 4053/4053/4053
f 4054/4054/4054 4055/4055/4055 4056/4056/4056
f 4057/4057/4057 4058/4058/4058 4059/4059/4059
f 4060/4060/4060 4061/4061/4061 4062/4062/4062
f 4063/4063/4063 4064/4064/4064 4065/4065/4065
f 4066/4066/4066 4067/4067/4067 4068/4068/4068
f 4069/4069/4069 4070/4070/4070 4071/4071/4071
f 4072/4072/4072 4073/4073/4073 4074/4074/4074
f 4075/4075/4075 4076/4076/4076 4077/4077/4077
f 4078/4078/4078 4079/4079/4079 4080/4080/4080
f 4081/4081/4081 4082/4082/4082 4083/4083/4083
f 4084/4084/4084 4085/4085/4085 4086/4086/4086
f 4087/4087/4087 4088/4088/4088 4089/4089/4089
f 4090/4090/4090 4091/4091/4091 4092/4092/4092
f 4093/4093/4093 4094/4094/4094 4095/4095/4095
f 4096/4096/4096 4097/4097/4097 4098/4098/4098
f 4099/4099/4099 4100/4100/4100 4101/4101/4101
f 4102/4102/4102 4103/4103/4103 4104/4104/4104
f 4105/4105/4105 4106/4106/4106 4107/4107/4107
f 4108/4108/4108 4109/4109/4109 4110/4110/4110
f 4111/4111/4111 4112/4112/4112 4113/4113/4113
f 4114/4114/4114 4115/4115/4115 4116/4116/4116
f 4117/4117/4117 4118/4118/4118 4119/4119/4119
f 4120/4120/4120 4121/4121/4121 4122/4122/4122
f 4123/4123/4123 4124/4124/4124 4125/4125/4125
f 4126/4126/4126 4127/4127/4127 4128/4128/4128
f 4129/4129/4129 4130/4130/4130 4131/4131/4131
f 4132/4132/4132 4133/4133/4133 4134/4134/4134
f 4135/4135/4135 4136/4136/4136 4137/4137/4137
f 4138/4138/4138 4139/4139/4139 4140/4140/4140
f 4141/4141/4141 4142/4142/4142 4143/4143/4143
f 4144/4144/4144 4145/4145/4145 4146/4146/4146
f 4147/4147/4147 4148/4148/4148 4149/4149/4149
f 4150/4150/4150 4151/4151/4151 4152/4152/4152
f 4153/4153/4153 4154/4154/4154 4155/4155/4155
f 4156/4156/4156 4157/4157/4157 4158/4158/4158
f 4159/4159/4159 4160/4160/4160 4161/4161/4161
f 4162/4162/4162 4163/4163/4163 4164/4164/4164
f 4165/4165/4165 4166/4166/4166 4167/4167/4167
f 4168/4168/4168 4169/4169/4169 4170/4170/4170
f 4171/4171/4171 4172/4172/4172 4173/4173/4173
f 4174/4174/4174 4175/4175/4175 4176/4176/4176
f 4177/4177/4177 4178/4178/4178 4179/4179/4179
f 4180/4180/4180 4181/4181/4181 4182/4182/4182
f 4183/4183/4183 4184/4184/4184 4185/4185/4185
f 4186/4186/4186 4187/4187/4187 4188/4188/4188
f 4189/4189/4189 4190/4190/4190 4191/4191/4191
f 4192/4192/4192 4193/4193/4193 4194/4194/4194
f 4195/4195/4195 4196/4196/4196 4197/4197/4197
f 4198/4198/4198 4199/4199/4199 4200/4200/4200
f 4201/4201/4201 4202/4202/4202 4203/4203/4203
f 4204/4204/4204 4205/4205/4205 4206/4206/4206
f 4207/4207/4207 4208/4208/4208 4209/4209/4209
f 4210/4210/4210 4211/4211/4211 4212/4212/4212
f 4213/4213/4213 4214/4214/4214 4215/4215/4215
f 4216/4216/4216 4217/4217/4217 4218/4218/4218
f 4219/4219/4219 4220/4220/4220 4221/4221/4221
f 4222/4222/4222 4223/4223/4223 4224/4224/4224
f 4225/4225/4225 4226/4226/4226 4227/4227/4227
f 4228/4228/4228 4229/4229/4229 4230/4230/4230
f 4231/4231/4231 4232/4232/4232 4233/4233/4233
f 4234/4234/4234 4235/4235/4235 4236/4236/4236
f 4237/4237/4237 4238/4238/4238 4239/4239/4239
f 4240/4240/4240 4241/4241/4241 4242/4242/4242
f 4243/4243/4243 4244/4244/4244 4245/4245/4245
f 4246/4246/4246 4247/4247/4247 4248/4248/4248
f 4249/4249/4249 4250/4250/4250 4251/4251/4251
f 4252/4252/4252 4253/4253/4253 4254/4254/4254
f 4255/4255/4255 4256/4256/4256 4257/4257/4257
f 4258/4258/4258 4259/4259/4259 4260/4260/4260
f 4261/4261/4261 4262/4262/4262 4263/4263/4263
f 4264/4264/4264 4265/4265/4265 4266/4266/4266
f 4267/4267/4267 4268/4268/4268 4269/4269/4269
f 4270/4270/4270 4271/4271/4271 4272/4272/4272
f 4273/4273/4273 4274/4274/4274 4275/4275/4275
f 4276/4276/4276 4277/4277/4277 4278/4278/4278
f 4279/4279/4279 4280/4280/4280 4281/4281/4281
f 4282/4282/4282 4283/4283/4283 4284/4284/4284
f 4285/4285/4285 4286/4286/4286 4287/4287/4287
f 4288/4288/4288 4289/4289/4289 4290/4290/4290
f 4291/4291/4291 4292/4292/4292 4293/4293/4293
f 4294/4294/4294 4295/4295/4295 4296/4296/4296
f 4297/4297/4297 4298/4298/4298 4299/4299/4299
f 4300/4300/4300 4301/4301/4301 4302/4302/4302
f 4303/4303/4303 4304/4304/4304 4305/4305/4305
f 4306/4306/4306 4307/4307/4307 4308/4308/4308
f 4309/4309/4309 4310/4310/4310 4311/4311/4311
f 4312/4312/4312 4313/4313/4313 4314/4314/4314
f 4315/4315/4315 4316/4316/4316 4317/4317/4317
f 4318/4318/4318 4319/4319/4319 4320/4320/4320
f 4321/4321/4321 4322/4322/4322 4323/4323/4323
f 4324/4324/4324 4325/4325/4325 4326/4326/4326
f 4327/4327/4327 4328/4328/4328 4329/4329/4329
f 4330/4330/4330 4331/4331/4331 4332/4332/4332
f 4333/4333/4333 4334/4334/4334 4335/4335/4335
f 4336/4336/4336 4337/4337/4337 4338/4338/4338
f 4339/4339/4339 4340/4340/4340 4341/4341/4341
f 4342/4342/4342 4343/4343/4343 4344/4344/4344
f 4345/4345/4345 4346/4346/4346 4347/4347/4347
f 4348/4348/4348 4349/4349/4349 4350/4350/4350
f 4351/4351/4351 4352/4352/4352 4353/4353/4353
f 4354/4354/4354 4355/4355/4355 4356/4356/4356
f 4357/4357/4357 4358/4358/4358 4359/4359/4359
f 4360/4360/4360 4361/4361/4361 4362/4362/4362
f 4363/4363/4363 4364/4364/4364 4365/4365/4365
f 4366/4366/4366 4367/4367/4367 4368/4368/4368
f 4369/4369/4369 4370/4370/4370 4371/4371/4371
f 4372/4372/4372 4373/4373/4373 4374/4374/4374
f 4375/4375/4375 4376/4376/4376 4377/4377/4377
f 4378/4378/4378 4379/4379/4379 4380/4380/4380
f 4381/4381/4381 4382/4382/4382 4383/4383/4383
f 4384/4384/4384 4385/4385/4385 4386/4386/4386
f 4387/4387/4387 4388/4388/4388 4389/4389/4389
f 4390/4390/4390 4391/4391/4391 4392/4392/4392
f 4393/4393/4393 4394/4394/4394 4395/4395/4395
f 4396/4396/4396 4397/4397/4397 4398/4398/4398
f 4399/4399/4399 4400/4400/4400 4401/4401/4401
f 4402/4402/4402 4403/4403/4403 4404/4404/4404
f 4405/4405/4405 4406/4406/4406 4407/4407/4407
f 4408/4408/4408 4409/4409/4409 4410/4410/4410
f 4411/4411/4411 4412/4412/4412 4413/4413/4413
f 4414/4414/4414 4415/4415/4415 4416/4416/4416
f 4417/4417/4417 4418/4418/4418 4419/4419/4419
f 4420/4420/4420 4421/4421/4421 4422/4422/4422
f 4423/4423/4423 4424/4424/4424 4425/4425/4425
f 4426/4426/4426 4427/4427/4427 4428/4428/4428
f 4429/4429/4429 4430/4430/4430 4431/4431/4431
f 4432/4432/4432 4433/4433/4433 4434/4434/4434
f 4435/4435/4435 4436/4436/4436 4437/4437/4437
f 4438/4438/4438 4439/4439/4439 4440/4440/4440
f 4441/4441/4441 4442/4442/4442 4443/4443/4443
f 4444/4444/4444 4445/4445/4445 4446/4446/4446
f 4447/4447/4447 4448/4448/4448 4449/4449/4449
f 4450/4450/4450 4451/4451/4451 4452/4452/4452
f 4453/4453/4453 4454/4454/4454 4455/4455/4455
f 4456/4456/4456 4457/4457/4457 4458/4458/4458
f 4459/4459/4459 4460/4460/4460 4461/4461/4461
f 4462/4462/4462 4463/4463/4463 4464/4464/4464
f 4465/4465/4465 4466/4466/4466 4467/4467/4467
f 4468/4468/4468 4469/4469/4469 4470/4470/4470
f 4471/4471/4471 4472/4472/4472 4473/4473/4473
f 4474/4474/4474 4475/4475/4475 4476/4476/4476
f 4477/4477/4477 4478/4478/4478 4479/4479/4479
f 4480/4480/4480 4481/4481/4481 4482/4482/4482
f 4483/4483/4483 4484/4484/4484 4485/4485/4485
f 4486/4486/4486 4487/4487/4487 4488/4488/4488
f 4489/4489/4489 4490/4490/4490 4491/4491/4491
f 4492/4492/4492 4493/4493/4493 4494/4494/4494
f 4495/4495/4495 4496/4496/4496 4497/4497/4497
f 4498/4498/4498 4499/4499/4499 4500/4500/4500
f 4501/4501/4501 4502/4502/4502 4503/4503/4503
f 4504/4504/4504 4505/4505/4505 4506/4506/4506
f 4507/4507/4507 4508/4508/4508 4509/4509/4509
f 4510/4510/4510 4511/4511/4511 4512/4512/4512
f 4513/4513/4513 4514/4514/4514 4515/4515/4515
f 4516/4516/4516 4517/4517/4517 4518/4518/4518
f 4519/4519/4519 4520/4520/4520 4521/4521/4521
f 4522/4522/4522 4523/4523/4523 4524/4524/4524
f 4525/4525/4525 4526/4526/4526 4527/4527/4527
f 4528/4528/4528 4529/4529/4529 4530/4530/4530
f 4531/4531/4531 4532/4532/4532 4533/4533/4533
f 4534/4534/4534 4535/4535/4535 4536/4536/4536
f 4537/4537/4537 4538/4538/4538 4539/4539/4539
f 4540/4540/4540 4541/4541/4541 4542/4542/4542
f 4543/4543/4543 4544/4544/4544 4545/4545/4545
f 4546/4546/4546 4547/4547/4547 4548/4548/4548
f 4549/4549/4549 4550/4550/4550 4551/4551/4551
f 4552/4552/4552 4553/4553/4553 4554/4554/4554
f 4555/4555/4555 4556/4556/4556 4557/4557/4557
f 4558/4558/4558 4559/4559/4559 4560/4560/4560
f 4561/4561/4561 4562/4562/4562 4563/4563/4563
f 4564/4564/4564 4565/4565/4565 4566/4566/4566
f 4567/4567/4567 4568/4568/4568 4569/4569/4569
f 4570/4570/4570 4571/4571/4571 4572/4572/4572
f 4573/4573/4573 4574/4574/4574 4575/4575/4575
f 4576/4576/4576 4577/4577/4577 4578/4578/4578
f 4579/4579/4579 4580/4580/4580 4581/4581/4581
f 4582/4582/4582 4583/4583/4583 4584/4584/4584
f 4585/4585/4585 4586/4586/4586 4587/4587/4587
f 4588/4588/4588 4589/4589/4589 4590/4590/4590
f 4591/4591/4591 4592/4592/4592 4593/4593/4593
f 4594/4594/4594 4595/4595/4595 4596/4596/4596
f 4597/4597/4597 4598/4598/4598 4599/4599/4599
f 4600/4600/4600 4601/4601/4601 4602/4602/4602
f 4603/4603/4603 4604/4604/4604 4605/4605/4605
f 4606/4606/4606 4607/4607/4607 4608/4608/4608
f 4609/4609/4609 4610/4610/4610 4611/4611/4611
f 4612/4612/4612 4613/4613/4613 4614/4614/4614
f 4615/4615/4615 4616/4616/4616 4617/4617/4617
f 4618/4618/4618 4619/4619/4619 4620/4620/4620
f 4621/4621/4621 4622/4622/4622 4623/4623/4623
f 4624/4624/4624 4625/4625/4625 4626/4626/4626
f 4627/4627/4627 4628/4628/4628 4629/4629/4629
f 4630/4630/4630 4631/4631/4631 4632/4632/4632
f 4633/4633/4633 4634/4634/4634 4635/4635/4635
f 4636/4636/4636 4637/4637/4637 4638/4638/4638
f 4639/4639/4639 4640/4640/4640 4641/4641/4641
f 4642/4642/4642 4643/4643/4643 4644/4644/4644
f 4645/4645/4645 4646/4646/4646 4647/4647/4647
f 4648/4648/4648 4649/4649/4649 4650/4650/4650
f 4651/4651/4651 4652/4652/4652 4653/4653/4653
f 4654/4654/4654 4655/4655/4655 4656/4656/4656
f 4657/4657/4657 4658/4658/4658 4659/4659/4659
f 4660/4660/4660 4661/4661/4661 4662/4662/4662
f 4663/4663/4663 4664/4664/4664 4665/4665/4665
f 4666/4666/4666 4667/4667/4667 4668/4668/4668
f 4669/4669/4669 4670/4670/4670 4671/4671/4671
f 4672/4672/4672 4673/4673/4673 4674/4674/4674
f 4675/4675/4675 4676/4676/4676 4677/4677/4677
f 4678/4678/4678 4679/4679/4679 4680/4680/4680
f 4681/4681/4681 4682/4682/4682 4683/4683/4683
f 4684/4684/4684 4685/4685/4685 4686/4686/4686
f 4687/4687/4687 4688/4688/4688 4689/4689/4689
f 4690/4690/4690 4691/4691/4691 4692/4692/4692
f 4693/4693/4693 4694/4694/4694 4695/4695/4695
f 4696/4696/4696 4697/4697/4697 4698/4698/4698
f 4699/4699/4699 4700/4700/4700 4701/4701/4701
f 4702/4702/4702 4703/4703/4703 4704/4704/4704
f 4705/4705/4705 4706/4706/4706 4707/4707/4707
f 4708/4708/4708 4709/4709/4709 4710/4710/4710
f 4711/4711/4711 4712/4712/4712 4713/4713/4713
f 4714/4714/4714 4715/4715/4715 4716/4716/4716
f 4717/4717/4717 4718/4718/4718 4719/4719/4719
f 4720/4720/4720 4721/4721/4721 4722/4722/4722
f 4723/4723/4723 4724/4724/4724 4725/4725/4725
f 4726/4726/4726 4727/4727/4727 4728/4728/4728
f 4729/4729/4729 4730/4730/4730 4731/4731/4731
f 4732/4732/4732 4733/4733/4733 4734/4734/4734
f 4735/4735/4735 4736/4736/4736 4737/4737/4737
f 4738/4738/4738 4739/4739/4739 4740/4740/4740
f 4741/4741/4741 4742/4742/4742 4743/4743/4743
f 4744/4744/4744 4745/4745/4745 4746/4746/4746
f 4747/4747/4747 4748/4748/4748 4749/4749/4749
f 4750/4750/4750 4751/4751/4751 4752/4752/4752
f 4753/4753/4753 4754/4754/4754 4755/4755/4755
f 4756/4756/4756 4757/4757/4757 4758/4758/4758
f 4759/4759/4759 4760/4760/4760 4761/4761/4761
f 4762/4762/4762 4763/4763/4763 4764/4764/4764
f 4765/4765/4765 4766/4766/4766 4767/4767/4767
f 4768/4768/4768 4769/4769/4769 4770/4770/4770
f 4771/4771/4771 4772/4772/4772 4773/4773/4773
f 4774/4774/4774 4775/4775/4775 4776/4776/4776
f 4777/4777/4777 4778/4778/4778 4779/4779/4779
f 4780/4780/4780 4781/4781/4781 4782/4782/4782
f 4783/4783/4783 4784/4784/4784 4785/4785/4785
f 4786/4786/4786 4787/4787/4787 4788/4788/4788
f 4789/4789/4789 4790/4790/4790 4791/4791/4791
f 4792/4792/4792 4793/4793/4793 4794/4794/4794
f 4795/4795/4795 4796/4796/4796 4797/4797/4797
f 4798/4798/4798 4799/4799/4799 4800/4800/4800
f 4801/4801/4801 4802/4802/4802 4803/4803/4803
f 4804/4804/4804 4805/4805/4805 4806/4806/4806
f 4807/4807/4807 4808/4808/4808 4809/4809/4809
f 4810/4810/4810 4811/4811/4811 4812/4812/4812
f 4813/4813/4813 4814/4814/4814 4815/4815/4815
f 4816/4816/4816 4817/4817/4817 4818/4818/4818
f 4819/4819/4819 4820/4820/4820 4821/4821/4821
f 4822/4822/4822 4823/4823/4823 4824/4824/4824
f 4825/4825/4825 4826/4826/4826 4827/4827/4827
f 4828/4828/4828 4829/4829/4829 4830/4830/4830
f 4831/4831/4831 4832/4832/4832 4833/4833/4833
f 4834/4834/4834 4835/4835/4835 4836/4836/4836
f 4837/4837/4837 4838/4838/4838 4839/4839/4839
f 4840/4840/4840 4841/4841/4841 4842/4842/4842
f 4843/4843/4843 4844/4844/4844 4845/4845/4845
f 4846/4846/4846 4847/4847/4847 4848/4848/4848
f 4849/4849/4849 4850/4850/4850 4851/4851/4851
f 4852/4852/4852 4853/4853/4853 4854/4854/4854
f 4855/4855/4855 4856/4856/4856 4857/4857/4857
f 4858/4858/4858 4859/4859/4859 4860/4860/4860
f 4861/4861/4861 4862/4862/4862 4863/4863/4863
f 4864/4864/4864 4865/4865/4865 4866/4866/4866
f 4867/4867/4867 4868/4868/4868 4869/4869/4869
f 4870/4870/4870 4871/4871/4871 4872/4872/4872
f 4873/4873/4873 4874/4874/4874 4875/4875/4875
f 4876/4876/4876 4877/4877/4877 4878/4878/4878
f 4879/4879/4879 4880/4880/4880 4881/4881/4881
f 4882/4882/4882 4883/4883/4883 4884/4884/4884
f 4885/4885/4885 4886/4886/4886 4887/4887/4887
f 4888/4888/4888 4889/4889/4889 4890/4890/4890
f 4891/4891/4891 4892/4892/4892 4893/4893/4893
f 4894/4894/4894 4895/4895/4895 4896/4896/4896
usemtl white
f 4897/4897/4897 4898/4898/4898 4899/4899/4899
f 4900/4900/4900 4901/4901/4901 4902/4902/4902
f 4903/4903/4903 4904/4904/4904 4905/4905/4905
f 4906/4906/4906 4907/4907/4907 4908/4908/4908
f 4909/4909/4909 4910/4910/4910 4911/4911/4911
f 4912/4912/4912 4913/4913/4913 4914/4914/4914
f 4915/4915/4915 4916/4916/4916 4917/4917/4917
f 4918/4918/4918 4919/4919/4919 4920/4920/4920
f 4921/4921/4921 4922/4922/4922 4923/4923/4923
f 4924/4924/4924 4925/4925/4925 4926/4926/4926
f 4927/4927/4927 4928/4928/4928 4929/4929/4929
f 4930/4930/4930 4931/4931/4931 4932/4932/4932
f 4933/4933/4933 4934/4934/4934 4935/4935/4935
f 4936/4936/4936 4937/4937/4937 4938/4938/4938
f 4939/4939/4939 4940/4940/4940 4941/4941/4941
f 4942/4942/4942 4943/4943/4943 4944/4944/4944
f 4945/4945/4945 4946/4946/4946 4947/4947/4947
f 4948/4948/4948 4949/4949/4949 4950/4950/4950
f 4951/4951/4951 4952/4952/4952 4953/4953/4953
f 4954/4954/4954 4955/4955/4955 4956/4956/4956
f 4957/4957/4957 4958/4958/4958 4959/4959/4959
f 4960/4960/4960 4961/4961/4961 4962/4962/4962
f 4963/4963/4963 4964/4964/4964 4965/4965/4965
f 4966/4966/4966 4967/4967/4967 4968/4968/4968
f 4969/4969/4969 4970/4970/4970 4971/4971/4971
f 4972/4972/4972 4973/4973/4973 4974/4974/4974
f 4975/4975/4975 4976/4976/4976 4977/4977/4977
f 4978/4978/4978 4979/4979/4979 4980/4980/4980
f 4981/4981/4981 4982/4982/4982 4983/4983/4983
f 4984/4984/4984 4985/4985/4985 4986/4986/4986
f 4987/4987/4987 4988/4988/4988 4989/4989/4989
f 4990/4990/4990 4991/4991/4991 4992/4992/4992
f 4993/4993/4993 4994/4994/4994 4995/4995/4995
f 4996/4996/4996 4997/4997/4997 4998/4998/4998
f 4999/4999/4999 5000/5000/5000 5001/5001/5001
f 5002/5002/5002 5003/5003/5003 5004/5004/5004
f 5005/5005/5005 5006/5006/5006 5007/5007/5007
f 5008/5008/5008 5009/5009/5009 5010/5010/5010
f 5011/5011/5011 5012/5012/5012 5013/5013/5013
f 5014/5014/5014 5015/5015/5015 5016/5016/5016
f 5017/5017/5017 5018/5018/5018 5019/5019/5019
f 5020/5020/5020 5021/5021/5021 5022/5022/5022
f 5023/5023/5023 5024/5024/5024 5025/5025/5025
f 5026/5026/5026 5027/5027/5027 5028/5028/5028
f 5029/5029/5029 5030/5030/5030 5031/5031/5031
f 5032/5032/5032 5033/5033/5033 5034/5034/5034
f 5035/5035/5035 5036/5036/5036 5037/5037/5037
f 5038/5038/5038 5039/5039/5039 5040/5040/5040
f 5041/5041/5041 5042/5042/5042 5043/5043/5043
f 5044/5044/5044 5045/5045/5045 5046/5046/5046
f 5047/5047/5047 5048/5048/5048 5049/5049/5049
f 5050/5050/5050 5051/5051/5051 5052/5052/5052
f 5053/5053/5053 5054/5054/5054 5055/5055/5055
f 5056/5056/5056 5057/5057/5057 5058/5058/5058
f 5059/5059/5059 5060/5060/5060 5061/5061/5061
f 5062/5062/5062 5063/5063/5063 5064/5064/5064
f 5065/5065/5065 5066/5066/5066 5067/5067/5067
f 5068/5068/5068 5069/5069/5069 5070/5070/5070
f 5071/5071/5071 5072/5072/5072 5073/5073/5073
f 5074/5074/5074 5075/5075/5075 5076/5076/5076
f 5077/5077/5077 5078/5078/5078 5079/5079/5079
f 5080/5080/5080 5081/5081/5081 5082/5082/5082
f 5083/5083/5083 5084/5084/5084 5085/5085/5085
f 5086/5086/5086 5087/5087/5087 5088/5088/5088
f 5089/5089/5089 5090/5090/5090 5091/5091/5091
f 5092/5092/5092 5093/5093/5093 5094/5094/5094
f 5095/5095/5095 5096/5096/5096 5097/5097/5097
f 5098/5098/5098 5099/5099/5099 5100/5100/5100
f 5101/5101/5101 5102/5102/5102 5103/5103/5103
f 5104/5104/5104 5105/5105/5105 5106/5106/5106
f 5107/5107/5107 5108/5108/5108 5109/5109/5109
f 5110/5110/5110 5111/5111/5111 5112/5112/5112
f 5113/5113/5113 5114/5114/5114 5115/5115/5115
f 5116/5116/5116 5117/5117/5117 5118/5118/5118
f 5119/5119/5119 5120/5120/5120 5121/5121/5121
f 5122/5122/5122 5123/5123/5123 5124/5124/5124
f 5125/5125/5125 5126/5126/5126 5127/5127/5127
f 5128/5128/5128 5129/5129/5129 5130/5130/5130
f 5131/5131/5131 5132/5132/5132 5133/5133/5133
f 5134/5134/5134 5135/5135/5135 5136/5136/5136
f 5137/5137/5137 5138/5138/5138 5139/5139/5139
f 5140/5140/5140 5141/5141/5141 5142/5142/5142
f 5143/5143/5143 5144/5144/5144 5145/5145/5145
f 5146/5146/5146 5147/5147/5147 5148/5148/5148
f 5149/5149/5149 5150/5150/5150 5151/5151/5151
f 5152/5152/5152 5153/5153/5153 5154/5154/5154
f 5155/5155/5155 5156/5156/5156 5157/5157/5157
f 5158/5158/5158 5159/5159/5159 5160/5160/5160
f 5161/5161/5161 5162/5162/5162 5163/5163/5163
f 5164/5164/5164 5165/5165/5165 5166/5166/5166
f 5167/5167/5167 5168/5168/5168 5169/5169/5169
f 5170/5170/5170 5171/5171/5171 5172/5172/5172
f 5173/5173/5173 5174/5174/5174 5175/5175/5175
f 5176/5176/5176 5177/5177/5177 5178/5178/5178
f 5179/5179/5179 5180/5180/5180 5181/5181/5181
f 5182/5182/5182 5183/5183/5183 5184/5184/5184
f 5185/5185/5185 5186/5186/5186 5187/5187/5187
f 5188/5188/5188 5189/5189/5189 5190/5190/5190
f 5191/5191/5191 5192/5192/5192 5193/5193/5193
f 5194/5194/5194 5195/5195/5195 5196/5196/5196
f 5197/5197/5197 5198/5198/5198 5199/5199/5199
f 5200/5200/5200 5201/5201/5201 5202/5202/5202
f 5203/5203/5203 5204/5204/5204 5205/5205/5205
f 5206/5206/5206 5207/5207/5207 5208/5208/5208
f 5209/5209/5209 5210/5210/5210 5211/5211/5211
f 5212/5212/5212 5213/5213/5213 5214/5214/5214
f 5215/5215/5215 5216/5216/5216 5217/5217/5217
f 5218/5218/5218 5219/5219/5219 5220/5220/5220
f 5221/5221/5221 5222/5222/5222 5223/5223/5223
f 5224/5224/5224 5225/5225/5225 5226/5226/5226
f 5227/5227/5227 5228/5228/5228 5229/5229/5229
f 5230/5230/5230 5231/5231/5231 5232/5232/5232
f 5233/5233/5233 5234/5234/5234 5235/5235/5235
f 5236/5236/5236 5237/5237/5237 5238/5238/5238
f 5239/5239/5239 5240/5240/5240 5241/5241/5241
f 5242/5242/5242 5243/5243/5243 5244/5244/5244
f 5245/5245/5245 5246/5246/5246 5247/5247/5247
f 5248/5248/5248 5249/5249/5249 5250/5250/5250
f 5251/5251/5251 5252/5252/5252 5253/5253/5253
f 5254/5254/5254 5255/5255/5255 5256/5256/5256
f 5257/5257/5257 5258/5258/5258 5259/5259/5259
f 5260/5260/5260 5261/5261/5261 5262/5262/5262
f 5263/5263/5263 5264/5264/5264 5265/5265/5265
f 5266/5266/5266 5267/5267/5267 5268/5268/5268
f 5269/5269/5269 5270/5270/5270 5271/5271/5271
f 5272/5272/5272 5273/5273/5273 5274/5274/5274
f 5275/5275/5275 5276/5276/5276 5277/5277/5277
f 5278/5278/5278 5279/5279/5279 5280/5280/5280
f 5281/5281/5281 5282/5282/5282 5283/5283/5283
f 5284/5284/5284 5285/5285/5285 5286/5286/5286
f 5287/5287/5287 5288/5288/5288 5289/5289/5289
f 5290/5290/5290 5291/5291/5291 5292/5292/5292
f 5293/5293/5293 5294/5294/5294 5295/5295/5295
f 5296/5296/5296 5297/5297/5297 5298/5298/5298
f 5299/5299/5299 5300/5300/5300 5301/5301/5301
f 5302/5302/5302 5303/5303/5303 5304/5304/5304
f 5305/5305/5305 5306/5306/5306 5307/5307/5307
f 5308/5308/5308 5309/5309/5309 5310/5310/5310
f 5311/5311/5311 5312/5312/5312 5313/5313/5313
f 5314/5314/5314 5315/5315/5315 5316/5316/5316
f 5317/5317/5317 5318/5318/5318 5319/5319/5319
f 5320/5320/5320 5321/5321/5321 5322/5322/5322
f 5323/5323/5323 5324/5324/5324 5325/5325/5325
f 5326/5326/5326 5327/5327/5327 5328/5328/5328
f 5329/5329/5329 5330/5330/5330 5331/5331/5331
f 5332/5332/5332 5333/5333/5333 5334/5334/5334
f 5335/5335/5335 5336/5336/5336 5337/5337/5337
f 5338/5338/5338 5339/5339/5339 5340/5340/5340
f 5341/5341/5341 5342/5342/5342 5343/5343/5343
f 5344/5344/5344 5345/5345/5345 5346/5346/5346
f 5347/5347/5347 5348/5348/5348 5349/5349/5349
f 5350/5350/5350 5351/5351/5351 5352/5352/5352
f 5353/5353/5353 5354/5354/5354 5355/5355/5355
f 5356/5356/5356 5357/5357/5357 5358/5358/5358
f 5359/5359/5359 5360/5360/5360 5361/5361/5361
f 5362/5362/5362 5363/5363/5363 5364/5364/5364
f 5365/5365/5365 5366/5366/5366 5367/5367/5367
f 5368/5368/5368 5369/5369/5369 5370/5370/5370
f 5371/5371/5371 5372/5372/5372 5373/5373/5373
f 5374/5374/5374 5375/5375/5375 5376/5376/5376
f 5377/5377/5377 5378/5378/5378 5379/5379/5379
f 5380/5380/5380 5381/5381/5381 5382/5382/5382
f 5383/5383/5383 5384/5384/5384 5385/5385/5385
f 5386/5386/5386 5387/5387/5387 5388/5388/5388
f 5389/5389/5389 5390/5390/5390 5391/5391/5391
f 5392/5392/5392 5393/5393/5393 5394/5394/5394
f 5395/5395/5395 5396/5396/5396 5397/5397/5397
f 5398/5398/5398 5399/5399/5399 5400/5400/5400
f 5401/5401/5401 5402/5402/5402 5403/5403/5403
f 5404/5404/5404 5405/5405/5405 5406/5406/5406
f 5407/5407/5407 5408/5408/5408 5409/5409/5409
f 5410/5410/5410 5411/5411/5411 5412/5412/5412
f 5413/5413/5413 5414/5414/5414 5415/5415/5415
f 5416/5416/5416 5417/5417/5417 5418/5418/5418
f 5419/5419/5419 5420/5420/5420 5421/5421/5421
f 5422/5422/5422 5423/5423/5423 5424/5424/5424
f 5425/5425/5425 5426/5426/5426 5427/5427/5427
f 5428/5428/5428 5429/5429/5429 5430/5430/5430
f 5431/5431/5431 5432/5432/5432 5433/5433/5433
f 5434/5434/5434 5435/5435/5435 5436/5436/5436
f 5437/5437/5437 5438/5438/5438 5439/5439/5439
f 5440/5440/5440 5441/5441/5441 5442/5442/5442
f 5443/5443/5443 5444/5444/5444 5445/5445/5445
f 5446/5446/5446 5447/5447/5447 5448/5448/5448
f 5449/5449/5449 5450/5450/5450 5451/5451/5451
f 5452/5452/5452 5453/5453/5453 5454/5454/5454
f 5455/5455/5455 5456/5456/5456 5457/5457/5457
f 5458/5458/5458 5459/5459/5459 5460/5460/5460
f 5461/5461/5461 5462/5462/5462 5463/5463/5463
f 5464/5464/5464 5465/5465/5465 5466/5466/5466
f 5467/5467/5467 5468/5468/5468 5469/5469/5469
f 5470/5470/5470 5471/5471/5471 5472/5472/5472
f 5473/5473/5473 5474/5474/5474 5475/5475/5475
f 5476/5476/5476 5477/5477/5477 5478/5478/5478
f 5479/5479/5479 5480/5480/5480 5481/5481/5481
f 5482/5482/5482 5483/5483/5483 5484/5484/5484
f 5485/5485/5485 5486/5486/5486 5487/5487/5487
f 5488/5488/5488 5489/5489/5489 5490/5490/5490
f 5491/5491/5491 5492/5492/5492 5493/5493/5493
f 5494/5494/5494 5495/5495/5495 5496/5496/5496
f 5497/5497/5497 5498/5498/5498 5499/5499/5499
f 5500/5500/5500 5501/5501/5501 5502/5502/5502
f 5503/5503/5503 5504/5504/5504 5505/5505/5505
f 5506/5506/5506 5507/5507/5507 5508/5508/5508
f 5509/5509/5509 5510/5510/5510 5511/5511/5511
f 5512/5512/5512 5513/5513/5513 5514/5514/5514
f 5515/5515/5515 5516/5516/5516 5517/5517/5517
f 5518/5518/5518 5519/5519/5519 5520/5520/5520
f 5521/5521/5521 5522/5522/5522 5523/5523/5523
f 5524/5524/5524 5525/5525/5525 5526/5526/5526
f 5527/5527/5527 5528/5528/5528 5529/5529/5529
f 5530/5530/5530 5531/5531/5531 5532/5532/5532
f 5533/5533/5533 5534/5534/5534 5535/5535/5535
f 5536/5536/5536 5537/5537/5537 5538/5538/5538
f 5539/5539/5539 5540/5540/5540 5541/5541/5541
f 5542/5542/5542 5543/5543/5543 5544/5544/5544
f 5545/5545/5545 5546/5546/5546 5547/5547/5547
f 5548/5548/5548 5549/5549/5549 5550/5550/5550
f 5551/5551/5551 5552/5552/5552 5553/5553/5553
f 5554/5554/5554 5555/5555/5555 5556/5556/5556
f 5557/5557/5557 5558/5558/5558 5559/5559/5559
f 5560/5560/5560 5561/5561/5561 5562/5562/5562
f 5563/5563/5563 5564/5564/5564 5565/5565/5565
f 5566/5566/5566 5567/5567/5567 5568/5568/5568
f 5569/5569/5569 5570/5570/5570 5571/5571/5571
f 5572/5572/5572 5573/5573/5573 5574/5574/5574
f 5575/5575/5575 5576/5576/5576 5577/5577/5577
f 5578/5578/5578 5579/5579/5579 5580/5580/5580
f 5581/5581/5581 5582/5582/5582 5583/5583/5583
f 5584/5584/5584 5585/5585/5585 5586/5586/5586
f 5587/5587/5587 5588/5588/5588 5589/5589/5589
f 5590/5590/5590 5591/5591/5591 5592/5592/5592
f 5593/5593/5593 5594/5594/5594 5595/5595/5595
f 5596/5596/5596 5597/5597/5597 5598/5598/5598
f 5599/5599/5599 5600/5600/5600 5601/5601/5601
f 5602/5602/5602 5603/5603/5603 5604/5604/5604
f 5605/5605/5605 5606/5606/5606 5607/5607/5607
f 5608/5608/5608 5609/5609/5609 5610/5610/5610
f 5611/5611/5611 5612/5612/5612 5613/5613/5613
f 5614/5614/5614 5615/5615/5615 5616/5616/5616
f 5617/5617/5617 5618/5618/5618 5619/5619/5619
f 5620/5620/5620 5621/5621/5621 5622/5622/5622
f 5623/5623/5623 5624/5624/5624 5625/5625/5625
f 5626/5626/5626 5627/5627/5627 5628/5628/5628
f 5629/5629/5629 5630/5630/5630 5631/5631/5631
f 5632/5632/5632 5633/5633/5633 5634/5634/5634
f 5635/5635/5635 5636/5636/5636 5637/5637/5637
f 5638/5638/5638 5639/5639/5639 5640/5640/5640
f 5641/5641/5641 5642/5642/5642 5643/5643/5643
f 5644/5644/5644 5645/5645/5645 5646/5646/5646
f 5647/5647/5647 5648/5648/5648 5649/5649/5649
f 5650/5650/5650 5651/5651/5651 5652/5652/5652
f 5653/5653/5653 5654/5654/5654 5655/5655/5655
f 5656/5656/5656 5657/5657/5657 5658/5658/5658
f 5659/5659/5659 5660/5660/5660 5661/5661/5661
f 5662/5662/5662 5663/5663/5663 5664/5664/5664
f 5665/5665/5665 5666/5666/5666 5667/5667/5667
f 5668/5668/5668 5669/5669/5669 5670/5670/5670
f 5671/5671/5671 5672/5672/5672 5673/5673/5673
f 5674/5674/5674 5675/5675/5675 5676/5676/5676
f 5677/5677/5677 5678/5678/5678 5679/5679/5679
f 5680/5680/5680 5681/5681/5681 5682/5682/5682
f 5683/5683/5683 5684/5684/5684 5685/5685/5685
f 5686/5686/5686 5687/5687/5687 5688/5688/5688
f 5689/5689/5689 5690/5690/5690 5691/5691/5691
f 5692/5692/5692 5693/5693/5693 5694/5694/5694
f 5695/5695/5695 5696/5696/5696 5697/5697/5697
f 5698/5698/5698 5699/5699/5699 5700/5700/5700
f 5701/5701/5701 5702/5702/5702 5703/5703/5703
f 5704/5704/5704 5705/5705/5705 5706/5706/5706
f 5707/5707/5707 5708/5708/5708 5709/5709/5709
f 5710/5710/5710 5711/5711/5711 5712/5712/5712
f 5713/5713/5713 5714/5714/5714 5715/5715/5715
f 5716/5716/5716 5717/5717/5717 5718/5718/5718
f 5719/5719/5719 5720/5720/5720 5721/5721/5721
f 5722/5722/5722 5723/5723/5723 5724/5724/5724
f 5725/5725/5725 5726/5726/5726 5727/5727/5727
f 5728/5728/5728 5729/5729/5729 5730/5730/5730
f 5731/5731/5731 5732/5732/5732 5733/5733/5733
f 5734/5734/5734 5735/5735/5735 5736/5736/5736
f 5737/5737/5737 5738/5738/5738 5739/5739/5739
f 5740/5740/5740 5741/5741/5741 5742/5742/5742
f 5743/5743/5743 5744/5744/5744 5745/5745/5745
f 5746/5746/5746 5747/5747/5747 5748/5748/5748
f 5749/5749/5749 5750/5750/5750 5751/5751/5751
f 5752/5752/5752 5753/5753/5753 5754/5754/5754
f 5755/5755/5755 5756/5756/5756 5757/5757/5757
f 5758/5758/5758 5759/5759/5759 5760/5760/5760
f 5761/5761/5761 5762/5762/5762 5763/5763/5763
f 5764/5764/5764 5765/5765/5765 5766/5766/5766
f 5767/5767/5767 5768/5768/5768 5769/5769/5769
f 5770/5770/5770 5771/5771/5771 5772/5772/5772
f 5773/5773/5773 5774/5774/5774 5775/5775/5775
f 5776/5776/5776 5777/5777/5777 5778/5778/5778
f 5779/5779/5779 5780/5780/5780 5781/5781/5781
f 5782/5782/5782 5783/5783/5783 5784/5784/5784
f 5785/5785/5785 5786/5786/5786 5787/5787/5787
f 5788/5788/5788 5789/5789/5789 5790/5790/5790
f 5791/5791/5791 5792/5792/5792 5793/5793/5793
f 5794/5794/5794 5795/5795/5795 5796/5796/5796
f 5797/5797/5797 5798/5798/5798 5799/5799/5799
f 5800/5800/5800 5801/5801/5801 5802/5802/5802
f 5803/5803/5803 5804/5804/5804 5805/5805/5805
f 5806/5806/5806 5807/5807/5807 5808/5808/5808
f 5809/5809/5809 5810/5810/5810 5811/5811/5811
f 5812/5812/5812 5813/5813/5813 5814/5814/5814
f 5815/5815/5815 5816/5816/5816 5817/5817/5817
f 5818/5818/5818 5819/5819/5819 5820/5820/5820
f 5821/5821/5821 5822/5822/5822 5823/5823/5823
f 5824/5824/5824 5825/5825/5825 5826/5826/5826
f 5827/5827/5827 5828/5828/5828 5829/5829/5829
f 5830/5830/5830 5831/5831/5831 5832/5832/5832
f 5833/5833/5833 5834/5834/5834 5835/5835/5835
f 5836/5836/5836 5837/5837/5837 5838/5838/5838
f 5839/5839/5839 5840/5840/5840 5841/5841/5841
f 5842/5842/5842 5843/5843/5843 5844/5844/5844
f 5845/5845/5845 5846/5846/5846 5847/5847/5847
f 5848/5848/5848 5849/5849/5849 5850/5850/5850
f 5851/5851/5851 5852/5852/5852 5853/5853/5853
f 5854/5854/5854 5855/5855/5855 5856/5856/5856
f 5857/5857/5857 5858/5858/5858 5859/5859/5859
f 5860/5860/5860 5861/5861/5861 5862/5862/5862
f 5863/5863/5863 5864/5864/5864 5865/5865/5865
f 5866/5866/5866 5867/5867/5867 5868/5868/5868
f 5869/5869/5869 5870/5870/5870 5871/5871/5871
f 5872/5872/5872 5873/5873/5873 5874/5874/5874
f 5875/5875/5875 5876/5876/5876 5877/5877/5877
f 5878/5878/5878 5879/5879/5879 5880/5880/5880
f 5881/5881/5881 5882/5882/5882 5883/5883/5883
f 5884/5884/5884 5885/5885/5885 5886/5886/5886
f 5887/5887/5887 5888/5888/5888 5889/5889/5889
f 5890/5890/5890 5891/5891/5891 5892/5892/5892
f 5893/5893/5893 5894/5894/5894 5895/5895/5895
f 5896/5896/5896 5897/5897/5897 5898/5898/5898
f 5899/5899/5899 5900/5900/5900 5901/5901/5901
f 5902/5902/5902 5903/5903/5903 5904/5904/5904
f 5905/5905/5905 5906/5906/5906 5907/5907/5907
f 5908/5908/5908 5909/5909/5909 5910/5910/5910
f 5911/5911/5911 5912/5912/5912 5913/5913/5913
f 5914/5914/5914 5915/5915/5915 5916/5916/5916
f 5917/5917/5917 5918/5918/5918 5919/5919/5919
f 5920/5920/5920 5921/5921/5921 5922/5922/5922
f 5923/5923/5923 5924/5924/5924 5925/5925/5925
f 5926/5926/5926 5927/5927/5927 5928/5928/5928
f 5929/5929/5929 5930/5930/5930 5931/5931/5931
f 5932/5932/5932 5933/5933/5933 5934/5934/5934
f 5935/5935/5935 5936/5936/5936 5937/5937/5937
f 5938/5938/5938 5939/5939/5939 5940/5940/5940
f 5941/5941/5941 5942/5942/5942 5943/5943/5943
f 5944/5944/5944 5945/5945/5945 5946/5946/5946
f 5947/5947/5947 5948/5948/5948 5949/5949/5949
f 5950/5950/5950 5951/5951/5951 5952/5952/5952
f 5953/5953/5953 5954/5954/5954 5955/5955/5955
f 5956/5956/5956 5957/5957/5957 5958/5958/5958
f 5959/5959/5959 5960/5960/5960 5961/5961/5961
f 5962/5962/5962 5963/5963/5963 5964/5964/5964
f 5965/5965/5965 5966/5966/5966 5967/5967/5967
f 5968/5968/5968 5969/5969/5969 5970/5970/5970
f 5971/5971/5971 5972/5972/5972 5973/5973/5973
f 5974/5974/5974 5975/5975/5975 5976/5976/5976
f 5977/5977/5977 5978/5978/5978 5979/5979/5979
f 5980/5980/5980 5981/5981/5981 5982/5982/5982
f 5983/5983/5983 5984/5984/5984 5985/5985/5985
f 5986/5986/5986 5987/5987/5987 5988/5988/5988
f 5989/5989/5989 5990/5990/5990 5991/5991/5991
f 5992/5992/5992 5993/5993/5993 5994/5994/5994
f 5995/5995/5995 5996/5996/5996 5997/5997/5997
f 5998/5998/5998 5999/5999/5999 6000/6000/6000
f 6001/6001/6001 6002/6002/6002 6003/6003/6003
f 6004/6004/6004 6005/6005/6005 6006/6006/6006
f 6007/6007/6007 6008/6008/6008 6009/6009/6009
f 6010/6010/6010 6011/6011/6011 6012/6012/6012
f 6013/6013/6013 6014/6014/6014 6015/6015/6015
f 6016/6016/6016 6017/6017/6017 6018/6018/6018
f 6019/6019/6019 6020/6020/6020 6021/6021/6021
f 6022/6022/6022 6023/6023/6023 6024/6024/6024
f 6025/6025/6025 6026/6026/6026 6027/6027/6027
f 6028/6028/6028 6029/6029/6029 6030/6030/6030
f 6031/6031/6031 6032/6032/6032 6033/6033/6033
f 6034/6034/6034 6035/6035/6035 6036/6036/6036
f 6037/6037/6037 6038/6038/6038 6039/6039/6039
f 6040/6040/6040 6041/6041/6041 6042/6042/6042
f 6043/6043/6043 6044/6044/6044 6045/6045/6045
f 6046/6046/6046 6047/6047/6047 6048/6048/6048
f 6049/6049/6049 6050/6050/6050 6051/6051/6051
f 6052/6052/6052 6053/6053/6053 6054/6054/6054
f 6055/6055/6055 6056/6056/6056 6057/6057/6057
f 6058/6058/6058 6059/6059/6059 6060/6060/6060
f 6061/6061/6061 6062/6062/6062 6063/6063/6063
f 6064/6064/6064 6065/6065/6065 6066/6066/6066
f 6067/6067/6067 6068/6068/6068 6069/6069/6069
f 6070/6070/6070 6071/6071/6071 6072/6072/6072
f 6073/6073/6073 6074/6074/6074 6075/6075/6075
f 6076/6076/6076 6077/6077/6077 6078/6078/6078
f 6079/6079/6079 6080/6080/6080 6081/6081/6081
f 6082/6082/6082 6083/6083/6083 6084/6084/6084
f 6085/6085/6085 6086/6086/6086 6087/6087/6087
f 6088/6088/6088 6089/6089/6089 6090/6090/6090
f 6091/6091/6091 6092/6092/6092 6093/6093/6093
f 6094/6094/6094 6095/6095/6095 6096/6096/6096
f 6097/6097/6097 6098/6098/6098 6099/6099/6099
f 6100/6100/6100 6101/6101/6101 6102/6102/6102
f 6103/6103/6103 6104/6104/6104 6105/6105/6105
f 6106/6106/6106 6107/6107/6107 6108/6108/6108
f 6109/6109/6109 6110/6110/6110 6111/6111/6111
f 6112/6112/6112 6113/6113/6113 6114/6114/6114
f 6115/6115/6115 6116/6116/6116 6117/6117/6117
f 6118/6118/6118 6119/6119/6119 6120/6120/6120
f 6121/6121/6121 6122/6122/6122 6123/6123/6123
f 6124/6124/6124 6125/6125/6125 6126/6126/6126
f 6127/6127/6127 6128/6128/6128 6129/6129/6129
f 6130/6130/6130 6131/6131/6131 6132/6132/6132
f 6133/6133/6133 6134/6134/6134 6135/6135/6135
f 6136/6136/6136 6137/6137/6137 6138/6138/6138
f 6139/6139/6139 6140/6140/6140 6141/6141/6141
f 6142/6142/6142 6143/6143/6143 6144/6144/6144
f 6145/6145/6145 6146/6146/6146 6147/6147/6147
f 6148/6148/6148 6149/6149/6149 6150/6150/6150
f 6151/6151/6151 6152/6152/6152 6153/6153/6153
f 6154/6154/6154 6155/6155/6155 6156/6156/6156
f 6157/6157/6157 6158/6158/6158 6159/6159/6159
f 6160/6160/6160 6161/6161/6161 6162/6162/6162
f 6163/6163/6163 6164/6164/6164 6165/6165/6165
f 6166/6166/6166 6167/6167/6167 6168/6168/6168
f 6169/6169/6169 6170/6170/6170 6171/6171/6171
f 6172/6172/6172 6173/6173/6173 6174/6174/6174
f 6175/6175/6175 6176/6176/6176 6177/6177/6177
f 6178/6178/6178 6179/6179/6179 6180/6180/6180
f 6181/6181/6181 6182/6182/6182 6183/6183/6183
f 6184/6184/6184 6185/6185/6185 6186/6186/6186
f 6187/6187/6187 6188/6188/6188 6189/6189/6189
f 6190/6190/6190 6191/6191/6191 6192/6192/6192
f 6193/6193/6193 6194/6194/6194 6195/6195/6195
f 6196/6196/6196 6197/6197/6197 6198/6198/6198
f 6199/6199/6199 6200/6200/6200 6201/6201/6201
f 6202/6202/6202 6203/6203/6203 6204/6204/6204
f 6205/6205/6205 6206/6206/6206 6207/6207/6207
f 6208/6208/6208 6209/6209/6209 6210/6210/6210
f 6211/6211/6211 6212/6212/6212 6213/6213/6213
f 6214/6214/6214 6215/6215/6215 6216/6216/6216
f 6217/6217/6217 6218/6218/6218 6219/6219/6219
f 6220/6220/6220 6221/6221/6221 6222/6222/6222
f 6223/6223/6223 6224/6224/6224 6225/6225/6225
f 6226/6226/6226 6227/6227/6227 6228/6228/6228
f 6229/6229/6229 6230/6230/6230 6231/6231/6231
f 6232/6232/6232 6233/6233/6233 6234/6234/6234
f 6235/6235/6235 6236/6236/6236 6237/6237/6237
f 6238/6238/6238 6239/6239/6239 6240/6240/6240
f 6241/6241/6241 6242/6242/6242 6243/6243/6243
f 6244/6244/6244 6245/6245/6245 6246/6246/6246
f 6247/6247/6247 6248/6248/6248 6249/6249/6249
f 6250/6250/6250 6251/6251/6251 6252/6252/6252
f 6253/6253/6253 6254/6254/6254 6255/6255/6255
f 6256/6256/6256 6257/6257/6257 6258/6258/6258
f 6259/6259/6259 6260/6260/6260 6261/6261/6261
f 6262/6262/6262 6263/6263/6263 6264/6264/6264
f 6265/6265/6265 6266/6266/6266 6267/6267/6267
f 6268/6268/6268 6269/6269/6269 6270/6270/6270
f 6271/6271/6271 6272/6272/6272 6273/6273/6273
f 6274/6274/6274 6275/6275/6275 6276/6276/6276
f 6277/6277/6277 6278/6278/6278 6279/6279/6279
f 6280/6280/6280 6281/6281/6281 6282/6282/6282
f 6283/6283/6283 6284/6284/6284 6285/6285/6285
f 6286/6286/6286 6287/6287/6287 6288/6288/6288
f 6289/6289/6289 6290/6290/6290 6291/6291/6291
f 6292/6292/6292 6293/6293/6293 6294/6294/6294
f 6295/6295/6295 6296/6296/6296 6297/6297/6297
f 6298/6298/6298 6299/6299/6299 6300/6300/6300
f 6301/6301/6301 6302/6302/6302 6303/6303/6303
f 6304/6304/6304 6305/6305/6305 6306/6306/6306
f 6307/6307/6307 6308/6308/6308 6309/6309/6309
f 6310/6310/6310 6311/6311/6311 6312/6312/6312
f 6313/6313/6313 6314/6314/6314 6315/6315/6315
f 6316/6316/6316 6317/6317/6317 6318/6318/6318
f 6319/6319/6319 6320/6320/6320 6321/6321/6321
f 6322/6322/6322 6323/6323/6323 6324/6324/6324
f 6325/6325/6325 6326/6326/6326 6327/6327/6327
f 6328/6328/6328 6329/6329/6329 6330/6330/6330
f 6331/6331/6331 6332/6332/6332 6333/6333/6333
f 6334/6334/6334 6335/6335/6335 6336/6336/6336
f 6337/6337/6337 6338/6338/6338 6339/6339/6339
f 6340/6340/6340 6341/6341/6341 6342/6342/6342
f 6343/6343/6343 6344/6344/6344 6345/6345/6345
f 6346/6346/6346 6347/6347/6347 6348/6348/6348
f 6349/6349/6349 6350/6350/6350 6351/6351/6351
f 6352/6352/6352 6353/6353/6353 6354/6354/6354
f 6355/6355/6355 6356/6356/6356 6357/6357/6357
f 6358/6358/6358 6359/6359/6359 6360/6360/6360
f 6361/6361/6361 6362/6362/6362 6363/6363/6363
f 6364/6364/6364 6365/6365/6365 6366/6366/6366
f 6367/6367/6367 6368/6368/6368 6369/6369/6369
f 6370/6370/6370 6371/6371/6371 6372/6372/6372
f 6373/6373/6373 6374/6374/6374 6375/6375/6375
f 6376/6376/6376 6377/6377/6377 6378/6378/6378
f 6379/6379/6379 6380/6380/6380 6381/6381/6381
f 6382/6382/6382 6383/6383/6383 6384/6384/6384
f 6385/6385/6385 6386/6386/6386 6387/6387/6387
f 6388/6388/6388 6389/6389/6389 6390/6390/6390
f 6391/6391/6391 6392/6392/6392 6393/6393/6393
f 6394/6394/6394 6395/6395/6395 6396/6396/6396
f 6397/6397/6397 6398/6398/6398 6399/6399/6399
f 6400/6400/6400 6401/6401/6401 6402/6402/6402
f 6403/6403/6403 6404/6404/6404 6405/6405/6405
f 6406/6406/6406 6407/6407/6407 6408/6408/6408
f 6409/6409/6409 6410/6410/6410 6411/6411/6411
f 6412/6412/6412 6413/6413/6413 6414/6414/6414
f 6415/6415/6415 6416/6416/6416 6417/6417/6417
f 6418/6418/6418 6419/6419/6419 6420/6420/6420
f 6421/6421/6421 6422/6422/6422 6423/6423/6423
f 6424/6424/6424 6425/6425/6425 6426/6426/6426
f 6427/6427/6427 6428/6428/6428 6429/6429/6429
f 6430/6430/6430 6431/6431/6431 6432/6432/6432
f 6433/6433/6433 6434/6434/6434 6435/6435/6435
f 6436/6436/6436 6437/6437/6437 6438/6438/6438
f 6439/6439/6439 6440/6440/6440 6441/6441/6441
f 6442/6442/6442 6443/6443/6443 6444/6444/6444
f 6445/6445/6445 6446/6446/6446 6447/6447/6447
f 6448/6448/6448 6449/6449/6449 6450/6450/6450
f 6451/6451/6451 6452/6452/6452 6453/6453/6453
f 6454/6454/6454 6455/6455/6455 6456/6456/6456
f 6457/6457/6457 6458/6458/6458 6459/6459/6459
f 6460/6460/6460 6461/6461/6461 6462/6462/6462
f 6463/6463/6463 6464/6464/6464 6465/6465/6465
f 6466/6466/6466 6467/6467/6467 6468/6468/6468
f 6469/6469/6469 6470/6470/6470 6471/6471/6471
f 6472/6472/6472 6473/6473/6473 6474/6474/6474
f 6475/6475/6475 6476/6476/6476 6477/6477/6477
f 6478/6478/6478 6479/6479/6479 6480/6480/6480
f 6481/6481/6481 6482/6482/6482 6483/6483/6483
f 6484/6484/6484 6485/6485/6485 6486/6486/6486
f 6487/6487/6487 6488/6488/6488 6489/6489/6489
f 6490/6490/6490 6491/6491/6491 6492/6492/6492
f 6493/6493/6493 6494/6494/6494 6495/6495/6495
f 6496/6496/6496 6497/6497/6497 6498/6498/6498
f 6499/6499/6499 6500/6500/6500 6501/6501/6501
f 6502/6502/6502 6503/6503/6503 6504/6504/6504
f 6505/6505/6505 6506/6506/6506 6507/6507/6507
f 6508/6508/6508 6509/6509/6509 6510/6510/6510
f 6511/6511/6511 6512/6512/6512 6513/6513/6513
f 6514/6514/6514 6515/6515/6515 6516/6516/6516
f 6517/6517/6517 6518/6518/6518 6519/6519/6519
f 6520/6520/6520 6521/6521/6521 6522/6522/6522
f 6523/6523/6523 6524/6524/6524 6525/6525/6525
f 6526/6526/6526 6527/6527/6527 6528/6528/6528
f 6529/6529/6529 6530/6530/6530 6531/6531/6531
f 6532/6532/6532 6533/6533/6533 6534/6534/6534
f 6535/6535/6535 6536/6536/6536 6537/6537/6537
f 6538/6538/6538 6539/6539/6539 6540/6540/6540
f 6541/6541/6541 6542/6542/6542 6543/6543/6543
f 6544/6544/6544 6545/6545/6545 6546/6546/6546
f 6547/6547/6547 6548/6548/6548 6549/6549/6549
f 6550/6550/6550 6551/6551/6551 6552/6552/6552
f 6553/6553/6553 6554/6554/6554 6555/6555/6555
f 6556/6556/6556 6557/6557/6557 6558/6558/6558
f 6559/6559/6559 6560/6560/6560 6561/6561/6561
f 6562/6562/6562 6563/6563/6563 6564/6564/6564
f 6565/6565/6565 6566/6566/6566 6567/6567/6567
f 6568/6568/6568 6569/6569/6569 6570/6570/6570
f 6571/6571/6571 6572/6572/6572 6573/6573/6573
f 6574/6574/6574 6575/6575/6575 6576/6576/6576
f 6577/6577/6577 6578/6578/6578 6579/6579/6579
f 6580/6580/6580 6581/6581/6581 6582/6582/6582
f 6583/6583/6583 6584/6584/6584 6585/6585/6585
f 6586/6586/6586 6587/6587/6587 6588/6588/6588
f 6589/6589/6589 6590/6590/6590 6591/6591/6591
f 6592/6592/6592 6593/6593/6593 6594/6594/6594
f 6595/6595/6595 6596/6596/6596 6597/6597/6597
f 6598/6598/6598 6599/6599/6599 6600/6600/6600
f 6601/6601/6601 6602/6602/6602 6603/6603/6603
f 6604/6604/6604 6605/6605/6605 6606/6606/6606
f 6607/6607/6607 6608/6608/6608 6609/6609/6609
f 6610/6610/6610 6611/6611/6611 6612/6612/6612
f 6613/6613/6613 6614/6614/6614 6615/6615/6615
f 6616/6616/6616 6617/6617/6617 6618/6618/6618
f 6619/6619/6619 6620/6620/6620 6621/6621/6621
f 6622/6622/6622 6623/6623/6623 6624/6624/6624
f 6625/6625/6625 6626/6626/6626 6627/6627/6627
f 6628/6628/6628 6629/6629/6629 6630/6630/6630
f 6631/6631/6631 6632/6632/6632 6633/6633/6633
f 6634/6634/6634 6635/6635/6635 6636/6636/6636
f 6637/6637/6637 6638/6638/6638 6639/6639/6639
f 6640/6640/6640 6641/6641/6641 6642/6642/6642
f 6643/6643/6643 6644/6644/6644 6645/6645/6645
f 6646/6646/6646 6647/6647/6647 6648/6648/6648
usemtl fan
f 6649/6649/6649 6650/6650/6650 6651/6651/6651
f 6652/6652/6652 6653/6653/6653 6654/6654/6654
f 6655/6655/6655 6656/6656/6656 6657/6657/6657
f 6658/6658/6658 6659/6659/6659 6660/6660/6660
f 6661/6661/6661 6662/6662/6662 6663/6663/6663
f 6664/6664/6664 6665/6665/6665 6666/6666/6666
f 6667/6667/6667 6668/6668/6668 6669/6669/6669
f 6670/6670/6670 6671/6671/6671 6672/6672/6672
f 6673/6673/6673 6674/6674/6674 6675/6675/6675
f 6676/6676/6676 6677/6677/6677 6678/6678/6678
f 6679/6679/6679 6680/6680/6680 6681/6681/6681
f 6682/6682/6682 6683/6683/6683 6684/6684/6684
f 6685/6685/6685 6686/6686/6686 6687/6687/6687
f 6688/6688/6688 6689/6689/6689 6690/6690/6690
f 6691/6691/6691 6692/6692/6692 6693/6693/6693
f 6694/6694/6694 6695/6695/6695 6696/6696/6696
f 6697/6697/6697 6698/6698/6698 6699/6699/6699
f 6700/6700/6700 6701/6701/6701 6702/6702/6702
f 6703/6703/6703 6704/6704/6704 6705/6705/6705
f 6706/6706/6706 6707/6707/6707 6708/6708/6708
f 6709/6709/6709 6710/6710/6710 6711/6711/6711
f 6712/6712/6712 6713/6713/6713 6714/6714/6714
f 6715/6715/6715 6716/6716/6716 6717/6717/6717
f 6718/6718/6718 6719/6719/6719 6720/6720/6720
f 6721/6721/6721 6722/6722/6722 6723/6723/6723
f 6724/6724/6724 6725/6725/6725 6726/6726/6726
f 6727/6727/6727 6728/6728/6728 6729/6729/6729
f 6730/6730/6730 6731/6731/6731 6732/6732/6732
f 6733/6733/6733 6734/6734/6734 6735/6735/6735
f 6736/6736/6736 6737/6737/6737 6738/6738/6738
f 6739/6739/6739 6740/6740/6740 6741/6741/6741
f 6742/6742/6742 6743/6743/6743 6744/6744/6744
f 6745/6745/6745 6746/6746/6746 6747/6747/6747
f 6748/6748/6748 6749/6749/6749 6750/6750/6750
f 6751/6751/6751 6752/6752/6752 6753/6753/6753
f 6754/6754/6754 6755/6755/6755 6756/6756/6756
f 6757/6757/6757 6758/6758/6758 6759/6759/6759
f 6760/6760/6760 6761/6761/6761 6762/6762/6762
f 6763/6763/6763 6764/6764/6764 6765/6765/6765
f 6766/6766/6766 6767/6767/6767 6768/6768/6768
f 6769/6769/6769 6770/6770/6770 6771/6771/6771
f 6772/6772/6772 6773/6773/6773 6774/6774/6774
f 6775/6775/6775 6776/6776/6776 6777/6777/6777
f 6778/6778/6778 6779/6779/6779 6780/6780/6780
f 6781/6781/6781 6782/6782/6782 6783/6783/6783
f 6784/6784/6784 6785/6785/6785 6786/6786/6786
f 6787/6787/6787 6788/6788/6788 6789/6789/6789
f 6790/6790/6790 6791/6791/6791 6792/6792/6792
f 6793/6793/6793 6794/6794/6794 6795/6795/6795
f 6796/6796/6796 6797/6797/6797 6798/6798/6798
f 6799/6799/6799 6800/6800/6800 6801/6801/6801
f 6802/6802/6802 6803/6803/6803 6804/6804/6804
f 6805/6805/6805 6806/6806/6806 6807/6807/6807
f 6808/6808/6808 6809/6809/6809 6810/6810/6810
f 6811/6811/6811 6812/6812/6812 6813/6813/6813
f 6814/6814/6814 6815/6815/6815 6816/6816/6816
f 6817/6817/6817 6818/6818/6818 6819/6819/6819
f 6820/6820/6820 6821/6821/6821 6822/6822/6822
f 6823/6823/6823 6824/6824/6824 6825/6825/6825
f 6826/6826/6826 6827/6827/6827 6828/6828/6828
usemtl galvanised
f 6829/6829/6829 6830/6830/6830 6831/6831/6831
f 6832/6832/6832 6833/6833/6833 6834/6834/6834
f 6835/6835/6835 6836/6836/6836 6837/6837/6837
f 6838/6838/6838 6839/6839/6839 6840/6840/6840
f 6841/6841/6841 6842/6842/6842 6843/6843/6843
f 6844/6844/6844 6845/6845/6845 6846/6846/6846
f 6847/6847/6847 6848/6848/6848 6849/6849/6849
f 6850/6850/6850 6851/6851/6851 6852/6852/6852
f 6853/6853/6853 6854/6854/6854 6855/6855/6855
f 6856/6856/6856 6857/6857/6857 6858/6858/6858
f 6859/6859/6859 6860/6860/6860 6861/6861/6861
f 6862/6862/6862 6863/6863/6863 6864/6864/6864
f 6865/6865/6865 6866/6866/6866 6867/6867/6867
f 6868/6868/6868 6869/6869/6869 6870/6870/6870
f 6871/6871/6871 6872/6872/6872 6873/6873/6873
f 6874/6874/6874 6875/6875/6875 6876/6876/6876
f 6877/6877/6877 6878/6878/6878 6879/6879/6879
f 6880/6880/6880 6881/6881/6881 6882/6882/6882
f 6883/6883/6883 6884/6884/6884 6885/6885/6885
f 6886/6886/6886 6887/6887/6887 6888/6888/6888
f 6889/6889/6889 6890/6890/6890 6891/6891/6891
f 6892/6892/6892 6893/6893/6893 6894/6894/6894
f 6895/6895/6895 6896/6896/6896 6897/6897/6897
f 6898/6898/6898 6899/6899/6899 6900/6900/6900
f 6901/6901/6901 6902/6902/6902 6903/6903/6903
f 6904/6904/6904 6905/6905/6905 6906/6906/6906
f 6907/6907/6907 6908/6908/6908 6909/6909/6909
f 6910/6910/6910 6911/6911/6911 6912/6912/6912
f 6913/6913/6913 6914/6914/6914 6915/6915/6915
f 6916/6916/6916 6917/6917/6917 6918/6918/6918
f 6919/6919/6919 6920/6920/6920 6921/6921/6921
f 6922/6922/6922 6923/6923/6923 6924/6924/6924
f 6925/6925/6925 6926/6926/6926 6927/6927/6927
f 6928/6928/6928 6929/6929/6929 6930/6930/6930
f 6931/6931/6931 6932/6932/6932 6933/6933/6933
f 6934/6934/6934 6935/6935/6935 6936/6936/6936
f 6937/6937/6937 6938/6938/6938 6939/6939/6939
f 6940/6940/6940 6941/6941/6941 6942/6942/6942
f 6943/6943/6943 6944/6944/6944 6945/6945/6945
f 6946/6946/6946 6947/6947/6947 6948/6948/6948
f 6949/6949/6949 6950/6950/6950 6951/6951/6951
f 6952/6952/6952 6953/6953/6953 6954/6954/6954
f 6955/6955/6955 6956/6956/6956 6957/6957/6957
f 6958/6958/6958 6959/6959/6959 6960/6960/6960
f 6961/6961/6961 6962/6962/6962 6963/6963/6963
f 6964/6964/6964 6965/6965/6965 6966/6966/6966
f 6967/6967/6967 6968/6968/6968 6969/6969/6969
f 6970/6970/6970 6971/6971/6971 6972/6972/6972
usemtl black
f 6973/6973/6973 6974/6974/6974 6975/6975/6975
f 6976/6976/6976 6977/6977/6977 6978/6978/6978
f 6979/6979/6979 6980/6980/6980 6981/6981/6981
f 6982/6982/6982 6983/6983/6983 6984/6984/6984
f 6985/6985/6985 6986/6986/6986 6987/6987/6987
f 6988/6988/6988 6989/6989/6989 6990/6990/6990
f 6991/6991/6991 6992/6992/6992 6993/6993/6993
f 6994/6994/6994 6995/6995/6995 6996/6996/6996
f 6997/6997/6997 6998/6998/6998 6999/6999/6999
f 7000/7000/7000 7001/7001/7001 7002/7002/7002
f 7003/7003/7003 7004/7004/7004 7005/7005/7005
f 7006/7006/7006 7007/7007/7007 7008/7008/7008
f 7009/7009/7009 7010/7010/7010 7011/7011/7011
f 7012/7012/7012 7013/7013/7013 7014/7014/7014
f 7015/7015/7015 7016/7016/7016 7017/7017/7017
f 7018/7018/7018 7019/7019/7019 7020/7020/7020
f 7021/7021/7021 7022/7022/7022 7023/7023/7023
f 7024/7024/7024 7025/7025/7025 7026/7026/7026
f 7027/7027/7027 7028/7028/7028 7029/7029/7029
f 7030/7030/7030 7031/7031/7031 7032/7032/7032
f 7033/7033/7033 7034/7034/7034 7035/7035/7035
f 7036/7036/7036 7037/7037/7037 7038/7038/7038
f 7039/7039/7039 7040/7040/7040 7041/7041/7041
f 7042/7042/7042 7043/7043/7043 7044/7044/7044
f 7045/7045/7045 7046/7046/7046 7047/7047/7047
f 7048/7048/7048 7049/7049/7049 7050/7050/7050
f 7051/7051/7051 7052/7052/7052 7053/7053/7053
f 7054/7054/7054 7055/7055/7055 7056/7056/7056
f 7057/7057/7057 7058/7058/7058 7059/7059/7059
f 7060/7060/7060 7061/7061/7061 7062/7062/7062
f 7063/7063/7063 7064/7064/7064 7065/7065/7065
f 7066/7066/7066 7067/7067/7067 7068/7068/7068
f 7069/7069/7069 7070/7070/7070 7071/7071/7071
f 7072/7072/7072 7073/7073/7073 7074/7074/7074
f 7075/7075/7075 7076/7076/7076 7077/7077/7077
f 7078/7078/7078 7079/7079/7079 7080/7080/7080
f 7081/7081/7081 7082/7082/7082 7083/7083/7083
f 7084/7084/7084 7085/7085/7085 7086/7086/7086
f 7087/7087/7087 7088/7088/7088 7089/7089/7089
f 7090/7090/7090 7091/7091/7091 7092/7092/7092
f 7093/7093/7093 7094/7094/7094 7095/7095/7095
f 7096/7096/7096 7097/7097/7097 7098/7098/7098
f 7099/7099/7099 7100/7100/7100 7101/7101/7101
f 7102/7102/7102 7103/7103/7103 7104/7104/7104
f 7105/7105/7105 7106/7106/7106 7107/7107/7107
f 7108/7108/7108 7109/7109/7109 7110/7110/7110
f 7111/7111/7111 7112/7112/7112 7113/7113/7113
f 7114/7114/7114 7115/7115/7115 7116/7116/7116
f 7117/7117/7117 7118/7118/7118 7119/7119/7119
f 7120/7120/7120 7121/7121/7121 7122/7122/7122
f 7123/7123/7123 7124/7124/7124 7125/7125/7125
f 7126/7126/7126 7127/7127/7127 7128/7128/7128
f 7129/7129/7129 7130/7130/7130 7131/7131/7131
f 7132/7132/7132 7133/7133/7133 7134/7134/7134
f 7135/7135/7135 7136/7136/7136 7137/7137/7137
f 7138/7138/7138 7139/7139/7139 7140/7140/7140
f 7141/7141/7141 7142/7142/7142 7143/7143/7143
f 7144/7144/7144 7145/7145/7145 7146/7146/7146
f 7147/7147/7147 7148/7148/7148 7149/7149/7149
f 7150/7150/7150 7151/7151/7151 7152/7152/7152
f 7153/7153/7153 7154/7154/7154 7155/7155/7155
f 7156/7156/7156 7157/7157/7157 7158/7158/7158
f 7159/7159/7159 7160/7160/7160 7161/7161/7161
f 7162/7162/7162 7163/7163/7163 7164/7164/7164
f 7165/7165/7165 7166/7166/7166 7167/7167/7167
f 7168/7168/7168 7169/7169/7169 7170/7170/7170
f 7171/7171/7171 7172/7172/7172 7173/7173/7173
f 7174/7174/7174 7175/7175/7175 7176/7176/7176
f 7177/7177/7177 7178/7178/7178 7179/7179/7179
f 7180/7180/7180 7181/7181/7181 7182/7182/7182
f 7183/7183/7183 7184/7184/7184 7185/7185/7185
f 7186/7186/7186 7187/7187/7187 7188/7188/7188
f 7189/7189/7189 7190/7190/7190 7191/7191/7191
f 7192/7192/7192 7193/7193/7193 7194/7194/7194
f 7195/7195/7195 7196/7196/7196 7197/7197/7197
f 7198/7198/7198 7199/7199/7199 7200/7200/7200
f 7201/7201/7201 7202/7202/7202 7203/7203/7203
f 7204/7204/7204 7205/7205/7205 7206/7206/7206
f 7207/7207/7207 7208/7208/7208 7209/7209/7209
f 7210/7210/7210 7211/7211/7211 7212/7212/7212
f 7213/7213/7213 7214/7214/7214 7215/7215/7215
f 7216/7216/7216 7217/7217/7217 7218/7218/7218
f 7219/7219/7219 7220/7220/7220 7221/7221/7221
f 7222/7222/7222 7223/7223/7223 7224/7224/7224
f 7225/7225/7225 7226/7226/7226 7227/7227/7227
f 7228/7228/7228 7229/7229/7229 7230/7230/7230
f 7231/7231/7231 7232/7232/7232 7233/7233/7233
f 7234/7234/7234 7235/7235/7235 7236/7236/7236
f 7237/7237/7237 7238/7238/7238 7239/7239/7239
f 7240/7240/7240 7241/7241/7241 7242/7242/7242
f 7243/7243/7243 7244/7244/7244 7245/7245/7245
f 7246/7246/7246 7247/7247/7247 7248/7248/7248
f 7249/7249/7249 7250/7250/7250 7251/7251/7251
f 7252/7252/7252 7253/7253/7253 7254/7254/7254
f 7255/7255/7255 7256/7256/7256 7257/7257/7257
f 7258/7258/7258 7259/7259/7259 7260/7260/7260
f 7261/7261/7261 7262/7262/7262 7263/7263/7263
f 7264/7264/7264 7265/7265/7265 7266/7266/7266
f 7267/7267/7267 7268/7268/7268 7269/7269/7269
f 7270/7270/7270 7271/7271/7271 7272/7272/7272
f 7273/7273/7273 7274/7274/7274 7275/7275/7275
f 7276/7276/7276 7277/7277/7277 7278/7278/7278
f 7279/7279/7279 7280/7280/7280 7281/7281/7281
f 7282/7282/7282 7283/7283/7283 7284/7284/7284
f 7285/7285/7285 7286/7286/7286 7287/7287/7287
f 7288/7288/7288 7289/7289/7289 7290/7290/7290
f 7291/7291/7291 7292/7292/7292 7293/7293/7293
f 7294/7294/7294 7295/7295/7295 7296/7296/7296
f 7297/7297/7297 7298/7298/7298 7299/7299/7299
f 7300/7300/7300 7301/7301/7301 7302/7302/7302
f 7303/7303/7303 7304/7304/7304 7305/7305/7305
f 7306/7306/7306 7307/7307/7307 7308/7308/7308
f 7309/7309/7309 7310/7310/7310 7311/7311/7311
f 7312/7312/7312 7313/7313/7313 7314/7314/7314
f 7315/7315/7315 7316/7316/7316 7317/7317/7317
f 7318/7318/7318 7319/7319/7319 7320/7320/7320
f 7321/7321/7321 7322/7322/7322 7323/7323/7323
f 7324/7324/7324 7325/7325/7325 7326/7326/7326
f 7327/7327/7327 7328/7328/7328 7329/7329/7329
f 7330/7330/7330 7331/7331/7331 7332/7332/7332
f 7333/7333/7333 7334/7334/7334 7335/7335/7335
f 7336/7336/7336 7337/7337/7337 7338/7338/7338
f 7339/7339/7339 7340/7340/7340 7341/7341/7341
f 7342/7342/7342 7343/7343/7343 7344/7344/7344
f 7345/7345/7345 7346/7346/7346 7347/7347/7347
f 7348/7348/7348 7349/7349/7349 7350/7350/7350
f 7351/7351/7351 7352/7352/7352 7353/7353/7353
f 7354/7354/7354 7355/7355/7355 7356/7356/7356
f 7357/7357/7357 7358/7358/7358 7359/7359/7359
f 7360/7360/7360 7361/7361/7361 7362/7362/7362
f 7363/7363/7363 7364/7364/7364 7365/7365/7365
f 7366/7366/7366 7367/7367/7367 7368/7368/7368
f 7369/7369/7369 7370/7370/7370 7371/7371/7371
f 7372/7372/7372 7373/7373/7373 7374/7374/7374
f 7375/7375/7375 7376/7376/7376 7377/7377/7377
f 7378/7378/7378 7379/7379/7379 7380/7380/7380
f 7381/7381/7381 7382/7382/7382 7383/7383/7383
f 7384/7384/7384 7385/7385/7385 7386/7386/7386
f 7387/7387/7387 7388/7388/7388 7389/7389/7389
f 7390/7390/7390 7391/7391/7391 7392/7392/7392
usemtl grey
f 7393/7393/7393 7394/7394/7394 7395/7395/7395
f 7396/7396/7396 7397/7397/7397 7398/7398/7398
f 7399/7399/7399 7400/7400/7400 7401/7401/7401
f 7402/7402/7402 7403/7403/7403 7404/7404/7404
f 7405/7405/7405 7406/7406/7406 7407/7407/7407
f 7408/7408/7408 7409/7409/7409 7410/7410/7410
f 7411/7411/7411 7412/7412/7412 7413/7413/7413
f 7414/7414/7414 7415/7415/7415 7416/7416/7416
f 7417/7417/7417 7418/7418/7418 7419/7419/7419
f 7420/7420/7420 7421/7421/7421 7422/7422/7422
f 7423/7423/7423 7424/7424/7424 7425/7425/7425
f 7426/7426/7426 7427/7427/7427 7428/7428/7428
f 7429/7429/7429 7430/7430/7430 7431/7431/7431
f 7432/7432/7432 7433/7433/7433 7434/7434/7434
f 7435/7435/7435 7436/7436/7436 7437/7437/7437
f 7438/7438/7438 7439/7439/7439 7440/7440/7440
f 7441/7441/7441 7442/7442/7442 7443/7443/7443
f 7444/7444/7444 7445/7445/7445 7446/7446/7446
f 7447/7447/7447 7448/7448/7448 7449/7449/7449
f 7450/7450/7450 7451/7451/7451 7452/7452/7452
f 7453/7453/7453 7454/7454/7454 7455/7455/7455
f 7456/7456/7456 7457/7457/7457 7458/7458/7458
f 7459/7459/7459 7460/7460/7460 7461/7461/7461
f 7462/7462/7462 7463/7463/7463 7464/7464/7464
f 7465/7465/7465 7466/7466/7466 7467/7467/7467
f 7468/7468/7468 7469/7469/7469 7470/7470/7470
f 7471/7471/7471 7472/7472/7472 7473/7473/7473
f 7474/7474/7474 7475/7475/7475 7476/7476/7476
f 7477/7477/7477 7478/7478/7478 7479/7479/7479
f 7480/7480/7480 7481/7481/7481 7482/7482/7482
f 7483/7483/7483 7484/7484/7484 7485/7485/7485
f 7486/7486/7486 7487/7487/7487 7488/7488/7488
